{
  "bias_mev": [
    -20.0,
    -19.666666666666668,
    -19.333333333333332,
    -19.0,
    -18.666666666666668,
    -18.333333333333332,
    -18.0,
    -17.666666666666668,
    -17.333333333333332,
    -17.0,
    -16.666666666666668,
    -16.333333333333332,
    -16.0,
    -15.666666666666668,
    -15.333333333333334,
    -15.0,
    -14.666666666666668,
    -14.333333333333334,
    -14.0,
    -13.666666666666668,
    -13.333333333333334,
    -13.0,
    -12.666666666666668,
    -12.333333333333334,
    -12.0,
    -11.666666666666668,
    -11.333333333333334,
    -11.0,
    -10.666666666666668,
    -10.333333333333334,
    -10.0,
    -9.666666666666668,
    -9.333333333333334,
    -9.0,
    -8.666666666666668,
    -8.333333333333334,
    -8.0,
    -7.666666666666668,
    -7.333333333333334,
    -7.0,
    -6.666666666666668,
    -6.333333333333334,
    -6.0,
    -5.666666666666668,
    -5.333333333333334,
    -5.0,
    -4.666666666666668,
    -4.333333333333334,
    -4.0,
    -3.666666666666668,
    -3.3333333333333357,
    -3.0,
    -2.666666666666668,
    -2.3333333333333357,
    -2.0,
    -1.6666666666666679,
    -1.3333333333333357,
    -1.0,
    -0.6666666666666679,
    -0.3333333333333357,
    0.0,
    0.33333333333333215,
    0.6666666666666643,
    1.0,
    1.3333333333333321,
    1.6666666666666643,
    2.0,
    2.333333333333332,
    2.6666666666666643,
    3.0,
    3.333333333333332,
    3.6666666666666643,
    4.0,
    4.333333333333332,
    4.666666666666664,
    5.0,
    5.333333333333332,
    5.666666666666664,
    6.0,
    6.333333333333332,
    6.666666666666664,
    7.0,
    7.333333333333332,
    7.666666666666664,
    8.0,
    8.333333333333332,
    8.666666666666664,
    9.0,
    9.333333333333332,
    9.666666666666664,
    10.0,
    10.333333333333332,
    10.666666666666664,
    11.0,
    11.333333333333332,
    11.666666666666664,
    12.0,
    12.333333333333329,
    12.666666666666664,
    13.0,
    13.333333333333329,
    13.666666666666664,
    14.0,
    14.333333333333329,
    14.666666666666664,
    15.0,
    15.333333333333329,
    15.666666666666664,
    16.0,
    16.33333333333333,
    16.666666666666664,
    17.0,
    17.33333333333333,
    17.666666666666664,
    18.0,
    18.33333333333333,
    18.666666666666664,
    19.0,
    19.33333333333333,
    19.666666666666664,
    20.0
  ],
  "conductance": [
    0.9817901290982137,
    0.9848640648774024,
    0.9880605657138509,
    0.991469746880384,
    0.9952860846412437,
    0.9997216175931352,
    1.00492819109198,
    1.0109554794674096,
    1.0177507353876072,
    1.0251733852487726,
    1.0329606227230186,
    1.040631383256515,
    1.0474546296743876,
    1.0526287003897496,
    1.055600136744048,
    1.0562576142593396,
    1.0548687267698467,
    1.051871022730125,
    1.0476785535927797,
    1.0425750530249849,
    1.036691535781366,
    1.030041517621753,
    1.022558511349869,
    1.0141047487069443,
    1.0045082859225771,
    0.9936703487040675,
    0.9816791870337486,
    0.9688412855268306,
    0.9556051391162409,
    0.9424311707382855,
    0.9296827572547702,
    0.9175664747703652,
    0.9061078008655559,
    0.8951579631883242,
    0.8844584888341607,
    0.8737727186621187,
    0.8630125944308682,
    0.852262793436919,
    0.8417035887830537,
    0.8315177970973684,
    0.8218402275184135,
    0.8127492862679299,
    0.8042785655441308,
    0.7964320850167341,
    0.7891966258937191,
    0.7825500701298767,
    0.7764665363847917,
    0.7709193606313913,
    0.7658827412643997,
    0.761332593064609,
    0.7572469459878604,
    0.7536060888730374,
    0.7503925751353541,
    0.747591158280529,
    0.7451886962692179,
    0.7431740469933671,
    0.741537967389909,
    0.7402730230842204,
    0.7393735122244324,
    0.7388354053473579,
    0.73865630212651,
    0.7388354053473581,
    0.7393735122244322,
    0.7402730230842202,
    0.7415379673899092,
    0.7431740469933669,
    0.7451886962692179,
    0.7475911582805294,
    0.7503925751353537,
    0.7536060888730375,
    0.7572469459878602,
    0.7613325930646087,
    0.7658827412643995,
    0.7709193606313914,
    0.7764665363847916,
    0.7825500701298764,
    0.7891966258937192,
    0.7964320850167338,
    0.8042785655441304,
    0.8127492862679301,
    0.8218402275184132,
    0.8315177970973684,
    0.8417035887830538,
    0.8522627934369188,
    0.8630125944308682,
    0.8737727186621187,
    0.8844584888341603,
    0.8951579631883242,
    0.9061078008655559,
    0.9175664747703651,
    0.9296827572547699,
    0.9424311707382858,
    0.9556051391162403,
    0.9688412855268302,
    0.9816791870337486,
    0.9936703487040667,
    1.0045082859225771,
    1.0141047487069443,
    1.0225585113498683,
    1.0300415176217528,
    1.036691535781366,
    1.0425750530249842,
    1.0476785535927797,
    1.0518710227301251,
    1.0548687267698462,
    1.0562576142593396,
    1.0556001367440482,
    1.0526287003897494,
    1.0474546296743876,
    1.0406313832565155,
    1.0329606227230186,
    1.0251733852487726,
    1.0177507353876079,
    1.0109554794674096,
    1.00492819109198,
    0.9997216175931357,
    0.9952860846412434,
    0.9914697468803839,
    0.9880605657138513,
    0.9848640648774021,
    0.9817901290982134
  ],