{
  "bias_mev": [
    -20.0,
    -19.666666666666668,
    -19.333333333333332,
    -19.0,
    -18.666666666666668,
    -18.333333333333332,
    -18.0,
    -17.666666666666668,
    -17.333333333333332,
    -17.0,
    -16.666666666666668,
    -16.333333333333332,
    -16.0,
    -15.666666666666668,
    -15.333333333333334,
    -15.0,
    -14.666666666666668,
    -14.333333333333334,
    -14.0,
    -13.666666666666668,
    -13.333333333333334,
    -13.0,
    -12.666666666666668,
    -12.333333333333334,
    -12.0,
    -11.666666666666668,
    -11.333333333333334,
    -11.0,
    -10.666666666666668,
    -10.333333333333334,
    -10.0,
    -9.666666666666668,
    -9.333333333333334,
    -9.0,
    -8.666666666666668,
    -8.333333333333334,
    -8.0,
    -7.666666666666668,
    -7.333333333333334,
    -7.0,
    -6.666666666666668,
    -6.333333333333334,
    -6.0,
    -5.666666666666668,
    -5.333333333333334,
    -5.0,
    -4.666666666666668,
    -4.333333333333334,
    -4.0,
    -3.666666666666668,
    -3.3333333333333357,
    -3.0,
    -2.666666666666668,
    -2.3333333333333357,
    -2.0,
    -1.6666666666666679,
    -1.3333333333333357,
    -1.0,
    -0.6666666666666679,
    -0.3333333333333357,
    0.0,
    0.33333333333333215,
    0.6666666666666643,
    1.0,
    1.3333333333333321,
    1.6666666666666643,
    2.0,
    2.333333333333332,
    2.6666666666666643,
    3.0,
    3.333333333333332,
    3.6666666666666643,
    4.0,
    4.333333333333332,
    4.666666666666664,
    5.0,
    5.333333333333332,
    5.666666666666664,
    6.0,
    6.333333333333332,
    6.666666666666664,
    7.0,
    7.333333333333332,
    7.666666666666664,
    8.0,
    8.333333333333332,
    8.666666666666664,
    9.0,
    9.333333333333332,
    9.666666666666664,
    10.0,
    10.333333333333332,
    10.666666666666664,
    11.0,
    11.333333333333332,
    11.666666666666664,
    12.0,
    12.333333333333329,
    12.666666666666664,
    13.0,
    13.333333333333329,
    13.666666666666664,
    14.0,
    14.333333333333329,
    14.666666666666664,
    15.0,
    15.333333333333329,
    15.666666666666664,
    16.0,
    16.33333333333333,
    16.666666666666664,
    17.0,
    17.33333333333333,
    17.666666666666664,
    18.0,
    18.33333333333333,
    18.666666666666664,
    19.0,
    19.33333333333333,
    19.666666666666664,
    20.0
  ],
  "conductance": [
    0.973039261780448,
    0.9776883612047371,
    0.9826143961490857,
    0.9878969686492765,
    0.9937022930761692,
    1.0002228281001826,
    1.0076241652557316,
    1.016011110431989,
    1.0254159581211493,
    1.03578465723123,
    1.0468886762347733,
    1.058155509648842,
    1.0686147946597064,
    1.0771886581661843,
    1.0831775125517928,
    1.0864903613270187,
    1.0874888596106467,
    1.086694584449649,
    1.084571317439037,
    1.0814269956894533,
    1.0774075238310692,
    1.0725549135758587,
    1.0668591790346533,
    1.060239581385543,
    1.0525255476189006,
    1.0435369742913116,
    1.03323674316488,
    1.0218339528808544,
    1.0097440492182899,
    0.9974491011123215,
    0.9853672261200004,
    0.9737706244041917,
    0.9627349284795229,
    0.9521231894023001,
    0.9416503283537918,
    0.9310499221291642,
    0.9202410289258222,
    0.9093493734158336,
    0.8985976749443416,
    0.8881937543094779,
    0.8782823744112396,
    0.8689453137202418,
    0.8602183973972475,
    0.852108571968411,
    0.8446062763911103,
    0.8376933291022173,
    0.8313476575189973,
    0.8255460384066161,
    0.8202656436096872,
    0.8154848831510594,
    0.8111838393276966,
    0.8073444649336212,
    0.803950647608061,
    0.8009882006171583,
    0.7984448158767151,
    0.7963100005281315,
    0.7945750097421418,
    0.7932327832493418,
    0.7922778899879115,
    0.7917064833953718,
    0.7915162687606973,
    0.7917064833953722,
    0.7922778899879113,
    0.7932327832493417,
    0.794575009742142,
    0.7963100005281311,
    0.798444815876715,
    0.8009882006171585,
    0.8039506476080607,
    0.8073444649336213,
    0.811183839327697,
    0.8154848831510588,
    0.8202656436096871,
    0.8255460384066167,
    0.8313476575189971,
    0.837693329102217,
    0.8446062763911105,
    0.8521085719684108,
    0.8602183973972473,
    0.8689453137202422,
    0.8782823744112394,
    0.8881937543094778,
    0.8985976749443418,
    0.9093493734158333,
    0.920241028925822,
    0.9310499221291645,
    0.9416503283537916,
    0.9521231894023,
    0.9627349284795234,
    0.9737706244041914,
    0.9853672261200003,
    0.9974491011123219,
    1.0097440492182894,
    1.0218339528808544,
    1.0332367431648801,
    1.0435369742913112,
    1.052525547618901,
    1.0602395813855434,
    1.0668591790346524,
    1.0725549135758592,
    1.0774075238310696,
    1.0814269956894524,
    1.0845713174390372,
    1.0866945844496496,
    1.0874888596106458,
    1.0864903613270191,
    1.0831775125517933,
    1.0771886581661836,
    1.0686147946597067,
    1.0581555096488426,
    1.0468886762347729,
    1.03578465723123,
    1.0254159581211502,
    1.0160111104319887,
    1.0076241652557316,
    1.000222828100183,
    0.9937022930761688,
    0.9878969686492765,
    0.9826143961490864,
    0.9776883612047368,
    0.9730392617804478
  ],