{
  "bias_mev": [
    -20.0,
    -19.666666666666668,
    -19.333333333333332,
    -19.0,
    -18.666666666666668,
    -18.333333333333332,
    -18.0,
    -17.666666666666668,
    -17.333333333333332,
    -17.0,
    -16.666666666666668,
    -16.333333333333332,
    -16.0,
    -15.666666666666668,
    -15.333333333333334,
    -15.0,
    -14.666666666666668,
    -14.333333333333334,
    -14.0,
    -13.666666666666668,
    -13.333333333333334,
    -13.0,
    -12.666666666666668,
    -12.333333333333334,
    -12.0,
    -11.666666666666668,
    -11.333333333333334,
    -11.0,
    -10.666666666666668,
    -10.333333333333334,
    -10.0,
    -9.666666666666668,
    -9.333333333333334,
    -9.0,
    -8.666666666666668,
    -8.333333333333334,
    -8.0,
    -7.666666666666668,
    -7.333333333333334,
    -7.0,
    -6.666666666666668,
    -6.333333333333334,
    -6.0,
    -5.666666666666668,
    -5.333333333333334,
    -5.0,
    -4.666666666666668,
    -4.333333333333334,
    -4.0,
    -3.666666666666668,
    -3.3333333333333357,
    -3.0,
    -2.666666666666668,
    -2.3333333333333357,
    -2.0,
    -1.6666666666666679,
    -1.3333333333333357,
    -1.0,
    -0.6666666666666679,
    -0.3333333333333357,
    0.0,
    0.33333333333333215,
    0.6666666666666643,
    1.0,
    1.3333333333333321,
    1.6666666666666643,
    2.0,
    2.333333333333332,
    2.6666666666666643,
    3.0,
    3.333333333333332,
    3.6666666666666643,
    4.0,
    4.333333333333332,
    4.666666666666664,
    5.0,
    5.333333333333332,
    5.666666666666664,
    6.0,
    6.333333333333332,
    6.666666666666664,
    7.0,
    7.333333333333332,
    7.666666666666664,
    8.0,
    8.333333333333332,
    8.666666666666664,
    9.0,
    9.333333333333332,
    9.666666666666664,
    10.0,
    10.333333333333332,
    10.666666666666664,
    11.0,
    11.333333333333332,
    11.666666666666664,
    12.0,
    12.333333333333329,
    12.666666666666664,
    13.0,
    13.333333333333329,
    13.666666666666664,
    14.0,
    14.333333333333329,
    14.666666666666664,
    15.0,
    15.333333333333329,
    15.666666666666664,
    16.0,
    16.33333333333333,
    16.666666666666664,
    17.0,
    17.33333333333333,
    17.666666666666664,
    18.0,
    18.33333333333333,
    18.666666666666664,
    19.0,
    19.33333333333333,
    19.666666666666664,
    20.0
  ],
  "conductance": [
    0.9773540071377789,
    0.9813033569880961,
    0.9851341339018492,
    0.9891362170257375,
    0.9937401112775411,
    0.9993246441309727,
    1.0060725821936942,
    1.0139153371633154,
    1.0225519024022933,
    1.0314677077787182,
    1.0398681337736526,
    1.0465885176687184,
    1.050224718584054,
    1.0496055904210748,
    1.044315367831524,
    1.0348277871012024,
    1.0221842279569902,
    1.0075154448016725,
    0.9916931150456363,
    0.9751974082964825,
    0.95815577352612,
    0.9404649427348938,
    0.9218924484431822,
    0.9021368022001093,
    0.8809431113174715,
    0.8583006010662133,
    0.8345893228183624,
    0.8105437469372253,
    0.7870386027249295,
    0.7648262199972028,
    0.7443566502590162,
    0.7257142621628129,
    0.7086382264134174,
    0.6926155797888177,
    0.6770690092299939,
    0.6616048861744028,
    0.6461754848038506,
    0.6310331873047801,
    0.6165391085265822,
    0.6029901014666643,
    0.590549142477389,
    0.5792575120234691,
    0.5690769256397635,
    0.5599289201091101,
    0.5517213460083402,
    0.5443630397728422,
    0.5377706134771953,
    0.5318707929230712,
    0.5266005410831694,
    0.5219062303608087,
    0.5177425097689654,
    0.5140711674005766,
    0.5108601102026488,
    0.5080824974134405,
    0.5057160263119785,
    0.5037423546714438,
    0.5021466408658208,
    0.5009171837274344,
    0.5000451470660097,
    0.49952435694828334,
    0.4993511628960958,
    0.49952435694828334,
    0.5000451470660096,
    0.5009171837274343,
    0.5021466408658208,
    0.5037423546714438,
    0.5057160263119785,
    0.5080824974134404,
    0.5108601102026488,
    0.5140711674005766,
    0.5177425097689653,
    0.5219062303608087,
    0.5266005410831693,
    0.531870792923071,
    0.5377706134771951,
    0.5443630397728422,
    0.5517213460083401,
    0.55992892010911,
    0.5690769256397635,
    0.579257512023469,
    0.5905491424773888,
    0.6029901014666643,
    0.616539108526582,
    0.63103318730478,
    0.6461754848038506,
    0.6616048861744027,
    0.6770690092299939,
    0.6926155797888177,
    0.7086382264134173,
    0.7257142621628127,
    0.7443566502590162,
    0.7648262199972026,
    0.7870386027249291,
    0.8105437469372254,
    0.8345893228183623,
    0.8583006010662133,
    0.880943111317472,
    0.9021368022001088,
    0.9218924484431821,
    0.940464942734894,
    0.9581557735261197,
    0.9751974082964819,
    0.9916931150456363,
    1.0075154448016723,
    1.0221842279569897,
    1.0348277871012024,
    1.044315367831524,
    1.0496055904210748,
    1.050224718584054,
    1.0465885176687189,
    1.0398681337736526,
    1.0314677077787182,
    1.0225519024022935,
    1.0139153371633154,
    1.0060725821936942,
    0.9993246441309729,
    0.9937401112775414,
    0.9891362170257375,
    0.9851341339018495,
    0.9813033569880963,
    0.9773540071377789
  ],