{
  "bias_mev": [
    -20.0,
    -19.666666666666668,
    -19.333333333333332,
    -19.0,
    -18.666666666666668,
    -18.333333333333332,
    -18.0,
    -17.666666666666668,
    -17.333333333333332,
    -17.0,
    -16.666666666666668,
    -16.333333333333332,
    -16.0,
    -15.666666666666668,
    -15.333333333333334,
    -15.0,
    -14.666666666666668,
    -14.333333333333334,
    -14.0,
    -13.666666666666668,
    -13.333333333333334,
    -13.0,
    -12.666666666666668,
    -12.333333333333334,
    -12.0,
    -11.666666666666668,
    -11.333333333333334,
    -11.0,
    -10.666666666666668,
    -10.333333333333334,
    -10.0,
    -9.666666666666668,
    -9.333333333333334,
    -9.0,
    -8.666666666666668,
    -8.333333333333334,
    -8.0,
    -7.666666666666668,
    -7.333333333333334,
    -7.0,
    -6.666666666666668,
    -6.333333333333334,
    -6.0,
    -5.666666666666668,
    -5.333333333333334,
    -5.0,
    -4.666666666666668,
    -4.333333333333334,
    -4.0,
    -3.666666666666668,
    -3.3333333333333357,
    -3.0,
    -2.666666666666668,
    -2.3333333333333357,
    -2.0,
    -1.6666666666666679,
    -1.3333333333333357,
    -1.0,
    -0.6666666666666679,
    -0.3333333333333357,
    0.0,
    0.33333333333333215,
    0.6666666666666643,
    1.0,
    1.3333333333333321,
    1.6666666666666643,
    2.0,
    2.333333333333332,
    2.6666666666666643,
    3.0,
    3.333333333333332,
    3.6666666666666643,
    4.0,
    4.333333333333332,
    4.666666666666664,
    5.0,
    5.333333333333332,
    5.666666666666664,
    6.0,
    6.333333333333332,
    6.666666666666664,
    7.0,
    7.333333333333332,
    7.666666666666664,
    8.0,
    8.333333333333332,
    8.666666666666664,
    9.0,
    9.333333333333332,
    9.666666666666664,
    10.0,
    10.333333333333332,
    10.666666666666664,
    11.0,
    11.333333333333332,
    11.666666666666664,
    12.0,
    12.333333333333329,
    12.666666666666664,
    13.0,
    13.333333333333329,
    13.666666666666664,
    14.0,
    14.333333333333329,
    14.666666666666664,
    15.0,
    15.333333333333329,
    15.666666666666664,
    16.0,
    16.33333333333333,
    16.666666666666664,
    17.0,
    17.33333333333333,
    17.666666666666664,
    18.0,
    18.33333333333333,
    18.666666666666664,
    19.0,
    19.33333333333333,
    19.666666666666664,
    20.0
  ],
  "conductance": [
    0.967767354953601,
    0.9732481821544057,
    0.9791140011869406,
    0.985411133740281,
    0.9923129875104224,
    1.0000589112955462,
    1.0088950245265145,
    1.0190286633273933,
    1.0305874819121819,
    1.0435762593927131,
    1.0577643707786075,
    1.0724472053023564,
    1.086368754351977,
    1.098218696695496,
    1.1073338243339776,
    1.1138232940222532,
    1.1182052823568513,
    1.121038211725445,
    1.1227254541452534,
    1.1234396309385732,
    1.1231524288740309,
    1.1218134733016956,
    1.1194719770097659,
    1.116164755877509,
    1.1117803428631186,
    1.1061437179922444,
    1.0992430422797375,
    1.0913236205686823,
    1.0827728429126806,
    1.0739668139709178,
    1.0651994236220281,
    1.0566743504049798,
    1.0485044087306936,
    1.0406881924506681,
    1.0330890473005967,
    1.0254956492556337,
    1.017772612930462,
    1.0099481948072917,
    1.0021564844204283,
    0.9945412039820205,
    0.9872088935189806,
    0.9802252283798143,
    0.973625802684337,
    0.9674270124773099,
    0.961633718673305,
    0.9562440756816368,
    0.951252472762011,
    0.9466513186102442,
    0.9424321310922126,
    0.9385862078891997,
    0.9351050411640223,
    0.9319805736783859,
    0.9292053555508075,
    0.9267726382839098,
    0.9246764291320013,
    0.9229115205701196,
    0.9214735044341188,
    0.9203587769980095,
    0.9195645391150166,
    0.9190887941361503,
    0.9189303453647456,
    0.919088794136151,
    0.9195645391150158,
    0.9203587769980095,
    0.9214735044341198,
    0.9229115205701185,
    0.9246764291320012,
    0.9267726382839107,
    0.9292053555508065,
    0.931980573678386,
    0.935105041164023,
    0.9385862078891989,
    0.942432131092212,
    0.946651318610245,
    0.9512524727620103,
    0.956244075681636,
    0.9616337186733056,
    0.9674270124773094,
    0.9736258026843362,
    0.980225228379815,
    0.9872088935189798,
    0.99454120398202,
    1.002156484420429,
    1.0099481948072908,
    1.0177726129304614,
    1.0254956492556344,
    1.0330890473005958,
    1.0406881924506675,
    1.0485044087306945,
    1.0566743504049794,
    1.0651994236220277,
    1.0739668139709186,
    1.0827728429126797,
    1.0913236205686818,
    1.099243042279738,
    1.1061437179922438,
    1.1117803428631188,
    1.1161647558775099,
    1.119471977009764,
    1.121813473301696,
    1.123152428874032,
    1.1234396309385715,
    1.1227254541452538,
    1.121038211725446,
    1.1182052823568498,
    1.1138232940222539,
    1.1073338243339788,
    1.0982186966954948,
    1.086368754351977,
    1.0724472053023577,
    1.0577643707786066,
    1.0435762593927131,
    1.0305874819121827,
    1.0190286633273922,
    1.0088950245265145,
    1.0000589112955471,
    0.9923129875104215,
    0.9854111337402809,
    0.9791140011869416,
    0.9732481821544052,
    0.9677673549536004
  ],