{
  "bias_mev": [
    -20.0,
    -19.666666666666668,
    -19.333333333333332,
    -19.0,
    -18.666666666666668,
    -18.333333333333332,
    -18.0,
    -17.666666666666668,
    -17.333333333333332,
    -17.0,
    -16.666666666666668,
    -16.333333333333332,
    -16.0,
    -15.666666666666668,
    -15.333333333333334,
    -15.0,
    -14.666666666666668,
    -14.333333333333334,
    -14.0,
    -13.666666666666668,
    -13.333333333333334,
    -13.0,
    -12.666666666666668,
    -12.333333333333334,
    -12.0,
    -11.666666666666668,
    -11.333333333333334,
    -11.0,
    -10.666666666666668,
    -10.333333333333334,
    -10.0,
    -9.666666666666668,
    -9.333333333333334,
    -9.0,
    -8.666666666666668,
    -8.333333333333334,
    -8.0,
    -7.666666666666668,
    -7.333333333333334,
    -7.0,
    -6.666666666666668,
    -6.333333333333334,
    -6.0,
    -5.666666666666668,
    -5.333333333333334,
    -5.0,
    -4.666666666666668,
    -4.333333333333334,
    -4.0,
    -3.666666666666668,
    -3.3333333333333357,
    -3.0,
    -2.666666666666668,
    -2.3333333333333357,
    -2.0,
    -1.6666666666666679,
    -1.3333333333333357,
    -1.0,
    -0.6666666666666679,
    -0.3333333333333357,
    0.0,
    0.33333333333333215,
    0.6666666666666643,
    1.0,
    1.3333333333333321,
    1.6666666666666643,
    2.0,
    2.333333333333332,
    2.6666666666666643,
    3.0,
    3.333333333333332,
    3.6666666666666643,
    4.0,
    4.333333333333332,
    4.666666666666664,
    5.0,
    5.333333333333332,
    5.666666666666664,
    6.0,
    6.333333333333332,
    6.666666666666664,
    7.0,
    7.333333333333332,
    7.666666666666664,
    8.0,
    8.333333333333332,
    8.666666666666664,
    9.0,
    9.333333333333332,
    9.666666666666664,
    10.0,
    10.333333333333332,
    10.666666666666664,
    11.0,
    11.333333333333332,
    11.666666666666664,
    12.0,
    12.333333333333329,
    12.666666666666664,
    13.0,
    13.333333333333329,
    13.666666666666664,
    14.0,
    14.333333333333329,
    14.666666666666664,
    15.0,
    15.333333333333329,
    15.666666666666664,
    16.0,
    16.33333333333333,
    16.666666666666664,
    17.0,
    17.33333333333333,
    17.666666666666664,
    18.0,
    18.33333333333333,
    18.666666666666664,
    19.0,
    19.33333333333333,
    19.666666666666664,
    20.0
  ],
  "conductance": [
    0.9794682499092529,
    0.9831450833584657,
    0.9868716793029261,
    0.9907519766798764,
    0.9950087082256112,
    0.9998796897980604,
    1.005545679829303,
    1.0120878286686117,
    1.0194970178496268,
    1.0277440863782636,
    1.0367762260566655,
    1.0463141918059995,
    1.055661205611283,
    1.0639061983944278,
    1.070435804949373,
    1.0751733266614125,
    1.078412597420407,
    1.0805535276817,
    1.0819300554935833,
    1.0827437823387647,
    1.0830461977126462,
    1.0828040290957128,
    1.0819690097749495,
    1.0804088243333947,
    1.0778657238170959,
    1.0740950881641231,
    1.0690395176652865,
    1.062903615239682,
    1.0560798127158235,
    1.048993063484962,
    1.0419930139909102,
    1.0353155239763498,
    1.0290576204388013,
    1.0231349338385296,
    1.0172791504760883,
    1.011179150315975,
    1.0046963225645271,
    0.9979183475717962,
    0.9910391155925897,
    0.984240919473365,
    0.9776523996917189,
    0.9713522319257131,
    0.9653841782143429,
    0.9597700733546279,
    0.9545185649322406,
    0.9496305431316131,
    0.9451024412531589,
    0.9409282438093812,
    0.9371007186821011,
    0.9336121799214468,
    0.9304549627300718,
    0.927621719444811,
    0.9251056028676163,
    0.9229003781429017,
    0.9210004891975043,
    0.9194010964208164,
    0.9180980964110568,
    0.9170881308822417,
    0.9163685894057368,
    0.9159376090606189,
    0.9157940729848066,
    0.9159376090606197,
    0.9163685894057361,
    0.9170881308822418,
    0.9180980964110576,
    0.9194010964208151,
    0.9210004891975041,
    0.9229003781429024,
    0.9251056028676156,
    0.9276217194448108,
    0.9304549627300726,
    0.9336121799214459,
    0.9371007186821007,
    0.9409282438093823,
    0.9451024412531585,
    0.9496305431316127,
    0.9545185649322414,
    0.9597700733546275,
    0.9653841782143424,
    0.9713522319257136,
    0.9776523996917182,
    0.9842409194733645,
    0.9910391155925905,
    0.9979183475717956,
    1.004696322564527,
    1.011179150315976,
    1.0172791504760876,
    1.0231349338385292,
    1.0290576204388022,
    1.0353155239763492,
    1.0419930139909097,
    1.0489930634849627,
    1.0560798127158229,
    1.0629036152396816,
    1.069039517665287,
    1.0740950881641227,
    1.0778657238170959,
    1.0804088243333951,
    1.0819690097749481,
    1.0828040290957133,
    1.0830461977126467,
    1.0827437823387633,
    1.0819300554935836,
    1.0805535276817009,
    1.0784125974204057,
    1.075173326661413,
    1.0704358049493738,
    1.0639061983944265,
    1.0556612056112828,
    1.0463141918060006,
    1.0367762260566646,
    1.0277440863782636,
    1.0194970178496279,
    1.012087828668611,
    1.0055456798293032,
    0.9998796897980614,
    0.9950087082256104,
    0.9907519766798766,
    0.9868716793029271,
    0.9831450833584654,
    0.9794682499092522
  ],