{
  "bias_mev": [
    -20.0,
    -19.666666666666668,
    -19.333333333333332,
    -19.0,
    -18.666666666666668,
    -18.333333333333332,
    -18.0,
    -17.666666666666668,
    -17.333333333333332,
    -17.0,
    -16.666666666666668,
    -16.333333333333332,
    -16.0,
    -15.666666666666668,
    -15.333333333333334,
    -15.0,
    -14.666666666666668,
    -14.333333333333334,
    -14.0,
    -13.666666666666668,
    -13.333333333333334,
    -13.0,
    -12.666666666666668,
    -12.333333333333334,
    -12.0,
    -11.666666666666668,
    -11.333333333333334,
    -11.0,
    -10.666666666666668,
    -10.333333333333334,
    -10.0,
    -9.666666666666668,
    -9.333333333333334,
    -9.0,
    -8.666666666666668,
    -8.333333333333334,
    -8.0,
    -7.666666666666668,
    -7.333333333333334,
    -7.0,
    -6.666666666666668,
    -6.333333333333334,
    -6.0,
    -5.666666666666668,
    -5.333333333333334,
    -5.0,
    -4.666666666666668,
    -4.333333333333334,
    -4.0,
    -3.666666666666668,
    -3.3333333333333357,
    -3.0,
    -2.666666666666668,
    -2.3333333333333357,
    -2.0,
    -1.6666666666666679,
    -1.3333333333333357,
    -1.0,
    -0.6666666666666679,
    -0.3333333333333357,
    0.0,
    0.33333333333333215,
    0.6666666666666643,
    1.0,
    1.3333333333333321,
    1.6666666666666643,
    2.0,
    2.333333333333332,
    2.6666666666666643,
    3.0,
    3.333333333333332,
    3.6666666666666643,
    4.0,
    4.333333333333332,
    4.666666666666664,
    5.0,
    5.333333333333332,
    5.666666666666664,
    6.0,
    6.333333333333332,
    6.666666666666664,
    7.0,
    7.333333333333332,
    7.666666666666664,
    8.0,
    8.333333333333332,
    8.666666666666664,
    9.0,
    9.333333333333332,
    9.666666666666664,
    10.0,
    10.333333333333332,
    10.666666666666664,
    11.0,
    11.333333333333332,
    11.666666666666664,
    12.0,
    12.333333333333329,
    12.666666666666664,
    13.0,
    13.333333333333329,
    13.666666666666664,
    14.0,
    14.333333333333329,
    14.666666666666664,
    15.0,
    15.333333333333329,
    15.666666666666664,
    16.0,
    16.33333333333333,
    16.666666666666664,
    17.0,
    17.33333333333333,
    17.666666666666664,
    18.0,
    18.33333333333333,
    18.666666666666664,
    19.0,
    19.33333333333333,
    19.666666666666664,
    20.0
  ],
  "conductance": [
    0.9713690281908387,
    0.9766450144048411,
    0.9820393465318504,
    0.9876565040804787,
    0.9937129362319048,
    1.0004432360760642,
    1.0080515726419272,
    1.0166669035771456,
    1.0263276913743662,
    1.0370877668905818,
    1.0490735339488815,
    1.0621785306745413,
    1.0756267710573013,
    1.0881579178326888,
    1.098935424687764,
    1.1078945338168051,
    1.1153940721184035,
    1.1218731943034388,
    1.1276699663901057,
    1.1329942405746711,
    1.1378752970028088,
    1.1422434886333388,
    1.1461085857460147,
    1.149418635522854,
    1.1518875715785506,
    1.1531480322180423,
    1.1529831610363697,
    1.1515013779231202,
    1.1490786440942287,
    1.1461443749899227,
    1.1430644069137676,
    1.1401188733988452,
    1.137474817561345,
    1.1351061159230764,
    1.1327163858003564,
    1.12988547693079,
    1.1264238906188353,
    1.1224498583805163,
    1.1181880435535685,
    1.113827038605507,
    1.109492861523683,
    1.1052641790513444,
    1.1011896085629407,
    1.0972993664043378,
    1.0936122942173425,
    1.0901400511230848,
    1.0868896663909826,
    1.0838651389982223,
    1.0810684691256238,
    1.0785003408196374,
    1.0761605840783117,
    1.0740484936656423,
    1.072163052606628,
    1.0705030909025601,
    1.0690673993783344,
    1.0678548119110705,
    1.0668642650061941,
    1.066094840865866,
    1.0655457981902732,
    1.0652165936320803,
    1.0651068958788965,
    1.0652165936320817,
    1.0655457981902716,
    1.066094840865866,
    1.0668642650061955,
    1.0678548119110691,
    1.0690673993783344,
    1.0705030909025617,
    1.0721630526066266,
    1.0740484936656423,
    1.076160584078313,
    1.0785003408196363,
    1.0810684691256234,
    1.083865138998224,
    1.0868896663909817,
    1.090140051123084,
    1.093612294217344,
    1.0972993664043373,
    1.10118960856294,
    1.105264179051346,
    1.109492861523682,
    1.1138270386055065,
    1.11818804355357,
    1.1224498583805156,
    1.1264238906188346,
    1.1298854769307916,
    1.1327163858003555,
    1.1351061159230753,
    1.1374748175613463,
    1.1401188733988443,
    1.143064406913767,
    1.1461443749899243,
    1.1490786440942278,
    1.1515013779231198,
    1.1529831610363708,
    1.1531480322180414,
    1.151887571578551,
    1.1494186355228555,
    1.1461085857460123,
    1.1422434886333395,
    1.1378752970028105,
    1.132994240574669,
    1.1276699663901062,
    1.1218731943034403,
    1.1153940721184015,
    1.107894533816806,
    1.0989354246877656,
    1.0881579178326868,
    1.0756267710573018,
    1.0621785306745428,
    1.0490735339488801,
    1.0370877668905818,
    1.026327691374368,
    1.0166669035771443,
    1.0080515726419272,
    1.0004432360760658,
    0.9937129362319037,
    0.9876565040804787,
    0.982039346531852,
    0.9766450144048403,
    0.9713690281908383
  ],