{
  "bias_mev": [
    -20.0,
    -19.666666666666668,
    -19.333333333333332,
    -19.0,
    -18.666666666666668,
    -18.333333333333332,
    -18.0,
    -17.666666666666668,
    -17.333333333333332,
    -17.0,
    -16.666666666666668,
    -16.333333333333332,
    -16.0,
    -15.666666666666668,
    -15.333333333333334,
    -15.0,
    -14.666666666666668,
    -14.333333333333334,
    -14.0,
    -13.666666666666668,
    -13.333333333333334,
    -13.0,
    -12.666666666666668,
    -12.333333333333334,
    -12.0,
    -11.666666666666668,
    -11.333333333333334,
    -11.0,
    -10.666666666666668,
    -10.333333333333334,
    -10.0,
    -9.666666666666668,
    -9.333333333333334,
    -9.0,
    -8.666666666666668,
    -8.333333333333334,
    -8.0,
    -7.666666666666668,
    -7.333333333333334,
    -7.0,
    -6.666666666666668,
    -6.333333333333334,
    -6.0,
    -5.666666666666668,
    -5.333333333333334,
    -5.0,
    -4.666666666666668,
    -4.333333333333334,
    -4.0,
    -3.666666666666668,
    -3.3333333333333357,
    -3.0,
    -2.666666666666668,
    -2.3333333333333357,
    -2.0,
    -1.6666666666666679,
    -1.3333333333333357,
    -1.0,
    -0.6666666666666679,
    -0.3333333333333357,
    0.0,
    0.33333333333333215,
    0.6666666666666643,
    1.0,
    1.3333333333333321,
    1.6666666666666643,
    2.0,
    2.333333333333332,
    2.6666666666666643,
    3.0,
    3.333333333333332,
    3.6666666666666643,
    4.0,
    4.333333333333332,
    4.666666666666664,
    5.0,
    5.333333333333332,
    5.666666666666664,
    6.0,
    6.333333333333332,
    6.666666666666664,
    7.0,
    7.333333333333332,
    7.666666666666664,
    8.0,
    8.333333333333332,
    8.666666666666664,
    9.0,
    9.333333333333332,
    9.666666666666664,
    10.0,
    10.333333333333332,
    10.666666666666664,
    11.0,
    11.333333333333332,
    11.666666666666664,
    12.0,
    12.333333333333329,
    12.666666666666664,
    13.0,
    13.333333333333329,
    13.666666666666664,
    14.0,
    14.333333333333329,
    14.666666666666664,
    15.0,
    15.333333333333329,
    15.666666666666664,
    16.0,
    16.33333333333333,
    16.666666666666664,
    17.0,
    17.33333333333333,
    17.666666666666664,
    18.0,
    18.33333333333333,
    18.666666666666664,
    19.0,
    19.33333333333333,
    19.666666666666664,
    20.0
  ],
  "conductance": [
    0.9793960570279823,
    0.9831447085118835,
    0.9869303468850521,
    0.9908432883768026,
    0.9951029132588747,
    0.9999496327703269,
    1.0055712732784405,
    1.0120576322378498,
    1.0194052457394758,
    1.0275989019133103,
    1.0366379823418383,
    1.0463375642078114,
    1.0560747707361469,
    1.0649120561499104,
    1.0721353945463294,
    1.0775864875254604,
    1.0815270440338407,
    1.0843558663887203,
    1.0864149954112434,
    1.0879163585980691,
    1.088917240836114,
    1.089385038217153,
    1.0892802308230511,
    1.0884800181086423,
    1.0867192053128916,
    1.0837337565603793,
    1.079447799414868,
    1.0740566512409804,
    1.067950539694213,
    1.0615521496045157,
    1.055208739433324,
    1.0491581682306585,
    1.0435059774275102,
    1.0381775016165538,
    1.032903867663544,
    1.0273624279400648,
    1.021407457752096,
    1.015128036748597,
    1.008719558035031,
    1.0023628815615306,
    0.9961844830662843,
    0.9902619242351189,
    0.9846391888903332,
    0.9793393008650041,
    0.9743726326468596,
    0.9697420200996312,
    0.965445868931226,
    0.9614800544512181,
    0.9578390986408033,
    0.9545169089726261,
    0.951507246855675,
    0.9488040264152896,
    0.9464015052449525,
    0.9442944056152055,
    0.9424779906173172,
    0.9409481110648786,
    0.9397012335218672,
    0.9387344563220065,
    0.9380455181510445,
    0.9376328022318604,
    0.9374953381026427,
    0.9376328022318612,
    0.9380455181510434,
    0.9387344563220066,
    0.9397012335218677,
    0.9409481110648775,
    0.9424779906173174,
    0.9442944056152061,
    0.9464015052449515,
    0.9488040264152894,
    0.9515072468556759,
    0.9545169089726253,
    0.9578390986408031,
    0.9614800544512185,
    0.9654458689312255,
    0.9697420200996307,
    0.9743726326468601,
    0.9793393008650036,
    0.9846391888903325,
    0.9902619242351196,
    0.9961844830662836,
    1.0023628815615302,
    1.0087195580350317,
    1.0151280367485964,
    1.0214074577520953,
    1.0273624279400655,
    1.0329038676635434,
    1.0381775016165533,
    1.0435059774275108,
    1.0491581682306577,
    1.0552087394333236,
    1.0615521496045164,
    1.0679505396942124,
    1.07405665124098,
    1.0794477994148686,
    1.0837337565603784,
    1.086719205312892,
    1.0884800181086434,
    1.0892802308230494,
    1.0893850382171537,
    1.0889172408361152,
    1.0879163585980676,
    1.0864149954112439,
    1.0843558663887216,
    1.0815270440338391,
    1.0775864875254608,
    1.0721353945463308,
    1.0649120561499092,
    1.0560747707361469,
    1.046337564207813,
    1.0366379823418375,
    1.0275989019133103,
    1.0194052457394769,
    1.0120576322378487,
    1.0055712732784405,
    0.9999496327703283,
    0.995102913258874,
    0.9908432883768029,
    0.9869303468850532,
    0.983144708511883,
    0.9793960570279818
  ],