{
  "bias_mev": [
    -20.0,
    -19.666666666666668,
    -19.333333333333332,
    -19.0,
    -18.666666666666668,
    -18.333333333333332,
    -18.0,
    -17.666666666666668,
    -17.333333333333332,
    -17.0,
    -16.666666666666668,
    -16.333333333333332,
    -16.0,
    -15.666666666666668,
    -15.333333333333334,
    -15.0,
    -14.666666666666668,
    -14.333333333333334,
    -14.0,
    -13.666666666666668,
    -13.333333333333334,
    -13.0,
    -12.666666666666668,
    -12.333333333333334,
    -12.0,
    -11.666666666666668,
    -11.333333333333334,
    -11.0,
    -10.666666666666668,
    -10.333333333333334,
    -10.0,
    -9.666666666666668,
    -9.333333333333334,
    -9.0,
    -8.666666666666668,
    -8.333333333333334,
    -8.0,
    -7.666666666666668,
    -7.333333333333334,
    -7.0,
    -6.666666666666668,
    -6.333333333333334,
    -6.0,
    -5.666666666666668,
    -5.333333333333334,
    -5.0,
    -4.666666666666668,
    -4.333333333333334,
    -4.0,
    -3.666666666666668,
    -3.3333333333333357,
    -3.0,
    -2.666666666666668,
    -2.3333333333333357,
    -2.0,
    -1.6666666666666679,
    -1.3333333333333357,
    -1.0,
    -0.6666666666666679,
    -0.3333333333333357,
    0.0,
    0.33333333333333215,
    0.6666666666666643,
    1.0,
    1.3333333333333321,
    1.6666666666666643,
    2.0,
    2.333333333333332,
    2.6666666666666643,
    3.0,
    3.333333333333332,
    3.6666666666666643,
    4.0,
    4.333333333333332,
    4.666666666666664,
    5.0,
    5.333333333333332,
    5.666666666666664,
    6.0,
    6.333333333333332,
    6.666666666666664,
    7.0,
    7.333333333333332,
    7.666666666666664,
    8.0,
    8.333333333333332,
    8.666666666666664,
    9.0,
    9.333333333333332,
    9.666666666666664,
    10.0,
    10.333333333333332,
    10.666666666666664,
    11.0,
    11.333333333333332,
    11.666666666666664,
    12.0,
    12.333333333333329,
    12.666666666666664,
    13.0,
    13.333333333333329,
    13.666666666666664,
    14.0,
    14.333333333333329,
    14.666666666666664,
    15.0,
    15.333333333333329,
    15.666666666666664,
    16.0,
    16.33333333333333,
    16.666666666666664,
    17.0,
    17.33333333333333,
    17.666666666666664,
    18.0,
    18.33333333333333,
    18.666666666666664,
    19.0,
    19.33333333333333,
    19.666666666666664,
    20.0
  ],
  "conductance": [
    0.9732848209647001,
    0.9778602814288547,
    0.9827565910365351,
    0.9880374995497151,
    0.9938447146289782,
    1.0003476281932056,
    1.007691278649044,
    1.0159572839625088,
    1.025135682539196,
    1.0350842190472613,
    1.0454402899176851,
    1.0555112436642076,
    1.0642861729247168,
    1.0707027522942276,
    1.0740545803954233,
    1.0742209850009312,
    1.0715711854988659,
    1.0666918357892472,
    1.0601424104529615,
    1.0523266199045702,
    1.0434730363433886,
    1.0336808068036938,
    1.0229662408199027,
    1.011272416238212,
    0.9984836166495508,
    0.984505021617798,
    0.9693875141762931,
    0.9534027336439309,
    0.9369990703900999,
    0.9206717267007082,
    0.904830971474344,
    0.889713638661125,
    0.8753423686518478,
    0.8615423160452063,
    0.8480364696707223,
    0.8346017628551929,
    0.8211930325052964,
    0.8079454250551625,
    0.7950780983335326,
    0.7827938761024924,
    0.7712304103412014,
    0.7604571072172013,
    0.7504920818794496,
    0.7413213735606362,
    0.7329137215632454,
    0.7252301815245767,
    0.718229799990442,
    0.7118727206597388,
    0.7061217496963449,
    0.7009430432337156,
    0.6963063155836599,
    0.692184798463777,
    0.6885550811548161,
    0.685396903466112,
    0.6826929404300148,
    0.680428599145533,
    0.6785918379273824,
    0.677173012325073,
    0.6761647496329982,
    0.6755618520685306,
    0.6753612281981689,
    0.6755618520685309,
    0.6761647496329982,
    0.677173012325073,
    0.6785918379273824,
    0.6804285991455328,
    0.6826929404300148,
    0.6853969034661123,
    0.6885550811548159,
    0.692184798463777,
    0.69630631558366,
    0.7009430432337154,
    0.7061217496963449,
    0.7118727206597387,
    0.7182297999904419,
    0.7252301815245766,
    0.7329137215632455,
    0.741321373560636,
    0.7504920818794495,
    0.7604571072172014,
    0.7712304103412011,
    0.7827938761024922,
    0.7950780983335328,
    0.8079454250551621,
    0.8211930325052964,
    0.8346017628551929,
    0.8480364696707221,
    0.8615423160452061,
    0.8753423686518479,
    0.8897136386611247,
    0.9048309714743439,
    0.920671726700708,
    0.9369990703900994,
    0.9534027336439308,
    0.9693875141762932,
    0.9845050216177977,
    0.9984836166495508,
    1.0112724162382118,
    1.0229662408199023,
    1.0336808068036938,
    1.0434730363433886,
    1.05232661990457,
    1.0601424104529615,
    1.0666918357892472,
    1.0715711854988657,
    1.0742209850009314,
    1.0740545803954233,
    1.0707027522942272,
    1.064286172924717,
    1.055511243664208,
    1.0454402899176851,
    1.0350842190472613,
    1.0251356825391964,
    1.0159572839625088,
    1.0076912786490442,
    1.000347628193206,
    0.9938447146289782,
    0.9880374995497153,
    0.9827565910365355,
    0.9778602814288546,
    0.9732848209646997
  ],