{
  "bias_mev": [
    -20.0,
    -19.666666666666668,
    -19.333333333333332,
    -19.0,
    -18.666666666666668,
    -18.333333333333332,
    -18.0,
    -17.666666666666668,
    -17.333333333333332,
    -17.0,
    -16.666666666666668,
    -16.333333333333332,
    -16.0,
    -15.666666666666668,
    -15.333333333333334,
    -15.0,
    -14.666666666666668,
    -14.333333333333334,
    -14.0,
    -13.666666666666668,
    -13.333333333333334,
    -13.0,
    -12.666666666666668,
    -12.333333333333334,
    -12.0,
    -11.666666666666668,
    -11.333333333333334,
    -11.0,
    -10.666666666666668,
    -10.333333333333334,
    -10.0,
    -9.666666666666668,
    -9.333333333333334,
    -9.0,
    -8.666666666666668,
    -8.333333333333334,
    -8.0,
    -7.666666666666668,
    -7.333333333333334,
    -7.0,
    -6.666666666666668,
    -6.333333333333334,
    -6.0,
    -5.666666666666668,
    -5.333333333333334,
    -5.0,
    -4.666666666666668,
    -4.333333333333334,
    -4.0,
    -3.666666666666668,
    -3.3333333333333357,
    -3.0,
    -2.666666666666668,
    -2.3333333333333357,
    -2.0,
    -1.6666666666666679,
    -1.3333333333333357,
    -1.0,
    -0.6666666666666679,
    -0.3333333333333357,
    0.0,
    0.33333333333333215,
    0.6666666666666643,
    1.0,
    1.3333333333333321,
    1.6666666666666643,
    2.0,
    2.333333333333332,
    2.6666666666666643,
    3.0,
    3.333333333333332,
    3.6666666666666643,
    4.0,
    4.333333333333332,
    4.666666666666664,
    5.0,
    5.333333333333332,
    5.666666666666664,
    6.0,
    6.333333333333332,
    6.666666666666664,
    7.0,
    7.333333333333332,
    7.666666666666664,
    8.0,
    8.333333333333332,
    8.666666666666664,
    9.0,
    9.333333333333332,
    9.666666666666664,
    10.0,
    10.333333333333332,
    10.666666666666664,
    11.0,
    11.333333333333332,
    11.666666666666664,
    12.0,
    12.333333333333329,
    12.666666666666664,
    13.0,
    13.333333333333329,
    13.666666666666664,
    14.0,
    14.333333333333329,
    14.666666666666664,
    15.0,
    15.333333333333329,
    15.666666666666664,
    16.0,
    16.33333333333333,
    16.666666666666664,
    17.0,
    17.33333333333333,
    17.666666666666664,
    18.0,
    18.33333333333333,
    18.666666666666664,
    19.0,
    19.33333333333333,
    19.666666666666664,
    20.0
  ],
  "conductance": [
    0.9821937093071605,
    0.9851813677644953,
    0.988269916384637,
    0.9915462459883171,
    0.995213870121882,
    0.9995002993458403,
    1.0045914376088148,
    1.0105922746701796,
    1.0175269059839045,
    1.025383972824769,
    1.0340927972392158,
    1.0433168601151692,
    1.0522706388758594,
    1.059951500359463,
    1.065693832633234,
    1.0694206769434589,
    1.0714545115527963,
    1.0722305557711636,
    1.072117640243828,
    1.0713557497553587,
    1.070044652099979,
    1.0682031506442826,
    1.065835664406929,
    1.0628806123948533,
    1.0591686289600464,
    1.0545252116446588,
    1.0489115963261286,
    1.0424889384460119,
    1.035562293578894,
    1.0284597689656771,
    1.0214493247560539,
    1.0147116159564311,
    1.0083269628057607,
    1.002251790172649,
    0.9963197743378863,
    0.9903340100917277,
    0.9842060423393411,
    0.9779910976361109,
    0.971811700685779,
    0.9657825388604802,
    0.9599837186873708,
    0.954463251484324,
    0.949246776350577,
    0.9443459336108229,
    0.93976399992584,
    0.9354993904115221,
    0.9315477881008936,
    0.9279034395009543,
    0.9245599489568398,
    0.9215107695250238,
    0.9187495075784472,
    0.9162701115089245,
    0.914066987504507,
    0.9121350691322127,
    0.9104698576364258,
    0.9090674438125189,
    0.9079245185173431,
    0.9070383764520337,
    0.9064069162757273,
    0.9060286390648377,
    0.9059026464248473,
    0.9060286390648387,
    0.9064069162757264,
    0.9070383764520332,
    0.9079245185173442,
    0.9090674438125181,
    0.9104698576364258,
    0.9121350691322135,
    0.9140669875045059,
    0.9162701115089242,
    0.918749507578448,
    0.921510769525023,
    0.9245599489568395,
    0.9279034395009549,
    0.9315477881008932,
    0.9354993904115216,
    0.9397639999258408,
    0.9443459336108223,
    0.9492467763505765,
    0.9544632514843248,
    0.9599837186873699,
    0.9657825388604795,
    0.9718117006857799,
    0.9779910976361104,
    0.9842060423393408,
    0.9903340100917285,
    0.9963197743378855,
    1.0022517901726489,
    1.0083269628057614,
    1.0147116159564302,
    1.0214493247560532,
    1.028459768965678,
    1.0355622935788935,
    1.0424889384460112,
    1.048911596326129,
    1.0545252116446577,
    1.0591686289600468,
    1.062880612394854,
    1.0658356644069276,
    1.0682031506442828,
    1.0700446520999793,
    1.0713557497553572,
    1.0721176402438284,
    1.0722305557711642,
    1.071454511552795,
    1.069420676943459,
    1.0656938326332348,
    1.0599515003594615,
    1.0522706388758591,
    1.0433168601151703,
    1.0340927972392149,
    1.0253839728247687,
    1.0175269059839054,
    1.0105922746701785,
    1.0045914376088148,
    0.9995002993458412,
    0.9952138701218811,
    0.9915462459883174,
    0.988269916384638,
    0.9851813677644945,
    0.9821937093071601
  ],