{
  "bias_mev": [
    -20.0,
    -19.666666666666668,
    -19.333333333333332,
    -19.0,
    -18.666666666666668,
    -18.333333333333332,
    -18.0,
    -17.666666666666668,
    -17.333333333333332,
    -17.0,
    -16.666666666666668,
    -16.333333333333332,
    -16.0,
    -15.666666666666668,
    -15.333333333333334,
    -15.0,
    -14.666666666666668,
    -14.333333333333334,
    -14.0,
    -13.666666666666668,
    -13.333333333333334,
    -13.0,
    -12.666666666666668,
    -12.333333333333334,
    -12.0,
    -11.666666666666668,
    -11.333333333333334,
    -11.0,
    -10.666666666666668,
    -10.333333333333334,
    -10.0,
    -9.666666666666668,
    -9.333333333333334,
    -9.0,
    -8.666666666666668,
    -8.333333333333334,
    -8.0,
    -7.666666666666668,
    -7.333333333333334,
    -7.0,
    -6.666666666666668,
    -6.333333333333334,
    -6.0,
    -5.666666666666668,
    -5.333333333333334,
    -5.0,
    -4.666666666666668,
    -4.333333333333334,
    -4.0,
    -3.666666666666668,
    -3.3333333333333357,
    -3.0,
    -2.666666666666668,
    -2.3333333333333357,
    -2.0,
    -1.6666666666666679,
    -1.3333333333333357,
    -1.0,
    -0.6666666666666679,
    -0.3333333333333357,
    0.0,
    0.33333333333333215,
    0.6666666666666643,
    1.0,
    1.3333333333333321,
    1.6666666666666643,
    2.0,
    2.333333333333332,
    2.6666666666666643,
    3.0,
    3.333333333333332,
    3.6666666666666643,
    4.0,
    4.333333333333332,
    4.666666666666664,
    5.0,
    5.333333333333332,
    5.666666666666664,
    6.0,
    6.333333333333332,
    6.666666666666664,
    7.0,
    7.333333333333332,
    7.666666666666664,
    8.0,
    8.333333333333332,
    8.666666666666664,
    9.0,
    9.333333333333332,
    9.666666666666664,
    10.0,
    10.333333333333332,
    10.666666666666664,
    11.0,
    11.333333333333332,
    11.666666666666664,
    12.0,
    12.333333333333329,
    12.666666666666664,
    13.0,
    13.333333333333329,
    13.666666666666664,
    14.0,
    14.333333333333329,
    14.666666666666664,
    15.0,
    15.333333333333329,
    15.666666666666664,
    16.0,
    16.33333333333333,
    16.666666666666664,
    17.0,
    17.33333333333333,
    17.666666666666664,
    18.0,
    18.33333333333333,
    18.666666666666664,
    19.0,
    19.33333333333333,
    19.666666666666664,
    20.0
  ],
  "conductance": [
    0.9677911915411656,
    0.9734666204334097,
    0.979366164631554,
    0.9856376293973271,
    0.9925104985508795,
    1.000223629855635,
    1.0089873949140797,
    1.0189474663911708,
    1.0301958702931642,
    1.042873533991613,
    1.0571204066863351,
    1.072638872401498,
    1.0882675150412968,
    1.1024505621663492,
    1.1143575481927792,
    1.12408472844881,
    1.1321553070343784,
    1.1391080348557696,
    1.145317491144484,
    1.150924561876261,
    1.1557754681659727,
    1.1596640535342406,
    1.1625759194203098,
    1.1645012206626995,
    1.165295971194307,
    1.1648075877670245,
    1.1630292537336246,
    1.1601929542520968,
    1.156664702018503,
    1.1527882714421351,
    1.148828810608282,
    1.144976954471438,
    1.141335578495501,
    1.1378565909257805,
    1.1343097482829572,
    1.1304458028116506,
    1.1262165860149351,
    1.1217473237711355,
    1.1171940261354723,
    1.1126747365021048,
    1.1082656429850952,
    1.1040137833912436,
    1.0999480380166875,
    1.0960861446655594,
    1.0924388976888668,
    1.0890126721529554,
    1.0858109803132077,
    1.0828354605687047,
    1.0800865240144248,
    1.0775637879545663,
    1.0752663729341052,
    1.0731931099929735,
    1.071342687464936,
    1.0697137562160464,
    1.0683050057821692,
    1.0671152197860658,
    1.0661433163635698,
    1.0653883775631137,
    1.0648496704782322,
    1.0645266620282612,
    1.064419028690901,
    1.0645266620282627,
    1.064849670478231,
    1.0653883775631137,
    1.0661433163635714,
    1.0671152197860645,
    1.068305005782169,
    1.0697137562160477,
    1.0713426874649346,
    1.0731931099929732,
    1.0752663729341068,
    1.0775637879545654,
    1.0800865240144244,
    1.082835460568706,
    1.085810980313207,
    1.0890126721529547,
    1.0924388976888681,
    1.096086144665559,
    1.0999480380166868,
    1.104013783391245,
    1.1082656429850943,
    1.1126747365021044,
    1.1171940261354736,
    1.121747323771135,
    1.1262165860149345,
    1.1304458028116522,
    1.134309748282956,
    1.13785659092578,
    1.1413355784955028,
    1.1449769544714374,
    1.1488288106082813,
    1.1527882714421367,
    1.1566647020185024,
    1.160192954252096,
    1.1630292537336262,
    1.1648075877670234,
    1.1652959711943074,
    1.1645012206627015,
    1.1625759194203078,
    1.1596640535342417,
    1.1557754681659744,
    1.1509245618762587,
    1.1453174911444846,
    1.1391080348557712,
    1.1321553070343762,
    1.1240847284488111,
    1.114357548192781,
    1.1024505621663472,
    1.0882675150412973,
    1.0726388724014995,
    1.057120406686334,
    1.042873533991613,
    1.0301958702931655,
    1.0189474663911697,
    1.00898739491408,
    1.0002236298556366,
    0.9925104985508784,
    0.9856376293973271,
    0.9793661646315557,
    0.973466620433409,
    0.967791191541165
  ],