{
  "bias_mev": [
    -20.0,
    -19.666666666666668,
    -19.333333333333332,
    -19.0,
    -18.666666666666668,
    -18.333333333333332,
    -18.0,
    -17.666666666666668,
    -17.333333333333332,
    -17.0,
    -16.666666666666668,
    -16.333333333333332,
    -16.0,
    -15.666666666666668,
    -15.333333333333334,
    -15.0,
    -14.666666666666668,
    -14.333333333333334,
    -14.0,
    -13.666666666666668,
    -13.333333333333334,
    -13.0,
    -12.666666666666668,
    -12.333333333333334,
    -12.0,
    -11.666666666666668,
    -11.333333333333334,
    -11.0,
    -10.666666666666668,
    -10.333333333333334,
    -10.0,
    -9.666666666666668,
    -9.333333333333334,
    -9.0,
    -8.666666666666668,
    -8.333333333333334,
    -8.0,
    -7.666666666666668,
    -7.333333333333334,
    -7.0,
    -6.666666666666668,
    -6.333333333333334,
    -6.0,
    -5.666666666666668,
    -5.333333333333334,
    -5.0,
    -4.666666666666668,
    -4.333333333333334,
    -4.0,
    -3.666666666666668,
    -3.3333333333333357,
    -3.0,
    -2.666666666666668,
    -2.3333333333333357,
    -2.0,
    -1.6666666666666679,
    -1.3333333333333357,
    -1.0,
    -0.6666666666666679,
    -0.3333333333333357,
    0.0,
    0.33333333333333215,
    0.6666666666666643,
    1.0,
    1.3333333333333321,
    1.6666666666666643,
    2.0,
    2.333333333333332,
    2.6666666666666643,
    3.0,
    3.333333333333332,
    3.6666666666666643,
    4.0,
    4.333333333333332,
    4.666666666666664,
    5.0,
    5.333333333333332,
    5.666666666666664,
    6.0,
    6.333333333333332,
    6.666666666666664,
    7.0,
    7.333333333333332,
    7.666666666666664,
    8.0,
    8.333333333333332,
    8.666666666666664,
    9.0,
    9.333333333333332,
    9.666666666666664,
    10.0,
    10.333333333333332,
    10.666666666666664,
    11.0,
    11.333333333333332,
    11.666666666666664,
    12.0,
    12.333333333333329,
    12.666666666666664,
    13.0,
    13.333333333333329,
    13.666666666666664,
    14.0,
    14.333333333333329,
    14.666666666666664,
    15.0,
    15.333333333333329,
    15.666666666666664,
    16.0,
    16.33333333333333,
    16.666666666666664,
    17.0,
    17.33333333333333,
    17.666666666666664,
    18.0,
    18.33333333333333,
    18.666666666666664,
    19.0,
    19.33333333333333,
    19.666666666666664,
    20.0
  ],
  "conductance": [
    0.9657663943382124,
    0.9718205793081356,
    0.9783175372318891,
    0.9853220663001596,
    0.9929695601945784,
    1.0014066391865808,
    1.010708464159709,
    1.0207879681090528,
    1.0313057674857078,
    1.0415950236859726,
    1.0506417076556676,
    1.057192203640122,
    1.0600347836779227,
    1.0583720245484793,
    1.052072186130201,
    1.041640760833842,
    1.0279587909748211,
    1.0119675289009042,
    0.994445926523557,
    0.9759250663684608,
    0.9567074885704873,
    0.9369270483150236,
    0.9165932503563607,
    0.8956148828162991,
    0.8738516943629169,
    0.8512292902449015,
    0.8278712887517872,
    0.8041511791553619,
    0.7806164459508225,
    0.7578330623643506,
    0.7362353899271141,
    0.7160326144336722,
    0.6971824919104997,
    0.6794327245330459,
    0.6624291292876253,
    0.6458658463180263,
    0.6296122972480941,
    0.613746486857826,
    0.5984848135602321,
    0.5840694643286994,
    0.5706834580244297,
    0.5584196435711792,
    0.547290064618878,
    0.5372515405182339,
    0.5282309756857151,
    0.5201439335425369,
    0.512906024160523,
    0.5064388655084597,
    0.5006725921750939,
    0.4955464187247435,
    0.4910082308380367,
    0.4870137699249627,
    0.48352571298648395,
    0.48051279424724014,
    0.47794903007944123,
    0.47581306530619927,
    0.4740876386750641,
    0.47275915722148676,
    0.4718173672968664,
    0.47125511095992884,
    0.47106815856721385,
    0.47125511095992884,
    0.4718173672968664,
    0.47275915722148676,
    0.4740876386750641,
    0.47581306530619927,
    0.4779490300794412,
    0.4805127942472402,
    0.48352571298648384,
    0.48701376992496265,
    0.49100823083803663,
    0.4955464187247434,
    0.5006725921750939,
    0.5064388655084597,
    0.512906024160523,
    0.5201439335425369,
    0.5282309756857151,
    0.5372515405182339,
    0.547290064618878,
    0.5584196435711792,
    0.5706834580244295,
    0.5840694643286994,
    0.5984848135602322,
    0.6137464868578257,
    0.6296122972480942,
    0.6458658463180263,
    0.6624291292876253,
    0.6794327245330459,
    0.6971824919104996,
    0.7160326144336719,
    0.7362353899271142,
    0.7578330623643507,
    0.7806164459508224,
    0.804151179155362,
    0.8278712887517871,
    0.8512292902449011,
    0.8738516943629168,
    0.8956148828162991,
    0.9165932503563605,
    0.9369270483150238,
    0.9567074885704872,
    0.9759250663684607,
    0.9944459265235571,
    1.0119675289009042,
    1.0279587909748211,
    1.0416407608338423,
    1.052072186130201,
    1.0583720245484791,
    1.0600347836779227,
    1.057192203640122,
    1.0506417076556678,
    1.0415950236859726,
    1.0313057674857078,
    1.0207879681090528,
    1.010708464159709,
    1.001406639186581,
    0.9929695601945784,
    0.9853220663001597,
    0.9783175372318892,
    0.9718205793081357,
    0.9657663943382125
  ],