{
  "bias_mev": [
    -20.0,
    -19.666666666666668,
    -19.333333333333332,
    -19.0,
    -18.666666666666668,
    -18.333333333333332,
    -18.0,
    -17.666666666666668,
    -17.333333333333332,
    -17.0,
    -16.666666666666668,
    -16.333333333333332,
    -16.0,
    -15.666666666666668,
    -15.333333333333334,
    -15.0,
    -14.666666666666668,
    -14.333333333333334,
    -14.0,
    -13.666666666666668,
    -13.333333333333334,
    -13.0,
    -12.666666666666668,
    -12.333333333333334,
    -12.0,
    -11.666666666666668,
    -11.333333333333334,
    -11.0,
    -10.666666666666668,
    -10.333333333333334,
    -10.0,
    -9.666666666666668,
    -9.333333333333334,
    -9.0,
    -8.666666666666668,
    -8.333333333333334,
    -8.0,
    -7.666666666666668,
    -7.333333333333334,
    -7.0,
    -6.666666666666668,
    -6.333333333333334,
    -6.0,
    -5.666666666666668,
    -5.333333333333334,
    -5.0,
    -4.666666666666668,
    -4.333333333333334,
    -4.0,
    -3.666666666666668,
    -3.3333333333333357,
    -3.0,
    -2.666666666666668,
    -2.3333333333333357,
    -2.0,
    -1.6666666666666679,
    -1.3333333333333357,
    -1.0,
    -0.6666666666666679,
    -0.3333333333333357,
    0.0,
    0.33333333333333215,
    0.6666666666666643,
    1.0,
    1.3333333333333321,
    1.6666666666666643,
    2.0,
    2.333333333333332,
    2.6666666666666643,
    3.0,
    3.333333333333332,
    3.6666666666666643,
    4.0,
    4.333333333333332,
    4.666666666666664,
    5.0,
    5.333333333333332,
    5.666666666666664,
    6.0,
    6.333333333333332,
    6.666666666666664,
    7.0,
    7.333333333333332,
    7.666666666666664,
    8.0,
    8.333333333333332,
    8.666666666666664,
    9.0,
    9.333333333333332,
    9.666666666666664,
    10.0,
    10.333333333333332,
    10.666666666666664,
    11.0,
    11.333333333333332,
    11.666666666666664,
    12.0,
    12.333333333333329,
    12.666666666666664,
    13.0,
    13.333333333333329,
    13.666666666666664,
    14.0,
    14.333333333333329,
    14.666666666666664,
    15.0,
    15.333333333333329,
    15.666666666666664,
    16.0,
    16.33333333333333,
    16.666666666666664,
    17.0,
    17.33333333333333,
    17.666666666666664,
    18.0,
    18.33333333333333,
    18.666666666666664,
    19.0,
    19.33333333333333,
    19.666666666666664,
    20.0
  ],
  "conductance": [
    0.9833868362627166,
    0.9858782812202778,
    0.9885850645658816,
    0.9915767481311178,
    0.9950455832181219,
    0.9992230502904432,
    1.0042885966427608,
    1.0103008586407025,
    1.017156115863109,
    1.0245588651648665,
    1.0319766345404382,
    1.038605852380383,
    1.0434761877929286,
    1.0457575779285067,
    1.0450795202029457,
    1.0416034159678764,
    1.0358401551260492,
    1.0283966363566193,
    1.0197941705105595,
    1.0103914667186058,
    1.0003889089805298,
    0.9898774274465004,
    0.978872343140094,
    0.9673030552808476,
    0.955024930297414,
    0.9419177832758135,
    0.9280167530764558,
    0.9135648654137457,
    0.8989479613526842,
    0.8845707329535347,
    0.8707546963699889,
    0.857688550578621,
    0.845415661284989,
    0.8338432269380545,
    0.8227826641325575,
    0.812034365920901,
    0.8014853644831442,
    0.7911507737325597,
    0.7811350644111531,
    0.7715621045888595,
    0.7625273967320986,
    0.7540843046096054,
    0.7462503199272229,
    0.7390189217663219,
    0.7323699759734392,
    0.7262769231957751,
    0.7207111663184714,
    0.7156445292229032,
    0.7110505260600354,
    0.7069049426316464,
    0.7031860383664005,
    0.6998745490614594,
    0.6969535924453952,
    0.6944085331124826,
    0.6922268374914203,
    0.6903979349985528,
    0.6889130934913816,
    0.6877653127662262,
    0.6869492375367191,
    0.6864610901852877,
    0.6862986230880775,
    0.6864610901852879,
    0.686949237536719,
    0.6877653127662262,
    0.6889130934913817,
    0.6903979349985526,
    0.6922268374914202,
    0.6944085331124827,
    0.6969535924453951,
    0.6998745490614593,
    0.7031860383664007,
    0.7069049426316462,
    0.7110505260600355,
    0.7156445292229033,
    0.7207111663184715,
    0.726276923195775,
    0.7323699759734394,
    0.7390189217663217,
    0.7462503199272229,
    0.7540843046096054,
    0.7625273967320985,
    0.7715621045888593,
    0.7811350644111532,
    0.7911507737325596,
    0.8014853644831443,
    0.812034365920901,
    0.8227826641325573,
    0.8338432269380542,
    0.845415661284989,
    0.8576885505786208,
    0.8707546963699887,
    0.8845707329535352,
    0.8989479613526838,
    0.9135648654137457,
    0.9280167530764561,
    0.9419177832758133,
    0.9550249302974142,
    0.9673030552808476,
    0.9788723431400939,
    0.9898774274465008,
    1.00038890898053,
    1.0103914667186054,
    1.0197941705105595,
    1.0283966363566195,
    1.035840155126049,
    1.0416034159678764,
    1.0450795202029461,
    1.0457575779285067,
    1.0434761877929284,
    1.0386058523803834,
    1.0319766345404382,
    1.024558865164867,
    1.0171561158631095,
    1.0103008586407025,
    1.0042885966427608,
    0.9992230502904436,
    0.9950455832181215,
    0.9915767481311178,
    0.9885850645658819,
    0.9858782812202775,
    0.9833868362627164
  ],