{
  "bias_mev": [
    -20.0,
    -19.666666666666668,
    -19.333333333333332,
    -19.0,
    -18.666666666666668,
    -18.333333333333332,
    -18.0,
    -17.666666666666668,
    -17.333333333333332,
    -17.0,
    -16.666666666666668,
    -16.333333333333332,
    -16.0,
    -15.666666666666668,
    -15.333333333333334,
    -15.0,
    -14.666666666666668,
    -14.333333333333334,
    -14.0,
    -13.666666666666668,
    -13.333333333333334,
    -13.0,
    -12.666666666666668,
    -12.333333333333334,
    -12.0,
    -11.666666666666668,
    -11.333333333333334,
    -11.0,
    -10.666666666666668,
    -10.333333333333334,
    -10.0,
    -9.666666666666668,
    -9.333333333333334,
    -9.0,
    -8.666666666666668,
    -8.333333333333334,
    -8.0,
    -7.666666666666668,
    -7.333333333333334,
    -7.0,
    -6.666666666666668,
    -6.333333333333334,
    -6.0,
    -5.666666666666668,
    -5.333333333333334,
    -5.0,
    -4.666666666666668,
    -4.333333333333334,
    -4.0,
    -3.666666666666668,
    -3.3333333333333357,
    -3.0,
    -2.666666666666668,
    -2.3333333333333357,
    -2.0,
    -1.6666666666666679,
    -1.3333333333333357,
    -1.0,
    -0.6666666666666679,
    -0.3333333333333357,
    0.0,
    0.33333333333333215,
    0.6666666666666643,
    1.0,
    1.3333333333333321,
    1.6666666666666643,
    2.0,
    2.333333333333332,
    2.6666666666666643,
    3.0,
    3.333333333333332,
    3.6666666666666643,
    4.0,
    4.333333333333332,
    4.666666666666664,
    5.0,
    5.333333333333332,
    5.666666666666664,
    6.0,
    6.333333333333332,
    6.666666666666664,
    7.0,
    7.333333333333332,
    7.666666666666664,
    8.0,
    8.333333333333332,
    8.666666666666664,
    9.0,
    9.333333333333332,
    9.666666666666664,
    10.0,
    10.333333333333332,
    10.666666666666664,
    11.0,
    11.333333333333332,
    11.666666666666664,
    12.0,
    12.333333333333329,
    12.666666666666664,
    13.0,
    13.333333333333329,
    13.666666666666664,
    14.0,
    14.333333333333329,
    14.666666666666664,
    15.0,
    15.333333333333329,
    15.666666666666664,
    16.0,
    16.33333333333333,
    16.666666666666664,
    17.0,
    17.33333333333333,
    17.666666666666664,
    18.0,
    18.33333333333333,
    18.666666666666664,
    19.0,
    19.33333333333333,
    19.666666666666664,
    20.0
  ],
  "conductance": [
    0.9684422947772502,
    0.9739768928507098,
    0.9798722791537645,
    0.9862268391922916,
    0.9931989151213059,
    1.000949084341228,
    1.0095766905011976,
    1.0190595688342825,
    1.0291912817413955,
    1.0395061534865728,
    1.0492072448676284,
    1.0571679378447554,
    1.0621046512630086,
    1.0629283844721988,
    1.059107292633299,
    1.0508073000148574,
    1.0387344316409752,
    1.0238134079631804,
    1.0068945483791543,
    0.9885953870264562,
    0.9692782616171345,
    0.949106468131224,
    0.9281145090329771,
    0.9062650172179791,
    0.8835125849263242,
    0.859896974290359,
    0.8356376248022248,
    0.8111614609015623,
    0.7870253191271638,
    0.7637678266812412,
    0.7417649579564365,
    0.7211446164481985,
    0.7017820644803349,
    0.6833788748106715,
    0.6656068188045214,
    0.6482599294948178,
    0.631335120955131,
    0.6150013041116871,
    0.5994957159374725,
    0.5850233620523846,
    0.5717056454256685,
    0.5595770814239611,
    0.5486070756596246,
    0.5387264846472295,
    0.5298490039336063,
    0.5218851423736466,
    0.5147500061164831,
    0.508366906943474,
    0.502668506596624,
    0.4975966658458839,
    0.49310170469703063,
    0.4891414639955807,
    0.4856803659586113,
    0.4826885625029884,
    0.4801412029642809,
    0.4780178248398429,
    0.4763018590714141,
    0.47498023739624884,
    0.47404308923576777,
    0.4734835172646801,
    0.4732974431287392,
    0.47348351726468013,
    0.47404308923576777,
    0.47498023739624884,
    0.47630185907141404,
    0.47801782483984284,
    0.48014120296428087,
    0.4826885625029883,
    0.48568036595861136,
    0.4891414639955808,
    0.49310170469703063,
    0.4975966658458838,
    0.502668506596624,
    0.508366906943474,
    0.514750006116483,
    0.5218851423736466,
    0.5298490039336063,
    0.5387264846472295,
    0.5486070756596246,
    0.5595770814239611,
    0.5717056454256684,
    0.5850233620523847,
    0.5994957159374724,
    0.6150013041116871,
    0.6313351209551312,
    0.6482599294948178,
    0.6656068188045213,
    0.6833788748106715,
    0.7017820644803349,
    0.7211446164481984,
    0.7417649579564365,
    0.7637678266812412,
    0.7870253191271637,
    0.8111614609015623,
    0.8356376248022248,
    0.8598969742903588,
    0.8835125849263243,
    0.9062650172179789,
    0.928114509032977,
    0.949106468131224,
    0.9692782616171344,
    0.9885953870264562,
    1.0068945483791545,
    1.02381340796318,
    1.038734431640975,
    1.0508073000148574,
    1.059107292633299,
    1.0629283844721988,
    1.0621046512630086,
    1.0571679378447554,
    1.0492072448676286,
    1.0395061534865728,
    1.0291912817413955,
    1.0190595688342827,
    1.0095766905011976,
    1.000949084341228,
    0.9931989151213061,
    0.9862268391922916,
    0.9798722791537646,
    0.9739768928507099,
    0.9684422947772503
  ],