{
  "bias_mev": [
    -20.0,
    -19.666666666666668,
    -19.333333333333332,
    -19.0,
    -18.666666666666668,
    -18.333333333333332,
    -18.0,
    -17.666666666666668,
    -17.333333333333332,
    -17.0,
    -16.666666666666668,
    -16.333333333333332,
    -16.0,
    -15.666666666666668,
    -15.333333333333334,
    -15.0,
    -14.666666666666668,
    -14.333333333333334,
    -14.0,
    -13.666666666666668,
    -13.333333333333334,
    -13.0,
    -12.666666666666668,
    -12.333333333333334,
    -12.0,
    -11.666666666666668,
    -11.333333333333334,
    -11.0,
    -10.666666666666668,
    -10.333333333333334,
    -10.0,
    -9.666666666666668,
    -9.333333333333334,
    -9.0,
    -8.666666666666668,
    -8.333333333333334,
    -8.0,
    -7.666666666666668,
    -7.333333333333334,
    -7.0,
    -6.666666666666668,
    -6.333333333333334,
    -6.0,
    -5.666666666666668,
    -5.333333333333334,
    -5.0,
    -4.666666666666668,
    -4.333333333333334,
    -4.0,
    -3.666666666666668,
    -3.3333333333333357,
    -3.0,
    -2.666666666666668,
    -2.3333333333333357,
    -2.0,
    -1.6666666666666679,
    -1.3333333333333357,
    -1.0,
    -0.6666666666666679,
    -0.3333333333333357,
    0.0,
    0.33333333333333215,
    0.6666666666666643,
    1.0,
    1.3333333333333321,
    1.6666666666666643,
    2.0,
    2.333333333333332,
    2.6666666666666643,
    3.0,
    3.333333333333332,
    3.6666666666666643,
    4.0,
    4.333333333333332,
    4.666666666666664,
    5.0,
    5.333333333333332,
    5.666666666666664,
    6.0,
    6.333333333333332,
    6.666666666666664,
    7.0,
    7.333333333333332,
    7.666666666666664,
    8.0,
    8.333333333333332,
    8.666666666666664,
    9.0,
    9.333333333333332,
    9.666666666666664,
    10.0,
    10.333333333333332,
    10.666666666666664,
    11.0,
    11.333333333333332,
    11.666666666666664,
    12.0,
    12.333333333333329,
    12.666666666666664,
    13.0,
    13.333333333333329,
    13.666666666666664,
    14.0,
    14.333333333333329,
    14.666666666666664,
    15.0,
    15.333333333333329,
    15.666666666666664,
    16.0,
    16.33333333333333,
    16.666666666666664,
    17.0,
    17.33333333333333,
    17.666666666666664,
    18.0,
    18.33333333333333,
    18.666666666666664,
    19.0,
    19.33333333333333,
    19.666666666666664,
    20.0
  ],
  "conductance": [
    0.971432690176666,
    0.9764749073280055,
    0.9817708563395804,
    0.9873734882284124,
    0.993458934337805,
    1.0002535721983525,
    1.0079716465848187,
    1.0167690600994501,
    1.0267140717130616,
    1.037780772993847,
    1.0497819856873871,
    1.0621632291764376,
    1.0739213892754063,
    1.0840058106309323,
    1.0918802089123212,
    1.0976158039775044,
    1.1016118164167084,
    1.104316198881815,
    1.1060777736522476,
    1.1070978063583357,
    1.1074433286151448,
    1.1071487138836948,
    1.1062707743294977,
    1.1047588788519953,
    1.1023368640088698,
    1.0986384918066017,
    1.0934955008574667,
    1.087083292820075,
    1.0798130880830492,
    1.0721417667538042,
    1.0644608101839328,
    1.0570556775229125,
    1.0500696623472723,
    1.0434518440209963,
    1.0369428151436615,
    1.0302013296636903,
    1.0230388998083186,
    1.015519745820818,
    1.0078514900546596,
    1.0002453715538338,
    0.992855983958926,
    0.9857797604845137,
    0.979071127007983,
    0.972757775283338,
    0.966851230284988,
    0.9613534771012436,
    0.9562609984333456,
    0.9515672301704137,
    0.9472640664629582,
    0.9433427906248243,
    0.9397946546288489,
    0.9366112404462794,
    0.9337846842829405,
    0.9313078139162678,
    0.9291742307700562,
    0.9273783569714132,
    0.9259154605124136,
    0.9247816671063879,
    0.9239739643932203,
    0.9234902022106404,
    0.9233290913390619,
    0.9234902022106412,
    0.9239739643932195,
    0.924781667106388,
    0.9259154605124145,
    0.9273783569714124,
    0.9291742307700562,
    0.9313078139162689,
    0.9337846842829397,
    0.9366112404462793,
    0.9397946546288497,
    0.9433427906248234,
    0.9472640664629577,
    0.9515672301704144,
    0.9562609984333448,
    0.961353477101243,
    0.9668512302849888,
    0.9727577752833375,
    0.9790711270079826,
    0.9857797604845145,
    0.9928559839589257,
    1.000245371553833,
    1.0078514900546602,
    1.0155197458208174,
    1.023038899808318,
    1.030201329663691,
    1.0369428151436606,
    1.0434518440209957,
    1.0500696623472732,
    1.0570556775229119,
    1.0644608101839321,
    1.0721417667538047,
    1.0798130880830483,
    1.0870832928200744,
    1.0934955008574676,
    1.098638491806601,
    1.1023368640088698,
    1.104758878851996,
    1.1062707743294962,
    1.1071487138836953,
    1.107443328615146,
    1.107097806358334,
    1.1060777736522482,
    1.104316198881816,
    1.1016118164167068,
    1.0976158039775048,
    1.0918802089123223,
    1.0840058106309312,
    1.0739213892754065,
    1.062163229176439,
    1.0497819856873862,
    1.037780772993847,
    1.0267140717130625,
    1.0167690600994495,
    1.0079716465848185,
    1.0002535721983536,
    0.9934589343378042,
    0.9873734882284123,
    0.9817708563395814,
    0.9764749073280049,
    0.9714326901766656
  ],