{
  "bias_mev": [
    -20.0,
    -19.666666666666668,
    -19.333333333333332,
    -19.0,
    -18.666666666666668,
    -18.333333333333332,
    -18.0,
    -17.666666666666668,
    -17.333333333333332,
    -17.0,
    -16.666666666666668,
    -16.333333333333332,
    -16.0,
    -15.666666666666668,
    -15.333333333333334,
    -15.0,
    -14.666666666666668,
    -14.333333333333334,
    -14.0,
    -13.666666666666668,
    -13.333333333333334,
    -13.0,
    -12.666666666666668,
    -12.333333333333334,
    -12.0,
    -11.666666666666668,
    -11.333333333333334,
    -11.0,
    -10.666666666666668,
    -10.333333333333334,
    -10.0,
    -9.666666666666668,
    -9.333333333333334,
    -9.0,
    -8.666666666666668,
    -8.333333333333334,
    -8.0,
    -7.666666666666668,
    -7.333333333333334,
    -7.0,
    -6.666666666666668,
    -6.333333333333334,
    -6.0,
    -5.666666666666668,
    -5.333333333333334,
    -5.0,
    -4.666666666666668,
    -4.333333333333334,
    -4.0,
    -3.666666666666668,
    -3.3333333333333357,
    -3.0,
    -2.666666666666668,
    -2.3333333333333357,
    -2.0,
    -1.6666666666666679,
    -1.3333333333333357,
    -1.0,
    -0.6666666666666679,
    -0.3333333333333357,
    0.0,
    0.33333333333333215,
    0.6666666666666643,
    1.0,
    1.3333333333333321,
    1.6666666666666643,
    2.0,
    2.333333333333332,
    2.6666666666666643,
    3.0,
    3.333333333333332,
    3.6666666666666643,
    4.0,
    4.333333333333332,
    4.666666666666664,
    5.0,
    5.333333333333332,
    5.666666666666664,
    6.0,
    6.333333333333332,
    6.666666666666664,
    7.0,
    7.333333333333332,
    7.666666666666664,
    8.0,
    8.333333333333332,
    8.666666666666664,
    9.0,
    9.333333333333332,
    9.666666666666664,
    10.0,
    10.333333333333332,
    10.666666666666664,
    11.0,
    11.333333333333332,
    11.666666666666664,
    12.0,
    12.333333333333329,
    12.666666666666664,
    13.0,
    13.333333333333329,
    13.666666666666664,
    14.0,
    14.333333333333329,
    14.666666666666664,
    15.0,
    15.333333333333329,
    15.666666666666664,
    16.0,
    16.33333333333333,
    16.666666666666664,
    17.0,
    17.33333333333333,
    17.666666666666664,
    18.0,
    18.33333333333333,
    18.666666666666664,
    19.0,
    19.33333333333333,
    19.666666666666664,
    20.0
  ],
  "conductance": [
    0.9667558098296255,
    0.9721673448010377,
    0.9781654944405951,
    0.9848306907813372,
    0.9922836713125018,
    1.0006497281618008,
    1.0100132448897357,
    1.0203673354373115,
    1.031556431804441,
    1.043210248541613,
    1.0546866239970851,
    1.0650760846203389,
    1.0733323833574777,
    1.0785277437476821,
    1.0801164094070614,
    1.0780512970894645,
    1.0726994434201116,
    1.0646358581498685,
    1.0544371677387046,
    1.0425514005529022,
    1.0292602252735195,
    1.0147106730082127,
    0.998976388617049,
    0.9821158375016431,
    0.9642180233809007,
    0.9454387673136782,
    0.9260226368405993,
    0.9062959514028555,
    0.8866243011716192,
    0.8673491856960961,
    0.8487301488498254,
    0.8309114823345367,
    0.8139195290037877,
    0.7976901229188689,
    0.7821209649976565,
    0.7671319830050408,
    0.7527059136682248,
    0.7388900922272233,
    0.7257666283735217,
    0.7134156614531422,
    0.7018913012757861,
    0.6912145610666065,
    0.6813776965153246,
    0.6723528973502308,
    0.6641008132134667,
    0.6565770985153454,
    0.6497367623652837,
    0.6435367492835175,
    0.6379372924345776,
    0.6329024931573112,
    0.6284004494645173,
    0.6244031428413856,
    0.6208862109028676,
    0.6178286797576928,
    0.6152126966773197,
    0.6130232839788168,
    0.6112481238308011,
    0.6098773776076689,
    0.6089035403297524,
    0.6083213293526615,
    0.6081276060519205,
    0.6083213293526614,
    0.6089035403297524,
    0.6098773776076688,
    0.611248123830801,
    0.6130232839788168,
    0.6152126966773197,
    0.6178286797576928,
    0.6208862109028676,
    0.6244031428413856,
    0.6284004494645173,
    0.632902493157311,
    0.6379372924345776,
    0.6435367492835175,
    0.6497367623652837,
    0.6565770985153452,
    0.6641008132134666,
    0.6723528973502307,
    0.6813776965153245,
    0.6912145610666063,
    0.701891301275786,
    0.7134156614531424,
    0.7257666283735216,
    0.7388900922272232,
    0.7527059136682247,
    0.7671319830050407,
    0.7821209649976565,
    0.7976901229188689,
    0.8139195290037876,
    0.8309114823345366,
    0.8487301488498252,
    0.8673491856960958,
    0.886624301171619,
    0.9062959514028553,
    0.9260226368405989,
    0.9454387673136778,
    0.9642180233809008,
    0.982115837501643,
    0.9989763886170488,
    1.0147106730082132,
    1.0292602252735195,
    1.042551400552902,
    1.0544371677387046,
    1.0646358581498685,
    1.0726994434201114,
    1.0780512970894645,
    1.0801164094070617,
    1.0785277437476821,
    1.0733323833574777,
    1.0650760846203389,
    1.0546866239970853,
    1.043210248541613,
    1.031556431804441,
    1.0203673354373115,
    1.0100132448897359,
    1.0006497281618012,
    0.9922836713125021,
    0.9848306907813373,
    0.9781654944405954,
    0.9721673448010377,
    0.9667558098296255
  ],