{
  "bias_mev": [
    -20.0,
    -19.666666666666668,
    -19.333333333333332,
    -19.0,
    -18.666666666666668,
    -18.333333333333332,
    -18.0,
    -17.666666666666668,
    -17.333333333333332,
    -17.0,
    -16.666666666666668,
    -16.333333333333332,
    -16.0,
    -15.666666666666668,
    -15.333333333333334,
    -15.0,
    -14.666666666666668,
    -14.333333333333334,
    -14.0,
    -13.666666666666668,
    -13.333333333333334,
    -13.0,
    -12.666666666666668,
    -12.333333333333334,
    -12.0,
    -11.666666666666668,
    -11.333333333333334,
    -11.0,
    -10.666666666666668,
    -10.333333333333334,
    -10.0,
    -9.666666666666668,
    -9.333333333333334,
    -9.0,
    -8.666666666666668,
    -8.333333333333334,
    -8.0,
    -7.666666666666668,
    -7.333333333333334,
    -7.0,
    -6.666666666666668,
    -6.333333333333334,
    -6.0,
    -5.666666666666668,
    -5.333333333333334,
    -5.0,
    -4.666666666666668,
    -4.333333333333334,
    -4.0,
    -3.666666666666668,
    -3.3333333333333357,
    -3.0,
    -2.666666666666668,
    -2.3333333333333357,
    -2.0,
    -1.6666666666666679,
    -1.3333333333333357,
    -1.0,
    -0.6666666666666679,
    -0.3333333333333357,
    0.0,
    0.33333333333333215,
    0.6666666666666643,
    1.0,
    1.3333333333333321,
    1.6666666666666643,
    2.0,
    2.333333333333332,
    2.6666666666666643,
    3.0,
    3.333333333333332,
    3.6666666666666643,
    4.0,
    4.333333333333332,
    4.666666666666664,
    5.0,
    5.333333333333332,
    5.666666666666664,
    6.0,
    6.333333333333332,
    6.666666666666664,
    7.0,
    7.333333333333332,
    7.666666666666664,
    8.0,
    8.333333333333332,
    8.666666666666664,
    9.0,
    9.333333333333332,
    9.666666666666664,
    10.0,
    10.333333333333332,
    10.666666666666664,
    11.0,
    11.333333333333332,
    11.666666666666664,
    12.0,
    12.333333333333329,
    12.666666666666664,
    13.0,
    13.333333333333329,
    13.666666666666664,
    14.0,
    14.333333333333329,
    14.666666666666664,
    15.0,
    15.333333333333329,
    15.666666666666664,
    16.0,
    16.33333333333333,
    16.666666666666664,
    17.0,
    17.33333333333333,
    17.666666666666664,
    18.0,
    18.33333333333333,
    18.666666666666664,
    19.0,
    19.33333333333333,
    19.666666666666664,
    20.0
  ],
  "conductance": [
    0.9696407654362235,
    0.9746733680694744,
    0.9801099361933546,
    0.9860300370261389,
    0.9926012091196931,
    1.0000266008899896,
    1.0084956649564063,
    1.0181499800322429,
    1.0290631221410727,
    1.0412093161354028,
    1.0543537256529851,
    1.0678515015215242,
    1.0805551894797594,
    1.0911175330730603,
    1.0985905199108217,
    1.1027792592738628,
    1.104093668921409,
    1.103174935739642,
    1.100598304654125,
    1.0967269115185518,
    1.0916911774209583,
    1.0854771931863092,
    1.0780437397290956,
    1.0693607977100528,
    1.059402854304591,
    1.0481861026160604,
    1.035843546550333,
    1.0226653506005148,
    1.0090491321517656,
    0.9953945116536218,
    0.9820194511307977,
    0.9691229793028586,
    0.9567711118796247,
    0.9448953096804044,
    0.9333328937374379,
    0.9219308254423849,
    0.91064996781733,
    0.8995765894473272,
    0.8888519663344934,
    0.8786025666741223,
    0.8689115455736461,
    0.8598205442408647,
    0.8513416194439989,
    0.8434687000667924,
    0.8361857537913364,
    0.8294719403610881,
    0.823304671614754,
    0.8176613618344505,
    0.8125203950896706,
    0.8078616341056297,
    0.8036666639174462,
    0.7999188841633218,
    0.7966035170618619,
    0.7937075706854289,
    0.791219781008742,
    0.7891305466606099,
    0.78743186461388,
    0.7861172716407022,
    0.785181794319475,
    0.7846219091645608,
    0.7844355137349408,
    0.7846219091645611,
    0.7851817943194745,
    0.7861172716407021,
    0.7874318646138804,
    0.7891305466606094,
    0.7912197810087421,
    0.7937075706854293,
    0.7966035170618615,
    0.7999188841633218,
    0.8036666639174465,
    0.8078616341056293,
    0.8125203950896702,
    0.8176613618344509,
    0.8233046716147537,
    0.8294719403610881,
    0.836185753791337,
    0.8434687000667924,
    0.8513416194439988,
    0.8598205442408651,
    0.8689115455736458,
    0.8786025666741222,
    0.8888519663344937,
    0.8995765894473269,
    0.9106499678173299,
    0.9219308254423852,
    0.9333328937374373,
    0.9448953096804042,
    0.9567711118796249,
    0.969122979302858,
    0.9820194511307977,
    0.9953945116536221,
    1.0090491321517654,
    1.0226653506005146,
    1.0358435465503333,
    1.04818610261606,
    1.0594028543045917,
    1.069360797710053,
    1.078043739729095,
    1.0854771931863094,
    1.0916911774209586,
    1.096726911518551,
    1.1005983046541252,
    1.1031749357396428,
    1.104093668921408,
    1.102779259273863,
    1.0985905199108226,
    1.0911175330730598,
    1.0805551894797596,
    1.0678515015215249,
    1.054353725652985,
    1.041209316135403,
    1.0290631221410733,
    1.0181499800322427,
    1.0084956649564067,
    1.0000266008899905,
    0.9926012091196925,
    0.9860300370261391,
    0.9801099361933554,
    0.9746733680694741,
    0.9696407654362231
  ],