{
  "bias_mev": [
    -20.0,
    -19.666666666666668,
    -19.333333333333332,
    -19.0,
    -18.666666666666668,
    -18.333333333333332,
    -18.0,
    -17.666666666666668,
    -17.333333333333332,
    -17.0,
    -16.666666666666668,
    -16.333333333333332,
    -16.0,
    -15.666666666666668,
    -15.333333333333334,
    -15.0,
    -14.666666666666668,
    -14.333333333333334,
    -14.0,
    -13.666666666666668,
    -13.333333333333334,
    -13.0,
    -12.666666666666668,
    -12.333333333333334,
    -12.0,
    -11.666666666666668,
    -11.333333333333334,
    -11.0,
    -10.666666666666668,
    -10.333333333333334,
    -10.0,
    -9.666666666666668,
    -9.333333333333334,
    -9.0,
    -8.666666666666668,
    -8.333333333333334,
    -8.0,
    -7.666666666666668,
    -7.333333333333334,
    -7.0,
    -6.666666666666668,
    -6.333333333333334,
    -6.0,
    -5.666666666666668,
    -5.333333333333334,
    -5.0,
    -4.666666666666668,
    -4.333333333333334,
    -4.0,
    -3.666666666666668,
    -3.3333333333333357,
    -3.0,
    -2.666666666666668,
    -2.3333333333333357,
    -2.0,
    -1.6666666666666679,
    -1.3333333333333357,
    -1.0,
    -0.6666666666666679,
    -0.3333333333333357,
    0.0,
    0.33333333333333215,
    0.6666666666666643,
    1.0,
    1.3333333333333321,
    1.6666666666666643,
    2.0,
    2.333333333333332,
    2.6666666666666643,
    3.0,
    3.333333333333332,
    3.6666666666666643,
    4.0,
    4.333333333333332,
    4.666666666666664,
    5.0,
    5.333333333333332,
    5.666666666666664,
    6.0,
    6.333333333333332,
    6.666666666666664,
    7.0,
    7.333333333333332,
    7.666666666666664,
    8.0,
    8.333333333333332,
    8.666666666666664,
    9.0,
    9.333333333333332,
    9.666666666666664,
    10.0,
    10.333333333333332,
    10.666666666666664,
    11.0,
    11.333333333333332,
    11.666666666666664,
    12.0,
    12.333333333333329,
    12.666666666666664,
    13.0,
    13.333333333333329,
    13.666666666666664,
    14.0,
    14.333333333333329,
    14.666666666666664,
    15.0,
    15.333333333333329,
    15.666666666666664,
    16.0,
    16.33333333333333,
    16.666666666666664,
    17.0,
    17.33333333333333,
    17.666666666666664,
    18.0,
    18.33333333333333,
    18.666666666666664,
    19.0,
    19.33333333333333,
    19.666666666666664,
    20.0
  ],
  "conductance": [
    0.9825421187949774,
    0.9852665433457456,
    0.9881945963161681,
    0.9913675246186421,
    0.9949682501797426,
    0.9992401637929679,
    1.0043991184491132,
    1.0105675573052797,
    1.0177328840814304,
    1.0257212431159324,
    1.0341422112044336,
    1.0422980946140672,
    1.0492290710648593,
    1.0540479000764,
    1.0563305640979097,
    1.0561960687723526,
    1.0540913559555802,
    1.050529166495857,
    1.0459280725071034,
    1.0405613436899477,
    1.0345847696000594,
    1.0281059094295453,
    1.0211914203948496,
    1.0137806576093538,
    1.0056567474746718,
    0.9965947476557648,
    0.9865700317575081,
    0.9758203950487315,
    0.9647330645856614,
    0.9536933568093331,
    0.9429976727362971,
    0.932828931398991,
    0.9232524681691276,
    0.9142105522324635,
    0.9055353529113414,
    0.8970208548794263,
    0.8885375549981203,
    0.8800937766345656,
    0.8717959106766417,
    0.8637707357260469,
    0.8561169597878414,
    0.8488942029017612,
    0.8421302778884613,
    0.8358319776278337,
    0.8299937570220637,
    0.8246035080741937,
    0.8196460846025921,
    0.8151053575582377,
    0.810965376387087,
    0.8072110034141212,
    0.8038282422793196,
    0.8008043906984095,
    0.7981280939113011,
    0.7957893436486979,
    0.793779449028331,
    0.7920909949810414,
    0.7907177974191816,
    0.78965486056409,
    0.7888983395872613,
    0.7884455103731024,
    0.7882947474133627,
    0.7884455103731025,
    0.788898339587261,
    0.78965486056409,
    0.7907177974191817,
    0.7920909949810411,
    0.793779449028331,
    0.7957893436486982,
    0.7981280939113008,
    0.8008043906984095,
    0.8038282422793198,
    0.8072110034141209,
    0.8109653763870869,
    0.815105357558238,
    0.8196460846025919,
    0.8246035080741934,
    0.8299937570220642,
    0.8358319776278336,
    0.8421302778884613,
    0.8488942029017613,
    0.8561169597878411,
    0.8637707357260468,
    0.8717959106766419,
    0.8800937766345656,
    0.8885375549981199,
    0.8970208548794267,
    0.905535352911341,
    0.9142105522324632,
    0.923252468169128,
    0.9328289313989907,
    0.9429976727362968,
    0.9536933568093333,
    0.9647330645856611,
    0.9758203950487312,
    0.9865700317575085,
    0.9965947476557645,
    1.0056567474746725,
    1.013780657609354,
    1.0211914203948487,
    1.0281059094295457,
    1.0345847696000596,
    1.0405613436899472,
    1.045928072507104,
    1.0505291664958576,
    1.0540913559555796,
    1.0561960687723526,
    1.0563305640979102,
    1.0540479000763994,
    1.0492290710648595,
    1.0422980946140679,
    1.0341422112044334,
    1.0257212431159324,
    1.0177328840814308,
    1.0105675573052795,
    1.0043991184491132,
    0.9992401637929686,
    0.9949682501797421,
    0.9913675246186421,
    0.9881945963161686,
    0.9852665433457453,
    0.9825421187949771
  ],