{
  "bias_mev": [
    -20.0,
    -19.666666666666668,
    -19.333333333333332,
    -19.0,
    -18.666666666666668,
    -18.333333333333332,
    -18.0,
    -17.666666666666668,
    -17.333333333333332,
    -17.0,
    -16.666666666666668,
    -16.333333333333332,
    -16.0,
    -15.666666666666668,
    -15.333333333333334,
    -15.0,
    -14.666666666666668,
    -14.333333333333334,
    -14.0,
    -13.666666666666668,
    -13.333333333333334,
    -13.0,
    -12.666666666666668,
    -12.333333333333334,
    -12.0,
    -11.666666666666668,
    -11.333333333333334,
    -11.0,
    -10.666666666666668,
    -10.333333333333334,
    -10.0,
    -9.666666666666668,
    -9.333333333333334,
    -9.0,
    -8.666666666666668,
    -8.333333333333334,
    -8.0,
    -7.666666666666668,
    -7.333333333333334,
    -7.0,
    -6.666666666666668,
    -6.333333333333334,
    -6.0,
    -5.666666666666668,
    -5.333333333333334,
    -5.0,
    -4.666666666666668,
    -4.333333333333334,
    -4.0,
    -3.666666666666668,
    -3.3333333333333357,
    -3.0,
    -2.666666666666668,
    -2.3333333333333357,
    -2.0,
    -1.6666666666666679,
    -1.3333333333333357,
    -1.0,
    -0.6666666666666679,
    -0.3333333333333357,
    0.0,
    0.33333333333333215,
    0.6666666666666643,
    1.0,
    1.3333333333333321,
    1.6666666666666643,
    2.0,
    2.333333333333332,
    2.6666666666666643,
    3.0,
    3.333333333333332,
    3.6666666666666643,
    4.0,
    4.333333333333332,
    4.666666666666664,
    5.0,
    5.333333333333332,
    5.666666666666664,
    6.0,
    6.333333333333332,
    6.666666666666664,
    7.0,
    7.333333333333332,
    7.666666666666664,
    8.0,
    8.333333333333332,
    8.666666666666664,
    9.0,
    9.333333333333332,
    9.666666666666664,
    10.0,
    10.333333333333332,
    10.666666666666664,
    11.0,
    11.333333333333332,
    11.666666666666664,
    12.0,
    12.333333333333329,
    12.666666666666664,
    13.0,
    13.333333333333329,
    13.666666666666664,
    14.0,
    14.333333333333329,
    14.666666666666664,
    15.0,
    15.333333333333329,
    15.666666666666664,
    16.0,
    16.33333333333333,
    16.666666666666664,
    17.0,
    17.33333333333333,
    17.666666666666664,
    18.0,
    18.33333333333333,
    18.666666666666664,
    19.0,
    19.33333333333333,
    19.666666666666664,
    20.0
  ],
  "conductance": [
    0.9691037432197953,
    0.9741497496207203,
    0.9796657883208884,
    0.985731971262152,
    0.9925004011911476,
    1.0001503478200977,
    1.0088403574285016,
    1.0186679307806648,
    1.0296301508971137,
    1.0415595594589167,
    1.0540068802940552,
    1.066113199846602,
    1.0766395721756827,
    1.0843022529885058,
    1.0882676074545707,
    1.0884214870802515,
    1.085238130033544,
    1.0794386094907993,
    1.0716906672939281,
    1.0624506944604692,
    1.0519411744845022,
    1.0402243128496207,
    1.0273008353109618,
    1.0131694450490114,
    0.9978560537035416,
    0.9814546989875073,
    0.9641776084373695,
    0.9463685577422346,
    0.9284476844922808,
    0.910816109365706,
    0.893776734990368,
    0.8774954980359888,
    0.8619945888061114,
    0.8471736526817905,
    0.8328712185289475,
    0.8189595642558475,
    0.8054179430071138,
    0.7923305688902996,
    0.7798258112601425,
    0.7680156199522605,
    0.7569679757351646,
    0.7467073167494583,
    0.7372265272409814,
    0.7284996210135816,
    0.720491235131044,
    0.7131626893331322,
    0.7064754854107912,
    0.7003931613021396,
    0.6948821691196693,
    0.6899122043702062,
    0.685456241376792,
    0.6814904214393521,
    0.6779938758528498,
    0.6749485287956801,
    0.6723389040952154,
    0.6701519481356197,
    0.6683768747047355,
    0.6670050340983722,
    0.6660298070149809,
    0.6654465229460369,
    0.6652524024794351,
    0.665446522946037,
    0.6660298070149807,
    0.667005034098372,
    0.6683768747047356,
    0.6701519481356195,
    0.6723389040952154,
    0.6749485287956802,
    0.6779938758528495,
    0.6814904214393521,
    0.685456241376792,
    0.6899122043702058,
    0.6948821691196689,
    0.7003931613021397,
    0.706475485410791,
    0.7131626893331319,
    0.7204912351310441,
    0.7284996210135813,
    0.7372265272409813,
    0.7467073167494584,
    0.7569679757351645,
    0.7680156199522605,
    0.7798258112601427,
    0.7923305688902994,
    0.8054179430071136,
    0.8189595642558477,
    0.8328712185289472,
    0.8471736526817905,
    0.8619945888061114,
    0.8774954980359886,
    0.8937767349903678,
    0.9108161093657062,
    0.9284476844922804,
    0.9463685577422347,
    0.9641776084373697,
    0.9814546989875071,
    0.9978560537035418,
    1.0131694450490114,
    1.0273008353109612,
    1.0402243128496207,
    1.0519411744845022,
    1.0624506944604686,
    1.0716906672939281,
    1.0794386094907995,
    1.0852381300335439,
    1.0884214870802518,
    1.0882676074545712,
    1.0843022529885054,
    1.0766395721756825,
    1.0661131998466022,
    1.0540068802940552,
    1.0415595594589169,
    1.029630150897114,
    1.0186679307806648,
    1.0088403574285019,
    1.0001503478200984,
    0.9925004011911474,
    0.9857319712621521,
    0.9796657883208889,
    0.9741497496207203,
    0.9691037432197951
  ],