{
  "bias_mev": [
    -20.0,
    -19.666666666666668,
    -19.333333333333332,
    -19.0,
    -18.666666666666668,
    -18.333333333333332,
    -18.0,
    -17.666666666666668,
    -17.333333333333332,
    -17.0,
    -16.666666666666668,
    -16.333333333333332,
    -16.0,
    -15.666666666666668,
    -15.333333333333334,
    -15.0,
    -14.666666666666668,
    -14.333333333333334,
    -14.0,
    -13.666666666666668,
    -13.333333333333334,
    -13.0,
    -12.666666666666668,
    -12.333333333333334,
    -12.0,
    -11.666666666666668,
    -11.333333333333334,
    -11.0,
    -10.666666666666668,
    -10.333333333333334,
    -10.0,
    -9.666666666666668,
    -9.333333333333334,
    -9.0,
    -8.666666666666668,
    -8.333333333333334,
    -8.0,
    -7.666666666666668,
    -7.333333333333334,
    -7.0,
    -6.666666666666668,
    -6.333333333333334,
    -6.0,
    -5.666666666666668,
    -5.333333333333334,
    -5.0,
    -4.666666666666668,
    -4.333333333333334,
    -4.0,
    -3.666666666666668,
    -3.3333333333333357,
    -3.0,
    -2.666666666666668,
    -2.3333333333333357,
    -2.0,
    -1.6666666666666679,
    -1.3333333333333357,
    -1.0,
    -0.6666666666666679,
    -0.3333333333333357,
    0.0,
    0.33333333333333215,
    0.6666666666666643,
    1.0,
    1.3333333333333321,
    1.6666666666666643,
    2.0,
    2.333333333333332,
    2.6666666666666643,
    3.0,
    3.333333333333332,
    3.6666666666666643,
    4.0,
    4.333333333333332,
    4.666666666666664,
    5.0,
    5.333333333333332,
    5.666666666666664,
    6.0,
    6.333333333333332,
    6.666666666666664,
    7.0,
    7.333333333333332,
    7.666666666666664,
    8.0,
    8.333333333333332,
    8.666666666666664,
    9.0,
    9.333333333333332,
    9.666666666666664,
    10.0,
    10.333333333333332,
    10.666666666666664,
    11.0,
    11.333333333333332,
    11.666666666666664,
    12.0,
    12.333333333333329,
    12.666666666666664,
    13.0,
    13.333333333333329,
    13.666666666666664,
    14.0,
    14.333333333333329,
    14.666666666666664,
    15.0,
    15.333333333333329,
    15.666666666666664,
    16.0,
    16.33333333333333,
    16.666666666666664,
    17.0,
    17.33333333333333,
    17.666666666666664,
    18.0,
    18.33333333333333,
    18.666666666666664,
    19.0,
    19.33333333333333,
    19.666666666666664,
    20.0
  ],
  "conductance": [
    0.9838455719147726,
    0.9861746094416425,
    0.9887250142451813,
    0.9916437777760821,
    0.9951390857730023,
    0.9993916912258807,
    1.0044832016718082,
    1.010357462591198,
    1.0168044745741027,
    1.0234351107863302,
    1.0296315789914414,
    1.0345341772535184,
    1.0371753532634063,
    1.036773408329435,
    1.0330126082557953,
    1.0261076322515774,
    1.0166348113588386,
    1.0052766586829627,
    0.9926222997267261,
    0.9790757432945479,
    0.9648554155653488,
    0.9500398063354938,
    0.9346148927376049,
    0.9185182357436824,
    0.9017066610635739,
    0.8842426663483439,
    0.8663482831604148,
    0.8483836666736808,
    0.8307591887991569,
    0.8138313545522218,
    0.7978292452282161,
    0.7828253729564704,
    0.7687445687092721,
    0.7554082293746044,
    0.7426130087865992,
    0.7302197303371118,
    0.7182034473014218,
    0.7066366386839105,
    0.6956307036254189,
    0.6852823844835875,
    0.6756487775444463,
    0.6667467838856281,
    0.6585636627750738,
    0.6510689721878883,
    0.6442238555022163,
    0.6379870701083968,
    0.632318441485948,
    0.627180614367065,
    0.6225397887352497,
    0.6183658964972212,
    0.6146324941993718,
    0.6113165284136329,
    0.6083980586788185,
    0.6058599817336492,
    0.6036877780360598,
    0.6018692894133885,
    0.6003945304607813,
    0.5992555333224503,
    0.5984462242538274,
    0.5979623300480624,
    0.5978013125711351,
    0.5979623300480624,
    0.5984462242538274,
    0.5992555333224502,
    0.6003945304607814,
    0.6018692894133885,
    0.6036877780360597,
    0.6058599817336492,
    0.6083980586788185,
    0.6113165284136329,
    0.6146324941993718,
    0.6183658964972208,
    0.6225397887352497,
    0.6271806143670652,
    0.6323184414859477,
    0.6379870701083968,
    0.6442238555022163,
    0.6510689721878881,
    0.6585636627750738,
    0.6667467838856281,
    0.6756487775444461,
    0.6852823844835872,
    0.6956307036254188,
    0.7066366386839105,
    0.7182034473014214,
    0.7302197303371117,
    0.7426130087865989,
    0.7554082293746042,
    0.768744568709272,
    0.7828253729564701,
    0.7978292452282161,
    0.8138313545522217,
    0.8307591887991569,
    0.8483836666736808,
    0.8663482831604146,
    0.8842426663483437,
    0.9017066610635739,
    0.9185182357436824,
    0.9346148927376043,
    0.9500398063354939,
    0.9648554155653488,
    0.9790757432945477,
    0.9926222997267263,
    1.0052766586829625,
    1.0166348113588382,
    1.0261076322515772,
    1.0330126082557953,
    1.0367734083294347,
    1.0371753532634063,
    1.0345341772535182,
    1.0296315789914412,
    1.0234351107863302,
    1.016804474574103,
    1.010357462591198,
    1.0044832016718082,
    0.9993916912258809,
    0.9951390857730023,
    0.9916437777760824,
    0.9887250142451818,
    0.9861746094416425,
    0.9838455719147724
  ],