{
  "bias_mev": [
    -20.0,
    -19.666666666666668,
    -19.333333333333332,
    -19.0,
    -18.666666666666668,
    -18.333333333333332,
    -18.0,
    -17.666666666666668,
    -17.333333333333332,
    -17.0,
    -16.666666666666668,
    -16.333333333333332,
    -16.0,
    -15.666666666666668,
    -15.333333333333334,
    -15.0,
    -14.666666666666668,
    -14.333333333333334,
    -14.0,
    -13.666666666666668,
    -13.333333333333334,
    -13.0,
    -12.666666666666668,
    -12.333333333333334,
    -12.0,
    -11.666666666666668,
    -11.333333333333334,
    -11.0,
    -10.666666666666668,
    -10.333333333333334,
    -10.0,
    -9.666666666666668,
    -9.333333333333334,
    -9.0,
    -8.666666666666668,
    -8.333333333333334,
    -8.0,
    -7.666666666666668,
    -7.333333333333334,
    -7.0,
    -6.666666666666668,
    -6.333333333333334,
    -6.0,
    -5.666666666666668,
    -5.333333333333334,
    -5.0,
    -4.666666666666668,
    -4.333333333333334,
    -4.0,
    -3.666666666666668,
    -3.3333333333333357,
    -3.0,
    -2.666666666666668,
    -2.3333333333333357,
    -2.0,
    -1.6666666666666679,
    -1.3333333333333357,
    -1.0,
    -0.6666666666666679,
    -0.3333333333333357,
    0.0,
    0.33333333333333215,
    0.6666666666666643,
    1.0,
    1.3333333333333321,
    1.6666666666666643,
    2.0,
    2.333333333333332,
    2.6666666666666643,
    3.0,
    3.333333333333332,
    3.6666666666666643,
    4.0,
    4.333333333333332,
    4.666666666666664,
    5.0,
    5.333333333333332,
    5.666666666666664,
    6.0,
    6.333333333333332,
    6.666666666666664,
    7.0,
    7.333333333333332,
    7.666666666666664,
    8.0,
    8.333333333333332,
    8.666666666666664,
    9.0,
    9.333333333333332,
    9.666666666666664,
    10.0,
    10.333333333333332,
    10.666666666666664,
    11.0,
    11.333333333333332,
    11.666666666666664,
    12.0,
    12.333333333333329,
    12.666666666666664,
    13.0,
    13.333333333333329,
    13.666666666666664,
    14.0,
    14.333333333333329,
    14.666666666666664,
    15.0,
    15.333333333333329,
    15.666666666666664,
    16.0,
    16.33333333333333,
    16.666666666666664,
    17.0,
    17.33333333333333,
    17.666666666666664,
    18.0,
    18.33333333333333,
    18.666666666666664,
    19.0,
    19.33333333333333,
    19.666666666666664,
    20.0
  ],
  "conductance": [
    0.9706040472966647,
    0.9754540083623177,
    0.980841422156652,
    0.9868081143416668,
    0.993426202427657,
    1.0007792372151878,
    1.0089312680437,
    1.017888874941078,
    1.0275592014029435,
    1.0377076238121317,
    1.047926962524739,
    1.0576449470204705,
    1.0661999491181313,
    1.072982089321243,
    1.0775805900442266,
    1.0798586396888168,
    1.0799244009886535,
    1.0780322079467959,
    1.0744726484106781,
    1.0694934099922453,
    1.0632654460948905,
    1.0558882274959924,
    1.0474156448751637,
    1.0378843351473939,
    1.027338201775868,
    1.0158519909249304,
    1.003552410135841,
    0.9906264545911526,
    0.9773077513716201,
    0.963843762252869,
    0.9504573856823504,
    0.9373166633295582,
    0.9245197377633511,
    0.9120972511672103,
    0.9000321551491837,
    0.888292251476505,
    0.8768628196795536,
    0.8657640114531537,
    0.8550470257310716,
    0.8447767166055639,
    0.8350134065662491,
    0.8258018059581453,
    0.8171678908144313,
    0.8091209234311042,
    0.8016575409183044,
    0.7947659556362109,
    0.7884294137784478,
    0.7826287276039575,
    0.7773439937426541,
    0.7725556934842344,
    0.7682453603606421,
    0.7643959603190189,
    0.7609920884583734,
    0.7580200529380723,
    0.7554678924691349,
    0.7533253572404548,
    0.7515838721853307,
    0.7502364944128667,
    0.7492778721134535,
    0.7487042093946854,
    0.7485132397087293,
    0.7487042093946854,
    0.7492778721134536,
    0.7502364944128666,
    0.7515838721853306,
    0.7533253572404548,
    0.7554678924691349,
    0.7580200529380723,
    0.7609920884583734,
    0.7643959603190189,
    0.7682453603606421,
    0.7725556934842344,
    0.777343993742654,
    0.7826287276039576,
    0.7884294137784477,
    0.7947659556362109,
    0.8016575409183044,
    0.809120923431104,
    0.8171678908144312,
    0.8258018059581452,
    0.8350134065662491,
    0.8447767166055639,
    0.8550470257310715,
    0.8657640114531536,
    0.8768628196795536,
    0.888292251476505,
    0.9000321551491837,
    0.9120972511672103,
    0.9245197377633508,
    0.9373166633295581,
    0.9504573856823504,
    0.963843762252869,
    0.9773077513716198,
    0.9906264545911525,
    1.003552410135841,
    1.0158519909249304,
    1.0273382017758683,
    1.0378843351473939,
    1.0474156448751635,
    1.0558882274959922,
    1.06326544609489,
    1.0694934099922453,
    1.0744726484106784,
    1.0780322079467959,
    1.0799244009886535,
    1.079858639688817,
    1.0775805900442266,
    1.072982089321243,
    1.0661999491181313,
    1.0576449470204705,
    1.047926962524739,
    1.0377076238121314,
    1.0275592014029438,
    1.017888874941078,
    1.0089312680437001,
    1.0007792372151878,
    0.9934262024276571,
    0.9868081143416668,
    0.9808414221566523,
    0.9754540083623175,
    0.9706040472966647
  ],