{
  "bias_mev": [
    -20.0,
    -19.666666666666668,
    -19.333333333333332,
    -19.0,
    -18.666666666666668,
    -18.333333333333332,
    -18.0,
    -17.666666666666668,
    -17.333333333333332,
    -17.0,
    -16.666666666666668,
    -16.333333333333332,
    -16.0,
    -15.666666666666668,
    -15.333333333333334,
    -15.0,
    -14.666666666666668,
    -14.333333333333334,
    -14.0,
    -13.666666666666668,
    -13.333333333333334,
    -13.0,
    -12.666666666666668,
    -12.333333333333334,
    -12.0,
    -11.666666666666668,
    -11.333333333333334,
    -11.0,
    -10.666666666666668,
    -10.333333333333334,
    -10.0,
    -9.666666666666668,
    -9.333333333333334,
    -9.0,
    -8.666666666666668,
    -8.333333333333334,
    -8.0,
    -7.666666666666668,
    -7.333333333333334,
    -7.0,
    -6.666666666666668,
    -6.333333333333334,
    -6.0,
    -5.666666666666668,
    -5.333333333333334,
    -5.0,
    -4.666666666666668,
    -4.333333333333334,
    -4.0,
    -3.666666666666668,
    -3.3333333333333357,
    -3.0,
    -2.666666666666668,
    -2.3333333333333357,
    -2.0,
    -1.6666666666666679,
    -1.3333333333333357,
    -1.0,
    -0.6666666666666679,
    -0.3333333333333357,
    0.0,
    0.33333333333333215,
    0.6666666666666643,
    1.0,
    1.3333333333333321,
    1.6666666666666643,
    2.0,
    2.333333333333332,
    2.6666666666666643,
    3.0,
    3.333333333333332,
    3.6666666666666643,
    4.0,
    4.333333333333332,
    4.666666666666664,
    5.0,
    5.333333333333332,
    5.666666666666664,
    6.0,
    6.333333333333332,
    6.666666666666664,
    7.0,
    7.333333333333332,
    7.666666666666664,
    8.0,
    8.333333333333332,
    8.666666666666664,
    9.0,
    9.333333333333332,
    9.666666666666664,
    10.0,
    10.333333333333332,
    10.666666666666664,
    11.0,
    11.333333333333332,
    11.666666666666664,
    12.0,
    12.333333333333329,
    12.666666666666664,
    13.0,
    13.333333333333329,
    13.666666666666664,
    14.0,
    14.333333333333329,
    14.666666666666664,
    15.0,
    15.333333333333329,
    15.666666666666664,
    16.0,
    16.33333333333333,
    16.666666666666664,
    17.0,
    17.33333333333333,
    17.666666666666664,
    18.0,
    18.33333333333333,
    18.666666666666664,
    19.0,
    19.33333333333333,
    19.666666666666664,
    20.0
  ],
  "conductance": [
    0.9692023005090772,
    0.9742926999070632,
    0.9797891734909389,
    0.9857863810315918,
    0.9924604064396372,
    1.0000154265720334,
    1.008636401868407,
    1.018456502419544,
    1.0295362665408951,
    1.0418244412208113,
    1.0550334913612398,
    1.0684401918930675,
    1.0808410788169065,
    1.0909215314048057,
    1.097850159323347,
    1.1015499548891559,
    1.1024900714103718,
    1.1013156544336553,
    1.0985789419482952,
    1.0946142468934594,
    1.0895277956141785,
    1.0832904867640503,
    1.0758531578253034,
    1.0671813684399367,
    1.057248136218192,
    1.0460703243232319,
    1.0337807000057986,
    1.0206667815002572,
    1.00712222195753,
    0.993542884130609,
    0.9802438790793875,
    0.9674223233870904,
    0.9551430421621777,
    0.9433368241230784,
    0.931840717336246,
    0.9205016697611139,
    0.9092805823967078,
    0.8982636793120631,
    0.8875921353379184,
    0.8773923470329729,
    0.8677474730633372,
    0.8586992302290402,
    0.8502597998686026,
    0.8424232614188069,
    0.8351737424777325,
    0.8284905616733002,
    0.8223512827545021,
    0.8167334618188826,
    0.8116156132226165,
    0.8069777179870248,
    0.8028014675314046,
    0.7990703563291306,
    0.7957696903810568,
    0.7928865510293797,
    0.790409737539439,
    0.7883297023475966,
    0.7866384871936059,
    0.7853296649556251,
    0.7843982899697957,
    0.7838408584035479,
    0.7836552795381946,
    0.783840858403548,
    0.7843982899697953,
    0.785329664955625,
    0.7866384871936062,
    0.788329702347596,
    0.790409737539439,
    0.79288655102938,
    0.7957696903810564,
    0.7990703563291306,
    0.802801467531405,
    0.8069777179870243,
    0.8116156132226164,
    0.816733461818883,
    0.8223512827545019,
    0.8284905616732998,
    0.8351737424777329,
    0.8424232614188066,
    0.8502597998686025,
    0.8586992302290406,
    0.8677474730633371,
    0.8773923470329726,
    0.8875921353379186,
    0.8982636793120627,
    0.9092805823967076,
    0.9205016697611141,
    0.9318407173362456,
    0.9433368241230782,
    0.9551430421621779,
    0.9674223233870899,
    0.9802438790793869,
    0.9935428841306093,
    1.0071222219575293,
    1.020666781500257,
    1.0337807000057988,
    1.0460703243232314,
    1.0572481362181922,
    1.067181368439937,
    1.0758531578253026,
    1.0832904867640507,
    1.089527795614179,
    1.094614246893459,
    1.0985789419482959,
    1.1013156544336558,
    1.102490071410371,
    1.101549954889156,
    1.0978501593233476,
    1.0909215314048053,
    1.0808410788169065,
    1.0684401918930684,
    1.0550334913612396,
    1.0418244412208113,
    1.0295362665408954,
    1.0184565024195436,
    1.008636401868407,
    1.000015426572034,
    0.9924604064396367,
    0.9857863810315921,
    0.9797891734909395,
    0.9742926999070631,
    0.969202300509077
  ],