{
  "bias_mev": [
    -20.0,
    -19.666666666666668,
    -19.333333333333332,
    -19.0,
    -18.666666666666668,
    -18.333333333333332,
    -18.0,
    -17.666666666666668,
    -17.333333333333332,
    -17.0,
    -16.666666666666668,
    -16.333333333333332,
    -16.0,
    -15.666666666666668,
    -15.333333333333334,
    -15.0,
    -14.666666666666668,
    -14.333333333333334,
    -14.0,
    -13.666666666666668,
    -13.333333333333334,
    -13.0,
    -12.666666666666668,
    -12.333333333333334,
    -12.0,
    -11.666666666666668,
    -11.333333333333334,
    -11.0,
    -10.666666666666668,
    -10.333333333333334,
    -10.0,
    -9.666666666666668,
    -9.333333333333334,
    -9.0,
    -8.666666666666668,
    -8.333333333333334,
    -8.0,
    -7.666666666666668,
    -7.333333333333334,
    -7.0,
    -6.666666666666668,
    -6.333333333333334,
    -6.0,
    -5.666666666666668,
    -5.333333333333334,
    -5.0,
    -4.666666666666668,
    -4.333333333333334,
    -4.0,
    -3.666666666666668,
    -3.3333333333333357,
    -3.0,
    -2.666666666666668,
    -2.3333333333333357,
    -2.0,
    -1.6666666666666679,
    -1.3333333333333357,
    -1.0,
    -0.6666666666666679,
    -0.3333333333333357,
    0.0,
    0.33333333333333215,
    0.6666666666666643,
    1.0,
    1.3333333333333321,
    1.6666666666666643,
    2.0,
    2.333333333333332,
    2.6666666666666643,
    3.0,
    3.333333333333332,
    3.6666666666666643,
    4.0,
    4.333333333333332,
    4.666666666666664,
    5.0,
    5.333333333333332,
    5.666666666666664,
    6.0,
    6.333333333333332,
    6.666666666666664,
    7.0,
    7.333333333333332,
    7.666666666666664,
    8.0,
    8.333333333333332,
    8.666666666666664,
    9.0,
    9.333333333333332,
    9.666666666666664,
    10.0,
    10.333333333333332,
    10.666666666666664,
    11.0,
    11.333333333333332,
    11.666666666666664,
    12.0,
    12.333333333333329,
    12.666666666666664,
    13.0,
    13.333333333333329,
    13.666666666666664,
    14.0,
    14.333333333333329,
    14.666666666666664,
    15.0,
    15.333333333333329,
    15.666666666666664,
    16.0,
    16.33333333333333,
    16.666666666666664,
    17.0,
    17.33333333333333,
    17.666666666666664,
    18.0,
    18.33333333333333,
    18.666666666666664,
    19.0,
    19.33333333333333,
    19.666666666666664,
    20.0
  ],
  "conductance": [
    0.9842050757684532,
    0.9865279083062675,
    0.9890578188098662,
    0.9919071353591455,
    0.9952749712857014,
    0.9993597707678417,
    1.0042771235372148,
    1.0100074761006863,
    1.0163718977283829,
    1.0230108223364436,
    1.029343308407637,
    1.034545308375376,
    1.0376516890067027,
    1.0378255798387706,
    1.034655820323777,
    1.028268508035428,
    1.0191940387600849,
    1.0081164009369945,
    0.9956571507709494,
    0.9822626758620334,
    0.9681880255972055,
    0.9535370938633955,
    0.9383117156568025,
    0.9224520873436062,
    0.9058940602354874,
    0.8886545263907233,
    0.8709023683295084,
    0.8529617330938479,
    0.8352392832505237,
    0.81811795461639,
    0.8018704829260813,
    0.7866169793573572,
    0.7723231951731022,
    0.7588341557203089,
    0.745943834662165,
    0.7334858489234928,
    0.7214002490328622,
    0.709736231837033,
    0.6986007936333277,
    0.688099447927641,
    0.678302135533625,
    0.6692368041678918,
    0.6608980554719038,
    0.6532594078439782,
    0.6462835912743745,
    0.639929522512702,
    0.6341564334189086,
    0.6289260404572606,
    0.6242035172824983,
    0.6199577945966098,
    0.6161615106096361,
    0.6127907985756589,
    0.6098250136400251,
    0.6072464523710569,
    0.6050400911302892,
    0.603193354785084,
    0.6016959196843568,
    0.6005395511206378,
    0.599717973901851,
    0.5992267741682504,
    0.5990633306785528,
    0.5992267741682504,
    0.599717973901851,
    0.6005395511206378,
    0.6016959196843569,
    0.6031933547850837,
    0.6050400911302892,
    0.607246452371057,
    0.609825013640025,
    0.6127907985756589,
    0.6161615106096361,
    0.6199577945966098,
    0.6242035172824982,
    0.6289260404572606,
    0.6341564334189085,
    0.639929522512702,
    0.6462835912743746,
    0.6532594078439781,
    0.6608980554719038,
    0.6692368041678918,
    0.6783021355336246,
    0.6880994479276409,
    0.6986007936333277,
    0.7097362318370326,
    0.7214002490328622,
    0.7334858489234927,
    0.745943834662165,
    0.7588341557203088,
    0.7723231951731021,
    0.7866169793573571,
    0.8018704829260813,
    0.81811795461639,
    0.8352392832505233,
    0.8529617330938478,
    0.8709023683295084,
    0.8886545263907232,
    0.9058940602354871,
    0.9224520873436061,
    0.9383117156568019,
    0.9535370938633956,
    0.9681880255972055,
    0.9822626758620334,
    0.9956571507709494,
    1.0081164009369945,
    1.0191940387600846,
    1.028268508035428,
    1.034655820323777,
    1.03782557983877,
    1.0376516890067027,
    1.0345453083753762,
    1.0293433084076369,
    1.0230108223364438,
    1.016371897728383,
    1.0100074761006863,
    1.0042771235372148,
    0.9993597707678421,
    0.9952749712857012,
    0.9919071353591455,
    0.9890578188098663,
    0.9865279083062672,
    0.9842050757684532
  ],