{
  "bias_mev": [
    -20.0,
    -19.666666666666668,
    -19.333333333333332,
    -19.0,
    -18.666666666666668,
    -18.333333333333332,
    -18.0,
    -17.666666666666668,
    -17.333333333333332,
    -17.0,
    -16.666666666666668,
    -16.333333333333332,
    -16.0,
    -15.666666666666668,
    -15.333333333333334,
    -15.0,
    -14.666666666666668,
    -14.333333333333334,
    -14.0,
    -13.666666666666668,
    -13.333333333333334,
    -13.0,
    -12.666666666666668,
    -12.333333333333334,
    -12.0,
    -11.666666666666668,
    -11.333333333333334,
    -11.0,
    -10.666666666666668,
    -10.333333333333334,
    -10.0,
    -9.666666666666668,
    -9.333333333333334,
    -9.0,
    -8.666666666666668,
    -8.333333333333334,
    -8.0,
    -7.666666666666668,
    -7.333333333333334,
    -7.0,
    -6.666666666666668,
    -6.333333333333334,
    -6.0,
    -5.666666666666668,
    -5.333333333333334,
    -5.0,
    -4.666666666666668,
    -4.333333333333334,
    -4.0,
    -3.666666666666668,
    -3.3333333333333357,
    -3.0,
    -2.666666666666668,
    -2.3333333333333357,
    -2.0,
    -1.6666666666666679,
    -1.3333333333333357,
    -1.0,
    -0.6666666666666679,
    -0.3333333333333357,
    0.0,
    0.33333333333333215,
    0.6666666666666643,
    1.0,
    1.3333333333333321,
    1.6666666666666643,
    2.0,
    2.333333333333332,
    2.6666666666666643,
    3.0,
    3.333333333333332,
    3.6666666666666643,
    4.0,
    4.333333333333332,
    4.666666666666664,
    5.0,
    5.333333333333332,
    5.666666666666664,
    6.0,
    6.333333333333332,
    6.666666666666664,
    7.0,
    7.333333333333332,
    7.666666666666664,
    8.0,
    8.333333333333332,
    8.666666666666664,
    9.0,
    9.333333333333332,
    9.666666666666664,
    10.0,
    10.333333333333332,
    10.666666666666664,
    11.0,
    11.333333333333332,
    11.666666666666664,
    12.0,
    12.333333333333329,
    12.666666666666664,
    13.0,
    13.333333333333329,
    13.666666666666664,
    14.0,
    14.333333333333329,
    14.666666666666664,
    15.0,
    15.333333333333329,
    15.666666666666664,
    16.0,
    16.33333333333333,
    16.666666666666664,
    17.0,
    17.33333333333333,
    17.666666666666664,
    18.0,
    18.33333333333333,
    18.666666666666664,
    19.0,
    19.33333333333333,
    19.666666666666664,
    20.0
  ],
  "conductance": [
    0.9849873880325848,
    0.9871654881558435,
    0.9896725457813786,
    0.992563797484336,
    0.9959255580961144,
    0.9998422795286377,
    1.004362271967827,
    1.009470128439343,
    1.0150657241901897,
    1.0209448183237455,
    1.0267829950078091,
    1.03214273523794,
    1.0365307941521318,
    1.039505209105216,
    1.0407846153782614,
    1.0402995103566288,
    1.0381645350380344,
    1.0346003589668993,
    1.029850324178778,
    1.0241221046650262,
    1.017562068943833,
    1.010254636996359,
    1.0022349895357405,
    0.993510145522174,
    0.9840895413917986,
    0.9740204806668996,
    0.9634134140946871,
    0.9524423848701183,
    0.9413190094190669,
    0.9302524285658577,
    0.9194117535586818,
    0.9089019665162437,
    0.8987575029504131,
    0.8889545414759437,
    0.879439751402335,
    0.8701658786454776,
    0.8611182213042805,
    0.8523204976985518,
    0.8438223133569988,
    0.8356801754994169,
    0.8279426913276108,
    0.8206436254738012,
    0.8138012698375047,
    0.8074210990124576,
    0.8014993617741063,
    0.7960263720740401,
    0.7909890681300799,
    0.7863728231962867,
    0.7821626469746066,
    0.7783439423803873,
    0.7749029582579282,
    0.7718270431829114,
    0.7691047736517608,
    0.7667260056734542,
    0.7646818816792965,
    0.7629648131595961,
    0.7615684519051109,
    0.7604876578887627,
    0.7597184687461902,
    0.7592580738739654,
    0.759104794945527,
    0.7592580738739654,
    0.7597184687461903,
    0.7604876578887628,
    0.7615684519051111,
    0.7629648131595961,
    0.7646818816792965,
    0.766726005673454,
    0.7691047736517607,
    0.7718270431829114,
    0.774902958257928,
    0.778343942380387,
    0.7821626469746066,
    0.7863728231962869,
    0.7909890681300797,
    0.7960263720740401,
    0.8014993617741063,
    0.8074210990124575,
    0.8138012698375044,
    0.8206436254738012,
    0.827942691327611,
    0.8356801754994171,
    0.8438223133569988,
    0.8523204976985517,
    0.8611182213042805,
    0.8701658786454776,
    0.879439751402335,
    0.8889545414759437,
    0.8987575029504132,
    0.9089019665162433,
    0.9194117535586815,
    0.9302524285658577,
    0.9413190094190669,
    0.9524423848701183,
    0.963413414094687,
    0.9740204806668996,
    0.9840895413917986,
    0.9935101455221736,
    1.0022349895357403,
    1.0102546369963588,
    1.0175620689438325,
    1.0241221046650257,
    1.0298503241787778,
    1.0346003589668993,
    1.0381645350380344,
    1.0402995103566286,
    1.0407846153782614,
    1.039505209105216,
    1.0365307941521316,
    1.0321427352379398,
    1.0267829950078093,
    1.0209448183237455,
    1.0150657241901897,
    1.009470128439343,
    1.0043622719678271,
    0.9998422795286377,
    0.9959255580961145,
    0.9925637974843363,
    0.9896725457813786,
    0.9871654881558435,
    0.9849873880325848
  ],