{
  "bias_mev": [
    -20.0,
    -19.666666666666668,
    -19.333333333333332,
    -19.0,
    -18.666666666666668,
    -18.333333333333332,
    -18.0,
    -17.666666666666668,
    -17.333333333333332,
    -17.0,
    -16.666666666666668,
    -16.333333333333332,
    -16.0,
    -15.666666666666668,
    -15.333333333333334,
    -15.0,
    -14.666666666666668,
    -14.333333333333334,
    -14.0,
    -13.666666666666668,
    -13.333333333333334,
    -13.0,
    -12.666666666666668,
    -12.333333333333334,
    -12.0,
    -11.666666666666668,
    -11.333333333333334,
    -11.0,
    -10.666666666666668,
    -10.333333333333334,
    -10.0,
    -9.666666666666668,
    -9.333333333333334,
    -9.0,
    -8.666666666666668,
    -8.333333333333334,
    -8.0,
    -7.666666666666668,
    -7.333333333333334,
    -7.0,
    -6.666666666666668,
    -6.333333333333334,
    -6.0,
    -5.666666666666668,
    -5.333333333333334,
    -5.0,
    -4.666666666666668,
    -4.333333333333334,
    -4.0,
    -3.666666666666668,
    -3.3333333333333357,
    -3.0,
    -2.666666666666668,
    -2.3333333333333357,
    -2.0,
    -1.6666666666666679,
    -1.3333333333333357,
    -1.0,
    -0.6666666666666679,
    -0.3333333333333357,
    0.0,
    0.33333333333333215,
    0.6666666666666643,
    1.0,
    1.3333333333333321,
    1.6666666666666643,
    2.0,
    2.333333333333332,
    2.6666666666666643,
    3.0,
    3.333333333333332,
    3.6666666666666643,
    4.0,
    4.333333333333332,
    4.666666666666664,
    5.0,
    5.333333333333332,
    5.666666666666664,
    6.0,
    6.333333333333332,
    6.666666666666664,
    7.0,
    7.333333333333332,
    7.666666666666664,
    8.0,
    8.333333333333332,
    8.666666666666664,
    9.0,
    9.333333333333332,
    9.666666666666664,
    10.0,
    10.333333333333332,
    10.666666666666664,
    11.0,
    11.333333333333332,
    11.666666666666664,
    12.0,
    12.333333333333329,
    12.666666666666664,
    13.0,
    13.333333333333329,
    13.666666666666664,
    14.0,
    14.333333333333329,
    14.666666666666664,
    15.0,
    15.333333333333329,
    15.666666666666664,
    16.0,
    16.33333333333333,
    16.666666666666664,
    17.0,
    17.33333333333333,
    17.666666666666664,
    18.0,
    18.33333333333333,
    18.666666666666664,
    19.0,
    19.33333333333333,
    19.666666666666664,
    20.0
  ],
  "conductance": [
    0.9696832536967346,
    0.9746547227531379,
    0.9800756552552784,
    0.986025683852668,
    0.9926545885430326,
    1.0001392491379129,
    1.0086393224506065,
    1.0182620555613042,
    1.029031157388998,
    1.0408343113603271,
    1.0533140463810695,
    1.0657317069430836,
    1.0769662509661864,
    1.0858092781654622,
    1.0914346047693888,
    1.0936691856334468,
    1.092886366487675,
    1.0896978792254648,
    1.0846799200890718,
    1.0782254693723141,
    1.0705186894661345,
    1.061601091648491,
    1.051463017015985,
    1.04009433916994,
    1.0275055907410944,
    1.013765186371201,
    0.9990505999345006,
    0.9836674311127424,
    0.9680026557847039,
    0.9524368208278993,
    0.9372691197420996,
    0.9226787335478608,
    0.90871352269021,
    0.8953020340234469,
    0.8823038612958933,
    0.8695981944742934,
    0.8571595905739012,
    0.845063638838524,
    0.8334328788584247,
    0.8223793896805943,
    0.811977197735698,
    0.8022608944954002,
    0.7932354703376013,
    0.78488730752756,
    0.7771926459814046,
    0.770123156878654,
    0.7636493038795731,
    0.7577422466770097,
    0.7523748523146074,
    0.7475221831415456,
    0.7431616872526494,
    0.7392732254311457,
    0.735839012843693,
    0.7328435207287454,
    0.7302733639980594,
    0.7281171894139825,
    0.7263655724678777,
    0.7250109273117584,
    0.7240474319465489,
    0.7234709696803932,
    0.7232790872467503,
    0.7234709696803933,
    0.7240474319465486,
    0.7250109273117582,
    0.7263655724678778,
    0.7281171894139823,
    0.7302733639980595,
    0.7328435207287456,
    0.7358390128436927,
    0.7392732254311457,
    0.7431616872526495,
    0.7475221831415453,
    0.7523748523146072,
    0.7577422466770098,
    0.7636493038795727,
    0.770123156878654,
    0.7771926459814048,
    0.7848873075275599,
    0.7932354703376012,
    0.8022608944954002,
    0.8119771977356978,
    0.8223793896805942,
    0.8334328788584247,
    0.8450636388385238,
    0.857159590573901,
    0.8695981944742937,
    0.8823038612958931,
    0.8953020340234468,
    0.9087135226902101,
    0.9226787335478601,
    0.9372691197420993,
    0.9524368208278996,
    0.9680026557847037,
    0.983667431112742,
    0.9990505999345005,
    1.0137651863712005,
    1.0275055907410946,
    1.0400943391699398,
    1.0514630170159842,
    1.061601091648491,
    1.0705186894661343,
    1.0782254693723137,
    1.0846799200890715,
    1.0896978792254648,
    1.0928863664876742,
    1.0936691856334468,
    1.0914346047693888,
    1.0858092781654618,
    1.0769662509661861,
    1.065731706943084,
    1.0533140463810695,
    1.0408343113603271,
    1.0290311573889985,
    1.018262055561304,
    1.0086393224506065,
    1.0001392491379133,
    0.9926545885430322,
    0.9860256838526682,
    0.9800756552552788,
    0.9746547227531378,
    0.9696832536967344
  ],