{
  "bias_mev": [
    -20.0,
    -19.666666666666668,
    -19.333333333333332,
    -19.0,
    -18.666666666666668,
    -18.333333333333332,
    -18.0,
    -17.666666666666668,
    -17.333333333333332,
    -17.0,
    -16.666666666666668,
    -16.333333333333332,
    -16.0,
    -15.666666666666668,
    -15.333333333333334,
    -15.0,
    -14.666666666666668,
    -14.333333333333334,
    -14.0,
    -13.666666666666668,
    -13.333333333333334,
    -13.0,
    -12.666666666666668,
    -12.333333333333334,
    -12.0,
    -11.666666666666668,
    -11.333333333333334,
    -11.0,
    -10.666666666666668,
    -10.333333333333334,
    -10.0,
    -9.666666666666668,
    -9.333333333333334,
    -9.0,
    -8.666666666666668,
    -8.333333333333334,
    -8.0,
    -7.666666666666668,
    -7.333333333333334,
    -7.0,
    -6.666666666666668,
    -6.333333333333334,
    -6.0,
    -5.666666666666668,
    -5.333333333333334,
    -5.0,
    -4.666666666666668,
    -4.333333333333334,
    -4.0,
    -3.666666666666668,
    -3.3333333333333357,
    -3.0,
    -2.666666666666668,
    -2.3333333333333357,
    -2.0,
    -1.6666666666666679,
    -1.3333333333333357,
    -1.0,
    -0.6666666666666679,
    -0.3333333333333357,
    0.0,
    0.33333333333333215,
    0.6666666666666643,
    1.0,
    1.3333333333333321,
    1.6666666666666643,
    2.0,
    2.333333333333332,
    2.6666666666666643,
    3.0,
    3.333333333333332,
    3.6666666666666643,
    4.0,
    4.333333333333332,
    4.666666666666664,
    5.0,
    5.333333333333332,
    5.666666666666664,
    6.0,
    6.333333333333332,
    6.666666666666664,
    7.0,
    7.333333333333332,
    7.666666666666664,
    8.0,
    8.333333333333332,
    8.666666666666664,
    9.0,
    9.333333333333332,
    9.666666666666664,
    10.0,
    10.333333333333332,
    10.666666666666664,
    11.0,
    11.333333333333332,
    11.666666666666664,
    12.0,
    12.333333333333329,
    12.666666666666664,
    13.0,
    13.333333333333329,
    13.666666666666664,
    14.0,
    14.333333333333329,
    14.666666666666664,
    15.0,
    15.333333333333329,
    15.666666666666664,
    16.0,
    16.33333333333333,
    16.666666666666664,
    17.0,
    17.33333333333333,
    17.666666666666664,
    18.0,
    18.33333333333333,
    18.666666666666664,
    19.0,
    19.33333333333333,
    19.666666666666664,
    20.0
  ],
  "conductance": [
    0.9804063381468483,
    0.9836995085041204,
    0.9872141405465436,
    0.9910086720025773,
    0.9952363687801106,
    1.0000755595158235,
    1.0056476369746095,
    1.0119518810744024,
    1.0188270478118076,
    1.0259328466431559,
    1.032742229250246,
    1.0385666358068413,
    1.0426679717347638,
    1.0444598849546585,
    1.043689913940514,
    1.0404777851642733,
    1.0352010244188865,
    1.0283213955824524,
    1.0202454198713482,
    1.0112571065165004,
    1.0015140042470643,
    0.9910701110460414,
    0.9798869851858864,
    0.9678392144167336,
    0.9547669079121073,
    0.940592689283638,
    0.9254342285212567,
    0.9096236864081487,
    0.893620507810314,
    0.8778812452524092,
    0.8627548305095786,
    0.8484276554186101,
    0.8349106275072217,
    0.8220617298706003,
    0.8096502794513033,
    0.7974584776702336,
    0.7853780686603851,
    0.7734445647757118,
    0.7617959434747055,
    0.7505990434872541,
    0.7399928469804965,
    0.7300656851388592,
    0.7208573793213553,
    0.7123717730716971,
    0.7045901364083557,
    0.6974816446375759,
    0.6910103994932923,
    0.6851396800595817,
    0.679834302786505,
    0.6750618033278691,
    0.670792929757488,
    0.6670017556715591,
    0.6636655975585002,
    0.6607648425495638,
    0.6582827456662923,
    0.6562052283582364,
    0.6545206946368255,
    0.653219872553957,
    0.6522956842055398,
    0.651743145140268,
    0.651559293029876,
    0.6517431451402679,
    0.6522956842055398,
    0.653219872553957,
    0.6545206946368256,
    0.6562052283582365,
    0.6582827456662922,
    0.6607648425495638,
    0.6636655975585002,
    0.6670017556715592,
    0.670792929757488,
    0.6750618033278691,
    0.679834302786505,
    0.6851396800595817,
    0.6910103994932922,
    0.6974816446375758,
    0.7045901364083557,
    0.7123717730716969,
    0.7208573793213553,
    0.730065685138859,
    0.7399928469804965,
    0.7505990434872543,
    0.7617959434747054,
    0.7734445647757117,
    0.785378068660385,
    0.7974584776702336,
    0.8096502794513031,
    0.8220617298706003,
    0.8349106275072216,
    0.8484276554186096,
    0.8627548305095788,
    0.8778812452524088,
    0.8936205078103135,
    0.9096236864081485,
    0.9254342285212565,
    0.9405926892836378,
    0.9547669079121074,
    0.9678392144167336,
    0.9798869851858861,
    0.9910701110460414,
    1.0015140042470643,
    1.0112571065165004,
    1.0202454198713482,
    1.0283213955824524,
    1.0352010244188863,
    1.0404777851642733,
    1.043689913940514,
    1.0444598849546582,
    1.0426679717347638,
    1.0385666358068415,
    1.032742229250246,
    1.025932846643156,
    1.0188270478118078,
    1.0119518810744024,
    1.0056476369746095,
    1.0000755595158235,
    0.9952363687801106,
    0.9910086720025774,
    0.9872141405465439,
    0.9836995085041204,
    0.9804063381468483
  ],