{
  "bias_mev": [
    -20.0,
    -19.666666666666668,
    -19.333333333333332,
    -19.0,
    -18.666666666666668,
    -18.333333333333332,
    -18.0,
    -17.666666666666668,
    -17.333333333333332,
    -17.0,
    -16.666666666666668,
    -16.333333333333332,
    -16.0,
    -15.666666666666668,
    -15.333333333333334,
    -15.0,
    -14.666666666666668,
    -14.333333333333334,
    -14.0,
    -13.666666666666668,
    -13.333333333333334,
    -13.0,
    -12.666666666666668,
    -12.333333333333334,
    -12.0,
    -11.666666666666668,
    -11.333333333333334,
    -11.0,
    -10.666666666666668,
    -10.333333333333334,
    -10.0,
    -9.666666666666668,
    -9.333333333333334,
    -9.0,
    -8.666666666666668,
    -8.333333333333334,
    -8.0,
    -7.666666666666668,
    -7.333333333333334,
    -7.0,
    -6.666666666666668,
    -6.333333333333334,
    -6.0,
    -5.666666666666668,
    -5.333333333333334,
    -5.0,
    -4.666666666666668,
    -4.333333333333334,
    -4.0,
    -3.666666666666668,
    -3.3333333333333357,
    -3.0,
    -2.666666666666668,
    -2.3333333333333357,
    -2.0,
    -1.6666666666666679,
    -1.3333333333333357,
    -1.0,
    -0.6666666666666679,
    -0.3333333333333357,
    0.0,
    0.33333333333333215,
    0.6666666666666643,
    1.0,
    1.3333333333333321,
    1.6666666666666643,
    2.0,
    2.333333333333332,
    2.6666666666666643,
    3.0,
    3.333333333333332,
    3.6666666666666643,
    4.0,
    4.333333333333332,
    4.666666666666664,
    5.0,
    5.333333333333332,
    5.666666666666664,
    6.0,
    6.333333333333332,
    6.666666666666664,
    7.0,
    7.333333333333332,
    7.666666666666664,
    8.0,
    8.333333333333332,
    8.666666666666664,
    9.0,
    9.333333333333332,
    9.666666666666664,
    10.0,
    10.333333333333332,
    10.666666666666664,
    11.0,
    11.333333333333332,
    11.666666666666664,
    12.0,
    12.333333333333329,
    12.666666666666664,
    13.0,
    13.333333333333329,
    13.666666666666664,
    14.0,
    14.333333333333329,
    14.666666666666664,
    15.0,
    15.333333333333329,
    15.666666666666664,
    16.0,
    16.33333333333333,
    16.666666666666664,
    17.0,
    17.33333333333333,
    17.666666666666664,
    18.0,
    18.33333333333333,
    18.666666666666664,
    19.0,
    19.33333333333333,
    19.666666666666664,
    20.0
  ],
  "conductance": [
    0.9850691067267145,
    0.9872430512139788,
    0.9897630279063451,
    0.9926548377967855,
    0.9959886630380557,
    0.9998517211665134,
    1.0043093491353796,
    1.0093665038646698,
    1.0149363402044824,
    1.020817398947075,
    1.026682218950315,
    1.0320906829398824,
    1.0365482954042695,
    1.0396095125069753,
    1.0409850251567832,
    1.0405958685392178,
    1.0385511814733526,
    1.0350742955748624,
    1.0304201444666345,
    1.02481442747087,
    1.0184238634355538,
    1.0113515408930858,
    1.0036450857652879,
    0.9953101807510903,
    0.9863327200684455,
    0.9767134773227598,
    0.9665054639241027,
    0.9558338607828393,
    0.9448857473229065,
    0.933874895478068,
    0.9229989947735341,
    0.9124053186809411,
    0.902172571086279,
    0.8923109171480184,
    0.8827802041135386,
    0.8735223947025939,
    0.8644962165496304,
    0.8556980367825133,
    0.8471610991448769,
    0.8389393293315521,
    0.8310884841611498,
    0.8236534609518646,
    0.816663489532355,
    0.8101328168575569,
    0.8040638816843929,
    0.7984509422819597,
    0.7932831962076602,
    0.7885471215062713,
    0.7842280935347345,
    0.7803114368861935,
    0.7767830756430942,
    0.7736299139832321,
    0.7708400431001443,
    0.7684028401672738,
    0.7663090027615813,
    0.7645505467515933,
    0.7631207854176799,
    0.7620143009341961,
    0.7612269151048152,
    0.7607556635621298,
    0.7605987759535157,
    0.7607556635621296,
    0.7612269151048152,
    0.7620143009341961,
    0.7631207854176799,
    0.7645505467515933,
    0.7663090027615813,
    0.7684028401672738,
    0.7708400431001442,
    0.773629913983232,
    0.7767830756430942,
    0.7803114368861935,
    0.7842280935347345,
    0.7885471215062713,
    0.7932831962076604,
    0.7984509422819599,
    0.8040638816843929,
    0.8101328168575567,
    0.816663489532355,
    0.8236534609518648,
    0.8310884841611497,
    0.8389393293315522,
    0.8471610991448769,
    0.8556980367825131,
    0.8644962165496306,
    0.8735223947025939,
    0.8827802041135386,
    0.8923109171480184,
    0.9021725710862788,
    0.912405318680941,
    0.9229989947735341,
    0.933874895478068,
    0.9448857473229064,
    0.9558338607828393,
    0.9665054639241027,
    0.9767134773227598,
    0.9863327200684457,
    0.9953101807510903,
    1.0036450857652877,
    1.0113515408930855,
    1.0184238634355534,
    1.02481442747087,
    1.0304201444666343,
    1.0350742955748622,
    1.0385511814733526,
    1.0405958685392178,
    1.0409850251567832,
    1.0396095125069753,
    1.0365482954042693,
    1.0320906829398824,
    1.026682218950315,
    1.020817398947075,
    1.0149363402044824,
    1.00936650386467,
    1.0043093491353796,
    0.9998517211665137,
    0.9959886630380557,
    0.9926548377967853,
    0.9897630279063451,
    0.9872430512139786,
    0.9850691067267145
  ],