{
  "bias_mev": [
    -20.0,
    -19.666666666666668,
    -19.333333333333332,
    -19.0,
    -18.666666666666668,
    -18.333333333333332,
    -18.0,
    -17.666666666666668,
    -17.333333333333332,
    -17.0,
    -16.666666666666668,
    -16.333333333333332,
    -16.0,
    -15.666666666666668,
    -15.333333333333334,
    -15.0,
    -14.666666666666668,
    -14.333333333333334,
    -14.0,
    -13.666666666666668,
    -13.333333333333334,
    -13.0,
    -12.666666666666668,
    -12.333333333333334,
    -12.0,
    -11.666666666666668,
    -11.333333333333334,
    -11.0,
    -10.666666666666668,
    -10.333333333333334,
    -10.0,
    -9.666666666666668,
    -9.333333333333334,
    -9.0,
    -8.666666666666668,
    -8.333333333333334,
    -8.0,
    -7.666666666666668,
    -7.333333333333334,
    -7.0,
    -6.666666666666668,
    -6.333333333333334,
    -6.0,
    -5.666666666666668,
    -5.333333333333334,
    -5.0,
    -4.666666666666668,
    -4.333333333333334,
    -4.0,
    -3.666666666666668,
    -3.3333333333333357,
    -3.0,
    -2.666666666666668,
    -2.3333333333333357,
    -2.0,
    -1.6666666666666679,
    -1.3333333333333357,
    -1.0,
    -0.6666666666666679,
    -0.3333333333333357,
    0.0,
    0.33333333333333215,
    0.6666666666666643,
    1.0,
    1.3333333333333321,
    1.6666666666666643,
    2.0,
    2.333333333333332,
    2.6666666666666643,
    3.0,
    3.333333333333332,
    3.6666666666666643,
    4.0,
    4.333333333333332,
    4.666666666666664,
    5.0,
    5.333333333333332,
    5.666666666666664,
    6.0,
    6.333333333333332,
    6.666666666666664,
    7.0,
    7.333333333333332,
    7.666666666666664,
    8.0,
    8.333333333333332,
    8.666666666666664,
    9.0,
    9.333333333333332,
    9.666666666666664,
    10.0,
    10.333333333333332,
    10.666666666666664,
    11.0,
    11.333333333333332,
    11.666666666666664,
    12.0,
    12.333333333333329,
    12.666666666666664,
    13.0,
    13.333333333333329,
    13.666666666666664,
    14.0,
    14.333333333333329,
    14.666666666666664,
    15.0,
    15.333333333333329,
    15.666666666666664,
    16.0,
    16.33333333333333,
    16.666666666666664,
    17.0,
    17.33333333333333,
    17.666666666666664,
    18.0,
    18.33333333333333,
    18.666666666666664,
    19.0,
    19.33333333333333,
    19.666666666666664,
    20.0
  ],
  "conductance": [
    0.9831259356290333,
    0.9855597167202653,
    0.988304441382466,
    0.9914504382028001,
    0.9951493292241705,
    0.999552430170371,
    1.0047475786686098,
    1.0107116777824132,
    1.0172796719560413,
    1.0241187802638296,
    1.0307048011271078,
    1.0363311367027128,
    1.0402039751159167,
    1.0416324086424171,
    1.0402283921690458,
    1.0359959446660272,
    1.0292654785910402,
    1.0205330072318481,
    1.0102976643572386,
    0.9989565251385153,
    0.9867676248858762,
    0.9738617332869463,
    0.9602753859860448,
    0.9459915219571717,
    0.9309920528726011,
    0.9153204792987301,
    0.8991298485976567,
    0.8826865813080033,
    0.8663238562046126,
    0.8503674454727566,
    0.8350672361377084,
    0.8205560700559348,
    0.8068416992529529,
    0.7938310047178592,
    0.7813825352725502,
    0.769372284123524,
    0.7577438327259979,
    0.7465187320873712,
    0.7357696203282492,
    0.7255806882838822,
    0.7160183631541168,
    0.7071195180991419,
    0.6988927746844484,
    0.6913256779481741,
    0.6843926617838653,
    0.6780615135167042,
    0.6722978392762239,
    0.6670678166284176,
    0.66233971866546,
    0.65808464435189,
    0.654276774554572,
    0.6508933651748312,
    0.647914608209161,
    0.6453234376165521,
    0.6431053230463473,
    0.6412480742379006,
    0.6397416672580297,
    0.6385780973169941,
    0.6377512595535675,
    0.6372568575972821,
    0.6370923391266934,
    0.637256857597282,
    0.6377512595535675,
    0.638578097316994,
    0.6397416672580296,
    0.6412480742379004,
    0.6431053230463472,
    0.6453234376165521,
    0.647914608209161,
    0.6508933651748313,
    0.654276774554572,
    0.65808464435189,
    0.66233971866546,
    0.6670678166284176,
    0.6722978392762238,
    0.6780615135167041,
    0.6843926617838653,
    0.6913256779481739,
    0.6988927746844483,
    0.7071195180991418,
    0.7160183631541165,
    0.7255806882838823,
    0.7357696203282492,
    0.746518732087371,
    0.7577438327259978,
    0.769372284123524,
    0.78138253527255,
    0.7938310047178592,
    0.8068416992529527,
    0.8205560700559347,
    0.8350672361377082,
    0.8503674454727562,
    0.8663238562046124,
    0.8826865813080033,
    0.8991298485976565,
    0.9153204792987301,
    0.9309920528726013,
    0.9459915219571715,
    0.9602753859860444,
    0.9738617332869463,
    0.9867676248858759,
    0.9989565251385151,
    1.0102976643572388,
    1.020533007231848,
    1.0292654785910398,
    1.0359959446660274,
    1.0402283921690456,
    1.041632408642417,
    1.0402039751159167,
    1.0363311367027128,
    1.0307048011271078,
    1.0241187802638296,
    1.0172796719560415,
    1.0107116777824132,
    1.00474757866861,
    0.9995524301703711,
    0.9951493292241707,
    0.9914504382028003,
    0.9883044413824662,
    0.9855597167202653,
    0.9831259356290335
  ],