{
  "bias_mev": [
    -20.0,
    -19.666666666666668,
    -19.333333333333332,
    -19.0,
    -18.666666666666668,
    -18.333333333333332,
    -18.0,
    -17.666666666666668,
    -17.333333333333332,
    -17.0,
    -16.666666666666668,
    -16.333333333333332,
    -16.0,
    -15.666666666666668,
    -15.333333333333334,
    -15.0,
    -14.666666666666668,
    -14.333333333333334,
    -14.0,
    -13.666666666666668,
    -13.333333333333334,
    -13.0,
    -12.666666666666668,
    -12.333333333333334,
    -12.0,
    -11.666666666666668,
    -11.333333333333334,
    -11.0,
    -10.666666666666668,
    -10.333333333333334,
    -10.0,
    -9.666666666666668,
    -9.333333333333334,
    -9.0,
    -8.666666666666668,
    -8.333333333333334,
    -8.0,
    -7.666666666666668,
    -7.333333333333334,
    -7.0,
    -6.666666666666668,
    -6.333333333333334,
    -6.0,
    -5.666666666666668,
    -5.333333333333334,
    -5.0,
    -4.666666666666668,
    -4.333333333333334,
    -4.0,
    -3.666666666666668,
    -3.3333333333333357,
    -3.0,
    -2.666666666666668,
    -2.3333333333333357,
    -2.0,
    -1.6666666666666679,
    -1.3333333333333357,
    -1.0,
    -0.6666666666666679,
    -0.3333333333333357,
    0.0,
    0.33333333333333215,
    0.6666666666666643,
    1.0,
    1.3333333333333321,
    1.6666666666666643,
    2.0,
    2.333333333333332,
    2.6666666666666643,
    3.0,
    3.333333333333332,
    3.6666666666666643,
    4.0,
    4.333333333333332,
    4.666666666666664,
    5.0,
    5.333333333333332,
    5.666666666666664,
    6.0,
    6.333333333333332,
    6.666666666666664,
    7.0,
    7.333333333333332,
    7.666666666666664,
    8.0,
    8.333333333333332,
    8.666666666666664,
    9.0,
    9.333333333333332,
    9.666666666666664,
    10.0,
    10.333333333333332,
    10.666666666666664,
    11.0,
    11.333333333333332,
    11.666666666666664,
    12.0,
    12.333333333333329,
    12.666666666666664,
    13.0,
    13.333333333333329,
    13.666666666666664,
    14.0,
    14.333333333333329,
    14.666666666666664,
    15.0,
    15.333333333333329,
    15.666666666666664,
    16.0,
    16.33333333333333,
    16.666666666666664,
    17.0,
    17.33333333333333,
    17.666666666666664,
    18.0,
    18.33333333333333,
    18.666666666666664,
    19.0,
    19.33333333333333,
    19.666666666666664,
    20.0
  ],
  "conductance": [
    0.9821330192364714,
    0.9851868130729674,
    0.9883221680586962,
    0.9916259418675516,
    0.9953020251963915,
    0.9995762975158811,
    1.0046329837497499,
    1.0105761347887527,
    1.0174323224391715,
    1.0252122940743673,
    1.0339105549985754,
    1.0432933829798994,
    1.0526500806156682,
    1.0609464254119623,
    1.0674100285419705,
    1.0718795001446915,
    1.0746447713558889,
    1.0761390174490701,
    1.0767369806498697,
    1.0766856752920624,
    1.0760874010913108,
    1.0749583757747478,
    1.0733058796166868,
    1.0710730225975849,
    1.0680870956695778,
    1.064165182615656,
    1.0592592012545703,
    1.0535241259632935,
    1.0472620705805145,
    1.0407977188677306,
    1.0343956576781383,
    1.0282365438137142,
    1.0224055515484267,
    1.0168653255735098,
    1.0114496718665584,
    1.0059550699902071,
    1.0002892617087098,
    0.994508942471158,
    0.9887380422925786,
    0.9830907422079654,
    0.9776461826015275,
    0.9724520875724524,
    0.9675346567182289,
    0.9629066914562104,
    0.9585729474111567,
    0.954533431790389,
    0.9507854077724944,
    0.9473246210971917,
    0.9441460602056876,
    0.9412444331133129,
    0.9386144692868458,
    0.9362511115893545,
    0.9341496381858614,
    0.9323057393678514,
    0.930715565203102,
    0.9293757543148713,
    0.9282834505566618,
    0.9274363120715727,
    0.9268325157316281,
    0.9264707589525115,
    0.9263502601922331,
    0.9264707589525123,
    0.9268325157316272,
    0.9274363120715726,
    0.9282834505566625,
    0.9293757543148705,
    0.9307155652031022,
    0.9323057393678524,
    0.9341496381858604,
    0.9362511115893545,
    0.9386144692868467,
    0.9412444331133122,
    0.9441460602056871,
    0.9473246210971925,
    0.9507854077724938,
    0.9545334317903884,
    0.9585729474111575,
    0.9629066914562098,
    0.9675346567182282,
    0.9724520875724532,
    0.9776461826015268,
    0.983090742207965,
    0.9887380422925791,
    0.9945089424711573,
    1.0002892617087091,
    1.005955069990208,
    1.0114496718665575,
    1.0168653255735094,
    1.0224055515484278,
    1.0282365438137138,
    1.0343956576781377,
    1.0407977188677315,
    1.0472620705805136,
    1.053524125963293,
    1.0592592012545707,
    1.0641651826156553,
    1.068087095669578,
    1.071073022597586,
    1.0733058796166852,
    1.0749583757747485,
    1.0760874010913117,
    1.076685675292061,
    1.0767369806498703,
    1.0761390174490713,
    1.074644771355887,
    1.0718795001446921,
    1.0674100285419716,
    1.060946425411961,
    1.0526500806156687,
    1.0432933829799007,
    1.0339105549985745,
    1.0252122940743675,
    1.0174323224391728,
    1.0105761347887519,
    1.0046329837497499,
    0.9995762975158825,
    0.9953020251963908,
    0.9916259418675517,
    0.9883221680586974,
    0.9851868130729668,
    0.9821330192364711
  ],