{
  "bias_mev": [
    -20.0,
    -19.666666666666668,
    -19.333333333333332,
    -19.0,
    -18.666666666666668,
    -18.333333333333332,
    -18.0,
    -17.666666666666668,
    -17.333333333333332,
    -17.0,
    -16.666666666666668,
    -16.333333333333332,
    -16.0,
    -15.666666666666668,
    -15.333333333333334,
    -15.0,
    -14.666666666666668,
    -14.333333333333334,
    -14.0,
    -13.666666666666668,
    -13.333333333333334,
    -13.0,
    -12.666666666666668,
    -12.333333333333334,
    -12.0,
    -11.666666666666668,
    -11.333333333333334,
    -11.0,
    -10.666666666666668,
    -10.333333333333334,
    -10.0,
    -9.666666666666668,
    -9.333333333333334,
    -9.0,
    -8.666666666666668,
    -8.333333333333334,
    -8.0,
    -7.666666666666668,
    -7.333333333333334,
    -7.0,
    -6.666666666666668,
    -6.333333333333334,
    -6.0,
    -5.666666666666668,
    -5.333333333333334,
    -5.0,
    -4.666666666666668,
    -4.333333333333334,
    -4.0,
    -3.666666666666668,
    -3.3333333333333357,
    -3.0,
    -2.666666666666668,
    -2.3333333333333357,
    -2.0,
    -1.6666666666666679,
    -1.3333333333333357,
    -1.0,
    -0.6666666666666679,
    -0.3333333333333357,
    0.0,
    0.33333333333333215,
    0.6666666666666643,
    1.0,
    1.3333333333333321,
    1.6666666666666643,
    2.0,
    2.333333333333332,
    2.6666666666666643,
    3.0,
    3.333333333333332,
    3.6666666666666643,
    4.0,
    4.333333333333332,
    4.666666666666664,
    5.0,
    5.333333333333332,
    5.666666666666664,
    6.0,
    6.333333333333332,
    6.666666666666664,
    7.0,
    7.333333333333332,
    7.666666666666664,
    8.0,
    8.333333333333332,
    8.666666666666664,
    9.0,
    9.333333333333332,
    9.666666666666664,
    10.0,
    10.333333333333332,
    10.666666666666664,
    11.0,
    11.333333333333332,
    11.666666666666664,
    12.0,
    12.333333333333329,
    12.666666666666664,
    13.0,
    13.333333333333329,
    13.666666666666664,
    14.0,
    14.333333333333329,
    14.666666666666664,
    15.0,
    15.333333333333329,
    15.666666666666664,
    16.0,
    16.33333333333333,
    16.666666666666664,
    17.0,
    17.33333333333333,
    17.666666666666664,
    18.0,
    18.33333333333333,
    18.666666666666664,
    19.0,
    19.33333333333333,
    19.666666666666664,
    20.0
  ],
  "conductance": [
    0.9611570161395626,
    0.9675385454114388,
    0.974557105162841,
    0.9823149825078188,
    0.9909848107821864,
    1.0007511798145203,
    1.0117319577106805,
    1.0238881336321422,
    1.0369202772291204,
    1.0501559916096879,
    1.0624733350670694,
    1.0723698369164216,
    1.0782826624607047,
    1.0790886767931949,
    1.0744883013912665,
    1.0650114226250234,
    1.0516846874870578,
    1.0356137973730193,
    1.0176892619862363,
    0.9984760267347064,
    0.9782509303638304,
    0.9571129952412544,
    0.9350880962664896,
    0.9121941449027986,
    0.8884916950404876,
    0.8641463229593686,
    0.8394767024844183,
    0.8149361760251411,
    0.7910197612537417,
    0.768148599393957,
    0.746588930204809,
    0.7264236843366358,
    0.7075669209754356,
    0.6898132583939043,
    0.6729210776144121,
    0.656711231147852,
    0.6411338235630608,
    0.6262627833199175,
    0.6122310347965487,
    0.599158566020737,
    0.5871123651252484,
    0.5761015164739698,
    0.5660914666048895,
    0.5570222987791564,
    0.5488234915985001,
    0.5414234723935203,
    0.5347548523331873,
    0.5287567859563692,
    0.5233756586273091,
    0.5185649091352513,
    0.5142844674045527,
    0.5105000686166262,
    0.5071825742580027,
    0.5043073580330952,
    0.5018537768343766,
    0.4998047287430129,
    0.49814629222077306,
    0.49686743812722356,
    0.495959806203155,
    0.49541753878405326,
    0.49523716605172347,
    0.4954175387840532,
    0.49595980620315505,
    0.4968674381272236,
    0.49814629222077306,
    0.49980472874301285,
    0.5018537768343767,
    0.5043073580330952,
    0.5071825742580027,
    0.5105000686166263,
    0.5142844674045527,
    0.5185649091352513,
    0.5233756586273091,
    0.5287567859563692,
    0.5347548523331872,
    0.5414234723935203,
    0.5488234915985001,
    0.5570222987791563,
    0.5660914666048897,
    0.5761015164739697,
    0.5871123651252484,
    0.5991585660207372,
    0.6122310347965487,
    0.6262627833199174,
    0.6411338235630608,
    0.656711231147852,
    0.6729210776144119,
    0.6898132583939043,
    0.7075669209754354,
    0.7264236843366357,
    0.746588930204809,
    0.7681485993939569,
    0.7910197612537416,
    0.8149361760251411,
    0.8394767024844182,
    0.8641463229593681,
    0.8884916950404878,
    0.9121941449027983,
    0.9350880962664894,
    0.9571129952412544,
    0.9782509303638303,
    0.9984760267347064,
    1.0176892619862365,
    1.035613797373019,
    1.0516846874870573,
    1.0650114226250236,
    1.0744883013912667,
    1.0790886767931949,
    1.0782826624607047,
    1.0723698369164218,
    1.0624733350670696,
    1.050155991609688,
    1.0369202772291206,
    1.0238881336321422,
    1.0117319577106805,
    1.0007511798145203,
    0.9909848107821865,
    0.9823149825078189,
    0.9745571051628412,
    0.9675385454114388,
    0.9611570161395624
  ],