{
  "bias_mev": [
    -20.0,
    -19.5,
    -19.0,
    -18.5,
    -18.0,
    -17.5,
    -17.0,
    -16.5,
    -16.0,
    -15.5,
    -15.0,
    -14.5,
    -14.0,
    -13.5,
    -13.0,
    -12.5,
    -12.0,
    -11.5,
    -11.0,
    -10.5,
    -10.0,
    -9.5,
    -9.0,
    -8.5,
    -8.0,
    -7.5,
    -7.0,
    -6.5,
    -6.0,
    -5.5,
    -5.0,
    -4.5,
    -4.0,
    -3.5,
    -3.0,
    -2.5,
    -2.0,
    -1.5,
    -1.0,
    -0.5,
    0.0,
    0.5,
    1.0,
    1.5,
    2.0,
    2.5,
    3.0,
    3.5,
    4.0,
    4.5,
    5.0,
    5.5,
    6.0,
    6.5,
    7.0,
    7.5,
    8.0,
    8.5,
    9.0,
    9.5,
    10.0,
    10.5,
    11.0,
    11.5,
    12.0,
    12.5,
    13.0,
    13.5,
    14.0,
    14.5,
    15.0,
    15.5,
    16.0,
    16.5,
    17.0,
    17.5,
    18.0,
    18.5,
    19.0,
    19.5,
    20.0
  ],
  "conductance": [
    0.9914451221207292,
    0.9916867402380609,
    0.9941462597933117,
    0.9990717385185832,
    1.006677313610495,
    1.01697282571882,
    1.0294177619927036,
    1.0424937011490625,
    1.0536689993893429,
    1.0602703153468607,
    1.0607710229528355,
    1.055304224429481,
    1.0451265052406264,
    1.031599344136674,
    1.0155225064492404,
    0.9971811942528396,
    0.9766332550347954,
    0.9540447664632975,
    0.9299992643842547,
    0.9052382249010282,
    0.8800925255055162,
    0.8545391306973115,
    0.8288281591268529,
    0.8037140935899622,
    0.7800629934154165,
    0.75845581386207,
    0.7391129273063655,
    0.7220052068707565,
    0.7069804899273221,
    0.6938461609126821,
    0.6824110874835994,
    0.6725030383686389,
    0.6639738653531057,
    0.6566993449575436,
    0.6505770516529394,
    0.6455237707765151,
    0.6414730681538714,
    0.6383732339607172,
    0.6361856504485734,
    0.6348835699033275,
    0.6344512717781493,
    0.6348835699033275,
    0.6361856504485734,
    0.6383732339607172,
    0.6414730681538714,
    0.6455237707765152,
    0.6505770516529394,
    0.6566993449575436,
    0.6639738653531055,
    0.6725030383686389,
    0.6824110874835994,
    0.6938461609126823,
    0.7069804899273221,
    0.7220052068707564,
    0.7391129273063654,
    0.75845581386207,
    0.7800629934154166,
    0.8037140935899622,
    0.8288281591268527,
    0.8545391306973117,
    0.8800925255055162,
    0.9052382249010282,
    0.9299992643842547,
    0.9540447664632973,
    0.9766332550347954,
    0.9971811942528396,
    1.0155225064492404,
    1.0315993441366742,
    1.0451265052406264,
    1.0553042244294808,
    1.0607710229528353,
    1.0602703153468607,
    1.053668999389343,
    1.0424937011490627,
    1.0294177619927039,
    1.01697282571882,
    1.006677313610495,
    0.9990717385185832,
    0.9941462597933117,
    0.9916867402380609,
    0.9914451221207292
  ],
  "conductance_unbroadened": [
    0.9894713963372823,
    0.9894916384058875,
    0.9916910920992144,
    0.9963498468971796,
    1.0038148314576403,
    1.0144354249920295,
    1.0282731075044156,
    1.044227627056327,
    1.0587384774726336,
    1.0670354073230073,
    1.0671406090447324,
    1.0599474296383198,
    1.0480988777337048,
    1.0339151039613115,
    1.0176695068761252,
    0.9993538235603076,
    0.9788920987060324,
    0.955593739248697,
    0.9304366414081237,
    0.9053779769873145,
    0.8806612642929655,
    0.8549672115446192,
    0.8282484899169847,
    0.8021029859443526,
    0.7778778276913052,
    0.756113312845375,
    0.7368508388493904,
    0.7199234656133677,
    0.7051033882998214,
    0.6921636613476995,
    0.6809004502872603,
    0.6711387474723115,
    0.6627316619676551,
    0.6555575520055942,
    0.64951674064207,
    0.6445284801893215,
    0.6405283811605724,
    0.6374663402564031,
    0.6353049359597055,
    0.6340182432240893,
    0.6335910217630009,
    0.6340182432240893,
    0.6353049359597055,
    0.6374663402564031,
    0.6405283811605724,
    0.6445284801893215,
    0.64951674064207,
    0.6555575520055942,
    0.6627316619676551,
    0.6711387474723115,
    0.6809004502872603,
    0.6921636613476995,
    0.7051033882998214,
    0.7199234656133677,
    0.7368508388493904,
    0.756113312845375,
    0.7778778276913052,
    0.8021029859443526,
    0.8282484899169847,
    0.8549672115446192,
    0.8806612642929655,
    0.9053779769873145,
    0.9304366414081237,
    0.955593739248697,
    0.9788920987060324,
    0.9993538235603076,
    1.0176695068761252,
    1.0339151039613115,
    1.0480988777337048,
    1.0599474296383198,
    1.0671406090447324,
    1.0670354073230073,
    1.0587384774726336,
    1.044227627056327,
    1.0282731075044156,
    1.0144354249920295,
    1.0038148314576403,
    0.9963498468971796,
    0.9916910920992144,
    0.9894916384058875,
    0.9894713963372823
  ],
  "metadata": {
    "allow_weak_delta_zx_s": false,
    "fit_layer_policy": {
      "default_complex_phase_policy": "fixed_real_controls_in_projection_gauge",
      "free_channels": [
        "delta_zz_s",
        "delta_xx_s",
        "delta_zx_d",
        "delta_perp_z",
        "delta_perp_x"
      ],
      "strongly_regularized_channels": [
        "delta_zz_d",
        "delta_xx_d"
      ],
      "weak_optional_channels": [
        "delta_zx_s"
      ]
    },
    "fit_layer_request_label": "task10_pilot_train_inplane_100_core_b",
    "formal_baseline_record": "outputs/source/round2_baseline_selection.json",
    "formal_baseline_role": "authoritative_formal_round2_baseline",
    "formal_baseline_selection_rule": "temperature sweep RMFT pairing data, charge-balanced p\u22480 branch, temperature_eV <= 1.0e-3, first 8 samples sorted by temperature",
    "forward_interface_version": "ar_forward_v1",
    "git_commit": "b85a5cb304acbfd5d51133251ef57293bd0abd2b",
    "git_dirty": false,
    "normal_state_family": "base",
    "normal_state_policy": "repository_fixed_base_normal_state",
    "output_schema_version": "ar_forward_output_v1",
    "pairing_control_mode": "delta_from_baseline_meV",
    "pairing_convention_id": "round2_physical_channels_task_h_fit_layer_v1",
    "pairing_source": "task_h_fit_layer_controls",
    "projection_config": {
      "ar_interface_angles": [
        0.0,
        0.7853981633974483
      ],
      "ar_reference_nk": 61,
      "ar_supported_entry_weight_floor": 0.75,
      "ar_unsupported_entry_weight": 0.15,
      "block_weights": {
        "delta_x": 1.0,
        "delta_y": 1.0,
        "delta_z": 1.15
      },
      "channel_regularization": {
        "delta_perp_x": 0.00075,
        "delta_perp_z": 0.0001,
        "delta_xx_d": 0.0001,
        "delta_xx_s": 0.0001,
        "delta_zx_d": 0.00075,
        "delta_zx_s": 0.005,
        "delta_zz_d": 0.0002,
        "delta_zz_s": 0.0001
      },
      "core_channels": [
        "delta_zz_s",
        "delta_zz_d",
        "delta_xx_s",
        "delta_xx_d",
        "delta_zx_d",
        "delta_perp_z",
        "delta_perp_x"
      ],
      "freeze_optional_weak_channel_by_default": true,
      "gauge_anchor_priority": [
        "delta_zz_s",
        "delta_zz_d",
        "delta_xx_s",
        "delta_xx_d",
        "delta_zx_d",
        "delta_perp_z",
        "delta_perp_x",
        "delta_zx_s"
      ],
      "gauge_min_anchor_abs": 1e-10,
      "optional_channel_activation_min_relative_magnitude": 0.08,
      "optional_channel_activation_min_residual_reduction": 0.01,
      "optional_channels": [
        "delta_zx_s"
      ],
      "optional_weak_channel_name": "delta_zx_s",
      "source_entry_weight_mode": "uniform"
    },
    "truth_layer": "round2_physical_pairing_channels",
    "weak_channel_policy": {
      "channel": "delta_zx_s",
      "default_task_c_freeze_applied": true,
      "default_value": {
        "im": 0.0,
        "re": 0.0
      }
    }
  },
  "pairing_channels": {
    "delta_perp_x": {
      "im": -1.733867852682211e-14,
      "re": -10.177615214844032
    },
    "delta_perp_z": {
      "im": 4.192049956675495e-13,
      "re": -63.4231723333877
    },