{
  "bias_mev": [
    -20.0,
    -19.5,
    -19.0,
    -18.5,
    -18.0,
    -17.5,
    -17.0,
    -16.5,
    -16.0,
    -15.5,
    -15.0,
    -14.5,
    -14.0,
    -13.5,
    -13.0,
    -12.5,
    -12.0,
    -11.5,
    -11.0,
    -10.5,
    -10.0,
    -9.5,
    -9.0,
    -8.5,
    -8.0,
    -7.5,
    -7.0,
    -6.5,
    -6.0,
    -5.5,
    -5.0,
    -4.5,
    -4.0,
    -3.5,
    -3.0,
    -2.5,
    -2.0,
    -1.5,
    -1.0,
    -0.5,
    0.0,
    0.5,
    1.0,
    1.5,
    2.0,
    2.5,
    3.0,
    3.5,
    4.0,
    4.5,
    5.0,
    5.5,
    6.0,
    6.5,
    7.0,
    7.5,
    8.0,
    8.5,
    9.0,
    9.5,
    10.0,
    10.5,
    11.0,
    11.5,
    12.0,
    12.5,
    13.0,
    13.5,
    14.0,
    14.5,
    15.0,
    15.5,
    16.0,
    16.5,
    17.0,
    17.5,
    18.0,
    18.5,
    19.0,
    19.5,
    20.0
  ],
  "conductance": [
    0.9930677429545339,
    0.9933026551384019,
    0.9951832724995957,
    0.999027955021553,
    1.0052297732894122,
    1.014188601096503,
    1.0260063171266813,
    1.0397765518275104,
    1.0530100096863684,
    1.0626857710176,
    1.0672761719408368,
    1.0671523768580757,
    1.063969357276478,
    1.059358620286762,
    1.0538012439088078,
    1.0467456010562766,
    1.0371750607302805,
    1.0244098493114986,
    1.0091438811867885,
    0.9928428267813677,
    0.976380710163835,
    0.9596975973838813,
    0.9426349570202607,
    0.9255931674815835,
    0.9092047224155653,
    0.8939154121240867,
    0.87992217006353,
    0.8672632338765002,
    0.855899768286388,
    0.845762287499249,
    0.836773344724313,
    0.8288578445022415,
    0.8219473880971746,
    0.8159818228896414,
    0.8109095149968307,
    0.8066870726258802,
    0.8032788703897361,
    0.8006565430199117,
    0.7987985282701329,
    0.7976896954425887,
    0.7973210750468613,
    0.7976896954425887,
    0.7987985282701329,
    0.8006565430199117,
    0.8032788703897361,
    0.8066870726258802,
    0.8109095149968307,
    0.8159818228896416,
    0.8219473880971746,
    0.8288578445022415,
    0.836773344724313,
    0.8457622874992492,
    0.855899768286388,
    0.8672632338765003,
    0.87992217006353,
    0.8939154121240864,
    0.9092047224155654,
    0.9255931674815835,
    0.9426349570202607,
    0.9596975973838812,
    0.9763807101638349,
    0.9928428267813676,
    1.0091438811867888,
    1.0244098493114984,
    1.0371750607302805,
    1.0467456010562763,
    1.0538012439088078,
    1.059358620286762,
    1.063969357276478,
    1.067152376858076,
    1.0672761719408368,
    1.0626857710176,
    1.0530100096863684,
    1.0397765518275108,
    1.0260063171266813,
    1.014188601096503,
    1.0052297732894122,
    0.999027955021553,
    0.9951832724995957,
    0.9933026551384019,
    0.993067742954534
  ],
  "conductance_unbroadened": [
    0.990966991211254,
    0.991093876629973,
    0.9928341911781577,
    0.9964977406465851,
    1.0024924198709428,
    1.0113231817371602,
    1.0234258642980454,
    1.0383665134595796,
    1.05316433773526,
    1.0634907679532546,
    1.0678621924995413,
    1.066878895691498,
    1.0628521430730622,
    1.0580782690033843,
    1.0528253181651996,
    1.0462799528512694,
    1.0371796783556269,
    1.0240448134782856,
    1.0079975598673254,
    0.9913056137782458,
    0.9750023318963418,
    0.958494784869484,
    0.9412250797585802,
    0.9238880871290661,
    0.9073302538677559,
    0.891988717497637,
    0.8780074804681096,
    0.8653885828483515,
    0.8540744853875053,
    0.8439869548111449,
    0.8350447069969953,
    0.8271711272102974,
    0.8202973696461721,
    0.8143633139752334,
    0.8093175542589879,
    0.8051169859635331,
    0.8017262651832127,
    0.7991172720575044,
    0.7972686403415542,
    0.7961653806710883,
    0.7957986085498368,
    0.7961653806710883,
    0.7972686403415542,
    0.7991172720575044,
    0.8017262651832127,
    0.8051169859635331,
    0.8093175542589879,
    0.8143633139752334,
    0.8202973696461721,
    0.8271711272102974,
    0.8350447069969953,
    0.8439869548111449,
    0.8540744853875053,
    0.8653885828483515,
    0.8780074804681096,
    0.891988717497637,
    0.9073302538677559,
    0.9238880871290661,
    0.9412250797585802,
    0.958494784869484,
    0.9750023318963418,
    0.9913056137782458,
    1.0079975598673254,
    1.0240448134782856,
    1.0371796783556269,
    1.0462799528512694,
    1.0528253181651996,
    1.0580782690033843,
    1.0628521430730622,
    1.066878895691498,
    1.0678621924995413,
    1.0634907679532546,
    1.05316433773526,
    1.0383665134595796,
    1.0234258642980454,
    1.0113231817371602,
    1.0024924198709428,
    0.9964977406465851,
    0.9928341911781577,
    0.991093876629973,
    0.990966991211254
  ],
  "metadata": {
    "allow_weak_delta_zx_s": false,
    "fit_layer_policy": {
      "default_complex_phase_policy": "fixed_real_controls_in_projection_gauge",
      "free_channels": [
        "delta_zz_s",
        "delta_xx_s",
        "delta_zx_d",
        "delta_perp_z",
        "delta_perp_x"
      ],
      "strongly_regularized_channels": [
        "delta_zz_d",
        "delta_xx_d"
      ],
      "weak_optional_channels": [
        "delta_zx_s"
      ]
    },
    "fit_layer_request_label": "task10_pilot_train_inplane_110_core_a",
    "formal_baseline_record": "outputs/source/round2_baseline_selection.json",
    "formal_baseline_role": "authoritative_formal_round2_baseline",
    "formal_baseline_selection_rule": "temperature sweep RMFT pairing data, charge-balanced p\u22480 branch, temperature_eV <= 1.0e-3, first 8 samples sorted by temperature",
    "forward_interface_version": "ar_forward_v1",
    "git_commit": "b85a5cb304acbfd5d51133251ef57293bd0abd2b",
    "git_dirty": false,
    "normal_state_family": "base",
    "normal_state_policy": "repository_fixed_base_normal_state",
    "output_schema_version": "ar_forward_output_v1",
    "pairing_control_mode": "delta_from_baseline_meV",
    "pairing_convention_id": "round2_physical_channels_task_h_fit_layer_v1",
    "pairing_source": "task_h_fit_layer_controls",
    "projection_config": {
      "ar_interface_angles": [
        0.0,
        0.7853981633974483
      ],
      "ar_reference_nk": 61,
      "ar_supported_entry_weight_floor": 0.75,
      "ar_unsupported_entry_weight": 0.15,
      "block_weights": {
        "delta_x": 1.0,
        "delta_y": 1.0,
        "delta_z": 1.15
      },
      "channel_regularization": {
        "delta_perp_x": 0.00075,
        "delta_perp_z": 0.0001,
        "delta_xx_d": 0.0001,
        "delta_xx_s": 0.0001,
        "delta_zx_d": 0.00075,
        "delta_zx_s": 0.005,
        "delta_zz_d": 0.0002,
        "delta_zz_s": 0.0001
      },
      "core_channels": [
        "delta_zz_s",
        "delta_zz_d",
        "delta_xx_s",
        "delta_xx_d",
        "delta_zx_d",
        "delta_perp_z",
        "delta_perp_x"
      ],
      "freeze_optional_weak_channel_by_default": true,
      "gauge_anchor_priority": [
        "delta_zz_s",
        "delta_zz_d",
        "delta_xx_s",
        "delta_xx_d",
        "delta_zx_d",
        "delta_perp_z",
        "delta_perp_x",
        "delta_zx_s"
      ],
      "gauge_min_anchor_abs": 1e-10,
      "optional_channel_activation_min_relative_magnitude": 0.08,
      "optional_channel_activation_min_residual_reduction": 0.01,
      "optional_channels": [
        "delta_zx_s"
      ],
      "optional_weak_channel_name": "delta_zx_s",
      "source_entry_weight_mode": "uniform"
    },
    "truth_layer": "round2_physical_pairing_channels",
    "weak_channel_policy": {
      "channel": "delta_zx_s",
      "default_task_c_freeze_applied": true,
      "default_value": {
        "im": 0.0,
        "re": 0.0
      }
    }
  },
  "pairing_channels": {
    "delta_perp_x": {
      "im": -1.733867852682211e-14,
      "re": -10.177615214844032
    },
    "delta_perp_z": {
      "im": 4.192049956675495e-13,
      "re": -63.5131723333877
    },
    "delta_xx_d": {
      "im": 2.5302036891064664e-07,