{
  "bias_mev": [
    -20.0,
    -19.666666666666668,
    -19.333333333333332,
    -19.0,
    -18.666666666666668,
    -18.333333333333332,
    -18.0,
    -17.666666666666668,
    -17.333333333333332,
    -17.0,
    -16.666666666666668,
    -16.333333333333332,
    -16.0,
    -15.666666666666668,
    -15.333333333333334,
    -15.0,
    -14.666666666666668,
    -14.333333333333334,
    -14.0,
    -13.666666666666668,
    -13.333333333333334,
    -13.0,
    -12.666666666666668,
    -12.333333333333334,
    -12.0,
    -11.666666666666668,
    -11.333333333333334,
    -11.0,
    -10.666666666666668,
    -10.333333333333334,
    -10.0,
    -9.666666666666668,
    -9.333333333333334,
    -9.0,
    -8.666666666666668,
    -8.333333333333334,
    -8.0,
    -7.666666666666668,
    -7.333333333333334,
    -7.0,
    -6.666666666666668,
    -6.333333333333334,
    -6.0,
    -5.666666666666668,
    -5.333333333333334,
    -5.0,
    -4.666666666666668,
    -4.333333333333334,
    -4.0,
    -3.666666666666668,
    -3.3333333333333357,
    -3.0,
    -2.666666666666668,
    -2.3333333333333357,
    -2.0,
    -1.6666666666666679,
    -1.3333333333333357,
    -1.0,
    -0.6666666666666679,
    -0.3333333333333357,
    0.0,
    0.33333333333333215,
    0.6666666666666643,
    1.0,
    1.3333333333333321,
    1.6666666666666643,
    2.0,
    2.333333333333332,
    2.6666666666666643,
    3.0,
    3.333333333333332,
    3.6666666666666643,
    4.0,
    4.333333333333332,
    4.666666666666664,
    5.0,
    5.333333333333332,
    5.666666666666664,
    6.0,
    6.333333333333332,
    6.666666666666664,
    7.0,
    7.333333333333332,
    7.666666666666664,
    8.0,
    8.333333333333332,
    8.666666666666664,
    9.0,
    9.333333333333332,
    9.666666666666664,
    10.0,
    10.333333333333332,
    10.666666666666664,
    11.0,
    11.333333333333332,
    11.666666666666664,
    12.0,
    12.333333333333329,
    12.666666666666664,
    13.0,
    13.333333333333329,
    13.666666666666664,
    14.0,
    14.333333333333329,
    14.666666666666664,
    15.0,
    15.333333333333329,
    15.666666666666664,
    16.0,
    16.33333333333333,
    16.666666666666664,
    17.0,
    17.33333333333333,
    17.666666666666664,
    18.0,
    18.33333333333333,
    18.666666666666664,
    19.0,
    19.33333333333333,
    19.666666666666664,
    20.0
  ],
  "conductance": [
    0.983196993008967,
    0.9840094795791591,
    0.9859119192390512,
    0.9889750792463822,
    0.9932372720189334,
    0.9986747963196623,
    1.0051687285133737,
    1.0124843563016044,
    1.0202723759773227,
    1.0280689997955428,
    1.0352593012802687,
    1.0410360429945378,
    1.044474994124581,
    1.0447926618106027,
    1.041650239550498,
    1.0352691360641875,
    1.0262803387608088,
    1.0154496795171548,
    1.0034698564449869,
    0.9908874778352,
    0.9780948225300538,
    0.9652988654179019,
    0.9524702788741896,
    0.9393434140668813,
    0.9255177228826438,
    0.9106442505553561,
    0.8946171719994476,
    0.877659256472092,
    0.860244643408227,
    0.8429211916589595,
    0.8261474168475864,
    0.8102059546410859,
    0.7951883445388005,
    0.7810279512359745,
    0.7675693126007869,
    0.7546595578646816,
    0.7422237741571264,
    0.7302836201657373,
    0.7189201438880555,
    0.708220747872234,
    0.6982449007619569,
    0.6890152055211632,
    0.6805237401530543,
    0.6727428631177521,
    0.6656347401003523,
    0.6591579578248993,
    0.6532714972634294,
    0.647936843402072,
    0.6431189392544864,
    0.6387864835722874,
    0.634911884892459,
    0.6314710540082747,
    0.6284431354440474,
    0.6258102307918716,
    0.6235571400045097,
    0.6216711322535358,
    0.6201417504237201,
    0.6189606496140936,
    0.6181214683957407,
    0.6176197310629737,
    0.617452779177806,
    0.6176197310629739,
    0.6181214683957407,
    0.6189606496140935,
    0.6201417504237201,
    0.6216711322535358,
    0.6235571400045097,
    0.6258102307918715,
    0.6284431354440472,
    0.6314710540082747,
    0.634911884892459,
    0.6387864835722873,
    0.6431189392544864,
    0.647936843402072,
    0.6532714972634293,
    0.6591579578248992,
    0.6656347401003521,
    0.672742863117752,
    0.6805237401530542,
    0.6890152055211632,
    0.6982449007619569,
    0.7082207478722339,
    0.7189201438880556,
    0.7302836201657372,
    0.7422237741571264,
    0.7546595578646816,
    0.7675693126007868,
    0.7810279512359745,
    0.7951883445388005,
    0.8102059546410856,
    0.8261474168475864,
    0.8429211916589594,
    0.8602446434082267,
    0.877659256472092,
    0.8946171719994476,
    0.9106442505553557,
    0.9255177228826439,
    0.9393434140668813,
    0.9524702788741889,
    0.9652988654179019,
    0.9780948225300535,
    0.9908874778351998,
    1.003469856444987,
    1.0154496795171548,
    1.0262803387608086,
    1.0352691360641877,
    1.041650239550498,
    1.0447926618106027,
    1.0444749941245812,
    1.0410360429945382,
    1.0352593012802689,
    1.0280689997955428,
    1.020272375977323,
    1.0124843563016044,
    1.0051687285133741,
    0.9986747963196626,
    0.9932372720189334,
    0.9889750792463822,
    0.9859119192390514,
    0.9840094795791589,
    0.9831969930089668
  ],