{
  "bias_mev": [
    -20.0,
    -19.666666666666668,
    -19.333333333333332,
    -19.0,
    -18.666666666666668,
    -18.333333333333332,
    -18.0,
    -17.666666666666668,
    -17.333333333333332,
    -17.0,
    -16.666666666666668,
    -16.333333333333332,
    -16.0,
    -15.666666666666668,
    -15.333333333333334,
    -15.0,
    -14.666666666666668,
    -14.333333333333334,
    -14.0,
    -13.666666666666668,
    -13.333333333333334,
    -13.0,
    -12.666666666666668,
    -12.333333333333334,
    -12.0,
    -11.666666666666668,
    -11.333333333333334,
    -11.0,
    -10.666666666666668,
    -10.333333333333334,
    -10.0,
    -9.666666666666668,
    -9.333333333333334,
    -9.0,
    -8.666666666666668,
    -8.333333333333334,
    -8.0,
    -7.666666666666668,
    -7.333333333333334,
    -7.0,
    -6.666666666666668,
    -6.333333333333334,
    -6.0,
    -5.666666666666668,
    -5.333333333333334,
    -5.0,
    -4.666666666666668,
    -4.333333333333334,
    -4.0,
    -3.666666666666668,
    -3.3333333333333357,
    -3.0,
    -2.666666666666668,
    -2.3333333333333357,
    -2.0,
    -1.6666666666666679,
    -1.3333333333333357,
    -1.0,
    -0.6666666666666679,
    -0.3333333333333357,
    0.0,
    0.33333333333333215,
    0.6666666666666643,
    1.0,
    1.3333333333333321,
    1.6666666666666643,
    2.0,
    2.333333333333332,
    2.6666666666666643,
    3.0,
    3.333333333333332,
    3.6666666666666643,
    4.0,
    4.333333333333332,
    4.666666666666664,
    5.0,
    5.333333333333332,
    5.666666666666664,
    6.0,
    6.333333333333332,
    6.666666666666664,
    7.0,
    7.333333333333332,
    7.666666666666664,
    8.0,
    8.333333333333332,
    8.666666666666664,
    9.0,
    9.333333333333332,
    9.666666666666664,
    10.0,
    10.333333333333332,
    10.666666666666664,
    11.0,
    11.333333333333332,
    11.666666666666664,
    12.0,
    12.333333333333329,
    12.666666666666664,
    13.0,
    13.333333333333329,
    13.666666666666664,
    14.0,
    14.333333333333329,
    14.666666666666664,
    15.0,
    15.333333333333329,
    15.666666666666664,
    16.0,
    16.33333333333333,
    16.666666666666664,
    17.0,
    17.33333333333333,
    17.666666666666664,
    18.0,
    18.33333333333333,
    18.666666666666664,
    19.0,
    19.33333333333333,
    19.666666666666664,
    20.0
  ],
  "conductance": [
    0.9741268276114529,
    0.9763802166831085,
    0.9800602505601448,
    0.9852147231870355,
    0.9918262915486241,
    0.9997695155371955,
    1.0087729839938726,
    1.0184117297085693,
    1.0281366248714858,
    1.0373008362985114,
    1.0451339996144524,
    1.0507056166867121,
    1.0530187088208185,
    1.0513004258780037,
    1.045330177690199,
    1.0355452088600825,
    1.022840221953322,
    1.008226458992313,
    0.9925751417052225,
    0.9765252442391568,
    0.9604684185318714,
    0.9445078406796928,
    0.9284074675840216,
    0.9116353075935172,
    0.8935609484264869,
    0.8737520124908349,
    0.8522237456891085,
    0.8294920556312168,
    0.8063933619581403,
    0.7837900002740125,
    0.7623249111551286,
    0.7423052289863595,
    0.7237047161435138,
    0.7062530376088406,
    0.6895885812294976,
    0.6734319038686443,
    0.6577004110792828,
    0.6425045646778074,
    0.6280507996843046,
    0.614533311127829,
    0.6020731573641304,
    0.5907091636777968,
    0.5804171282482836,
    0.5711352823436243,
    0.562785044329853,
    0.555284526061675,
    0.548555980920432,
    0.5425292092252886,
    0.5371426136197345,
    0.5323430407062164,
    0.5280850830846674,
    0.524330207012609,
    0.5210458865749172,
    0.5182048234893514,
    0.5157842791915309,
    0.5137655208472619,
    0.5121333724755542,
    0.5108758591890364,
    0.5099839328070757,
    0.5094512688023,
    0.5092741267555848,
    0.5094512688023001,
    0.5099839328070755,
    0.5108758591890367,
    0.5121333724755541,
    0.5137655208472618,
    0.5157842791915309,
    0.5182048234893514,
    0.5210458865749171,
    0.524330207012609,
    0.5280850830846674,
    0.5323430407062163,
    0.5371426136197345,
    0.5425292092252887,
    0.5485559809204319,
    0.555284526061675,
    0.5627850443298529,
    0.5711352823436242,
    0.5804171282482836,
    0.5907091636777968,
    0.6020731573641304,
    0.6145333111278289,
    0.6280507996843046,
    0.6425045646778073,
    0.6577004110792829,
    0.6734319038686443,
    0.6895885812294976,
    0.7062530376088406,
    0.7237047161435138,
    0.7423052289863593,
    0.7623249111551288,
    0.7837900002740126,
    0.8063933619581402,
    0.8294920556312169,
    0.8522237456891086,
    0.8737520124908348,
    0.8935609484264871,
    0.911635307593517,
    0.9284074675840218,
    0.9445078406796931,
    0.9604684185318711,
    0.9765252442391565,
    0.9925751417052223,
    1.0082264589923127,
    1.0228402219533215,
    1.0355452088600823,
    1.0453301776901986,
    1.0513004258780032,
    1.0530187088208183,
    1.0507056166867121,
    1.0451339996144524,
    1.0373008362985114,
    1.028136624871486,
    1.0184117297085693,
    1.0087729839938726,
    0.9997695155371955,
    0.9918262915486241,
    0.9852147231870354,
    0.9800602505601448,
    0.9763802166831083,
    0.9741268276114529
  ],