{
  "bias_mev": [
    -20.0,
    -19.666666666666668,
    -19.333333333333332,
    -19.0,
    -18.666666666666668,
    -18.333333333333332,
    -18.0,
    -17.666666666666668,
    -17.333333333333332,
    -17.0,
    -16.666666666666668,
    -16.333333333333332,
    -16.0,
    -15.666666666666668,
    -15.333333333333334,
    -15.0,
    -14.666666666666668,
    -14.333333333333334,
    -14.0,
    -13.666666666666668,
    -13.333333333333334,
    -13.0,
    -12.666666666666668,
    -12.333333333333334,
    -12.0,
    -11.666666666666668,
    -11.333333333333334,
    -11.0,
    -10.666666666666668,
    -10.333333333333334,
    -10.0,
    -9.666666666666668,
    -9.333333333333334,
    -9.0,
    -8.666666666666668,
    -8.333333333333334,
    -8.0,
    -7.666666666666668,
    -7.333333333333334,
    -7.0,
    -6.666666666666668,
    -6.333333333333334,
    -6.0,
    -5.666666666666668,
    -5.333333333333334,
    -5.0,
    -4.666666666666668,
    -4.333333333333334,
    -4.0,
    -3.666666666666668,
    -3.3333333333333357,
    -3.0,
    -2.666666666666668,
    -2.3333333333333357,
    -2.0,
    -1.6666666666666679,
    -1.3333333333333357,
    -1.0,
    -0.6666666666666679,
    -0.3333333333333357,
    0.0,
    0.33333333333333215,
    0.6666666666666643,
    1.0,
    1.3333333333333321,
    1.6666666666666643,
    2.0,
    2.333333333333332,
    2.6666666666666643,
    3.0,
    3.333333333333332,
    3.6666666666666643,
    4.0,
    4.333333333333332,
    4.666666666666664,
    5.0,
    5.333333333333332,
    5.666666666666664,
    6.0,
    6.333333333333332,
    6.666666666666664,
    7.0,
    7.333333333333332,
    7.666666666666664,
    8.0,
    8.333333333333332,
    8.666666666666664,
    9.0,
    9.333333333333332,
    9.666666666666664,
    10.0,
    10.333333333333332,
    10.666666666666664,
    11.0,
    11.333333333333332,
    11.666666666666664,
    12.0,
    12.333333333333329,
    12.666666666666664,
    13.0,
    13.333333333333329,
    13.666666666666664,
    14.0,
    14.333333333333329,
    14.666666666666664,
    15.0,
    15.333333333333329,
    15.666666666666664,
    16.0,
    16.33333333333333,
    16.666666666666664,
    17.0,
    17.33333333333333,
    17.666666666666664,
    18.0,
    18.33333333333333,
    18.666666666666664,
    19.0,
    19.33333333333333,
    19.666666666666664,
    20.0
  ],
  "conductance": [
    0.9806330768438734,
    0.9832469135060967,
    0.986364861483096,
    0.9900719659016455,
    0.9944582477563098,
    0.9996070131638669,
    1.0055700269875698,
    1.012335997431956,
    1.019820255655947,
    1.027891641269638,
    1.0363774971588005,
    1.0449880601396935,
    1.05326556848078,
    1.060713951801638,
    1.0670283008643835,
    1.0721910411689937,
    1.0763816027195523,
    1.079817757728062,
    1.082663433500814,
    1.085052231361563,
    1.0871388250716199,
    1.0890708482276166,
    1.090899011755046,
    1.092517377142123,
    1.0936792645598021,
    1.0940757112616144,
    1.0934710212371388,
    1.091833450554426,
    1.0893386367453757,
    1.0862613969937096,
    1.0828712766025341,
    1.0793796880682314,
    1.0759164908311194,
    1.0725114514439387,
    1.0690908181256524,
    1.0655257483835443,
    1.0617256778349833,
    1.057695036176373,
    1.0535112452329836,
    1.0492729605332913,
    1.0450668735456048,
    1.04095807577945,
    1.03699199465794,
    1.0331992273295438,
    1.0295999467010168,
    1.0262071807971187,
    1.0230290948818155,
    1.0200705490133635,
    1.0173341612671993,
    1.0148210394657289,
    1.0125312902915593,
    1.0104643775070525,
    1.0086193766299292,
    1.0069951576172567,
    1.0055905168359158,
    1.0044042728446294,
    1.0034353360110586,
    1.0026827589371665,
    1.002145772560256,
    1.0018238113105924,
    1.0017165296264188,
    1.001823811310594,
    1.0021457725602547,
    1.0026827589371663,
    1.0034353360110595,
    1.0044042728446279,
    1.0055905168359156,
    1.0069951576172578,
    1.008619376629928,
    1.0104643775070523,
    1.0125312902915604,
    1.0148210394657278,
    1.017334161267199,
    1.020070549013365,
    1.0230290948818148,
    1.0262071807971185,
    1.0295999467010182,
    1.033199227329543,
    1.0369919946579393,
    1.0409580757794514,
    1.0450668735456043,
    1.0492729605332909,
    1.0535112452329851,
    1.0576950361763724,
    1.0617256778349824,
    1.0655257483835459,
    1.0690908181256518,
    1.072511451443938,
    1.075916490831121,
    1.0793796880682307,
    1.082871276602534,
    1.086261396993711,
    1.089338636745375,
    1.0918334505544254,
    1.0934710212371401,
    1.0940757112616137,
    1.0936792645598026,
    1.0925173771421242,
    1.0908990117550441,
    1.0890708482276177,
    1.0871388250716212,
    1.085052231361561,
    1.0826634335008143,
    1.0798177577280637,
    1.0763816027195503,
    1.0721910411689943,
    1.067028300864385,
    1.0607139518016366,
    1.0532655684807801,
    1.0449880601396946,
    1.0363774971587993,
    1.027891641269638,
    1.0198202556559484,
    1.0123359974319548,
    1.0055700269875696,
    0.9996070131638682,
    0.9944582477563089,
    0.9900719659016455,
    0.9863648614830973,
    0.9832469135060959,
    0.9806330768438728
  ],