{
  "bias_mev": [
    -20.0,
    -19.666666666666668,
    -19.333333333333332,
    -19.0,
    -18.666666666666668,
    -18.333333333333332,
    -18.0,
    -17.666666666666668,
    -17.333333333333332,
    -17.0,
    -16.666666666666668,
    -16.333333333333332,
    -16.0,
    -15.666666666666668,
    -15.333333333333334,
    -15.0,
    -14.666666666666668,
    -14.333333333333334,
    -14.0,
    -13.666666666666668,
    -13.333333333333334,
    -13.0,
    -12.666666666666668,
    -12.333333333333334,
    -12.0,
    -11.666666666666668,
    -11.333333333333334,
    -11.0,
    -10.666666666666668,
    -10.333333333333334,
    -10.0,
    -9.666666666666668,
    -9.333333333333334,
    -9.0,
    -8.666666666666668,
    -8.333333333333334,
    -8.0,
    -7.666666666666668,
    -7.333333333333334,
    -7.0,
    -6.666666666666668,
    -6.333333333333334,
    -6.0,
    -5.666666666666668,
    -5.333333333333334,
    -5.0,
    -4.666666666666668,
    -4.333333333333334,
    -4.0,
    -3.666666666666668,
    -3.3333333333333357,
    -3.0,
    -2.666666666666668,
    -2.3333333333333357,
    -2.0,
    -1.6666666666666679,
    -1.3333333333333357,
    -1.0,
    -0.6666666666666679,
    -0.3333333333333357,
    0.0,
    0.33333333333333215,
    0.6666666666666643,
    1.0,
    1.3333333333333321,
    1.6666666666666643,
    2.0,
    2.333333333333332,
    2.6666666666666643,
    3.0,
    3.333333333333332,
    3.6666666666666643,
    4.0,
    4.333333333333332,
    4.666666666666664,
    5.0,
    5.333333333333332,
    5.666666666666664,
    6.0,
    6.333333333333332,
    6.666666666666664,
    7.0,
    7.333333333333332,
    7.666666666666664,
    8.0,
    8.333333333333332,
    8.666666666666664,
    9.0,
    9.333333333333332,
    9.666666666666664,
    10.0,
    10.333333333333332,
    10.666666666666664,
    11.0,
    11.333333333333332,
    11.666666666666664,
    12.0,
    12.333333333333329,
    12.666666666666664,
    13.0,
    13.333333333333329,
    13.666666666666664,
    14.0,
    14.333333333333329,
    14.666666666666664,
    15.0,
    15.333333333333329,
    15.666666666666664,
    16.0,
    16.33333333333333,
    16.666666666666664,
    17.0,
    17.33333333333333,
    17.666666666666664,
    18.0,
    18.33333333333333,
    18.666666666666664,
    19.0,
    19.33333333333333,
    19.666666666666664,
    20.0
  ],
  "conductance": [
    0.9801757940606186,
    0.9828546854158807,
    0.9860468361653095,
    0.9898394414313283,
    0.9943254345669377,
    0.9995920108260917,
    1.0056954694902274,
    1.0126272045075566,
    1.0202964703907933,
    1.028546653145256,
    1.0371540293847947,
    1.0457659368060976,
    1.0538923599414056,
    1.061070836088287,
    1.0670723033401082,
    1.07194374492143,
    1.0758906749915293,
    1.079125182362995,
    1.081798054607728,
    1.0840392987767768,
    1.0860045658261834,
    1.0878354013891747,
    1.0895706727267396,
    1.0910989015823007,
    1.092180215957765,
    1.092516485604936,
    1.091875861595011,
    1.0902216228346577,
    1.087721339058728,
    1.0846436022929502,
    1.081254780383868,
    1.0777660640172066,
    1.074310459447454,
    1.0709242255411653,
    1.0675399924961522,
    1.0640284119079766,
    1.060289665520596,
    1.0563173892611433,
    1.052183253132546,
    1.0479852031238197,
    1.0438114979089745,
    1.0397291468413254,
    1.0357851470786692,
    1.0320112242662607,
    1.0284283255053477,
    1.025050003300988,
    1.0218847791142736,
    1.0189377571166816,
    1.0162117246595894,
    1.0137079084395322,
    1.0114264996834,
    1.0093670230222451,
    1.0075285982981508,
    1.005910128068117,
    1.0045104328612395,
    1.0033283492183085,
    1.002362800867003,
    1.0016128502233583,
    1.0010777352311706,
    1.00075689501586,
    1.0006499867160241,
    1.0007568950158614,
    1.0010777352311693,
    1.0016128502233583,
    1.002362800867004,
    1.003328349218307,
    1.0045104328612395,
    1.0059101280681182,
    1.0075285982981492,
    1.0093670230222451,
    1.011426499683401,
    1.0137079084395308,
    1.0162117246595888,
    1.0189377571166827,
    1.0218847791142731,
    1.0250500033009877,
    1.028428325505349,
    1.03201122426626,
    1.0357851470786688,
    1.039729146841327,
    1.0438114979089739,
    1.0479852031238193,
    1.0521832531325472,
    1.0563173892611424,
    1.0602896655205956,
    1.064028411907978,
    1.0675399924961517,
    1.0709242255411646,
    1.0743104594474557,
    1.0777660640172062,
    1.0812547803838675,
    1.0846436022929515,
    1.0877213390587275,
    1.0902216228346573,
    1.091875861595012,
    1.0925164856049352,
    1.0921802159577656,
    1.091098901582302,
    1.0895706727267378,
    1.0878354013891753,
    1.0860045658261852,
    1.084039298776775,
    1.0817980546077286,
    1.0791251823629964,
    1.0758906749915276,
    1.0719437449214302,
    1.06707230334011,
    1.0610708360882855,
    1.0538923599414054,
    1.045765936806099,
    1.0371540293847934,
    1.028546653145256,
    1.0202964703907944,
    1.0126272045075555,
    1.0056954694902271,
    0.999592010826093,
    0.9943254345669366,
    0.9898394414313282,
    0.986046836165311,
    0.98285468541588,
    0.9801757940606182
  ],