{
  "bias_mev": [
    -20.0,
    -19.666666666666668,
    -19.333333333333332,
    -19.0,
    -18.666666666666668,
    -18.333333333333332,
    -18.0,
    -17.666666666666668,
    -17.333333333333332,
    -17.0,
    -16.666666666666668,
    -16.333333333333332,
    -16.0,
    -15.666666666666668,
    -15.333333333333334,
    -15.0,
    -14.666666666666668,
    -14.333333333333334,
    -14.0,
    -13.666666666666668,
    -13.333333333333334,
    -13.0,
    -12.666666666666668,
    -12.333333333333334,
    -12.0,
    -11.666666666666668,
    -11.333333333333334,
    -11.0,
    -10.666666666666668,
    -10.333333333333334,
    -10.0,
    -9.666666666666668,
    -9.333333333333334,
    -9.0,
    -8.666666666666668,
    -8.333333333333334,
    -8.0,
    -7.666666666666668,
    -7.333333333333334,
    -7.0,
    -6.666666666666668,
    -6.333333333333334,
    -6.0,
    -5.666666666666668,
    -5.333333333333334,
    -5.0,
    -4.666666666666668,
    -4.333333333333334,
    -4.0,
    -3.666666666666668,
    -3.3333333333333357,
    -3.0,
    -2.666666666666668,
    -2.3333333333333357,
    -2.0,
    -1.6666666666666679,
    -1.3333333333333357,
    -1.0,
    -0.6666666666666679,
    -0.3333333333333357,
    0.0,
    0.33333333333333215,
    0.6666666666666643,
    1.0,
    1.3333333333333321,
    1.6666666666666643,
    2.0,
    2.333333333333332,
    2.6666666666666643,
    3.0,
    3.333333333333332,
    3.6666666666666643,
    4.0,
    4.333333333333332,
    4.666666666666664,
    5.0,
    5.333333333333332,
    5.666666666666664,
    6.0,
    6.333333333333332,
    6.666666666666664,
    7.0,
    7.333333333333332,
    7.666666666666664,
    8.0,
    8.333333333333332,
    8.666666666666664,
    9.0,
    9.333333333333332,
    9.666666666666664,
    10.0,
    10.333333333333332,
    10.666666666666664,
    11.0,
    11.333333333333332,
    11.666666666666664,
    12.0,
    12.333333333333329,
    12.666666666666664,
    13.0,
    13.333333333333329,
    13.666666666666664,
    14.0,
    14.333333333333329,
    14.666666666666664,
    15.0,
    15.333333333333329,
    15.666666666666664,
    16.0,
    16.33333333333333,
    16.666666666666664,
    17.0,
    17.33333333333333,
    17.666666666666664,
    18.0,
    18.33333333333333,
    18.666666666666664,
    19.0,
    19.33333333333333,
    19.666666666666664,
    20.0
  ],
  "conductance": [
    0.976230385314431,
    0.9774981004049507,
    0.9802371743388205,
    0.9845590640864489,
    0.9905532170198432,
    0.9982233484613746,
    1.0073928957615583,
    1.0176482520591876,
    1.0284328050226577,
    1.0392247575307274,
    1.0494315036539508,
    1.0578863986872842,
    1.0626038733012195,
    1.0615313304621614,
    1.0538631042365412,
    1.040544018498557,
    1.0235349585579119,
    1.0047101390882225,
    0.9852929153703519,
    0.9660105217865629,
    0.9474273974965742,
    0.9299053735130138,
    0.9132920991604624,
    0.8967880364330341,
    0.8792020020084199,
    0.8595034135838483,
    0.837441783212088,
    0.813778197400078,
    0.789840883350576,
    0.766851401824339,
    0.7455641772270214,
    0.7262449798977468,
    0.7087668234356224,
    0.6927114858749762,
    0.6775281557306871,
    0.6627973215549297,
    0.6484395798475954,
    0.6346607646748786,
    0.6217273703920078,
    0.6098092253870064,
    0.5989545164542123,
    0.5891289474413076,
    0.5802587367085589,
    0.5722583697711933,
    0.5650445714934074,
    0.5585419916076352,
    0.5526847503627286,
    0.5474161769841849,
    0.5426878856239833,
    0.5384587014768115,
    0.5346936453907742,
    0.5313630477739827,
    0.5284418041481453,
    0.5259087621336359,
    0.5237462227547338,
    0.5219395385451946,
    0.5204767929423256,
    0.5193485481385647,
    0.5185476512143414,
    0.5180690907671262,
    0.5179098983388387,
    0.5180690907671265,
    0.5185476512143411,
    0.5193485481385647,
    0.5204767929423258,
    0.5219395385451943,
    0.5237462227547338,
    0.5259087621336361,
    0.528441804148145,
    0.5313630477739827,
    0.5346936453907747,
    0.5384587014768112,
    0.5426878856239832,
    0.5474161769841851,
    0.5526847503627286,
    0.558541991607635,
    0.5650445714934077,
    0.5722583697711932,
    0.5802587367085589,
    0.5891289474413078,
    0.5989545164542122,
    0.6098092253870061,
    0.6217273703920082,
    0.6346607646748784,
    0.648439579847595,
    0.6627973215549299,
    0.6775281557306867,
    0.692711485874976,
    0.7087668234356226,
    0.7262449798977463,
    0.7455641772270212,
    0.7668514018243394,
    0.7898408833505757,
    0.8137781974000777,
    0.8374417832120883,
    0.8595034135838479,
    0.87920200200842,
    0.8967880364330343,
    0.9132920991604614,
    0.9299053735130143,
    0.9474273974965742,
    0.9660105217865619,
    0.9852929153703521,
    1.0047101390882227,
    1.0235349585579108,
    1.0405440184985575,
    1.0538631042365418,
    1.0615313304621607,
    1.0626038733012195,
    1.0578863986872848,
    1.04943150365395,
    1.0392247575307274,
    1.0284328050226585,
    1.0176482520591872,
    1.0073928957615583,
    0.9982233484613752,
    0.990553217019843,
    0.9845590640864489,
    0.9802371743388211,
    0.9774981004049504,
    0.9762303853144305
  ],