{
  "bias_mev": [
    -20.0,
    -19.666666666666668,
    -19.333333333333332,
    -19.0,
    -18.666666666666668,
    -18.333333333333332,
    -18.0,
    -17.666666666666668,
    -17.333333333333332,
    -17.0,
    -16.666666666666668,
    -16.333333333333332,
    -16.0,
    -15.666666666666668,
    -15.333333333333334,
    -15.0,
    -14.666666666666668,
    -14.333333333333334,
    -14.0,
    -13.666666666666668,
    -13.333333333333334,
    -13.0,
    -12.666666666666668,
    -12.333333333333334,
    -12.0,
    -11.666666666666668,
    -11.333333333333334,
    -11.0,
    -10.666666666666668,
    -10.333333333333334,
    -10.0,
    -9.666666666666668,
    -9.333333333333334,
    -9.0,
    -8.666666666666668,
    -8.333333333333334,
    -8.0,
    -7.666666666666668,
    -7.333333333333334,
    -7.0,
    -6.666666666666668,
    -6.333333333333334,
    -6.0,
    -5.666666666666668,
    -5.333333333333334,
    -5.0,
    -4.666666666666668,
    -4.333333333333334,
    -4.0,
    -3.666666666666668,
    -3.3333333333333357,
    -3.0,
    -2.666666666666668,
    -2.3333333333333357,
    -2.0,
    -1.6666666666666679,
    -1.3333333333333357,
    -1.0,
    -0.6666666666666679,
    -0.3333333333333357,
    0.0,
    0.33333333333333215,
    0.6666666666666643,
    1.0,
    1.3333333333333321,
    1.6666666666666643,
    2.0,
    2.333333333333332,
    2.6666666666666643,
    3.0,
    3.333333333333332,
    3.6666666666666643,
    4.0,
    4.333333333333332,
    4.666666666666664,
    5.0,
    5.333333333333332,
    5.666666666666664,
    6.0,
    6.333333333333332,
    6.666666666666664,
    7.0,
    7.333333333333332,
    7.666666666666664,
    8.0,
    8.333333333333332,
    8.666666666666664,
    9.0,
    9.333333333333332,
    9.666666666666664,
    10.0,
    10.333333333333332,
    10.666666666666664,
    11.0,
    11.333333333333332,
    11.666666666666664,
    12.0,
    12.333333333333329,
    12.666666666666664,
    13.0,
    13.333333333333329,
    13.666666666666664,
    14.0,
    14.333333333333329,
    14.666666666666664,
    15.0,
    15.333333333333329,
    15.666666666666664,
    16.0,
    16.33333333333333,
    16.666666666666664,
    17.0,
    17.33333333333333,
    17.666666666666664,
    18.0,
    18.33333333333333,
    18.666666666666664,
    19.0,
    19.33333333333333,
    19.666666666666664,
    20.0
  ],
  "conductance": [
    0.9644515863984785,
    0.9686684505732492,
    0.974145414854643,
    0.9810081556778091,
    0.9893608662741438,
    0.9992612564724201,
    1.0106856751785915,
    1.0234855653624981,
    1.0373283690420314,
    1.0516046601661342,
    1.065308272185561,
    1.0769886924723342,
    1.084948687519541,
    1.0877386917327487,
    1.0846979725139985,
    1.0761593203942488,
    1.0631966816317133,
    1.0471519314090845,
    1.0292486926396678,
    1.0104182198438356,
    0.9912713311495436,
    0.9721034185071592,
    0.9528976475491489,
    0.9333740783183404,
    0.9131336401839052,
    0.8918756996373922,
    0.8695892583552401,
    0.8466026085533024,
    0.8234636381955913,
    0.8007419433769505,
    0.7788705196068852,
    0.7580773093495439,
    0.7383933744557557,
    0.7197120781481979,
    0.7018815810055149,
    0.6848020998981986,
    0.6684803920835374,
    0.6530127987191534,
    0.6385219345125009,
    0.6250985189388236,
    0.6127767442939601,
    0.6015387342537971,
    0.5913315075055778,
    0.5820841539720828,
    0.5737203456162207,
    0.5661658461547369,
    0.559352301864956,
    0.5532187142882502,
    0.5477116367619079,
    0.5427847512153245,
    0.5383981983461817,
    0.5345178561327234,
    0.5311146593528331,
    0.5281639978878494,
    0.5256452039892338,
    0.5235411259494661,
    0.5218377806041747,
    0.5205240758965046,
    0.5195915953066579,
    0.5190344372561,
    0.5188491041445603,
    0.5190344372561001,
    0.5195915953066579,
    0.5205240758965046,
    0.5218377806041747,
    0.523541125949466,
    0.5256452039892338,
    0.5281639978878495,
    0.5311146593528331,
    0.5345178561327234,
    0.5383981983461817,
    0.5427847512153244,
    0.5477116367619078,
    0.5532187142882502,
    0.5593523018649558,
    0.5661658461547368,
    0.5737203456162207,
    0.5820841539720828,
    0.591331507505578,
    0.6015387342537972,
    0.6127767442939599,
    0.6250985189388236,
    0.6385219345125007,
    0.6530127987191532,
    0.6684803920835374,
    0.6848020998981985,
    0.7018815810055146,
    0.7197120781481978,
    0.7383933744557556,
    0.7580773093495434,
    0.7788705196068852,
    0.8007419433769505,
    0.8234636381955911,
    0.8466026085533023,
    0.8695892583552401,
    0.8918756996373919,
    0.9131336401839053,
    0.9333740783183401,
    0.9528976475491485,
    0.9721034185071592,
    0.991271331149543,
    1.0104182198438354,
    1.0292486926396678,
    1.047151931409084,
    1.0631966816317129,
    1.0761593203942488,
    1.084697972513998,
    1.0877386917327487,
    1.084948687519541,
    1.0769886924723344,
    1.0653082721855611,
    1.0516046601661342,
    1.0373283690420316,
    1.0234855653624984,
    1.0106856751785915,
    0.9992612564724204,
    0.9893608662741438,
    0.981008155677809,
    0.974145414854643,
    0.9686684505732492,
    0.9644515863984783
  ],