{
  "bias_mev": [
    -20.0,
    -19.666666666666668,
    -19.333333333333332,
    -19.0,
    -18.666666666666668,
    -18.333333333333332,
    -18.0,
    -17.666666666666668,
    -17.333333333333332,
    -17.0,
    -16.666666666666668,
    -16.333333333333332,
    -16.0,
    -15.666666666666668,
    -15.333333333333334,
    -15.0,
    -14.666666666666668,
    -14.333333333333334,
    -14.0,
    -13.666666666666668,
    -13.333333333333334,
    -13.0,
    -12.666666666666668,
    -12.333333333333334,
    -12.0,
    -11.666666666666668,
    -11.333333333333334,
    -11.0,
    -10.666666666666668,
    -10.333333333333334,
    -10.0,
    -9.666666666666668,
    -9.333333333333334,
    -9.0,
    -8.666666666666668,
    -8.333333333333334,
    -8.0,
    -7.666666666666668,
    -7.333333333333334,
    -7.0,
    -6.666666666666668,
    -6.333333333333334,
    -6.0,
    -5.666666666666668,
    -5.333333333333334,
    -5.0,
    -4.666666666666668,
    -4.333333333333334,
    -4.0,
    -3.666666666666668,
    -3.3333333333333357,
    -3.0,
    -2.666666666666668,
    -2.3333333333333357,
    -2.0,
    -1.6666666666666679,
    -1.3333333333333357,
    -1.0,
    -0.6666666666666679,
    -0.3333333333333357,
    0.0,
    0.33333333333333215,
    0.6666666666666643,
    1.0,
    1.3333333333333321,
    1.6666666666666643,
    2.0,
    2.333333333333332,
    2.6666666666666643,
    3.0,
    3.333333333333332,
    3.6666666666666643,
    4.0,
    4.333333333333332,
    4.666666666666664,
    5.0,
    5.333333333333332,
    5.666666666666664,
    6.0,
    6.333333333333332,
    6.666666666666664,
    7.0,
    7.333333333333332,
    7.666666666666664,
    8.0,
    8.333333333333332,
    8.666666666666664,
    9.0,
    9.333333333333332,
    9.666666666666664,
    10.0,
    10.333333333333332,
    10.666666666666664,
    11.0,
    11.333333333333332,
    11.666666666666664,
    12.0,
    12.333333333333329,
    12.666666666666664,
    13.0,
    13.333333333333329,
    13.666666666666664,
    14.0,
    14.333333333333329,
    14.666666666666664,
    15.0,
    15.333333333333329,
    15.666666666666664,
    16.0,
    16.33333333333333,
    16.666666666666664,
    17.0,
    17.33333333333333,
    17.666666666666664,
    18.0,
    18.33333333333333,
    18.666666666666664,
    19.0,
    19.33333333333333,
    19.666666666666664,
    20.0
  ],
  "conductance": [
    0.9723423525704677,
    0.9740648885474322,
    0.9773773525621225,
    0.9824086450785696,
    0.9892776544986022,
    0.9980341519448692,
    1.0085523394943965,
    1.0204070340605993,
    1.032821867296717,
    1.0447137139462224,
    1.0546528026508848,
    1.060731410541476,
    1.0609123983927626,
    1.0540810483373968,
    1.0408119361257209,
    1.0229939678559683,
    1.002774787155284,
    0.9817311468589297,
    0.9607369908812681,
    0.9403362409132308,
    0.9209990584993673,
    0.9029553362031892,
    0.8859118913723119,
    0.8690316291921925,
    0.8511979823900649,
    0.8314313211470571,
    0.8094017043939004,
    0.7857275110109004,
    0.7616677640096811,
    0.7384769188007768,
    0.7169845047492932,
    0.6975294864490856,
    0.6800523091970566,
    0.6641920908893512,
    0.649399521754632,
    0.6351489893856103,
    0.6211958219368352,
    0.6076484675482585,
    0.5947890399275492,
    0.5828573915536007,
    0.5719642866632955,
    0.5621105990508507,
    0.5532356009263845,
    0.5452547327318754,
    0.5380806730873939,
    0.5316327354288928,
    0.5258399956553409,
    0.5206415478749206,
    0.5159856403723275,
    0.5118284969181671,
    0.5081331573065725,
    0.5048684555523076,
    0.5020081623664364,
    0.49953028292686086,
    0.4974164897081506,
    0.4956516688342297,
    0.4942235607746831,
    0.49312247957835875,
    0.492341098192723,
    0.491874290412678,
    0.49171902258410427,
    0.491874290412678,
    0.4923410981927228,
    0.4931224795783588,
    0.4942235607746833,
    0.49565166883422945,
    0.4974164897081506,
    0.4995302829268611,
    0.5020081623664364,
    0.5048684555523075,
    0.5081331573065727,
    0.511828496918167,
    0.5159856403723274,
    0.5206415478749208,
    0.5258399956553408,
    0.5316327354288928,
    0.5380806730873942,
    0.5452547327318752,
    0.5532356009263846,
    0.562110599050851,
    0.5719642866632951,
    0.5828573915536008,
    0.5947890399275493,
    0.6076484675482582,
    0.6211958219368349,
    0.6351489893856103,
    0.6493995217546318,
    0.664192090889351,
    0.6800523091970568,
    0.6975294864490854,
    0.7169845047492931,
    0.7384769188007773,
    0.7616677640096806,
    0.7857275110109001,
    0.8094017043939004,
    0.8314313211470566,
    0.8511979823900653,
    0.8690316291921928,
    0.885911891372311,
    0.9029553362031895,
    0.9209990584993675,
    0.94033624091323,
    0.9607369908812683,
    0.9817311468589301,
    1.0027747871552832,
    1.022993967855969,
    1.0408119361257213,
    1.0540810483373961,
    1.0609123983927629,
    1.0607314105414767,
    1.0546528026508846,
    1.0447137139462224,
    1.032821867296718,
    1.0204070340605988,
    1.0085523394943965,
    0.9980341519448698,
    0.9892776544986018,
    0.9824086450785698,
    0.9773773525621234,
    0.9740648885474322,
    0.9723423525704677
  ],