{
  "bias_mev": [
    -20.0,
    -19.666666666666668,
    -19.333333333333332,
    -19.0,
    -18.666666666666668,
    -18.333333333333332,
    -18.0,
    -17.666666666666668,
    -17.333333333333332,
    -17.0,
    -16.666666666666668,
    -16.333333333333332,
    -16.0,
    -15.666666666666668,
    -15.333333333333334,
    -15.0,
    -14.666666666666668,
    -14.333333333333334,
    -14.0,
    -13.666666666666668,
    -13.333333333333334,
    -13.0,
    -12.666666666666668,
    -12.333333333333334,
    -12.0,
    -11.666666666666668,
    -11.333333333333334,
    -11.0,
    -10.666666666666668,
    -10.333333333333334,
    -10.0,
    -9.666666666666668,
    -9.333333333333334,
    -9.0,
    -8.666666666666668,
    -8.333333333333334,
    -8.0,
    -7.666666666666668,
    -7.333333333333334,
    -7.0,
    -6.666666666666668,
    -6.333333333333334,
    -6.0,
    -5.666666666666668,
    -5.333333333333334,
    -5.0,
    -4.666666666666668,
    -4.333333333333334,
    -4.0,
    -3.666666666666668,
    -3.3333333333333357,
    -3.0,
    -2.666666666666668,
    -2.3333333333333357,
    -2.0,
    -1.6666666666666679,
    -1.3333333333333357,
    -1.0,
    -0.6666666666666679,
    -0.3333333333333357,
    0.0,
    0.33333333333333215,
    0.6666666666666643,
    1.0,
    1.3333333333333321,
    1.6666666666666643,
    2.0,
    2.333333333333332,
    2.6666666666666643,
    3.0,
    3.333333333333332,
    3.6666666666666643,
    4.0,
    4.333333333333332,
    4.666666666666664,
    5.0,
    5.333333333333332,
    5.666666666666664,
    6.0,
    6.333333333333332,
    6.666666666666664,
    7.0,
    7.333333333333332,
    7.666666666666664,
    8.0,
    8.333333333333332,
    8.666666666666664,
    9.0,
    9.333333333333332,
    9.666666666666664,
    10.0,
    10.333333333333332,
    10.666666666666664,
    11.0,
    11.333333333333332,
    11.666666666666664,
    12.0,
    12.333333333333329,
    12.666666666666664,
    13.0,
    13.333333333333329,
    13.666666666666664,
    14.0,
    14.333333333333329,
    14.666666666666664,
    15.0,
    15.333333333333329,
    15.666666666666664,
    16.0,
    16.33333333333333,
    16.666666666666664,
    17.0,
    17.33333333333333,
    17.666666666666664,
    18.0,
    18.33333333333333,
    18.666666666666664,
    19.0,
    19.33333333333333,
    19.666666666666664,
    20.0
  ],
  "conductance": [
    0.960634239976693,
    0.9651473097534539,
    0.9710730760741195,
    0.9785585304962815,
    0.9877422450221813,
    0.9987252630015924,
    1.0115248115267497,
    1.0260245707222875,
    1.0419285072379378,
    1.0586414461887026,
    1.0749382090925128,
    1.0885741606656971,
    1.0965160453281313,
    1.0962443354457496,
    1.0872139590001324,
    1.0709981865262637,
    1.0501491619569134,
    1.0269852933815233,
    1.0030665162905386,
    0.9792994804859227,
    0.9562087134518206,
    0.9340021803925699,
    0.9124573075868724,
    0.8908896123526273,
    0.8683853781776796,
    0.8442631295464507,
    0.818517591335073,
    0.7918815554920582,
    0.765419119756625,
    0.7400372105996731,
    0.7162554458354077,
    0.6942111032080885,
    0.6737429735395425,
    0.6544938460728623,
    0.6360729027029801,
    0.6182721328790782,
    0.6011763953600413,
    0.5850497198754265,
    0.570133723331572,
    0.5565411417147887,
    0.5442628284571548,
    0.5332173590710416,
    0.5232944595625744,
    0.5143805681380805,
    0.5063706126792158,
    0.49917203826978185,
    0.49270518347054837,
    0.48690219926561384,
    0.48170554224460055,
    0.47706647790227924,
    0.4729437523991026,
    0.4693024709816456,
    0.4661131737752588,
    0.4633510840586671,
    0.4609955017465714,
    0.45902931739269415,
    0.4574386260725815,
    0.4562124246104501,
    0.45534237929074206,
    0.45482265434056435,
    0.4546497941326534,
    0.4548226543405645,
    0.45534237929074184,
    0.45621242461045003,
    0.45743862607258173,
    0.45902931739269387,
    0.46099550174657145,
    0.46335108405866715,
    0.4661131737752586,
    0.4693024709816456,
    0.47294375239910275,
    0.47706647790227896,
    0.48170554224460044,
    0.48690219926561396,
    0.4927051834705483,
    0.49917203826978185,
    0.5063706126792159,
    0.5143805681380803,
    0.5232944595625743,
    0.5332173590710417,
    0.5442628284571546,
    0.5565411417147887,
    0.5701337233315721,
    0.5850497198754263,
    0.6011763953600411,
    0.6182721328790786,
    0.6360729027029797,
    0.6544938460728622,
    0.6737429735395428,
    0.6942111032080881,
    0.7162554458354076,
    0.7400372105996733,
    0.7654191197566245,
    0.7918815554920581,
    0.818517591335073,
    0.8442631295464501,
    0.86838537817768,
    0.8908896123526274,
    0.9124573075868716,
    0.9340021803925701,
    0.9562087134518206,
    0.9792994804859217,
    1.0030665162905388,
    1.0269852933815233,
    1.0501491619569123,
    1.0709981865262637,
    1.0872139590001328,
    1.0962443354457487,
    1.0965160453281315,
    1.0885741606656978,
    1.0749382090925128,
    1.0586414461887026,
    1.0419285072379385,
    1.0260245707222873,
    1.01152481152675,
    0.9987252630015929,
    0.9877422450221811,
    0.9785585304962815,
    0.9710730760741204,
    0.9651473097534538,
    0.9606342399766926
  ],