{
  "bias_mev": [
    -20.0,
    -19.666666666666668,
    -19.333333333333332,
    -19.0,
    -18.666666666666668,
    -18.333333333333332,
    -18.0,
    -17.666666666666668,
    -17.333333333333332,
    -17.0,
    -16.666666666666668,
    -16.333333333333332,
    -16.0,
    -15.666666666666668,
    -15.333333333333334,
    -15.0,
    -14.666666666666668,
    -14.333333333333334,
    -14.0,
    -13.666666666666668,
    -13.333333333333334,
    -13.0,
    -12.666666666666668,
    -12.333333333333334,
    -12.0,
    -11.666666666666668,
    -11.333333333333334,
    -11.0,
    -10.666666666666668,
    -10.333333333333334,
    -10.0,
    -9.666666666666668,
    -9.333333333333334,
    -9.0,
    -8.666666666666668,
    -8.333333333333334,
    -8.0,
    -7.666666666666668,
    -7.333333333333334,
    -7.0,
    -6.666666666666668,
    -6.333333333333334,
    -6.0,
    -5.666666666666668,
    -5.333333333333334,
    -5.0,
    -4.666666666666668,
    -4.333333333333334,
    -4.0,
    -3.666666666666668,
    -3.3333333333333357,
    -3.0,
    -2.666666666666668,
    -2.3333333333333357,
    -2.0,
    -1.6666666666666679,
    -1.3333333333333357,
    -1.0,
    -0.6666666666666679,
    -0.3333333333333357,
    0.0,
    0.33333333333333215,
    0.6666666666666643,
    1.0,
    1.3333333333333321,
    1.6666666666666643,
    2.0,
    2.333333333333332,
    2.6666666666666643,
    3.0,
    3.333333333333332,
    3.6666666666666643,
    4.0,
    4.333333333333332,
    4.666666666666664,
    5.0,
    5.333333333333332,
    5.666666666666664,
    6.0,
    6.333333333333332,
    6.666666666666664,
    7.0,
    7.333333333333332,
    7.666666666666664,
    8.0,
    8.333333333333332,
    8.666666666666664,
    9.0,
    9.333333333333332,
    9.666666666666664,
    10.0,
    10.333333333333332,
    10.666666666666664,
    11.0,
    11.333333333333332,
    11.666666666666664,
    12.0,
    12.333333333333329,
    12.666666666666664,
    13.0,
    13.333333333333329,
    13.666666666666664,
    14.0,
    14.333333333333329,
    14.666666666666664,
    15.0,
    15.333333333333329,
    15.666666666666664,
    16.0,
    16.33333333333333,
    16.666666666666664,
    17.0,
    17.33333333333333,
    17.666666666666664,
    18.0,
    18.33333333333333,
    18.666666666666664,
    19.0,
    19.33333333333333,
    19.666666666666664,
    20.0
  ],
  "conductance": [
    0.9744498230590677,
    0.9771724361087976,
    0.9809087505858436,
    0.9857477949934152,
    0.9917699046313698,
    0.9990266733907776,
    1.0075044940043392,
    1.017091828387932,
    1.0275887993104782,
    1.038739495527979,
    1.0501426376772829,
    1.0609752887748414,
    1.0698243926583975,
    1.0750790864744066,
    1.0757809559122498,
    1.072101486025094,
    1.0650268169739838,
    1.0557052124009643,
    1.0450113491203723,
    1.0335124914946394,
    1.0216219703320093,
    1.0096188071030632,
    0.9975019265853365,
    0.9848982563843336,
    0.9711885279763137,
    0.9558169042427299,
    0.9386304667367273,
    0.920015461855961,
    0.9006998240926023,
    0.8814327533263508,
    0.8627878018874433,
    0.8450968147284488,
    0.828421469050144,
    0.8125493100839121,
    0.797098364443161,
    0.7817641666822647,
    0.7665317137398635,
    0.7516416753279966,
    0.7373951733225534,
    0.7240114998226796,
    0.7115979507478715,
    0.70017706934099,
    0.6897217761839218,
    0.6801809692421856,
    0.671494762759641,
    0.6636026166721204,
    0.6564472980103905,
    0.6499765754577349,
    0.6441437394693078,
    0.6389075440116178,
    0.634231886400444,
    0.6300853897430216,
    0.6264409711857105,
    0.6232754360916516,
    0.6205691157161904,
    0.6183055543870136,
    0.6164712465228908,
    0.6150554212945284,
    0.6140498718648206,
    0.6134488261474103,
    0.6132488564650683,
    0.6134488261474111,
    0.6140498718648199,
    0.6150554212945283,
    0.6164712465228916,
    0.6183055543870128,
    0.6205691157161904,
    0.6232754360916524,
    0.6264409711857097,
    0.6300853897430218,
    0.6342318864004447,
    0.638907544011617,
    0.6441437394693075,
    0.6499765754577357,
    0.6564472980103899,
    0.6636026166721202,
    0.6714947627596419,
    0.6801809692421851,
    0.6897217761839214,
    0.7001770693409909,
    0.711597950747871,
    0.7240114998226792,
    0.7373951733225542,
    0.7516416753279961,
    0.7665317137398632,
    0.7817641666822656,
    0.7970983644431602,
    0.8125493100839115,
    0.8284214690501448,
    0.8450968147284481,
    0.8627878018874428,
    0.881432753326352,
    0.9006998240926015,
    0.9200154618559604,
    0.9386304667367283,
    0.9558169042427288,
    0.9711885279763139,
    0.9848982563843345,
    0.9975019265853347,
    1.0096188071030636,
    1.0216219703320102,
    1.0335124914946374,
    1.045011349120373,
    1.0557052124009654,
    1.0650268169739816,
    1.072101486025095,
    1.0757809559122513,
    1.075079086474405,
    1.069824392658398,
    1.0609752887748427,
    1.0501426376772818,
    1.0387394955279785,
    1.0275887993104798,
    1.0170918283879307,
    1.007504494004339,
    0.9990266733907788,
    0.9917699046313686,
    0.9857477949934152,
    0.980908750585845,
    0.977172436108797,
    0.974449823059067
  ],