{
  "bias_mev": [
    -20.0,
    -19.666666666666668,
    -19.333333333333332,
    -19.0,
    -18.666666666666668,
    -18.333333333333332,
    -18.0,
    -17.666666666666668,
    -17.333333333333332,
    -17.0,
    -16.666666666666668,
    -16.333333333333332,
    -16.0,
    -15.666666666666668,
    -15.333333333333334,
    -15.0,
    -14.666666666666668,
    -14.333333333333334,
    -14.0,
    -13.666666666666668,
    -13.333333333333334,
    -13.0,
    -12.666666666666668,
    -12.333333333333334,
    -12.0,
    -11.666666666666668,
    -11.333333333333334,
    -11.0,
    -10.666666666666668,
    -10.333333333333334,
    -10.0,
    -9.666666666666668,
    -9.333333333333334,
    -9.0,
    -8.666666666666668,
    -8.333333333333334,
    -8.0,
    -7.666666666666668,
    -7.333333333333334,
    -7.0,
    -6.666666666666668,
    -6.333333333333334,
    -6.0,
    -5.666666666666668,
    -5.333333333333334,
    -5.0,
    -4.666666666666668,
    -4.333333333333334,
    -4.0,
    -3.666666666666668,
    -3.3333333333333357,
    -3.0,
    -2.666666666666668,
    -2.3333333333333357,
    -2.0,
    -1.6666666666666679,
    -1.3333333333333357,
    -1.0,
    -0.6666666666666679,
    -0.3333333333333357,
    0.0,
    0.33333333333333215,
    0.6666666666666643,
    1.0,
    1.3333333333333321,
    1.6666666666666643,
    2.0,
    2.333333333333332,
    2.6666666666666643,
    3.0,
    3.333333333333332,
    3.6666666666666643,
    4.0,
    4.333333333333332,
    4.666666666666664,
    5.0,
    5.333333333333332,
    5.666666666666664,
    6.0,
    6.333333333333332,
    6.666666666666664,
    7.0,
    7.333333333333332,
    7.666666666666664,
    8.0,
    8.333333333333332,
    8.666666666666664,
    9.0,
    9.333333333333332,
    9.666666666666664,
    10.0,
    10.333333333333332,
    10.666666666666664,
    11.0,
    11.333333333333332,
    11.666666666666664,
    12.0,
    12.333333333333329,
    12.666666666666664,
    13.0,
    13.333333333333329,
    13.666666666666664,
    14.0,
    14.333333333333329,
    14.666666666666664,
    15.0,
    15.333333333333329,
    15.666666666666664,
    16.0,
    16.33333333333333,
    16.666666666666664,
    17.0,
    17.33333333333333,
    17.666666666666664,
    18.0,
    18.33333333333333,
    18.666666666666664,
    19.0,
    19.33333333333333,
    19.666666666666664,
    20.0
  ],
  "conductance": [
    0.9708496360196178,
    0.9749049929755303,
    0.9796504521092804,
    0.9852126461636881,
    0.9917305907036318,
    0.9993440990964639,
    1.008170891862082,
    1.0182776140365688,
    1.0296567961952534,
    1.042202280837883,
    1.0556390256212447,
    1.0694064481860832,
    1.0826367437217017,
    1.09438289457959,
    1.1039889178880147,
    1.1112937662808289,
    1.1165429228678354,
    1.1201521077037164,
    1.1225180947287963,
    1.1239651638673422,
    1.1247750692404095,
    1.1251876576827178,
    1.125332948130481,
    1.1251554227661142,
    1.124408284488454,
    1.1227478223334497,
    1.1198999178108175,
    1.1158061258228797,
    1.1106435054462636,
    1.104723177683076,
    1.0983681890419774,
    1.0918376541487738,
    1.0852946746857466,
    1.0787972091438165,
    1.0723124816096137,
    1.0657684135217762,
    1.0591249469641362,
    1.0524129370974935,
    1.0457177852112962,
    1.0391391729830266,
    1.0327622483048537,
    1.0266481224625812,
    1.0208358605280496,
    1.0153480584417571,
    1.0101961686384753,
    1.0053845003632806,
    1.0009129452664791,
    0.9967787578894903,
    0.9929777010577758,
    0.9895047813639338,
    0.9863547234977299,
    0.9835222780475357,
    0.9810024223070738,
    0.9787904916570827,
    0.9768822654746552,
    0.975274023046675,
    0.9739625796250311,
    0.9729453093437055,
    0.9722201594872313,
    0.9717856591103193,
    0.9716409239840622,
    0.9717856591103194,
    0.9722201594872311,
    0.9729453093437056,
    0.9739625796250312,
    0.9752740230466749,
    0.9768822654746551,
    0.9787904916570828,
    0.9810024223070737,
    0.9835222780475358,
    0.9863547234977298,
    0.9895047813639337,
    0.9929777010577756,
    0.9967787578894906,
    1.000912945266479,
    1.0053845003632806,
    1.0101961686384755,
    1.015348058441757,
    1.0208358605280496,
    1.0266481224625814,
    1.0327622483048535,
    1.0391391729830266,
    1.0457177852112967,
    1.0524129370974933,
    1.0591249469641364,
    1.0657684135217762,
    1.0723124816096137,
    1.0787972091438165,
    1.0852946746857466,
    1.0918376541487738,
    1.0983681890419774,
    1.104723177683076,
    1.1106435054462636,
    1.1158061258228797,
    1.1198999178108178,
    1.1227478223334497,
    1.1244082844884542,
    1.1251554227661145,
    1.1253329481304806,
    1.125187657682718,
    1.12477506924041,
    1.123965163867342,
    1.1225180947287963,
    1.1201521077037169,
    1.1165429228678352,
    1.1112937662808289,
    1.1039889178880151,
    1.0943828945795897,
    1.0826367437217015,
    1.0694064481860837,
    1.0556390256212447,
    1.042202280837883,
    1.0296567961952536,
    1.0182776140365688,
    1.008170891862082,
    0.9993440990964642,
    0.9917305907036317,
    0.9852126461636879,
    0.9796504521092805,
    0.9749049929755301,
    0.9708496360196177
  ],