{
  "bias_mev": [
    -20.0,
    -19.666666666666668,
    -19.333333333333332,
    -19.0,
    -18.666666666666668,
    -18.333333333333332,
    -18.0,
    -17.666666666666668,
    -17.333333333333332,
    -17.0,
    -16.666666666666668,
    -16.333333333333332,
    -16.0,
    -15.666666666666668,
    -15.333333333333334,
    -15.0,
    -14.666666666666668,
    -14.333333333333334,
    -14.0,
    -13.666666666666668,
    -13.333333333333334,
    -13.0,
    -12.666666666666668,
    -12.333333333333334,
    -12.0,
    -11.666666666666668,
    -11.333333333333334,
    -11.0,
    -10.666666666666668,
    -10.333333333333334,
    -10.0,
    -9.666666666666668,
    -9.333333333333334,
    -9.0,
    -8.666666666666668,
    -8.333333333333334,
    -8.0,
    -7.666666666666668,
    -7.333333333333334,
    -7.0,
    -6.666666666666668,
    -6.333333333333334,
    -6.0,
    -5.666666666666668,
    -5.333333333333334,
    -5.0,
    -4.666666666666668,
    -4.333333333333334,
    -4.0,
    -3.666666666666668,
    -3.3333333333333357,
    -3.0,
    -2.666666666666668,
    -2.3333333333333357,
    -2.0,
    -1.6666666666666679,
    -1.3333333333333357,
    -1.0,
    -0.6666666666666679,
    -0.3333333333333357,
    0.0,
    0.33333333333333215,
    0.6666666666666643,
    1.0,
    1.3333333333333321,
    1.6666666666666643,
    2.0,
    2.333333333333332,
    2.6666666666666643,
    3.0,
    3.333333333333332,
    3.6666666666666643,
    4.0,
    4.333333333333332,
    4.666666666666664,
    5.0,
    5.333333333333332,
    5.666666666666664,
    6.0,
    6.333333333333332,
    6.666666666666664,
    7.0,
    7.333333333333332,
    7.666666666666664,
    8.0,
    8.333333333333332,
    8.666666666666664,
    9.0,
    9.333333333333332,
    9.666666666666664,
    10.0,
    10.333333333333332,
    10.666666666666664,
    11.0,
    11.333333333333332,
    11.666666666666664,
    12.0,
    12.333333333333329,
    12.666666666666664,
    13.0,
    13.333333333333329,
    13.666666666666664,
    14.0,
    14.333333333333329,
    14.666666666666664,
    15.0,
    15.333333333333329,
    15.666666666666664,
    16.0,
    16.33333333333333,
    16.666666666666664,
    17.0,
    17.33333333333333,
    17.666666666666664,
    18.0,
    18.33333333333333,
    18.666666666666664,
    19.0,
    19.33333333333333,
    19.666666666666664,
    20.0
  ],
  "conductance": [
    0.9675410878854332,
    0.9720122407433598,
    0.9776083667799009,
    0.9843650831184244,
    0.9922668034595088,
    1.0012210401163355,
    1.0110250365813578,
    1.0213267020438135,
    1.0315855762643487,
    1.0410480630075163,
    1.0487649167738684,
    1.053686499100708,
    1.0548489959716938,
    1.0516050927412022,
    1.0437967540848403,
    1.0317786897744126,
    1.016284389147121,
    0.9982115529887041,
    0.9784235401880389,
    0.9576215076784726,
    0.9362888687588915,
    0.9146854892150609,
    0.8928758047209939,
    0.8707889441865577,
    0.8483083454852002,
    0.8253718044377276,
    0.8020467064762072,
    0.7785482224488834,
    0.7551946605090003,
    0.7323262267395947,
    0.7102269528165225,
    0.6890786460754282,
    0.6689550764573563,
    0.6498491219570528,
    0.6317177458485403,
    0.6145260605077905,
    0.5982731036894715,
    0.5829915999564481,
    0.5687282952194315,
    0.5555199915163609,
    0.5433777492001743,
    0.5322829840414923,
    0.5221923339631712,
    0.5130462059985309,
    0.5047771888789797,
    0.49731653920766483,
    0.4905984124483176,
    0.4845622117838582,
    0.4791536131269913,
    0.4743247653999776,
    0.47003403292425877,
    0.4662455202440978,
    0.46292852385211414,
    0.4600569908897897,
    0.4576090249712189,
    0.45556645610583085,
    0.45391447914067257,
    0.4526413589557191,
    0.4517381981070794,
    0.45119876207515724,
    0.45101935778305624,
    0.45119876207515724,
    0.4517381981070794,
    0.45264135895571905,
    0.45391447914067257,
    0.45556645610583085,
    0.4576090249712188,
    0.4600569908897896,
    0.46292852385211414,
    0.4662455202440979,
    0.4700340329242587,
    0.47432476539997753,
    0.4791536131269913,
    0.4845622117838583,
    0.4905984124483174,
    0.49731653920766483,
    0.5047771888789796,
    0.5130462059985308,
    0.5221923339631711,
    0.5322829840414922,
    0.5433777492001742,
    0.5555199915163609,
    0.5687282952194315,
    0.5829915999564479,
    0.5982731036894715,
    0.6145260605077904,
    0.63171774584854,
    0.6498491219570528,
    0.6689550764573562,
    0.6890786460754281,
    0.7102269528165224,
    0.7323262267395945,
    0.755194660509,
    0.7785482224488834,
    0.8020467064762071,
    0.8253718044377274,
    0.8483083454852002,
    0.8707889441865573,
    0.8928758047209936,
    0.9146854892150609,
    0.9362888687588912,
    0.9576215076784724,
    0.9784235401880388,
    0.9982115529887038,
    1.0162843891471207,
    1.0317786897744126,
    1.04379675408484,
    1.0516050927412022,
    1.0548489959716938,
    1.053686499100708,
    1.0487649167738684,
    1.0410480630075163,
    1.0315855762643487,
    1.0213267020438135,
    1.0110250365813578,
    1.0012210401163355,
    0.9922668034595088,
    0.9843650831184243,
    0.9776083667799013,
    0.9720122407433598,
    0.9675410878854331
  ],