{
  "bias_mev": [
    -20.0,
    -19.666666666666668,
    -19.333333333333332,
    -19.0,
    -18.666666666666668,
    -18.333333333333332,
    -18.0,
    -17.666666666666668,
    -17.333333333333332,
    -17.0,
    -16.666666666666668,
    -16.333333333333332,
    -16.0,
    -15.666666666666668,
    -15.333333333333334,
    -15.0,
    -14.666666666666668,
    -14.333333333333334,
    -14.0,
    -13.666666666666668,
    -13.333333333333334,
    -13.0,
    -12.666666666666668,
    -12.333333333333334,
    -12.0,
    -11.666666666666668,
    -11.333333333333334,
    -11.0,
    -10.666666666666668,
    -10.333333333333334,
    -10.0,
    -9.666666666666668,
    -9.333333333333334,
    -9.0,
    -8.666666666666668,
    -8.333333333333334,
    -8.0,
    -7.666666666666668,
    -7.333333333333334,
    -7.0,
    -6.666666666666668,
    -6.333333333333334,
    -6.0,
    -5.666666666666668,
    -5.333333333333334,
    -5.0,
    -4.666666666666668,
    -4.333333333333334,
    -4.0,
    -3.666666666666668,
    -3.3333333333333357,
    -3.0,
    -2.666666666666668,
    -2.3333333333333357,
    -2.0,
    -1.6666666666666679,
    -1.3333333333333357,
    -1.0,
    -0.6666666666666679,
    -0.3333333333333357,
    0.0,
    0.33333333333333215,
    0.6666666666666643,
    1.0,
    1.3333333333333321,
    1.6666666666666643,
    2.0,
    2.333333333333332,
    2.6666666666666643,
    3.0,
    3.333333333333332,
    3.6666666666666643,
    4.0,
    4.333333333333332,
    4.666666666666664,
    5.0,
    5.333333333333332,
    5.666666666666664,
    6.0,
    6.333333333333332,
    6.666666666666664,
    7.0,
    7.333333333333332,
    7.666666666666664,
    8.0,
    8.333333333333332,
    8.666666666666664,
    9.0,
    9.333333333333332,
    9.666666666666664,
    10.0,
    10.333333333333332,
    10.666666666666664,
    11.0,
    11.333333333333332,
    11.666666666666664,
    12.0,
    12.333333333333329,
    12.666666666666664,
    13.0,
    13.333333333333329,
    13.666666666666664,
    14.0,
    14.333333333333329,
    14.666666666666664,
    15.0,
    15.333333333333329,
    15.666666666666664,
    16.0,
    16.33333333333333,
    16.666666666666664,
    17.0,
    17.33333333333333,
    17.666666666666664,
    18.0,
    18.33333333333333,
    18.666666666666664,
    19.0,
    19.33333333333333,
    19.666666666666664,
    20.0
  ],
  "conductance": [
    0.9798381589333881,
    0.9808804287029325,
    0.9831914143600278,
    0.9868595591141235,
    0.9919508797332088,
    0.9984686006323531,
    1.0062880010286395,
    1.015084963416357,
    1.0242989447421667,
    1.0331390493368025,
    1.0405722825055637,
    1.045319447833219,
    1.0460900903426478,
    1.0421174481172355,
    1.033563797179172,
    1.0213934258748005,
    1.0068607472527715,
    0.9910399379397377,
    0.9746695857557546,
    0.958261233129742,
    0.9422010828484106,
    0.926683960487504,
    0.9115863839558466,
    0.8964544711564699,
    0.8806488985808291,
    0.8635960011449196,
    0.8450807968050307,
    0.8254161804103806,
    0.8053152301156875,
    0.7855677549427598,
    0.7667786502301883,
    0.7492736883067485,
    0.7331136598261385,
    0.718144663396063,
    0.704075706303393,
    0.6906065898811495,
    0.6775714149099934,
    0.6649933597173506,
    0.6530127818196564,
    0.6417757048040403,
    0.6313703430849582,
    0.6218203454014619,
    0.6131039186072009,
    0.6051749997759339,
    0.5979781670454992,
    0.5914571753156324,
    0.5855591605862241,
    0.5802363598377909,
    0.5754465451830804,
    0.571152851282065,
    0.5673233528784829,
    0.5639305700558689,
    0.5609509845158582,
    0.5583646023620514,
    0.5561545754411076,
    0.554306882360689,
    0.5528100656662646,
    0.5516550201279778,
    0.5508348270454011,
    0.5503446301103887,
    0.5501815492792562,
    0.5503446301103893,
    0.5508348270454005,
    0.551655020127978,
    0.5528100656662651,
    0.5543068823606887,
    0.5561545754411077,
    0.5583646023620519,
    0.5609509845158578,
    0.563930570055869,
    0.5673233528784835,
    0.5711528512820645,
    0.5754465451830801,
    0.5802363598377913,
    0.5855591605862239,
    0.5914571753156322,
    0.5979781670454997,
    0.6051749997759337,
    0.6131039186072009,
    0.6218203454014624,
    0.631370343084958,
    0.6417757048040401,
    0.6530127818196567,
    0.6649933597173502,
    0.6775714149099932,
    0.69060658988115,
    0.7040757063033926,
    0.7181446633960629,
    0.7331136598261391,
    0.7492736883067481,
    0.7667786502301882,
    0.7855677549427604,
    0.8053152301156871,
    0.8254161804103802,
    0.8450807968050312,
    0.863596001144919,
    0.8806488985808293,
    0.8964544711564703,
    0.9115863839558452,
    0.9266839604875046,
    0.9422010828484112,
    0.9582612331297405,
    0.9746695857557548,
    0.9910399379397378,
    1.00686074725277,
    1.0213934258748005,
    1.0335637971791733,
    1.0421174481172342,
    1.0460900903426475,
    1.04531944783322,
    1.040572282505563,
    1.033139049336802,
    1.0242989447421673,
    1.0150849634163561,
    1.0062880010286395,
    0.9984686006323541,
    0.9919508797332081,
    0.9868595591141233,
    0.9831914143600287,
    0.9808804287029319,
    0.9798381589333875
  ],