{
  "bias_mev": [
    -20.0,
    -19.666666666666668,
    -19.333333333333332,
    -19.0,
    -18.666666666666668,
    -18.333333333333332,
    -18.0,
    -17.666666666666668,
    -17.333333333333332,
    -17.0,
    -16.666666666666668,
    -16.333333333333332,
    -16.0,
    -15.666666666666668,
    -15.333333333333334,
    -15.0,
    -14.666666666666668,
    -14.333333333333334,
    -14.0,
    -13.666666666666668,
    -13.333333333333334,
    -13.0,
    -12.666666666666668,
    -12.333333333333334,
    -12.0,
    -11.666666666666668,
    -11.333333333333334,
    -11.0,
    -10.666666666666668,
    -10.333333333333334,
    -10.0,
    -9.666666666666668,
    -9.333333333333334,
    -9.0,
    -8.666666666666668,
    -8.333333333333334,
    -8.0,
    -7.666666666666668,
    -7.333333333333334,
    -7.0,
    -6.666666666666668,
    -6.333333333333334,
    -6.0,
    -5.666666666666668,
    -5.333333333333334,
    -5.0,
    -4.666666666666668,
    -4.333333333333334,
    -4.0,
    -3.666666666666668,
    -3.3333333333333357,
    -3.0,
    -2.666666666666668,
    -2.3333333333333357,
    -2.0,
    -1.6666666666666679,
    -1.3333333333333357,
    -1.0,
    -0.6666666666666679,
    -0.3333333333333357,
    0.0,
    0.33333333333333215,
    0.6666666666666643,
    1.0,
    1.3333333333333321,
    1.6666666666666643,
    2.0,
    2.333333333333332,
    2.6666666666666643,
    3.0,
    3.333333333333332,
    3.6666666666666643,
    4.0,
    4.333333333333332,
    4.666666666666664,
    5.0,
    5.333333333333332,
    5.666666666666664,
    6.0,
    6.333333333333332,
    6.666666666666664,
    7.0,
    7.333333333333332,
    7.666666666666664,
    8.0,
    8.333333333333332,
    8.666666666666664,
    9.0,
    9.333333333333332,
    9.666666666666664,
    10.0,
    10.333333333333332,
    10.666666666666664,
    11.0,
    11.333333333333332,
    11.666666666666664,
    12.0,
    12.333333333333329,
    12.666666666666664,
    13.0,
    13.333333333333329,
    13.666666666666664,
    14.0,
    14.333333333333329,
    14.666666666666664,
    15.0,
    15.333333333333329,
    15.666666666666664,
    16.0,
    16.33333333333333,
    16.666666666666664,
    17.0,
    17.33333333333333,
    17.666666666666664,
    18.0,
    18.33333333333333,
    18.666666666666664,
    19.0,
    19.33333333333333,
    19.666666666666664,
    20.0
  ],
  "conductance": [
    0.9770746996255489,
    0.980177815034333,
    0.9839428040197984,
    0.9884461007106194,
    0.9937516877331797,
    0.999899629363515,
    1.0068910077918614,
    1.0146721012199085,
    1.0231195871184957,
    1.0320245673827397,
    1.0410747970231256,
    1.0498501483389737,
    1.0578615761160888,
    1.064646408827465,
    1.069883001910709,
    1.0734587545628178,
    1.0754562624713717,
    1.0760804324161823,
    1.0755774660924404,
    1.0741793465197644,
    1.0720726441832567,
    1.0693742079281856,
    1.066109055364517,
    1.0622057342867963,
    1.0575264686155073,
    1.05193092890951,
    1.0453488459495728,
    1.0378259786570978,
    1.0295213656896587,
    1.0206630044327374,
    1.0114884326132045,
    1.002193852035683,
    0.9929034800610801,
    0.9836640899237453,
    0.9744663348286796,
    0.9652854493697698,
    0.9561214225371729,
    0.9470176481155166,
    0.9380530424454918,
    0.9293200174269798,
    0.920903931826165,
    0.9128716756434117,
    0.9052689722468192,
    0.8981227999678107,
    0.8914456823087088,
    0.8852399704661705,
    0.8795013622085922,
    0.8742215206091243,
    0.8693899123174715,
    0.8649950500662205,
    0.8610253099468211,
    0.8574694568799038,
    0.8543169747612785,
    0.8515582681561643,
    0.8491847808123758,
    0.8471890612467945,
    0.8455647954873419,
    0.8443068202502925,
    0.8434111253029857,
    0.8428748507362118,
    0.8426962828249771,
    0.842874850736212,
    0.8434111253029855,
    0.8443068202502926,
    0.8455647954873419,
    0.8471890612467945,
    0.8491847808123758,
    0.8515582681561644,
    0.8543169747612784,
    0.8574694568799038,
    0.8610253099468211,
    0.8649950500662202,
    0.8693899123174714,
    0.8742215206091242,
    0.8795013622085921,
    0.8852399704661704,
    0.8914456823087087,
    0.8981227999678106,
    0.9052689722468189,
    0.9128716756434117,
    0.9209039318261648,
    0.9293200174269796,
    0.9380530424454918,
    0.9470176481155163,
    0.9561214225371729,
    0.9652854493697699,
    0.9744663348286793,
    0.9836640899237453,
    0.9929034800610802,
    1.002193852035683,
    1.0114884326132043,
    1.0206630044327376,
    1.0295213656896585,
    1.0378259786570978,
    1.0453488459495728,
    1.0519309289095098,
    1.057526468615507,
    1.0622057342867963,
    1.0661090553645163,
    1.0693742079281856,
    1.0720726441832564,
    1.074179346519764,
    1.0755774660924402,
    1.0760804324161823,
    1.0754562624713713,
    1.0734587545628176,
    1.069883001910709,
    1.0646464088274648,
    1.0578615761160886,
    1.049850148338974,
    1.0410747970231256,
    1.0320245673827395,
    1.0231195871184957,
    1.0146721012199083,
    1.0068910077918611,
    0.9998996293635151,
    0.9937516877331798,
    0.9884461007106193,
    0.9839428040197986,
    0.9801778150343329,
    0.9770746996255487
  ],