{
  "bias_mev": [
    -20.0,
    -19.666666666666668,
    -19.333333333333332,
    -19.0,
    -18.666666666666668,
    -18.333333333333332,
    -18.0,
    -17.666666666666668,
    -17.333333333333332,
    -17.0,
    -16.666666666666668,
    -16.333333333333332,
    -16.0,
    -15.666666666666668,
    -15.333333333333334,
    -15.0,
    -14.666666666666668,
    -14.333333333333334,
    -14.0,
    -13.666666666666668,
    -13.333333333333334,
    -13.0,
    -12.666666666666668,
    -12.333333333333334,
    -12.0,
    -11.666666666666668,
    -11.333333333333334,
    -11.0,
    -10.666666666666668,
    -10.333333333333334,
    -10.0,
    -9.666666666666668,
    -9.333333333333334,
    -9.0,
    -8.666666666666668,
    -8.333333333333334,
    -8.0,
    -7.666666666666668,
    -7.333333333333334,
    -7.0,
    -6.666666666666668,
    -6.333333333333334,
    -6.0,
    -5.666666666666668,
    -5.333333333333334,
    -5.0,
    -4.666666666666668,
    -4.333333333333334,
    -4.0,
    -3.666666666666668,
    -3.3333333333333357,
    -3.0,
    -2.666666666666668,
    -2.3333333333333357,
    -2.0,
    -1.6666666666666679,
    -1.3333333333333357,
    -1.0,
    -0.6666666666666679,
    -0.3333333333333357,
    0.0,
    0.33333333333333215,
    0.6666666666666643,
    1.0,
    1.3333333333333321,
    1.6666666666666643,
    2.0,
    2.333333333333332,
    2.6666666666666643,
    3.0,
    3.333333333333332,
    3.6666666666666643,
    4.0,
    4.333333333333332,
    4.666666666666664,
    5.0,
    5.333333333333332,
    5.666666666666664,
    6.0,
    6.333333333333332,
    6.666666666666664,
    7.0,
    7.333333333333332,
    7.666666666666664,
    8.0,
    8.333333333333332,
    8.666666666666664,
    9.0,
    9.333333333333332,
    9.666666666666664,
    10.0,
    10.333333333333332,
    10.666666666666664,
    11.0,
    11.333333333333332,
    11.666666666666664,
    12.0,
    12.333333333333329,
    12.666666666666664,
    13.0,
    13.333333333333329,
    13.666666666666664,
    14.0,
    14.333333333333329,
    14.666666666666664,
    15.0,
    15.333333333333329,
    15.666666666666664,
    16.0,
    16.33333333333333,
    16.666666666666664,
    17.0,
    17.33333333333333,
    17.666666666666664,
    18.0,
    18.33333333333333,
    18.666666666666664,
    19.0,
    19.33333333333333,
    19.666666666666664,
    20.0
  ],
  "conductance": [
    0.9799580429257106,
    0.9808458633226953,
    0.9827971003965799,
    0.9859738159658207,
    0.9905783562227514,
    0.9968385944614173,
    1.0049217354171243,
    1.0147260945413696,
    1.0257627938182052,
    1.0375976029283258,
    1.0500631594877134,
    1.0620528804946838,
    1.0707950937508353,
    1.0739514873573808,
    1.0716197244020427,
    1.0654856360374414,
    1.0574596101004443,
    1.048634402082925,
    1.0391619395326746,
    1.0292020833983686,
    1.019472217442236,
    1.0106834548121075,
    1.0028967729233944,
    0.9954528657024914,
    0.9873105587060368,
    0.9770978470899907,
    0.9639476671921402,
    0.9485385653149163,
    0.9322796701318521,
    0.916285507445742,
    0.9011862882146572,
    0.887283400385699,
    0.8746633502864208,
    0.8631666253279247,
    0.8522807972499238,
    0.8413477538282744,
    0.830170998231344,
    0.8190602623661967,
    0.808379965103043,
    0.798339003395833,
    0.7890135086025859,
    0.7804081868428108,
    0.7724959472037792,
    0.7652378574625864,
    0.7585923988012612,
    0.7525195512903292,
    0.7469824542308953,
    0.7419479396970992,
    0.7373865529255754,
    0.7332723521642519,
    0.7295826280806117,
    0.7262976091313834,
    0.7234001832161642,
    0.7208756482011682,
    0.7187114952708231,
    0.7168972250168797,
    0.7154241944432665,
    0.7142854925006912,
    0.7134758417792453,
    0.7129915242782867,
    0.7128303295876673,
    0.7129915242782875,
    0.7134758417792444,
    0.7142854925006911,
    0.7154241944432674,
    0.7168972250168788,
    0.718711495270823,
    0.7208756482011689,
    0.7234001832161633,
    0.7262976091313834,
    0.7295826280806127,
    0.7332723521642512,
    0.737386552925575,
    0.7419479396971,
    0.7469824542308949,
    0.7525195512903289,
    0.7585923988012621,
    0.7652378574625858,
    0.7724959472037787,
    0.7804081868428118,
    0.7890135086025853,
    0.7983390033958324,
    0.8083799651030438,
    0.8190602623661958,
    0.8301709982313434,
    0.8413477538282753,
    0.8522807972499231,
    0.8631666253279241,
    0.8746633502864217,
    0.8872834003856984,
    0.901186288214657,
    0.9162855074457431,
    0.9322796701318513,
    0.948538565314916,
    0.9639476671921414,
    0.9770978470899896,
    0.9873105587060369,
    0.9954528657024923,
    1.0028967729233924,
    1.0106834548121082,
    1.0194722174422373,
    1.0292020833983668,
    1.0391619395326754,
    1.0486344020829264,
    1.057459610100442,
    1.0654856360374423,
    1.071619724402044,
    1.0739514873573797,
    1.0707950937508353,
    1.0620528804946854,
    1.0500631594877123,
    1.0375976029283258,
    1.0257627938182068,
    1.0147260945413683,
    1.0049217354171245,
    0.9968385944614186,
    0.9905783562227503,
    0.9859738159658203,
    0.9827971003965811,
    0.9808458633226949,
    0.9799580429257103
  ],