{
  "bias_mev": [
    -20.0,
    -19.666666666666668,
    -19.333333333333332,
    -19.0,
    -18.666666666666668,
    -18.333333333333332,
    -18.0,
    -17.666666666666668,
    -17.333333333333332,
    -17.0,
    -16.666666666666668,
    -16.333333333333332,
    -16.0,
    -15.666666666666668,
    -15.333333333333334,
    -15.0,
    -14.666666666666668,
    -14.333333333333334,
    -14.0,
    -13.666666666666668,
    -13.333333333333334,
    -13.0,
    -12.666666666666668,
    -12.333333333333334,
    -12.0,
    -11.666666666666668,
    -11.333333333333334,
    -11.0,
    -10.666666666666668,
    -10.333333333333334,
    -10.0,
    -9.666666666666668,
    -9.333333333333334,
    -9.0,
    -8.666666666666668,
    -8.333333333333334,
    -8.0,
    -7.666666666666668,
    -7.333333333333334,
    -7.0,
    -6.666666666666668,
    -6.333333333333334,
    -6.0,
    -5.666666666666668,
    -5.333333333333334,
    -5.0,
    -4.666666666666668,
    -4.333333333333334,
    -4.0,
    -3.666666666666668,
    -3.3333333333333357,
    -3.0,
    -2.666666666666668,
    -2.3333333333333357,
    -2.0,
    -1.6666666666666679,
    -1.3333333333333357,
    -1.0,
    -0.6666666666666679,
    -0.3333333333333357,
    0.0,
    0.33333333333333215,
    0.6666666666666643,
    1.0,
    1.3333333333333321,
    1.6666666666666643,
    2.0,
    2.333333333333332,
    2.6666666666666643,
    3.0,
    3.333333333333332,
    3.6666666666666643,
    4.0,
    4.333333333333332,
    4.666666666666664,
    5.0,
    5.333333333333332,
    5.666666666666664,
    6.0,
    6.333333333333332,
    6.666666666666664,
    7.0,
    7.333333333333332,
    7.666666666666664,
    8.0,
    8.333333333333332,
    8.666666666666664,
    9.0,
    9.333333333333332,
    9.666666666666664,
    10.0,
    10.333333333333332,
    10.666666666666664,
    11.0,
    11.333333333333332,
    11.666666666666664,
    12.0,
    12.333333333333329,
    12.666666666666664,
    13.0,
    13.333333333333329,
    13.666666666666664,
    14.0,
    14.333333333333329,
    14.666666666666664,
    15.0,
    15.333333333333329,
    15.666666666666664,
    16.0,
    16.33333333333333,
    16.666666666666664,
    17.0,
    17.33333333333333,
    17.666666666666664,
    18.0,
    18.33333333333333,
    18.666666666666664,
    19.0,
    19.33333333333333,
    19.666666666666664,
    20.0
  ],
  "conductance": [
    0.9843778488133659,
    0.985100791395584,
    0.9867599436224431,
    0.9894537704130251,
    0.9932688781465768,
    0.9982517181370694,
    1.0043683710479645,
    1.0114750333301754,
    1.0193287874040156,
    1.0276148576897828,
    1.0358973968280594,
    1.043484490480357,
    1.0494076536023926,
    1.0527090323075494,
    1.0528788050430733,
    1.0500509011211274,
    1.044818449875388,
    1.0378888725443354,
    1.0298568527792489,
    1.02118189087619,
    1.0122385085704475,
    1.0032839150665642,
    0.9943527742162541,
    0.985201026575632,
    0.9753788723961906,
    0.9644272037031913,
    0.9521251717319348,
    0.9386358474443344,
    0.9244299982158579,
    0.9100701689309466,
    0.8960278287628439,
    0.8826018255180456,
    0.8699058548616321,
    0.8578882618472634,
    0.8463867106011176,
    0.8352277060000924,
    0.8243282744171282,
    0.8137254524463544,
    0.8035257714019364,
    0.7938377817444127,
    0.7847352754259725,
    0.7762522528959881,
    0.7683924651082356,
    0.7611410098583644,
    0.754473266797114,
    0.7483606432454474,
    0.7427739093913968,
    0.7376849881262483,
    0.733067832535076,
    0.7288987913174372,
    0.7251566986049878,
    0.7218228229993329,
    0.7188807510895314,
    0.7163162467528112,
    0.7141171084498742,
    0.7122730360839021,
    0.7107755131181132,
    0.7096177064602935,
    0.7087943849539992,
    0.7083018565055812,
    0.7081379235502372,
    0.7083018565055814,
    0.7087943849539988,
    0.7096177064602935,
    0.7107755131181133,
    0.7122730360839018,
    0.7141171084498742,
    0.7163162467528114,
    0.7188807510895312,
    0.721822822999333,
    0.725156698604988,
    0.728898791317437,
    0.7330678325350759,
    0.7376849881262486,
    0.7427739093913965,
    0.7483606432454475,
    0.7544732667971144,
    0.7611410098583642,
    0.7683924651082354,
    0.7762522528959884,
    0.7847352754259723,
    0.7938377817444126,
    0.8035257714019365,
    0.8137254524463542,
    0.824328274417128,
    0.8352277060000929,
    0.8463867106011174,
    0.8578882618472634,
    0.8699058548616322,
    0.8826018255180453,
    0.8960278287628439,
    0.9100701689309468,
    0.9244299982158574,
    0.9386358474443344,
    0.9521251717319351,
    0.9644272037031911,
    0.9753788723961906,
    0.9852010265756322,
    0.9943527742162537,
    1.0032839150665642,
    1.0122385085704477,
    1.0211818908761894,
    1.0298568527792493,
    1.0378888725443358,
    1.0448184498753874,
    1.0500509011211274,
    1.0528788050430737,
    1.0527090323075488,
    1.0494076536023926,
    1.0434844904803575,
    1.0358973968280591,
    1.0276148576897828,
    1.019328787404016,
    1.0114750333301747,
    1.0043683710479645,
    0.9982517181370695,
    0.9932688781465765,
    0.989453770413025,
    0.9867599436224437,
    0.9851007913955835,
    0.9843778488133655
  ],