{
  "bias_mev": [
    -20.0,
    -19.666666666666668,
    -19.333333333333332,
    -19.0,
    -18.666666666666668,
    -18.333333333333332,
    -18.0,
    -17.666666666666668,
    -17.333333333333332,
    -17.0,
    -16.666666666666668,
    -16.333333333333332,
    -16.0,
    -15.666666666666668,
    -15.333333333333334,
    -15.0,
    -14.666666666666668,
    -14.333333333333334,
    -14.0,
    -13.666666666666668,
    -13.333333333333334,
    -13.0,
    -12.666666666666668,
    -12.333333333333334,
    -12.0,
    -11.666666666666668,
    -11.333333333333334,
    -11.0,
    -10.666666666666668,
    -10.333333333333334,
    -10.0,
    -9.666666666666668,
    -9.333333333333334,
    -9.0,
    -8.666666666666668,
    -8.333333333333334,
    -8.0,
    -7.666666666666668,
    -7.333333333333334,
    -7.0,
    -6.666666666666668,
    -6.333333333333334,
    -6.0,
    -5.666666666666668,
    -5.333333333333334,
    -5.0,
    -4.666666666666668,
    -4.333333333333334,
    -4.0,
    -3.666666666666668,
    -3.3333333333333357,
    -3.0,
    -2.666666666666668,
    -2.3333333333333357,
    -2.0,
    -1.6666666666666679,
    -1.3333333333333357,
    -1.0,
    -0.6666666666666679,
    -0.3333333333333357,
    0.0,
    0.33333333333333215,
    0.6666666666666643,
    1.0,
    1.3333333333333321,
    1.6666666666666643,
    2.0,
    2.333333333333332,
    2.6666666666666643,
    3.0,
    3.333333333333332,
    3.6666666666666643,
    4.0,
    4.333333333333332,
    4.666666666666664,
    5.0,
    5.333333333333332,
    5.666666666666664,
    6.0,
    6.333333333333332,
    6.666666666666664,
    7.0,
    7.333333333333332,
    7.666666666666664,
    8.0,
    8.333333333333332,
    8.666666666666664,
    9.0,
    9.333333333333332,
    9.666666666666664,
    10.0,
    10.333333333333332,
    10.666666666666664,
    11.0,
    11.333333333333332,
    11.666666666666664,
    12.0,
    12.333333333333329,
    12.666666666666664,
    13.0,
    13.333333333333329,
    13.666666666666664,
    14.0,
    14.333333333333329,
    14.666666666666664,
    15.0,
    15.333333333333329,
    15.666666666666664,
    16.0,
    16.33333333333333,
    16.666666666666664,
    17.0,
    17.33333333333333,
    17.666666666666664,
    18.0,
    18.33333333333333,
    18.666666666666664,
    19.0,
    19.33333333333333,
    19.666666666666664,
    20.0
  ],
  "conductance": [
    0.9724696213092703,
    0.9763679919286652,
    0.9809921096188261,
    0.9864314316234843,
    0.9927647269763319,
    1.0000466464791484,
    1.0082899489055692,
    1.0174445772899758,
    1.0273730002997956,
    1.0378199455689325,
    1.048383780104031,
    1.0585182881590833,
    1.0676016150215588,
    1.0750719975275758,
    1.080567927328798,
    1.0839932958832335,
    1.0854819639261741,
    1.085303130068136,
    1.083767683596421,
    1.0811667601001704,
    1.0777367842534402,
    1.0736337162387752,
    1.0689139982068325,
    1.0635365242985984,
    1.0573987988941334,
    1.050401850126909,
    1.042516830625667,
    1.0338196132360906,
    1.0244780205360684,
    1.0147057504624941,
    1.0047109523709772,
    0.994659444384982,
    0.9846587092698734,
    0.9747616203482868,
    0.9649863325654763,
    0.9553442186574657,
    0.9458625508012249,
    0.9365913310645895,
    0.9275949117274533,
    0.9189378821346005,
    0.910674092739904,
    0.9028419221442858,
    0.8954645118226318,
    0.8885524956637898,
    0.8821073461942047,
    0.8761243785683483,
    0.8705950972517568,
    0.8655088920519436,
    0.8608542056901729,
    0.8566193109533818,
    0.8527928142965864,
    0.8493639738761465,
    0.8463228943968085,
    0.8436606415770203,
    0.8413693050766058,
    0.8394420291385382,
    0.8378730237333023,
    0.8366575646787199,
    0.8357919883317653,
    0.8352736845230572,
    0.8351010900985643,
    0.8352736845230574,
    0.835791988331765,
    0.8366575646787199,
    0.8378730237333023,
    0.8394420291385378,
    0.8413693050766058,
    0.8436606415770205,
    0.8463228943968084,
    0.8493639738761465,
    0.8527928142965865,
    0.8566193109533815,
    0.8608542056901729,
    0.8655088920519436,
    0.8705950972517565,
    0.8761243785683483,
    0.8821073461942047,
    0.8885524956637897,
    0.8954645118226314,
    0.9028419221442858,
    0.9106740927399035,
    0.9189378821346005,
    0.9275949117274533,
    0.9365913310645892,
    0.9458625508012248,
    0.9553442186574657,
    0.9649863325654762,
    0.9747616203482867,
    0.9846587092698733,
    0.9946594443849819,
    1.004710952370977,
    1.0147057504624941,
    1.0244780205360682,
    1.0338196132360906,
    1.042516830625667,
    1.0504018501269088,
    1.0573987988941331,
    1.0635365242985984,
    1.0689139982068323,
    1.0736337162387752,
    1.0777367842534402,
    1.08116676010017,
    1.0837676835964207,
    1.0853031300681357,
    1.0854819639261741,
    1.083993295883233,
    1.0805679273287983,
    1.0750719975275755,
    1.0676016150215588,
    1.0585182881590836,
    1.048383780104031,
    1.0378199455689323,
    1.027373000299796,
    1.0174445772899758,
    1.008289948905569,
    1.0000466464791484,
    0.9927647269763319,
    0.9864314316234842,
    0.9809921096188265,
    0.9763679919286651,
    0.97246962130927
  ],