{
  "bias_mev": [
    -20.0,
    -19.666666666666668,
    -19.333333333333332,
    -19.0,
    -18.666666666666668,
    -18.333333333333332,
    -18.0,
    -17.666666666666668,
    -17.333333333333332,
    -17.0,
    -16.666666666666668,
    -16.333333333333332,
    -16.0,
    -15.666666666666668,
    -15.333333333333334,
    -15.0,
    -14.666666666666668,
    -14.333333333333334,
    -14.0,
    -13.666666666666668,
    -13.333333333333334,
    -13.0,
    -12.666666666666668,
    -12.333333333333334,
    -12.0,
    -11.666666666666668,
    -11.333333333333334,
    -11.0,
    -10.666666666666668,
    -10.333333333333334,
    -10.0,
    -9.666666666666668,
    -9.333333333333334,
    -9.0,
    -8.666666666666668,
    -8.333333333333334,
    -8.0,
    -7.666666666666668,
    -7.333333333333334,
    -7.0,
    -6.666666666666668,
    -6.333333333333334,
    -6.0,
    -5.666666666666668,
    -5.333333333333334,
    -5.0,
    -4.666666666666668,
    -4.333333333333334,
    -4.0,
    -3.666666666666668,
    -3.3333333333333357,
    -3.0,
    -2.666666666666668,
    -2.3333333333333357,
    -2.0,
    -1.6666666666666679,
    -1.3333333333333357,
    -1.0,
    -0.6666666666666679,
    -0.3333333333333357,
    0.0,
    0.33333333333333215,
    0.6666666666666643,
    1.0,
    1.3333333333333321,
    1.6666666666666643,
    2.0,
    2.333333333333332,
    2.6666666666666643,
    3.0,
    3.333333333333332,
    3.6666666666666643,
    4.0,
    4.333333333333332,
    4.666666666666664,
    5.0,
    5.333333333333332,
    5.666666666666664,
    6.0,
    6.333333333333332,
    6.666666666666664,
    7.0,
    7.333333333333332,
    7.666666666666664,
    8.0,
    8.333333333333332,
    8.666666666666664,
    9.0,
    9.333333333333332,
    9.666666666666664,
    10.0,
    10.333333333333332,
    10.666666666666664,
    11.0,
    11.333333333333332,
    11.666666666666664,
    12.0,
    12.333333333333329,
    12.666666666666664,
    13.0,
    13.333333333333329,
    13.666666666666664,
    14.0,
    14.333333333333329,
    14.666666666666664,
    15.0,
    15.333333333333329,
    15.666666666666664,
    16.0,
    16.33333333333333,
    16.666666666666664,
    17.0,
    17.33333333333333,
    17.666666666666664,
    18.0,
    18.33333333333333,
    18.666666666666664,
    19.0,
    19.33333333333333,
    19.666666666666664,
    20.0
  ],
  "conductance": [
    0.9703782072083348,
    0.9738621956864772,
    0.9785326346258623,
    0.9844413500909156,
    0.9916089608093869,
    1.0000013598965556,
    1.00949497289293,
    1.019840110512905,
    1.0306249835563897,
    1.0412152247202417,
    1.0506518843928576,
    1.0576128945127026,
    1.0606554706623996,
    1.0587664154397909,
    1.0518399125572637,
    1.0406680715727081,
    1.0264933215540069,
    1.0105072691233907,
    0.9935897635744092,
    0.9763059280630686,
    0.9589820977110626,
    0.9417075871100203,
    0.9242876886540957,
    0.9062764545226103,
    0.8871537213016278,
    0.8665860694588484,
    0.844635657454126,
    0.8217822461665631,
    0.7987402395235979,
    0.7762085281848055,
    0.7546954515599343,
    0.7344445556281137,
    0.7154250583000299,
    0.697382048753461,
    0.6799724664279079,
    0.6629595123480122,
    0.6463432771265631,
    0.6303274150145352,
    0.6151751624845133,
    0.6010859519807009,
    0.5881533730919074,
    0.5763815278135689,
    0.5657190172906699,
    0.5560879883956522,
    0.5474027771005214,
    0.539579974846271,
    0.5325430523666808,
    0.526223973941961,
    0.520563307871209,
    0.5155096666344295,
    0.5110189062083392,
    0.507053292276468,
    0.5035807257805532,
    0.5005740627597505,
    0.4980105360637219,
    0.4958712744636218,
    0.49414091019732376,
    0.49280726512840967,
    0.49186110649273873,
    0.49129596468053843,
    0.49110800719869646,
    0.4912959646805387,
    0.49186110649273845,
    0.49280726512840967,
    0.49414091019732403,
    0.49587127446362156,
    0.4980105360637219,
    0.5005740627597508,
    0.503580725780553,
    0.507053292276468,
    0.5110189062083395,
    0.5155096666344293,
    0.5205633078712089,
    0.5262239739419612,
    0.5325430523666804,
    0.5395799748462708,
    0.5474027771005217,
    0.5560879883956521,
    0.5657190172906696,
    0.5763815278135691,
    0.5881533730919072,
    0.6010859519807008,
    0.6151751624845136,
    0.6303274150145348,
    0.6463432771265631,
    0.6629595123480125,
    0.6799724664279074,
    0.6973820487534609,
    0.7154250583000302,
    0.7344445556281133,
    0.754695451559934,
    0.7762085281848059,
    0.7987402395235974,
    0.8217822461665626,
    0.8446356574541264,
    0.8665860694588479,
    0.887153721301628,
    0.9062764545226104,
    0.9242876886540947,
    0.9417075871100209,
    0.9589820977110626,
    0.9763059280630677,
    0.9935897635744096,
    1.010507269123391,
    1.0264933215540057,
    1.0406680715727084,
    1.0518399125572642,
    1.0587664154397898,
    1.0606554706623996,
    1.057612894512703,
    1.0506518843928574,
    1.0412152247202417,
    1.0306249835563903,
    1.0198401105129045,
    1.0094949728929303,
    1.0000013598965563,
    0.9916089608093864,
    0.9844413500909157,
    0.978532634625863,
    0.9738621956864768,
    0.9703782072083346
  ],