{
  "bias_mev": [
    -20.0,
    -19.666666666666668,
    -19.333333333333332,
    -19.0,
    -18.666666666666668,
    -18.333333333333332,
    -18.0,
    -17.666666666666668,
    -17.333333333333332,
    -17.0,
    -16.666666666666668,
    -16.333333333333332,
    -16.0,
    -15.666666666666668,
    -15.333333333333334,
    -15.0,
    -14.666666666666668,
    -14.333333333333334,
    -14.0,
    -13.666666666666668,
    -13.333333333333334,
    -13.0,
    -12.666666666666668,
    -12.333333333333334,
    -12.0,
    -11.666666666666668,
    -11.333333333333334,
    -11.0,
    -10.666666666666668,
    -10.333333333333334,
    -10.0,
    -9.666666666666668,
    -9.333333333333334,
    -9.0,
    -8.666666666666668,
    -8.333333333333334,
    -8.0,
    -7.666666666666668,
    -7.333333333333334,
    -7.0,
    -6.666666666666668,
    -6.333333333333334,
    -6.0,
    -5.666666666666668,
    -5.333333333333334,
    -5.0,
    -4.666666666666668,
    -4.333333333333334,
    -4.0,
    -3.666666666666668,
    -3.3333333333333357,
    -3.0,
    -2.666666666666668,
    -2.3333333333333357,
    -2.0,
    -1.6666666666666679,
    -1.3333333333333357,
    -1.0,
    -0.6666666666666679,
    -0.3333333333333357,
    0.0,
    0.33333333333333215,
    0.6666666666666643,
    1.0,
    1.3333333333333321,
    1.6666666666666643,
    2.0,
    2.333333333333332,
    2.6666666666666643,
    3.0,
    3.333333333333332,
    3.6666666666666643,
    4.0,
    4.333333333333332,
    4.666666666666664,
    5.0,
    5.333333333333332,
    5.666666666666664,
    6.0,
    6.333333333333332,
    6.666666666666664,
    7.0,
    7.333333333333332,
    7.666666666666664,
    8.0,
    8.333333333333332,
    8.666666666666664,
    9.0,
    9.333333333333332,
    9.666666666666664,
    10.0,
    10.333333333333332,
    10.666666666666664,
    11.0,
    11.333333333333332,
    11.666666666666664,
    12.0,
    12.333333333333329,
    12.666666666666664,
    13.0,
    13.333333333333329,
    13.666666666666664,
    14.0,
    14.333333333333329,
    14.666666666666664,
    15.0,
    15.333333333333329,
    15.666666666666664,
    16.0,
    16.33333333333333,
    16.666666666666664,
    17.0,
    17.33333333333333,
    17.666666666666664,
    18.0,
    18.33333333333333,
    18.666666666666664,
    19.0,
    19.33333333333333,
    19.666666666666664,
    20.0
  ],
  "conductance": [
    0.9853453381026399,
    0.9862645618033661,
    0.9879269219686484,
    0.9904334815233234,
    0.993885972925223,
    0.9983652024654728,
    1.0038933283473546,
    1.010400365397807,
    1.017739352651117,
    1.025745474815047,
    1.0342166863295084,
    1.04273531557105,
    1.0505168652275372,
    1.0565875031214134,
    1.0602537285070113,
    1.061418565821841,
    1.0604794071498924,
    1.0579949376730522,
    1.0544345090207543,
    1.0501520282889734,
    1.0454673494869684,
    1.0406560034800785,
    1.0358266607284852,
    1.0308218491780305,
    1.0252460345223606,
    1.0186312918352787,
    1.010689444151548,
    1.0014934920685763,
    0.9914254908284689,
    0.9809698070477703,
    0.9705437124322871,
    0.9604280750485954,
    0.9507537246182671,
    0.9415050568869451,
    0.9325534214492225,
    0.9237475211093553,
    0.9150194321264232,
    0.90641496547495,
    0.8980408114726852,
    0.8900014757495559,
    0.8823699498755425,
    0.8751861479736922,
    0.8684655579596084,
    0.8622082939481249,
    0.8564057229870367,
    0.851044710294821,
    0.8461101769945022,
    0.8415865912325421,
    0.8374588159456383,
    0.8337125758695464,
    0.8303347010633074,
    0.8273132402146872,
    0.8246374991107929,
    0.8222980373493964,
    0.8202866431669249,
    0.8185962983826108,
    0.817221140716114,
    0.8161564278593337,
    0.8153985059296628,
    0.8149447838612023,
    0.8147937146365763,
    0.8149447838612026,
    0.8153985059296623,
    0.8161564278593337,
    0.8172211407161145,
    0.8185962983826103,
    0.8202866431669249,
    0.8222980373493969,
    0.8246374991107923,
    0.8273132402146872,
    0.8303347010633076,
    0.8337125758695461,
    0.8374588159456382,
    0.8415865912325426,
    0.8461101769945021,
    0.851044710294821,
    0.8564057229870371,
    0.8622082939481246,
    0.8684655579596083,
    0.8751861479736923,
    0.882369949875542,
    0.8900014757495558,
    0.898040811472686,
    0.9064149654749495,
    0.9150194321264229,
    0.923747521109356,
    0.9325534214492222,
    0.9415050568869451,
    0.9507537246182675,
    0.9604280750485952,
    0.9705437124322868,
    0.9809698070477706,
    0.9914254908284688,
    1.0014934920685756,
    1.0106894441515482,
    1.0186312918352782,
    1.025246034522361,
    1.030821849178031,
    1.0358266607284843,
    1.0406560034800787,
    1.0454673494869688,
    1.0501520282889727,
    1.0544345090207548,
    1.057994937673053,
    1.0604794071498918,
    1.0614185658218414,
    1.060253728507012,
    1.0565875031214127,
    1.0505168652275374,
    1.0427353155710506,
    1.0342166863295084,
    1.025745474815047,
    1.0177393526511174,
    1.0104003653978069,
    1.0038933283473546,
    0.9983652024654734,
    0.9938859729252226,
    0.9904334815233238,
    0.9879269219686495,
    0.9862645618033661,
    0.9853453381026396
  ],