{
  "bias_mev": [
    -20.0,
    -19.666666666666668,
    -19.333333333333332,
    -19.0,
    -18.666666666666668,
    -18.333333333333332,
    -18.0,
    -17.666666666666668,
    -17.333333333333332,
    -17.0,
    -16.666666666666668,
    -16.333333333333332,
    -16.0,
    -15.666666666666668,
    -15.333333333333334,
    -15.0,
    -14.666666666666668,
    -14.333333333333334,
    -14.0,
    -13.666666666666668,
    -13.333333333333334,
    -13.0,
    -12.666666666666668,
    -12.333333333333334,
    -12.0,
    -11.666666666666668,
    -11.333333333333334,
    -11.0,
    -10.666666666666668,
    -10.333333333333334,
    -10.0,
    -9.666666666666668,
    -9.333333333333334,
    -9.0,
    -8.666666666666668,
    -8.333333333333334,
    -8.0,
    -7.666666666666668,
    -7.333333333333334,
    -7.0,
    -6.666666666666668,
    -6.333333333333334,
    -6.0,
    -5.666666666666668,
    -5.333333333333334,
    -5.0,
    -4.666666666666668,
    -4.333333333333334,
    -4.0,
    -3.666666666666668,
    -3.3333333333333357,
    -3.0,
    -2.666666666666668,
    -2.3333333333333357,
    -2.0,
    -1.6666666666666679,
    -1.3333333333333357,
    -1.0,
    -0.6666666666666679,
    -0.3333333333333357,
    0.0,
    0.33333333333333215,
    0.6666666666666643,
    1.0,
    1.3333333333333321,
    1.6666666666666643,
    2.0,
    2.333333333333332,
    2.6666666666666643,
    3.0,
    3.333333333333332,
    3.6666666666666643,
    4.0,
    4.333333333333332,
    4.666666666666664,
    5.0,
    5.333333333333332,
    5.666666666666664,
    6.0,
    6.333333333333332,
    6.666666666666664,
    7.0,
    7.333333333333332,
    7.666666666666664,
    8.0,
    8.333333333333332,
    8.666666666666664,
    9.0,
    9.333333333333332,
    9.666666666666664,
    10.0,
    10.333333333333332,
    10.666666666666664,
    11.0,
    11.333333333333332,
    11.666666666666664,
    12.0,
    12.333333333333329,
    12.666666666666664,
    13.0,
    13.333333333333329,
    13.666666666666664,
    14.0,
    14.333333333333329,
    14.666666666666664,
    15.0,
    15.333333333333329,
    15.666666666666664,
    16.0,
    16.33333333333333,
    16.666666666666664,
    17.0,
    17.33333333333333,
    17.666666666666664,
    18.0,
    18.33333333333333,
    18.666666666666664,
    19.0,
    19.33333333333333,
    19.666666666666664,
    20.0
  ],
  "conductance": [
    0.9805091837562595,
    0.9828653208132684,
    0.9858262790031059,
    0.9894910102515163,
    0.9939582851478462,
    0.999307493375884,
    1.005569272826305,
    1.0127030610634453,
    1.020608546311051,
    1.029161547451321,
    1.0382027839292016,
    1.0474429130687475,
    1.056390383887898,
    1.0644525949149628,
    1.0711807058158351,
    1.0764434572061805,
    1.0803953100361958,
    1.083312549629973,
    1.0854558797003346,
    1.0870443763276088,
    1.0882850121043135,
    1.089349900828047,
    1.0902866217601994,
    1.0909452376275908,
    1.090998617785247,
    1.0900667783909794,
    1.0878966555636844,
    1.0844915004463036,
    1.0800958006206016,
    1.075069814862508,
    1.0697623221075037,
    1.0644350401787015,
    1.0592263708531124,
    1.0541376488092389,
    1.049055886569304,
    1.043832355017889,
    1.038381961134538,
    1.0327277162890403,
    1.026969863280303,
    1.0212293115833324,
    1.0156101311836352,
    1.0101876871277617,
    1.005011059213995,
    1.0001097265126966,
    0.9954998938268861,
    0.9911892180921427,
    0.9871800175226084,
    0.9834713628495177,
    0.9800604200741704,
    0.9769433113874656,
    0.9741156698174279,
    0.9715729990144267,
    0.9693109081130914,
    0.9673252656988726,
    0.9656123008698774,
    0.9641686694205371,
    0.962991496912729,
    0.9620784064037383,
    0.9614275360014138,
    0.9610375496883117,
    0.9609076436735835,
    0.9610375496883118,
    0.9614275360014138,
    0.9620784064037383,
    0.9629914969127291,
    0.9641686694205369,
    0.9656123008698774,
    0.9673252656988729,
    0.9693109081130908,
    0.971572999014427,
    0.974115669817428,
    0.9769433113874656,
    0.9800604200741706,
    0.9834713628495181,
    0.9871800175226084,
    0.9911892180921427,
    0.9954998938268862,
    1.0001097265126966,
    1.005011059213995,
    1.010187687127762,
    1.0156101311836352,
    1.0212293115833322,
    1.0269698632803033,
    1.0327277162890405,
    1.0383819611345382,
    1.0438323550178894,
    1.049055886569304,
    1.0541376488092389,
    1.0592263708531129,
    1.0644350401787015,
    1.0697623221075037,
    1.075069814862508,
    1.0800958006206014,
    1.0844915004463034,
    1.0878966555636844,
    1.0900667783909794,
    1.0909986177852473,
    1.090945237627591,
    1.0902866217601992,
    1.0893499008280472,
    1.0882850121043137,
    1.0870443763276088,
    1.0854558797003346,
    1.0833125496299731,
    1.0803953100361956,
    1.076443457206181,
    1.0711807058158356,
    1.0644525949149624,
    1.056390383887898,
    1.0474429130687477,
    1.0382027839292016,
    1.0291615474513207,
    1.0206085463110515,
    1.012703061063445,
    1.005569272826305,
    0.9993074933758844,
    0.9939582851478462,
    0.9894910102515163,
    0.9858262790031062,
    0.9828653208132682,
    0.9805091837562594
  ],