{
  "bias_mev": [
    -20.0,
    -19.666666666666668,
    -19.333333333333332,
    -19.0,
    -18.666666666666668,
    -18.333333333333332,
    -18.0,
    -17.666666666666668,
    -17.333333333333332,
    -17.0,
    -16.666666666666668,
    -16.333333333333332,
    -16.0,
    -15.666666666666668,
    -15.333333333333334,
    -15.0,
    -14.666666666666668,
    -14.333333333333334,
    -14.0,
    -13.666666666666668,
    -13.333333333333334,
    -13.0,
    -12.666666666666668,
    -12.333333333333334,
    -12.0,
    -11.666666666666668,
    -11.333333333333334,
    -11.0,
    -10.666666666666668,
    -10.333333333333334,
    -10.0,
    -9.666666666666668,
    -9.333333333333334,
    -9.0,
    -8.666666666666668,
    -8.333333333333334,
    -8.0,
    -7.666666666666668,
    -7.333333333333334,
    -7.0,
    -6.666666666666668,
    -6.333333333333334,
    -6.0,
    -5.666666666666668,
    -5.333333333333334,
    -5.0,
    -4.666666666666668,
    -4.333333333333334,
    -4.0,
    -3.666666666666668,
    -3.3333333333333357,
    -3.0,
    -2.666666666666668,
    -2.3333333333333357,
    -2.0,
    -1.6666666666666679,
    -1.3333333333333357,
    -1.0,
    -0.6666666666666679,
    -0.3333333333333357,
    0.0,
    0.33333333333333215,
    0.6666666666666643,
    1.0,
    1.3333333333333321,
    1.6666666666666643,
    2.0,
    2.333333333333332,
    2.6666666666666643,
    3.0,
    3.333333333333332,
    3.6666666666666643,
    4.0,
    4.333333333333332,
    4.666666666666664,
    5.0,
    5.333333333333332,
    5.666666666666664,
    6.0,
    6.333333333333332,
    6.666666666666664,
    7.0,
    7.333333333333332,
    7.666666666666664,
    8.0,
    8.333333333333332,
    8.666666666666664,
    9.0,
    9.333333333333332,
    9.666666666666664,
    10.0,
    10.333333333333332,
    10.666666666666664,
    11.0,
    11.333333333333332,
    11.666666666666664,
    12.0,
    12.333333333333329,
    12.666666666666664,
    13.0,
    13.333333333333329,
    13.666666666666664,
    14.0,
    14.333333333333329,
    14.666666666666664,
    15.0,
    15.333333333333329,
    15.666666666666664,
    16.0,
    16.33333333333333,
    16.666666666666664,
    17.0,
    17.33333333333333,
    17.666666666666664,
    18.0,
    18.33333333333333,
    18.666666666666664,
    19.0,
    19.33333333333333,
    19.666666666666664,
    20.0
  ],
  "conductance": [
    0.9808702261598466,
    0.9821985328661615,
    0.984618813793668,
    0.9882063176960149,
    0.9930017113449738,
    0.998979245757399,
    1.00600894650975,
    1.013831645921603,
    1.0220641852763543,
    1.0302203746742271,
    1.03770516281495,
    1.043788757610445,
    1.0476617815147065,
    1.0486460427774393,
    1.0464555064895658,
    1.0412982382847205,
    1.0337414548406951,
    1.024464168259846,
    1.0140734873383952,
    1.0030458586189908,
    0.9917189919024929,
    0.980249138487067,
    0.9685487270168388,
    0.956288414104529,
    0.9430140623448814,
    0.9283515335653203,
    0.9122108427415327,
    0.8948738725765994,
    0.876904481793449,
    0.85894577344539,
    0.8415305378592477,
    0.8249757880459473,
    0.8093588671615387,
    0.794554420804336,
    0.7803255659679951,
    0.7664530286725916,
    0.7528451105718457,
    0.7395638325508337,
    0.7267656867334068,
    0.7146174319653634,
    0.7032410207748975,
    0.6926985878536649,
    0.6830019156071192,
    0.6741293073291819,
    0.666040667535886,
    0.6586880923429508,
    0.6520223297075332,
    0.6459963014088916,
    0.6405667885862436,
    0.6356950635436595,
    0.6313469600427835,
    0.6274926701276259,
    0.6241064276190925,
    0.6211661633088643,
    0.6186531746133684,
    0.6165518294530665,
    0.6148493120477374,
    0.6135354122880985,
    0.6126023575987465,
    0.612044685217246,
    0.6118591527439776,
    0.6120446852172459,
    0.6126023575987465,
    0.6135354122880983,
    0.6148493120477374,
    0.6165518294530664,
    0.6186531746133682,
    0.6211661633088643,
    0.6241064276190924,
    0.6274926701276258,
    0.6313469600427833,
    0.6356950635436591,
    0.6405667885862435,
    0.6459963014088916,
    0.6520223297075329,
    0.6586880923429506,
    0.6660406675358859,
    0.6741293073291817,
    0.6830019156071191,
    0.692698587853665,
    0.7032410207748975,
    0.7146174319653634,
    0.7267656867334067,
    0.7395638325508335,
    0.7528451105718457,
    0.7664530286725916,
    0.7803255659679947,
    0.7945544208043361,
    0.8093588671615387,
    0.8249757880459472,
    0.8415305378592475,
    0.85894577344539,
    0.8769044817934488,
    0.8948738725765992,
    0.9122108427415325,
    0.9283515335653201,
    0.9430140623448814,
    0.9562884141045286,
    0.9685487270168386,
    0.980249138487067,
    0.9917189919024926,
    1.0030458586189905,
    1.0140734873383954,
    1.024464168259846,
    1.0337414548406947,
    1.0412982382847205,
    1.046455506489566,
    1.0486460427774391,
    1.0476617815147067,
    1.0437887576104454,
    1.03770516281495,
    1.0302203746742276,
    1.0220641852763546,
    1.013831645921603,
    1.0060089465097501,
    0.9989792457573994,
    0.9930017113449741,
    0.9882063176960149,
    0.9846188137936683,
    0.9821985328661619,
    0.9808702261598466
  ],