{
  "bias_mev": [
    -20.0,
    -19.666666666666668,
    -19.333333333333332,
    -19.0,
    -18.666666666666668,
    -18.333333333333332,
    -18.0,
    -17.666666666666668,
    -17.333333333333332,
    -17.0,
    -16.666666666666668,
    -16.333333333333332,
    -16.0,
    -15.666666666666668,
    -15.333333333333334,
    -15.0,
    -14.666666666666668,
    -14.333333333333334,
    -14.0,
    -13.666666666666668,
    -13.333333333333334,
    -13.0,
    -12.666666666666668,
    -12.333333333333334,
    -12.0,
    -11.666666666666668,
    -11.333333333333334,
    -11.0,
    -10.666666666666668,
    -10.333333333333334,
    -10.0,
    -9.666666666666668,
    -9.333333333333334,
    -9.0,
    -8.666666666666668,
    -8.333333333333334,
    -8.0,
    -7.666666666666668,
    -7.333333333333334,
    -7.0,
    -6.666666666666668,
    -6.333333333333334,
    -6.0,
    -5.666666666666668,
    -5.333333333333334,
    -5.0,
    -4.666666666666668,
    -4.333333333333334,
    -4.0,
    -3.666666666666668,
    -3.3333333333333357,
    -3.0,
    -2.666666666666668,
    -2.3333333333333357,
    -2.0,
    -1.6666666666666679,
    -1.3333333333333357,
    -1.0,
    -0.6666666666666679,
    -0.3333333333333357,
    0.0,
    0.33333333333333215,
    0.6666666666666643,
    1.0,
    1.3333333333333321,
    1.6666666666666643,
    2.0,
    2.333333333333332,
    2.6666666666666643,
    3.0,
    3.333333333333332,
    3.6666666666666643,
    4.0,
    4.333333333333332,
    4.666666666666664,
    5.0,
    5.333333333333332,
    5.666666666666664,
    6.0,
    6.333333333333332,
    6.666666666666664,
    7.0,
    7.333333333333332,
    7.666666666666664,
    8.0,
    8.333333333333332,
    8.666666666666664,
    9.0,
    9.333333333333332,
    9.666666666666664,
    10.0,
    10.333333333333332,
    10.666666666666664,
    11.0,
    11.333333333333332,
    11.666666666666664,
    12.0,
    12.333333333333329,
    12.666666666666664,
    13.0,
    13.333333333333329,
    13.666666666666664,
    14.0,
    14.333333333333329,
    14.666666666666664,
    15.0,
    15.333333333333329,
    15.666666666666664,
    16.0,
    16.33333333333333,
    16.666666666666664,
    17.0,
    17.33333333333333,
    17.666666666666664,
    18.0,
    18.33333333333333,
    18.666666666666664,
    19.0,
    19.33333333333333,
    19.666666666666664,
    20.0
  ],
  "conductance": [
    0.9780678657329852,
    0.9792682085137691,
    0.9817443017817721,
    0.98562655227809,
    0.9910283484892418,
    0.9980002699274864,
    1.006462932164364,
    1.016147139429468,
    1.0265780629399879,
    1.0370763187428347,
    1.046693180873062,
    1.0541529150075883,
    1.0580821828401985,
    1.0575705457970987,
    1.0526116452922993,
    1.0440191335857103,
    1.0329462057710304,
    1.0204246837644888,
    1.0072009514142286,
    0.9938208348321981,
    0.9807034187421338,
    0.9680565744962022,
    0.955740534845312,
    0.9432522579547917,
    0.9298859648511897,
    0.9150289876064219,
    0.8984869417221538,
    0.8806245326422133,
    0.8621895496042731,
    0.8439801876448172,
    0.8266001191716509,
    0.8103718578904019,
    0.7953453420268882,
    0.7813471830449458,
    0.7680757231328086,
    0.7552513555454607,
    0.7427541335331369,
    0.7306467453733521,
    0.7190851726750379,
    0.7082155499601717,
    0.6981240650585014,
    0.6888357515229241,
    0.6803333096380675,
    0.6725765811433535,
    0.6655162390188419,
    0.6591017403515954,
    0.6532853260778182,
    0.6480237060959553,
    0.6432785238999124,
    0.6390162365968507,
    0.6352077506863301,
    0.6318279846487987,
    0.6288554386902035,
    0.6262718056690059,
    0.6240616346079974,
    0.6222120477702449,
    0.6207125079577627,
    0.6195546313321554,
    0.6187320410769698,
    0.6182402578438408,
    0.6180766237785986,
    0.6182402578438408,
    0.6187320410769698,
    0.6195546313321555,
    0.6207125079577628,
    0.6222120477702449,
    0.6240616346079974,
    0.6262718056690059,
    0.6288554386902034,
    0.6318279846487986,
    0.63520775068633,
    0.6390162365968506,
    0.6432785238999122,
    0.6480237060959553,
    0.6532853260778181,
    0.6591017403515954,
    0.6655162390188419,
    0.6725765811433534,
    0.6803333096380676,
    0.6888357515229238,
    0.6981240650585013,
    0.7082155499601717,
    0.7190851726750378,
    0.7306467453733521,
    0.7427541335331368,
    0.7552513555454607,
    0.7680757231328084,
    0.7813471830449458,
    0.7953453420268882,
    0.8103718578904018,
    0.8266001191716508,
    0.843980187644817,
    0.862189549604273,
    0.8806245326422133,
    0.8984869417221537,
    0.9150289876064219,
    0.9298859648511897,
    0.9432522579547915,
    0.9557405348453114,
    0.9680565744962021,
    0.9807034187421336,
    0.9938208348321979,
    1.0072009514142288,
    1.0204246837644888,
    1.03294620577103,
    1.0440191335857103,
    1.0526116452922993,
    1.0575705457970983,
    1.0580821828401987,
    1.0541529150075883,
    1.0466931808730617,
    1.0370763187428347,
    1.0265780629399879,
    1.0161471394294683,
    1.006462932164364,
    0.9980002699274866,
    0.9910283484892418,
    0.9856265522780904,
    0.9817443017817724,
    0.9792682085137691,
    0.9780678657329852
  ],