{
  "bias_mev": [
    -20.0,
    -19.666666666666668,
    -19.333333333333332,
    -19.0,
    -18.666666666666668,
    -18.333333333333332,
    -18.0,
    -17.666666666666668,
    -17.333333333333332,
    -17.0,
    -16.666666666666668,
    -16.333333333333332,
    -16.0,
    -15.666666666666668,
    -15.333333333333334,
    -15.0,
    -14.666666666666668,
    -14.333333333333334,
    -14.0,
    -13.666666666666668,
    -13.333333333333334,
    -13.0,
    -12.666666666666668,
    -12.333333333333334,
    -12.0,
    -11.666666666666668,
    -11.333333333333334,
    -11.0,
    -10.666666666666668,
    -10.333333333333334,
    -10.0,
    -9.666666666666668,
    -9.333333333333334,
    -9.0,
    -8.666666666666668,
    -8.333333333333334,
    -8.0,
    -7.666666666666668,
    -7.333333333333334,
    -7.0,
    -6.666666666666668,
    -6.333333333333334,
    -6.0,
    -5.666666666666668,
    -5.333333333333334,
    -5.0,
    -4.666666666666668,
    -4.333333333333334,
    -4.0,
    -3.666666666666668,
    -3.3333333333333357,
    -3.0,
    -2.666666666666668,
    -2.3333333333333357,
    -2.0,
    -1.6666666666666679,
    -1.3333333333333357,
    -1.0,
    -0.6666666666666679,
    -0.3333333333333357,
    0.0,
    0.33333333333333215,
    0.6666666666666643,
    1.0,
    1.3333333333333321,
    1.6666666666666643,
    2.0,
    2.333333333333332,
    2.6666666666666643,
    3.0,
    3.333333333333332,
    3.6666666666666643,
    4.0,
    4.333333333333332,
    4.666666666666664,
    5.0,
    5.333333333333332,
    5.666666666666664,
    6.0,
    6.333333333333332,
    6.666666666666664,
    7.0,
    7.333333333333332,
    7.666666666666664,
    8.0,
    8.333333333333332,
    8.666666666666664,
    9.0,
    9.333333333333332,
    9.666666666666664,
    10.0,
    10.333333333333332,
    10.666666666666664,
    11.0,
    11.333333333333332,
    11.666666666666664,
    12.0,
    12.333333333333329,
    12.666666666666664,
    13.0,
    13.333333333333329,
    13.666666666666664,
    14.0,
    14.333333333333329,
    14.666666666666664,
    15.0,
    15.333333333333329,
    15.666666666666664,
    16.0,
    16.33333333333333,
    16.666666666666664,
    17.0,
    17.33333333333333,
    17.666666666666664,
    18.0,
    18.33333333333333,
    18.666666666666664,
    19.0,
    19.33333333333333,
    19.666666666666664,
    20.0
  ],
  "conductance": [
    0.9650744907714279,
    0.9689683740479395,
    0.9742736198225853,
    0.9810700677712536,
    0.9894194223300256,
    0.9993333256363532,
    1.0107243080460284,
    1.0233703997674923,
    1.0369188239617997,
    1.0508471678450932,
    1.0642097792141199,
    1.075267323503954,
    1.0815973557309502,
    1.0811280297843155,
    1.073385713966798,
    1.059687042504601,
    1.042201710659039,
    1.022873810239422,
    1.0029436361724462,
    0.9830937510275342,
    0.9637308554999121,
    0.9449860503087998,
    0.9265254824624986,
    0.9075298054489933,
    0.8870032181904169,
    0.8642724200423514,
    0.83940431962878,
    0.8132372053806797,
    0.7869687374534999,
    0.7616696947457814,
    0.7380363830492463,
    0.7163408195922886,
    0.696431051664745,
    0.6777778543511632,
    0.6596901026407426,
    0.6417049787902157,
    0.6238619830411466,
    0.6065858892529901,
    0.5903474241874368,
    0.5754397129603898,
    0.5619532754681249,
    0.5498442559060019,
    0.5390051362818872,
    0.529309704700155,
    0.5206354086836841,
    0.5128722419620324,
    0.5059249809841634,
    0.49971257825137555,
    0.49416656047195423,
    0.4892292435103551,
    0.48485208240576205,
    0.48099425560034437,
    0.4776214921727761,
    0.47470511797997783,
    0.47222128813909037,
    0.47015037447119423,
    0.4684764809948836,
    0.46718706566989404,
    0.46627265136358,
    0.465726613164492,
    0.46554503270245834,
    0.46572661316449226,
    0.4662726513635797,
    0.46718706566989404,
    0.46847648099488376,
    0.4701503744711941,
    0.47222128813909026,
    0.47470511797997783,
    0.4776214921727759,
    0.4809942556003445,
    0.48485208240576216,
    0.4892292435103548,
    0.4941665604719542,
    0.4997125782513757,
    0.5059249809841632,
    0.5128722419620323,
    0.5206354086836842,
    0.5293097047001549,
    0.5390051362818871,
    0.5498442559060022,
    0.5619532754681246,
    0.5754397129603895,
    0.590347424187437,
    0.6065858892529898,
    0.6238619830411465,
    0.6417049787902158,
    0.6596901026407422,
    0.6777778543511632,
    0.6964310516647452,
    0.716340819592288,
    0.7380363830492462,
    0.7616696947457816,
    0.7869687374534994,
    0.8132372053806796,
    0.83940431962878,
    0.8642724200423508,
    0.8870032181904174,
    0.9075298054489933,
    0.9265254824624979,
    0.9449860503088001,
    0.9637308554999122,
    0.9830937510275333,
    1.0029436361724464,
    1.0228738102394224,
    1.042201710659038,
    1.0596870425046014,
    1.0733857139667984,
    1.0811280297843149,
    1.0815973557309502,
    1.075267323503955,
    1.0642097792141196,
    1.0508471678450932,
    1.0369188239618004,
    1.0233703997674923,
    1.0107243080460284,
    0.9993333256363541,
    0.9894194223300253,
    0.9810700677712536,
    0.9742736198225861,
    0.9689683740479393,
    0.9650744907714276
  ],