{
  "bias_mev": [
    -20.0,
    -19.666666666666668,
    -19.333333333333332,
    -19.0,
    -18.666666666666668,
    -18.333333333333332,
    -18.0,
    -17.666666666666668,
    -17.333333333333332,
    -17.0,
    -16.666666666666668,
    -16.333333333333332,
    -16.0,
    -15.666666666666668,
    -15.333333333333334,
    -15.0,
    -14.666666666666668,
    -14.333333333333334,
    -14.0,
    -13.666666666666668,
    -13.333333333333334,
    -13.0,
    -12.666666666666668,
    -12.333333333333334,
    -12.0,
    -11.666666666666668,
    -11.333333333333334,
    -11.0,
    -10.666666666666668,
    -10.333333333333334,
    -10.0,
    -9.666666666666668,
    -9.333333333333334,
    -9.0,
    -8.666666666666668,
    -8.333333333333334,
    -8.0,
    -7.666666666666668,
    -7.333333333333334,
    -7.0,
    -6.666666666666668,
    -6.333333333333334,
    -6.0,
    -5.666666666666668,
    -5.333333333333334,
    -5.0,
    -4.666666666666668,
    -4.333333333333334,
    -4.0,
    -3.666666666666668,
    -3.3333333333333357,
    -3.0,
    -2.666666666666668,
    -2.3333333333333357,
    -2.0,
    -1.6666666666666679,
    -1.3333333333333357,
    -1.0,
    -0.6666666666666679,
    -0.3333333333333357,
    0.0,
    0.33333333333333215,
    0.6666666666666643,
    1.0,
    1.3333333333333321,
    1.6666666666666643,
    2.0,
    2.333333333333332,
    2.6666666666666643,
    3.0,
    3.333333333333332,
    3.6666666666666643,
    4.0,
    4.333333333333332,
    4.666666666666664,
    5.0,
    5.333333333333332,
    5.666666666666664,
    6.0,
    6.333333333333332,
    6.666666666666664,
    7.0,
    7.333333333333332,
    7.666666666666664,
    8.0,
    8.333333333333332,
    8.666666666666664,
    9.0,
    9.333333333333332,
    9.666666666666664,
    10.0,
    10.333333333333332,
    10.666666666666664,
    11.0,
    11.333333333333332,
    11.666666666666664,
    12.0,
    12.333333333333329,
    12.666666666666664,
    13.0,
    13.333333333333329,
    13.666666666666664,
    14.0,
    14.333333333333329,
    14.666666666666664,
    15.0,
    15.333333333333329,
    15.666666666666664,
    16.0,
    16.33333333333333,
    16.666666666666664,
    17.0,
    17.33333333333333,
    17.666666666666664,
    18.0,
    18.33333333333333,
    18.666666666666664,
    19.0,
    19.33333333333333,
    19.666666666666664,
    20.0
  ],
  "conductance": [
    0.9711063013315969,
    0.9751369340457458,
    0.9798547523264426,
    0.98538341756942,
    0.9918567054839911,
    0.9994057790278221,
    1.0081368306469576,
    1.0181077253446673,
    1.0293173855190696,
    1.0416941687042867,
    1.055027011253544,
    1.0688293253607546,
    1.082275886820424,
    1.0943927899402965,
    1.1044386888412958,
    1.1121639759374138,
    1.1177630802626644,
    1.1216395221725277,
    1.1242008824837886,
    1.1257912027971788,
    1.1267093215011736,
    1.1271991761774063,
    1.1273780788390726,
    1.1271678549149668,
    1.1263043732146198,
    1.1244489387412904,
    1.121361697404507,
    1.1170325485864105,
    1.1116750254363927,
    1.1056130490273035,
    1.0991643344492903,
    1.0925738455268827,
    1.085987091349125,
    1.0794445223991653,
    1.0729019931473767,
    1.0662885598838783,
    1.0595759957241964,
    1.05280758352976,
    1.0460742619328909,
    1.039474597772311,
    1.0330896381835954,
    1.0269761995178466,
    1.0211699644320706,
    1.0156911816457872,
    1.0105497759964386,
    1.0057490967802751,
    1.0012884459116296,
    0.9971647232270054,
    0.9933734844063762,
    0.9899096210874674,
    0.9867678003078344,
    0.9839427502289347,
    0.981429446856031,
    0.9792232363473046,
    0.97731991502972,
    0.9757157814583665,
    0.9744076699412918,
    0.9733929717951955,
    0.9726696485297269,
    0.972236239772377,
    0.9720918677895912,
    0.9722362397723772,
    0.9726696485297268,
    0.9733929717951955,
    0.974407669941292,
    0.9757157814583659,
    0.97731991502972,
    0.9792232363473046,
    0.9814294468560307,
    0.9839427502289346,
    0.9867678003078345,
    0.9899096210874672,
    0.9933734844063762,
    0.9971647232270056,
    1.0012884459116296,
    1.0057490967802751,
    1.0105497759964388,
    1.0156911816457872,
    1.0211699644320706,
    1.0269761995178466,
    1.0330896381835952,
    1.0394745977723108,
    1.0460742619328909,
    1.0528075835297597,
    1.0595759957241961,
    1.0662885598838785,
    1.0729019931473762,
    1.0794445223991653,
    1.0859870913491252,
    1.0925738455268825,
    1.0991643344492903,
    1.1056130490273035,
    1.1116750254363925,
    1.1170325485864105,
    1.1213616974045073,
    1.1244489387412904,
    1.12630437321462,
    1.1271678549149673,
    1.1273780788390726,
    1.1271991761774065,
    1.1267093215011739,
    1.1257912027971784,
    1.1242008824837886,
    1.1216395221725282,
    1.1177630802626641,
    1.1121639759374138,
    1.1044386888412963,
    1.0943927899402963,
    1.082275886820424,
    1.0688293253607548,
    1.0550270112535438,
    1.0416941687042867,
    1.0293173855190696,
    1.0181077253446673,
    1.0081368306469576,
    0.9994057790278223,
    0.9918567054839909,
    0.98538341756942,
    0.9798547523264428,
    0.9751369340457458,
    0.9711063013315967
  ],