{
  "bias_mev": [
    -20.0,
    -19.666666666666668,
    -19.333333333333332,
    -19.0,
    -18.666666666666668,
    -18.333333333333332,
    -18.0,
    -17.666666666666668,
    -17.333333333333332,
    -17.0,
    -16.666666666666668,
    -16.333333333333332,
    -16.0,
    -15.666666666666668,
    -15.333333333333334,
    -15.0,
    -14.666666666666668,
    -14.333333333333334,
    -14.0,
    -13.666666666666668,
    -13.333333333333334,
    -13.0,
    -12.666666666666668,
    -12.333333333333334,
    -12.0,
    -11.666666666666668,
    -11.333333333333334,
    -11.0,
    -10.666666666666668,
    -10.333333333333334,
    -10.0,
    -9.666666666666668,
    -9.333333333333334,
    -9.0,
    -8.666666666666668,
    -8.333333333333334,
    -8.0,
    -7.666666666666668,
    -7.333333333333334,
    -7.0,
    -6.666666666666668,
    -6.333333333333334,
    -6.0,
    -5.666666666666668,
    -5.333333333333334,
    -5.0,
    -4.666666666666668,
    -4.333333333333334,
    -4.0,
    -3.666666666666668,
    -3.3333333333333357,
    -3.0,
    -2.666666666666668,
    -2.3333333333333357,
    -2.0,
    -1.6666666666666679,
    -1.3333333333333357,
    -1.0,
    -0.6666666666666679,
    -0.3333333333333357,
    0.0,
    0.33333333333333215,
    0.6666666666666643,
    1.0,
    1.3333333333333321,
    1.6666666666666643,
    2.0,
    2.333333333333332,
    2.6666666666666643,
    3.0,
    3.333333333333332,
    3.6666666666666643,
    4.0,
    4.333333333333332,
    4.666666666666664,
    5.0,
    5.333333333333332,
    5.666666666666664,
    6.0,
    6.333333333333332,
    6.666666666666664,
    7.0,
    7.333333333333332,
    7.666666666666664,
    8.0,
    8.333333333333332,
    8.666666666666664,
    9.0,
    9.333333333333332,
    9.666666666666664,
    10.0,
    10.333333333333332,
    10.666666666666664,
    11.0,
    11.333333333333332,
    11.666666666666664,
    12.0,
    12.333333333333329,
    12.666666666666664,
    13.0,
    13.333333333333329,
    13.666666666666664,
    14.0,
    14.333333333333329,
    14.666666666666664,
    15.0,
    15.333333333333329,
    15.666666666666664,
    16.0,
    16.33333333333333,
    16.666666666666664,
    17.0,
    17.33333333333333,
    17.666666666666664,
    18.0,
    18.33333333333333,
    18.666666666666664,
    19.0,
    19.33333333333333,
    19.666666666666664,
    20.0
  ],
  "conductance": [
    0.9725202681449878,
    0.9765639849750789,
    0.9811753977567137,
    0.9864685044138314,
    0.9925811503224409,
    0.9996661222733756,
    1.0078471905596509,
    1.0171349486718544,
    1.027412819820706,
    1.0386296130613608,
    1.0508816031912955,
    1.0640287703899731,
    1.0772502921583378,
    1.0893382365523883,
    1.0995979854531845,
    1.1081072405055774,
    1.115366173790777,
    1.121849005978153,
    1.1277419918948357,
    1.133103475031144,
    1.1381630311917958,
    1.1432733707943694,
    1.1486240014168696,
    1.15404122165315,
    1.1590267707400648,
    1.162906487399579,
    1.1651756645204439,
    1.1658741928448064,
    1.1654225416716484,
    1.164282446557501,
    1.1628242394314694,
    1.1613263609844715,
    1.1599678416232493,
    1.1587551317993876,
    1.1574497380271271,
    1.155709158724385,
    1.153397448396202,
    1.1506273978244523,
    1.14758546320616,
    1.144423793584394,
    1.1412445424491737,
    1.1381131209893602,
    1.135071613847692,
    1.132147613945607,
    1.1293595536211993,
    1.1267199162303696,
    1.1242372193072727,
    1.1219172778632842,
    1.1197640340326251,
    1.1177801171521349,
    1.1159672310794262,
    1.1143264276250069,
    1.1128583029664525,
    1.111563140757574,
    1.1104410175525492,
    1.1094918810489194,
    1.1087156083346665,
    1.1081120491169871,
    1.1076810574038305,
    1.1074225140521041,
    1.107336341829104,
    1.1074225140521055,
    1.1076810574038292,
    1.1081120491169871,
    1.1087156083346679,
    1.1094918810489176,
    1.1104410175525492,
    1.1115631407575755,
    1.1128583029664512,
    1.1143264276250069,
    1.1159672310794277,
    1.1177801171521338,
    1.1197640340326247,
    1.1219172778632858,
    1.1242372193072718,
    1.1267199162303692,
    1.129359553621201,
    1.1321476139456064,
    1.1350716138476913,
    1.1381131209893618,
    1.141244542449173,
    1.1444237935843933,
    1.1475854632061617,
    1.1506273978244514,
    1.153397448396201,
    1.155709158724387,
    1.1574497380271265,
    1.1587551317993867,
    1.1599678416232508,
    1.1613263609844704,
    1.1628242394314687,
    1.1642824465575026,
    1.1654225416716475,
    1.165874192844806,
    1.1651756645204454,
    1.1629064873995776,
    1.159026770740065,
    1.1540412216531517,
    1.1486240014168676,
    1.1432733707943699,
    1.1381630311917974,
    1.1331034750311417,
    1.1277419918948364,
    1.1218490059781545,
    1.115366173790775,
    1.1081072405055779,
    1.0995979854531865,
    1.0893382365523865,
    1.0772502921583376,
    1.0640287703899747,
    1.0508816031912946,
    1.0386296130613606,
    1.0274128198207073,
    1.017134948671853,
    1.0078471905596507,
    0.9996661222733768,
    0.9925811503224394,
    0.9864685044138314,
    0.9811753977567148,
    0.9765639849750781,
    0.972520268144987
  ],