{
  "bias_mev": [
    -20.0,
    -19.666666666666668,
    -19.333333333333332,
    -19.0,
    -18.666666666666668,
    -18.333333333333332,
    -18.0,
    -17.666666666666668,
    -17.333333333333332,
    -17.0,
    -16.666666666666668,
    -16.333333333333332,
    -16.0,
    -15.666666666666668,
    -15.333333333333334,
    -15.0,
    -14.666666666666668,
    -14.333333333333334,
    -14.0,
    -13.666666666666668,
    -13.333333333333334,
    -13.0,
    -12.666666666666668,
    -12.333333333333334,
    -12.0,
    -11.666666666666668,
    -11.333333333333334,
    -11.0,
    -10.666666666666668,
    -10.333333333333334,
    -10.0,
    -9.666666666666668,
    -9.333333333333334,
    -9.0,
    -8.666666666666668,
    -8.333333333333334,
    -8.0,
    -7.666666666666668,
    -7.333333333333334,
    -7.0,
    -6.666666666666668,
    -6.333333333333334,
    -6.0,
    -5.666666666666668,
    -5.333333333333334,
    -5.0,
    -4.666666666666668,
    -4.333333333333334,
    -4.0,
    -3.666666666666668,
    -3.3333333333333357,
    -3.0,
    -2.666666666666668,
    -2.3333333333333357,
    -2.0,
    -1.6666666666666679,
    -1.3333333333333357,
    -1.0,
    -0.6666666666666679,
    -0.3333333333333357,
    0.0,
    0.33333333333333215,
    0.6666666666666643,
    1.0,
    1.3333333333333321,
    1.6666666666666643,
    2.0,
    2.333333333333332,
    2.6666666666666643,
    3.0,
    3.333333333333332,
    3.6666666666666643,
    4.0,
    4.333333333333332,
    4.666666666666664,
    5.0,
    5.333333333333332,
    5.666666666666664,
    6.0,
    6.333333333333332,
    6.666666666666664,
    7.0,
    7.333333333333332,
    7.666666666666664,
    8.0,
    8.333333333333332,
    8.666666666666664,
    9.0,
    9.333333333333332,
    9.666666666666664,
    10.0,
    10.333333333333332,
    10.666666666666664,
    11.0,
    11.333333333333332,
    11.666666666666664,
    12.0,
    12.333333333333329,
    12.666666666666664,
    13.0,
    13.333333333333329,
    13.666666666666664,
    14.0,
    14.333333333333329,
    14.666666666666664,
    15.0,
    15.333333333333329,
    15.666666666666664,
    16.0,
    16.33333333333333,
    16.666666666666664,
    17.0,
    17.33333333333333,
    17.666666666666664,
    18.0,
    18.33333333333333,
    18.666666666666664,
    19.0,
    19.33333333333333,
    19.666666666666664,
    20.0
  ],
  "conductance": [
    0.9643222837825305,
    0.9682592229140953,
    0.9734562902790814,
    0.9800745183194484,
    0.9882810090794739,
    0.9982257383279782,
    1.0099956643121604,
    1.0235583855059278,
    1.0387265708203168,
    1.0551003166589872,
    1.071785120406592,
    1.0868949782874746,
    1.0975602697121678,
    1.1011567275888643,
    1.0968879326689933,
    1.08600397076038,
    1.0707049365961845,
    1.0530022483203472,
    1.0342281655544667,
    1.015156508021949,
    0.9963143312819048,
    0.9780567936484814,
    0.960389707206091,
    0.9428255985573312,
    0.9245012801891002,
    0.9045769207640161,
    0.8827533555625556,
    0.859524797937711,
    0.8358738581525276,
    0.8127434928758926,
    0.7907466811909182,
    0.7701444612223656,
    0.750911741316904,
    0.7327986648173921,
    0.715435377874143,
    0.6985445183446988,
    0.6821322748182479,
    0.6664412301844793,
    0.6517406817654992,
    0.6381880908703641,
    0.6258183477385802,
    0.6145878691103122,
    0.6044169448405774,
    0.5952156977162371,
    0.5868968763594763,
    0.5793810781842439,
    0.572598239482524,
    0.5664874742083162,
    0.5609962770571196,
    0.5560795544844016,
    0.551698681307907,
    0.5478206575271636,
    0.544417385214469,
    0.5414650623482667,
    0.5389436820175995,
    0.5368366234536073,
    0.5351303220962881,
    0.5338140076694624,
    0.5328795012559961,
    0.5323210643280367,
    0.5321352944901256,
    0.5323210643280372,
    0.5328795012559957,
    0.5338140076694624,
    0.5351303220962885,
    0.5368366234536068,
    0.5389436820175995,
    0.5414650623482671,
    0.5444173852144686,
    0.5478206575271636,
    0.5516986813079076,
    0.5560795544844012,
    0.5609962770571195,
    0.5664874742083167,
    0.5725982394825238,
    0.5793810781842434,
    0.5868968763594767,
    0.5952156977162367,
    0.6044169448405772,
    0.6145878691103126,
    0.6258183477385797,
    0.6381880908703639,
    0.6517406817654996,
    0.6664412301844789,
    0.6821322748182478,
    0.6985445183446992,
    0.7154353778741424,
    0.7327986648173916,
    0.7509117413169044,
    0.770144461222365,
    0.7907466811909176,
    0.8127434928758933,
    0.8358738581525268,
    0.8595247979377105,
    0.8827533555625562,
    0.9045769207640153,
    0.9245012801891002,
    0.9428255985573315,
    0.9603897072060896,
    0.9780567936484819,
    0.9963143312819053,
    1.0151565080219476,
    1.034228165554467,
    1.0530022483203476,
    1.0707049365961832,
    1.0860039707603801,
    1.096887932668994,
    1.101156727588863,
    1.0975602697121678,
    1.0868949782874755,
    1.0717851204065914,
    1.0551003166589872,
    1.038726570820318,
    1.0235583855059271,
    1.0099956643121604,
    0.9982257383279791,
    0.9882810090794732,
    0.9800745183194483,
    0.9734562902790821,
    0.9682592229140947,
    0.96432228378253
  ],