{
  "bias_mev": [
    -20.0,
    -19.666666666666668,
    -19.333333333333332,
    -19.0,
    -18.666666666666668,
    -18.333333333333332,
    -18.0,
    -17.666666666666668,
    -17.333333333333332,
    -17.0,
    -16.666666666666668,
    -16.333333333333332,
    -16.0,
    -15.666666666666668,
    -15.333333333333334,
    -15.0,
    -14.666666666666668,
    -14.333333333333334,
    -14.0,
    -13.666666666666668,
    -13.333333333333334,
    -13.0,
    -12.666666666666668,
    -12.333333333333334,
    -12.0,
    -11.666666666666668,
    -11.333333333333334,
    -11.0,
    -10.666666666666668,
    -10.333333333333334,
    -10.0,
    -9.666666666666668,
    -9.333333333333334,
    -9.0,
    -8.666666666666668,
    -8.333333333333334,
    -8.0,
    -7.666666666666668,
    -7.333333333333334,
    -7.0,
    -6.666666666666668,
    -6.333333333333334,
    -6.0,
    -5.666666666666668,
    -5.333333333333334,
    -5.0,
    -4.666666666666668,
    -4.333333333333334,
    -4.0,
    -3.666666666666668,
    -3.3333333333333357,
    -3.0,
    -2.666666666666668,
    -2.3333333333333357,
    -2.0,
    -1.6666666666666679,
    -1.3333333333333357,
    -1.0,
    -0.6666666666666679,
    -0.3333333333333357,
    0.0,
    0.33333333333333215,
    0.6666666666666643,
    1.0,
    1.3333333333333321,
    1.6666666666666643,
    2.0,
    2.333333333333332,
    2.6666666666666643,
    3.0,
    3.333333333333332,
    3.6666666666666643,
    4.0,
    4.333333333333332,
    4.666666666666664,
    5.0,
    5.333333333333332,
    5.666666666666664,
    6.0,
    6.333333333333332,
    6.666666666666664,
    7.0,
    7.333333333333332,
    7.666666666666664,
    8.0,
    8.333333333333332,
    8.666666666666664,
    9.0,
    9.333333333333332,
    9.666666666666664,
    10.0,
    10.333333333333332,
    10.666666666666664,
    11.0,
    11.333333333333332,
    11.666666666666664,
    12.0,
    12.333333333333329,
    12.666666666666664,
    13.0,
    13.333333333333329,
    13.666666666666664,
    14.0,
    14.333333333333329,
    14.666666666666664,
    15.0,
    15.333333333333329,
    15.666666666666664,
    16.0,
    16.33333333333333,
    16.666666666666664,
    17.0,
    17.33333333333333,
    17.666666666666664,
    18.0,
    18.33333333333333,
    18.666666666666664,
    19.0,
    19.33333333333333,
    19.666666666666664,
    20.0
  ],
  "conductance": [
    0.9718537827834355,
    0.97456644657784,
    0.978789862708161,
    0.9845521937688642,
    0.991804931561679,
    1.00037803634259,
    1.0099361320766984,
    1.0199559887262748,
    1.0297362397922387,
    1.0384263856622171,
    1.0450612141345577,
    1.0486352650638784,
    1.0482815214630956,
    1.043533423621015,
    1.0345148798181163,
    1.021905042067366,
    1.0066912624626327,
    0.9898732883929906,
    0.9722714776477044,
    0.9544623314753096,
    0.9367617474297354,
    0.9191953170121842,
    0.9014854989608128,
    0.88312717933221,
    0.8635757740228064,
    0.8424922985324055,
    0.8199359651630759,
    0.7963972653943517,
    0.7726448757165199,
    0.7494740406102605,
    0.7274867084810094,
    0.7069786339525583,
    0.6879360310360653,
    0.6701156947746183,
    0.653181813156801,
    0.6368594420292112,
    0.6210414737129522,
    0.6057991650257673,
    0.5913077650063716,
    0.5777495206180752,
    0.5652489326643466,
    0.5538540811515154,
    0.5435486655554925,
    0.5342747086665979,
    0.5259535064693452,
    0.5185004449961437,
    0.5118337830089396,
    0.5058790197136168,
    0.5005705121455997,
    0.4958515790499511,
    0.4916738783713007,
    0.4879965100378327,
    0.48478508061478964,
    0.4820108407740439,
    0.4796499384009029,
    0.47768279595264734,
    0.47609360527642314,
    0.4748699275448319,
    0.47400238527959815,
    0.47348443495049697,
    0.47331221102168447,
    0.4734844349504972,
    0.47400238527959815,
    0.47486992754483204,
    0.47609360527642314,
    0.47768279595264723,
    0.479649938400903,
    0.4820108407740439,
    0.48478508061478953,
    0.4879965100378327,
    0.4916738783713007,
    0.49585157904995103,
    0.5005705121455997,
    0.5058790197136168,
    0.5118337830089393,
    0.5185004449961436,
    0.5259535064693451,
    0.5342747086665978,
    0.5435486655554925,
    0.5538540811515154,
    0.5652489326643464,
    0.5777495206180753,
    0.5913077650063713,
    0.605799165025767,
    0.6210414737129522,
    0.6368594420292112,
    0.6531818131568007,
    0.6701156947746183,
    0.687936031036065,
    0.7069786339525581,
    0.7274867084810093,
    0.7494740406102602,
    0.7726448757165196,
    0.7963972653943516,
    0.8199359651630759,
    0.8424922985324053,
    0.8635757740228064,
    0.8831271793322094,
    0.9014854989608121,
    0.9191953170121842,
    0.936761747429735,
    0.9544623314753096,
    0.9722714776477044,
    0.9898732883929903,
    1.0066912624626327,
    1.0219050420673663,
    1.034514879818116,
    1.043533423621015,
    1.0482815214630956,
    1.0486352650638784,
    1.0450612141345577,
    1.0384263856622173,
    1.0297362397922385,
    1.019955988726275,
    1.0099361320766984,
    1.0003780363425905,
    0.991804931561679,
    0.9845521937688637,
    0.978789862708161,
    0.9745664465778402,
    0.9718537827834355
  ],