{
  "bias_mev": [
    -20.0,
    -19.666666666666668,
    -19.333333333333332,
    -19.0,
    -18.666666666666668,
    -18.333333333333332,
    -18.0,
    -17.666666666666668,
    -17.333333333333332,
    -17.0,
    -16.666666666666668,
    -16.333333333333332,
    -16.0,
    -15.666666666666668,
    -15.333333333333334,
    -15.0,
    -14.666666666666668,
    -14.333333333333334,
    -14.0,
    -13.666666666666668,
    -13.333333333333334,
    -13.0,
    -12.666666666666668,
    -12.333333333333334,
    -12.0,
    -11.666666666666668,
    -11.333333333333334,
    -11.0,
    -10.666666666666668,
    -10.333333333333334,
    -10.0,
    -9.666666666666668,
    -9.333333333333334,
    -9.0,
    -8.666666666666668,
    -8.333333333333334,
    -8.0,
    -7.666666666666668,
    -7.333333333333334,
    -7.0,
    -6.666666666666668,
    -6.333333333333334,
    -6.0,
    -5.666666666666668,
    -5.333333333333334,
    -5.0,
    -4.666666666666668,
    -4.333333333333334,
    -4.0,
    -3.666666666666668,
    -3.3333333333333357,
    -3.0,
    -2.666666666666668,
    -2.3333333333333357,
    -2.0,
    -1.6666666666666679,
    -1.3333333333333357,
    -1.0,
    -0.6666666666666679,
    -0.3333333333333357,
    0.0,
    0.33333333333333215,
    0.6666666666666643,
    1.0,
    1.3333333333333321,
    1.6666666666666643,
    2.0,
    2.333333333333332,
    2.6666666666666643,
    3.0,
    3.333333333333332,
    3.6666666666666643,
    4.0,
    4.333333333333332,
    4.666666666666664,
    5.0,
    5.333333333333332,
    5.666666666666664,
    6.0,
    6.333333333333332,
    6.666666666666664,
    7.0,
    7.333333333333332,
    7.666666666666664,
    8.0,
    8.333333333333332,
    8.666666666666664,
    9.0,
    9.333333333333332,
    9.666666666666664,
    10.0,
    10.333333333333332,
    10.666666666666664,
    11.0,
    11.333333333333332,
    11.666666666666664,
    12.0,
    12.333333333333329,
    12.666666666666664,
    13.0,
    13.333333333333329,
    13.666666666666664,
    14.0,
    14.333333333333329,
    14.666666666666664,
    15.0,
    15.333333333333329,
    15.666666666666664,
    16.0,
    16.33333333333333,
    16.666666666666664,
    17.0,
    17.33333333333333,
    17.666666666666664,
    18.0,
    18.33333333333333,
    18.666666666666664,
    19.0,
    19.33333333333333,
    19.666666666666664,
    20.0
  ],
  "conductance": [
    0.9733775937841435,
    0.9775641998110566,
    0.9822523575713537,
    0.9875316491687065,
    0.9934979150509006,
    1.0002438181621727,
    1.007840648174604,
    1.0163163662488777,
    1.025642676972956,
    1.0357327750552277,
    1.0464223649319964,
    1.0574223606713256,
    1.068309841558384,
    1.0786328596996964,
    1.0880758954328447,
    1.0965465398928,
    1.104131637912487,
    1.1109894288235143,
    1.1172710273468303,
    1.123110250267614,
    1.1286403252840278,
    1.1339758231726804,
    1.1391570384865495,
    1.1441054122333363,
    1.1486286717838743,
    1.152480711300942,
    1.1554608222822491,
    1.1575036102347904,
    1.1586961793006305,
    1.1592224698260098,
    1.1592910703077186,
    1.1590837626827801,
    1.1587235039157613,
    1.1582530982647872,
    1.1576332152883673,
    1.156777694554389,
    1.1556163625617706,
    1.1541393321387305,
    1.1523943389399287,
    1.1504565995259184,
    1.1484018931616617,
    1.146293786418522,
    1.1441812098985735,
    1.1421004577578056,
    1.1400781498419095,
    1.1381338427428525,
    1.1362820083211,
    1.134533450899769,
    1.132896305237259,
    1.131376740227842,
    1.1299794599779853,
    1.1287080652736583,
    1.1275653178537148,
    1.126553335991674,
    1.1256737406835828,
    1.1249277656542755,
    1.1243163403323861,
    1.1238401521903645,
    1.123499692940579,
    1.1232952917275043,
    1.12322713746689,
    1.1232952917275048,
    1.1234996929405787,
    1.1238401521903647,
    1.1243163403323866,
    1.1249277656542749,
    1.1256737406835826,
    1.1265533359916744,
    1.1275653178537144,
    1.1287080652736583,
    1.129979459977986,
    1.1313767402278416,
    1.1328963052372587,
    1.1345334508997695,
    1.1362820083210998,
    1.1381338427428522,
    1.14007814984191,
    1.1421004577578056,
    1.1441812098985733,
    1.1462937864185228,
    1.1484018931616617,
    1.1504565995259182,
    1.1523943389399294,
    1.1541393321387303,
    1.1556163625617704,
    1.1567776945543895,
    1.157633215288367,
    1.1582530982647867,
    1.1587235039157617,
    1.1590837626827797,
    1.1592910703077184,
    1.15922246982601,
    1.1586961793006303,
    1.1575036102347904,
    1.1554608222822493,
    1.1524807113009419,
    1.1486286717838745,
    1.1441054122333367,
    1.139157038486549,
    1.1339758231726806,
    1.1286403252840285,
    1.1231102502676136,
    1.1172710273468305,
    1.1109894288235147,
    1.1041316379124866,
    1.0965465398928003,
    1.0880758954328456,
    1.078632859699696,
    1.068309841558384,
    1.057422360671326,
    1.0464223649319961,
    1.0357327750552277,
    1.0256426769729565,
    1.0163163662488774,
    1.0078406481746043,
    1.000243818162173,
    0.9934979150509005,
    0.9875316491687066,
    0.9822523575713541,
    0.9775641998110565,
    0.9733775937841431
  ],