{
  "bias_mev": [
    -20.0,
    -19.666666666666668,
    -19.333333333333332,
    -19.0,
    -18.666666666666668,
    -18.333333333333332,
    -18.0,
    -17.666666666666668,
    -17.333333333333332,
    -17.0,
    -16.666666666666668,
    -16.333333333333332,
    -16.0,
    -15.666666666666668,
    -15.333333333333334,
    -15.0,
    -14.666666666666668,
    -14.333333333333334,
    -14.0,
    -13.666666666666668,
    -13.333333333333334,
    -13.0,
    -12.666666666666668,
    -12.333333333333334,
    -12.0,
    -11.666666666666668,
    -11.333333333333334,
    -11.0,
    -10.666666666666668,
    -10.333333333333334,
    -10.0,
    -9.666666666666668,
    -9.333333333333334,
    -9.0,
    -8.666666666666668,
    -8.333333333333334,
    -8.0,
    -7.666666666666668,
    -7.333333333333334,
    -7.0,
    -6.666666666666668,
    -6.333333333333334,
    -6.0,
    -5.666666666666668,
    -5.333333333333334,
    -5.0,
    -4.666666666666668,
    -4.333333333333334,
    -4.0,
    -3.666666666666668,
    -3.3333333333333357,
    -3.0,
    -2.666666666666668,
    -2.3333333333333357,
    -2.0,
    -1.6666666666666679,
    -1.3333333333333357,
    -1.0,
    -0.6666666666666679,
    -0.3333333333333357,
    0.0,
    0.33333333333333215,
    0.6666666666666643,
    1.0,
    1.3333333333333321,
    1.6666666666666643,
    2.0,
    2.333333333333332,
    2.6666666666666643,
    3.0,
    3.333333333333332,
    3.6666666666666643,
    4.0,
    4.333333333333332,
    4.666666666666664,
    5.0,
    5.333333333333332,
    5.666666666666664,
    6.0,
    6.333333333333332,
    6.666666666666664,
    7.0,
    7.333333333333332,
    7.666666666666664,
    8.0,
    8.333333333333332,
    8.666666666666664,
    9.0,
    9.333333333333332,
    9.666666666666664,
    10.0,
    10.333333333333332,
    10.666666666666664,
    11.0,
    11.333333333333332,
    11.666666666666664,
    12.0,
    12.333333333333329,
    12.666666666666664,
    13.0,
    13.333333333333329,
    13.666666666666664,
    14.0,
    14.333333333333329,
    14.666666666666664,
    15.0,
    15.333333333333329,
    15.666666666666664,
    16.0,
    16.33333333333333,
    16.666666666666664,
    17.0,
    17.33333333333333,
    17.666666666666664,
    18.0,
    18.33333333333333,
    18.666666666666664,
    19.0,
    19.33333333333333,
    19.666666666666664,
    20.0
  ],
  "conductance": [
    0.9659370568033488,
    0.9702257063982184,
    0.975711058937277,
    0.9824756356121628,
    0.9905739352618248,
    1.0000080903121142,
    1.0106943064347775,
    1.0224221834442677,
    1.0347990915835088,
    1.0471529352124989,
    1.0583921085596932,
    1.066947007030413,
    1.0710262462971991,
    1.0692428528132372,
    1.0612314905151712,
    1.0477522832793513,
    1.0302388781661782,
    1.0102017797514753,
    0.9888564034856647,
    0.9670361953490281,
    0.9452386136897525,
    0.923657503200745,
    0.9021885508130588,
    0.8804865115304201,
    0.8581302079060129,
    0.8348594396721128,
    0.8107611667988011,
    0.7862754280302241,
    0.762015631410743,
    0.7385422853538445,
    0.7162228749779249,
    0.695200159925508,
    0.6754265461322279,
    0.6567333458122753,
    0.6389280538384192,
    0.6218978945051465,
    0.605662735680105,
    0.5903404196460773,
    0.5760628078633894,
    0.5629113791400169,
    0.5509000288954394,
    0.539989492238328,
    0.5301100277250315,
    0.521179844775471,
    0.5131165599706795,
    0.5058431012193045,
    0.49929014670821514,
    0.4933966865627044,
    0.4881096822714336,
    0.4833833583414828,
    0.47917839657495126,
    0.4754611591002439,
    0.4722029920488826,
    0.46937962548550854,
    0.466970668596486,
    0.46495919241120404,
    0.46333139038333393,
    0.4620763074220301,
    0.461185629162225,
    0.4606535247905097,
    0.4604765383261084,
    0.4606535247905099,
    0.46118562916222483,
    0.46207630742203004,
    0.46333139038333415,
    0.4649591924112038,
    0.466970668596486,
    0.4693796254855086,
    0.47220299204888244,
    0.4754611591002439,
    0.4791783965749514,
    0.4833833583414826,
    0.4881096822714336,
    0.49339668656270474,
    0.4992901467082149,
    0.5058431012193044,
    0.5131165599706797,
    0.5211798447754707,
    0.5301100277250315,
    0.5399894922383282,
    0.5509000288954391,
    0.5629113791400168,
    0.5760628078633894,
    0.5903404196460771,
    0.6056627356801049,
    0.6218978945051468,
    0.6389280538384188,
    0.656733345812275,
    0.6754265461322282,
    0.6952001599255077,
    0.7162228749779249,
    0.7385422853538447,
    0.7620156314107426,
    0.7862754280302241,
    0.8107611667988013,
    0.8348594396721125,
    0.8581302079060131,
    0.8804865115304201,
    0.902188550813058,
    0.9236575032007455,
    0.9452386136897525,
    0.9670361953490271,
    0.9888564034856653,
    1.0102017797514755,
    1.0302388781661773,
    1.0477522832793518,
    1.0612314905151718,
    1.0692428528132365,
    1.0710262462971991,
    1.0669470070304135,
    1.0583921085596932,
    1.047152935212499,
    1.0347990915835095,
    1.0224221834442677,
    1.0106943064347778,
    1.000008090312115,
    0.9905739352618245,
    0.982475635612163,
    0.9757110589372777,
    0.9702257063982178,
    0.9659370568033483
  ],