{
  "bias_mev": [
    -20.0,
    -19.666666666666668,
    -19.333333333333332,
    -19.0,
    -18.666666666666668,
    -18.333333333333332,
    -18.0,
    -17.666666666666668,
    -17.333333333333332,
    -17.0,
    -16.666666666666668,
    -16.333333333333332,
    -16.0,
    -15.666666666666668,
    -15.333333333333334,
    -15.0,
    -14.666666666666668,
    -14.333333333333334,
    -14.0,
    -13.666666666666668,
    -13.333333333333334,
    -13.0,
    -12.666666666666668,
    -12.333333333333334,
    -12.0,
    -11.666666666666668,
    -11.333333333333334,
    -11.0,
    -10.666666666666668,
    -10.333333333333334,
    -10.0,
    -9.666666666666668,
    -9.333333333333334,
    -9.0,
    -8.666666666666668,
    -8.333333333333334,
    -8.0,
    -7.666666666666668,
    -7.333333333333334,
    -7.0,
    -6.666666666666668,
    -6.333333333333334,
    -6.0,
    -5.666666666666668,
    -5.333333333333334,
    -5.0,
    -4.666666666666668,
    -4.333333333333334,
    -4.0,
    -3.666666666666668,
    -3.3333333333333357,
    -3.0,
    -2.666666666666668,
    -2.3333333333333357,
    -2.0,
    -1.6666666666666679,
    -1.3333333333333357,
    -1.0,
    -0.6666666666666679,
    -0.3333333333333357,
    0.0,
    0.33333333333333215,
    0.6666666666666643,
    1.0,
    1.3333333333333321,
    1.6666666666666643,
    2.0,
    2.333333333333332,
    2.6666666666666643,
    3.0,
    3.333333333333332,
    3.6666666666666643,
    4.0,
    4.333333333333332,
    4.666666666666664,
    5.0,
    5.333333333333332,
    5.666666666666664,
    6.0,
    6.333333333333332,
    6.666666666666664,
    7.0,
    7.333333333333332,
    7.666666666666664,
    8.0,
    8.333333333333332,
    8.666666666666664,
    9.0,
    9.333333333333332,
    9.666666666666664,
    10.0,
    10.333333333333332,
    10.666666666666664,
    11.0,
    11.333333333333332,
    11.666666666666664,
    12.0,
    12.333333333333329,
    12.666666666666664,
    13.0,
    13.333333333333329,
    13.666666666666664,
    14.0,
    14.333333333333329,
    14.666666666666664,
    15.0,
    15.333333333333329,
    15.666666666666664,
    16.0,
    16.33333333333333,
    16.666666666666664,
    17.0,
    17.33333333333333,
    17.666666666666664,
    18.0,
    18.33333333333333,
    18.666666666666664,
    19.0,
    19.33333333333333,
    19.666666666666664,
    20.0
  ],
  "conductance": [
    0.97899139129829,
    0.9818257583290305,
    0.9851896012888006,
    0.9891833736522914,
    0.9939165462834691,
    0.9994921513192601,
    1.0059753600131287,
    1.0133593131835672,
    1.0215669783106196,
    1.0304995263215424,
    1.040042802797348,
    1.0499533521220363,
    1.0597478544327739,
    1.0688109855099974,
    1.0766882203848842,
    1.0832745978051974,
    1.0887532082265432,
    1.0933983036546453,
    1.097429991177397,
    1.1010162756232424,
    1.1043419516628248,
    1.10759534426556,
    1.110856835751684,
    1.1139999384927015,
    1.1166947167429397,
    1.118523452322798,
    1.1191746550619486,
    1.1186056088454712,
    1.117035723554291,
    1.1148058762277206,
    1.1122457670979886,
    1.109606319051071,
    1.1070282465892214,
    1.1045190666528737,
    1.1019588653601888,
    1.0991768209884116,
    1.0960685071301153,
    1.0926503880011966,
    1.0890211908003895,
    1.0852977593375677,
    1.0815780484552073,
    1.0779324729165092,
    1.074408073557099,
    1.071035226954697,
    1.0678332223848341,
    1.0648141427202347,
    1.061985397622438,
    1.0593513488923312,
    1.0569143586744114,
    1.0546754759522519,
    1.0526348948566373,
    1.0507922666160467,
    1.0491469156788171,
    1.0476979917306581,
    1.0464445779305493,
    1.0453857686536,
    1.0445207255927145,
    1.0438487182042724,
    1.0433691525824043,
    1.0430815915497835,
    1.0429857678373762,
    1.043081591549784,
    1.043369152582404,
    1.0438487182042724,
    1.044520725592715,
    1.0453857686535997,
    1.0464445779305496,
    1.0476979917306586,
    1.0491469156788171,
    1.0507922666160465,
    1.0526348948566375,
    1.0546754759522516,
    1.056914358674411,
    1.0593513488923312,
    1.061985397622438,
    1.0648141427202347,
    1.0678332223848346,
    1.071035226954697,
    1.0744080735570989,
    1.0779324729165096,
    1.081578048455207,
    1.0852977593375677,
    1.0890211908003895,
    1.0926503880011966,
    1.0960685071301153,
    1.0991768209884119,
    1.1019588653601886,
    1.1045190666528732,
    1.1070282465892218,
    1.109606319051071,
    1.1122457670979886,
    1.1148058762277206,
    1.1170357235542907,
    1.1186056088454712,
    1.1191746550619488,
    1.1185234523227983,
    1.1166947167429397,
    1.113999938492702,
    1.1108568357516835,
    1.1075953442655604,
    1.104341951662825,
    1.101016275623242,
    1.0974299911773973,
    1.0933983036546455,
    1.0887532082265428,
    1.0832745978051974,
    1.0766882203848844,
    1.0688109855099972,
    1.0597478544327739,
    1.0499533521220368,
    1.040042802797348,
    1.0304995263215424,
    1.02156697831062,
    1.0133593131835668,
    1.0059753600131287,
    0.9994921513192604,
    0.993916546283469,
    0.9891833736522914,
    0.9851896012888011,
    0.9818257583290303,
    0.9789913912982897
  ],