{
  "bias_mev": [
    -20.0,
    -19.666666666666668,
    -19.333333333333332,
    -19.0,
    -18.666666666666668,
    -18.333333333333332,
    -18.0,
    -17.666666666666668,
    -17.333333333333332,
    -17.0,
    -16.666666666666668,
    -16.333333333333332,
    -16.0,
    -15.666666666666668,
    -15.333333333333334,
    -15.0,
    -14.666666666666668,
    -14.333333333333334,
    -14.0,
    -13.666666666666668,
    -13.333333333333334,
    -13.0,
    -12.666666666666668,
    -12.333333333333334,
    -12.0,
    -11.666666666666668,
    -11.333333333333334,
    -11.0,
    -10.666666666666668,
    -10.333333333333334,
    -10.0,
    -9.666666666666668,
    -9.333333333333334,
    -9.0,
    -8.666666666666668,
    -8.333333333333334,
    -8.0,
    -7.666666666666668,
    -7.333333333333334,
    -7.0,
    -6.666666666666668,
    -6.333333333333334,
    -6.0,
    -5.666666666666668,
    -5.333333333333334,
    -5.0,
    -4.666666666666668,
    -4.333333333333334,
    -4.0,
    -3.666666666666668,
    -3.3333333333333357,
    -3.0,
    -2.666666666666668,
    -2.3333333333333357,
    -2.0,
    -1.6666666666666679,
    -1.3333333333333357,
    -1.0,
    -0.6666666666666679,
    -0.3333333333333357,
    0.0,
    0.33333333333333215,
    0.6666666666666643,
    1.0,
    1.3333333333333321,
    1.6666666666666643,
    2.0,
    2.333333333333332,
    2.6666666666666643,
    3.0,
    3.333333333333332,
    3.6666666666666643,
    4.0,
    4.333333333333332,
    4.666666666666664,
    5.0,
    5.333333333333332,
    5.666666666666664,
    6.0,
    6.333333333333332,
    6.666666666666664,
    7.0,
    7.333333333333332,
    7.666666666666664,
    8.0,
    8.333333333333332,
    8.666666666666664,
    9.0,
    9.333333333333332,
    9.666666666666664,
    10.0,
    10.333333333333332,
    10.666666666666664,
    11.0,
    11.333333333333332,
    11.666666666666664,
    12.0,
    12.333333333333329,
    12.666666666666664,
    13.0,
    13.333333333333329,
    13.666666666666664,
    14.0,
    14.333333333333329,
    14.666666666666664,
    15.0,
    15.333333333333329,
    15.666666666666664,
    16.0,
    16.33333333333333,
    16.666666666666664,
    17.0,
    17.33333333333333,
    17.666666666666664,
    18.0,
    18.33333333333333,
    18.666666666666664,
    19.0,
    19.33333333333333,
    19.666666666666664,
    20.0
  ],
  "conductance": [
    0.9822172753273526,
    0.9829385500939068,
    0.9846934340245974,
    0.9876220308196182,
    0.9918713762101975,
    0.9975567293633333,
    1.0046891461107463,
    1.0131117439483197,
    1.0225481108444114,
    1.0327516032575152,
    1.0434618171601573,
    1.0539972976093013,
    1.0629462347106984,
    1.0686139715195737,
    1.0700205319083442,
    1.0673986569358604,
    1.0617958724301113,
    1.054342049482558,
    1.0458180390096983,
    1.0367303366892944,
    1.0275585435961334,
    1.018734916526318,
    1.0103772063132084,
    1.0021021022582206,
    0.9931088179183636,
    0.9825159992423471,
    0.9698557324637171,
    0.9553952186486712,
    0.9399423740453545,
    0.9243826843410808,
    0.909378916667198,
    0.8953020387437098,
    0.8822512441238034,
    0.8700771292683775,
    0.8584486926454933,
    0.8470375042596882,
    0.8357243664407296,
    0.8246230729786972,
    0.813937545877555,
    0.8038336717246163,
    0.7944005124359542,
    0.7856645283262469,
    0.7776145561790341,
    0.7702209090058537,
    0.7634467945327326,
    0.7572543280288782,
    0.7516074080951656,
    0.7464729313573167,
    0.7418211760753689,
    0.7376257914857098,
    0.73386361490808,
    0.7305144268170142,
    0.7275606971132508,
    0.7249873471408569,
    0.7227815376966814,
    0.720932486287542,
    0.7194313136152531,
    0.7182709178840188,
    0.7174458750955467,
    0.7169523635455906,
    0.7167881110161016,
    0.7169523635455908,
    0.7174458750955464,
    0.7182709178840189,
    0.7194313136152534,
    0.7209324862875418,
    0.7227815376966815,
    0.7249873471408573,
    0.7275606971132506,
    0.7305144268170142,
    0.7338636149080803,
    0.7376257914857095,
    0.7418211760753688,
    0.746472931357317,
    0.7516074080951654,
    0.757254328028878,
    0.7634467945327326,
    0.7702209090058535,
    0.777614556179034,
    0.7856645283262469,
    0.7944005124359541,
    0.8038336717246163,
    0.813937545877555,
    0.8246230729786971,
    0.8357243664407293,
    0.8470375042596882,
    0.8584486926454927,
    0.8700771292683772,
    0.8822512441238034,
    0.8953020387437094,
    0.9093789166671975,
    0.924382684341081,
    0.9399423740453541,
    0.9553952186486712,
    0.9698557324637169,
    0.9825159992423467,
    0.9931088179183638,
    1.0021021022582204,
    1.0103772063132077,
    1.018734916526318,
    1.0275585435961334,
    1.0367303366892935,
    1.0458180390096983,
    1.0543420494825577,
    1.0617958724301109,
    1.0673986569358604,
    1.0700205319083445,
    1.0686139715195733,
    1.0629462347106984,
    1.0539972976093017,
    1.0434618171601568,
    1.0327516032575152,
    1.0225481108444117,
    1.0131117439483197,
    1.0046891461107463,
    0.9975567293633335,
    0.9918713762101972,
    0.987622030819618,
    0.9846934340245979,
    0.9829385500939062,
    0.9822172753273524
  ],