{
  "bias_mev": [
    -20.0,
    -19.666666666666668,
    -19.333333333333332,
    -19.0,
    -18.666666666666668,
    -18.333333333333332,
    -18.0,
    -17.666666666666668,
    -17.333333333333332,
    -17.0,
    -16.666666666666668,
    -16.333333333333332,
    -16.0,
    -15.666666666666668,
    -15.333333333333334,
    -15.0,
    -14.666666666666668,
    -14.333333333333334,
    -14.0,
    -13.666666666666668,
    -13.333333333333334,
    -13.0,
    -12.666666666666668,
    -12.333333333333334,
    -12.0,
    -11.666666666666668,
    -11.333333333333334,
    -11.0,
    -10.666666666666668,
    -10.333333333333334,
    -10.0,
    -9.666666666666668,
    -9.333333333333334,
    -9.0,
    -8.666666666666668,
    -8.333333333333334,
    -8.0,
    -7.666666666666668,
    -7.333333333333334,
    -7.0,
    -6.666666666666668,
    -6.333333333333334,
    -6.0,
    -5.666666666666668,
    -5.333333333333334,
    -5.0,
    -4.666666666666668,
    -4.333333333333334,
    -4.0,
    -3.666666666666668,
    -3.3333333333333357,
    -3.0,
    -2.666666666666668,
    -2.3333333333333357,
    -2.0,
    -1.6666666666666679,
    -1.3333333333333357,
    -1.0,
    -0.6666666666666679,
    -0.3333333333333357,
    0.0,
    0.33333333333333215,
    0.6666666666666643,
    1.0,
    1.3333333333333321,
    1.6666666666666643,
    2.0,
    2.333333333333332,
    2.6666666666666643,
    3.0,
    3.333333333333332,
    3.6666666666666643,
    4.0,
    4.333333333333332,
    4.666666666666664,
    5.0,
    5.333333333333332,
    5.666666666666664,
    6.0,
    6.333333333333332,
    6.666666666666664,
    7.0,
    7.333333333333332,
    7.666666666666664,
    8.0,
    8.333333333333332,
    8.666666666666664,
    9.0,
    9.333333333333332,
    9.666666666666664,
    10.0,
    10.333333333333332,
    10.666666666666664,
    11.0,
    11.333333333333332,
    11.666666666666664,
    12.0,
    12.333333333333329,
    12.666666666666664,
    13.0,
    13.333333333333329,
    13.666666666666664,
    14.0,
    14.333333333333329,
    14.666666666666664,
    15.0,
    15.333333333333329,
    15.666666666666664,
    16.0,
    16.33333333333333,
    16.666666666666664,
    17.0,
    17.33333333333333,
    17.666666666666664,
    18.0,
    18.33333333333333,
    18.666666666666664,
    19.0,
    19.33333333333333,
    19.666666666666664,
    20.0
  ],
  "conductance": [
    0.9817470179852344,
    0.9843686114116228,
    0.9874191714266319,
    0.990970194213216,
    0.9950941783017706,
    0.9998558148627298,
    1.0052983431886995,
    1.0114303296872014,
    1.0182203727682435,
    1.0255959661546497,
    1.0334264207846298,
    1.041485586173182,
    1.0494394995524738,
    1.0569125489727913,
    1.0636099846676466,
    1.0694045465558977,
    1.0743297845750965,
    1.0785087496069548,
    1.0820847798334206,
    1.0851934654262083,
    1.0879611142746992,
    1.090491960028835,
    1.0928335602526988,
    1.0949451956532874,
    1.0966989866375672,
    1.097924814577212,
    1.0984850028331066,
    1.0983383510052447,
    1.0975525508919577,
    1.0962661628301786,
    1.094636103454126,
    1.0927981837871652,
    1.0908450289277238,
    1.0888175318004962,
    1.0867110651816052,
    1.084498842798999,
    1.0821626260352992,
    1.0797111052635215,
    1.0771775328189142,
    1.0746062145164856,
    1.072040424848573,
    1.0695164052528676,
    1.067062118955165,
    1.0646982461724974,
    1.0624397750962986,
    1.0602974763544621,
    1.0582790636566384,
    1.05639004887505,
    1.054634356198919,
    1.05301476087801,
    1.051533204113148,
    1.0501910211461671,
    1.0489891082414307,
    1.0479280461804543,
    1.0470081923719687,
    1.0462297499477677,
    1.045592819684061,
    1.0450974388526681,
    1.044743609895694,
    1.0445313209530491,
    1.0444605596361134,
    1.0445313209530493,
    1.044743609895694,
    1.0450974388526681,
    1.0455928196840611,
    1.0462297499477675,
    1.047008192371969,
    1.0479280461804543,
    1.0489891082414307,
    1.050191021146167,
    1.051533204113148,
    1.05301476087801,
    1.054634356198919,
    1.05639004887505,
    1.0582790636566384,
    1.0602974763544624,
    1.0624397750962988,
    1.064698246172497,
    1.067062118955165,
    1.0695164052528676,
    1.0720404248485729,
    1.0746062145164856,
    1.0771775328189142,
    1.0797111052635213,
    1.0821626260352992,
    1.084498842798999,
    1.0867110651816048,
    1.0888175318004962,
    1.0908450289277238,
    1.0927981837871652,
    1.0946361034541259,
    1.0962661628301786,
    1.0975525508919577,
    1.0983383510052445,
    1.0984850028331066,
    1.097924814577212,
    1.0966989866375672,
    1.0949451956532876,
    1.0928335602526986,
    1.0904919600288352,
    1.0879611142746992,
    1.085193465426208,
    1.0820847798334208,
    1.0785087496069552,
    1.074329784575096,
    1.0694045465558977,
    1.0636099846676466,
    1.056912548972791,
    1.049439499552474,
    1.0414855861731824,
    1.0334264207846295,
    1.0255959661546499,
    1.018220372768244,
    1.0114303296872014,
    1.0052983431886997,
    0.9998558148627301,
    0.9950941783017704,
    0.9909701942132164,
    0.9874191714266324,
    0.9843686114116228,
    0.9817470179852343
  ],