{
  "bias_mev": [
    -20.0,
    -19.666666666666668,
    -19.333333333333332,
    -19.0,
    -18.666666666666668,
    -18.333333333333332,
    -18.0,
    -17.666666666666668,
    -17.333333333333332,
    -17.0,
    -16.666666666666668,
    -16.333333333333332,
    -16.0,
    -15.666666666666668,
    -15.333333333333334,
    -15.0,
    -14.666666666666668,
    -14.333333333333334,
    -14.0,
    -13.666666666666668,
    -13.333333333333334,
    -13.0,
    -12.666666666666668,
    -12.333333333333334,
    -12.0,
    -11.666666666666668,
    -11.333333333333334,
    -11.0,
    -10.666666666666668,
    -10.333333333333334,
    -10.0,
    -9.666666666666668,
    -9.333333333333334,
    -9.0,
    -8.666666666666668,
    -8.333333333333334,
    -8.0,
    -7.666666666666668,
    -7.333333333333334,
    -7.0,
    -6.666666666666668,
    -6.333333333333334,
    -6.0,
    -5.666666666666668,
    -5.333333333333334,
    -5.0,
    -4.666666666666668,
    -4.333333333333334,
    -4.0,
    -3.666666666666668,
    -3.3333333333333357,
    -3.0,
    -2.666666666666668,
    -2.3333333333333357,
    -2.0,
    -1.6666666666666679,
    -1.3333333333333357,
    -1.0,
    -0.6666666666666679,
    -0.3333333333333357,
    0.0,
    0.33333333333333215,
    0.6666666666666643,
    1.0,
    1.3333333333333321,
    1.6666666666666643,
    2.0,
    2.333333333333332,
    2.6666666666666643,
    3.0,
    3.333333333333332,
    3.6666666666666643,
    4.0,
    4.333333333333332,
    4.666666666666664,
    5.0,
    5.333333333333332,
    5.666666666666664,
    6.0,
    6.333333333333332,
    6.666666666666664,
    7.0,
    7.333333333333332,
    7.666666666666664,
    8.0,
    8.333333333333332,
    8.666666666666664,
    9.0,
    9.333333333333332,
    9.666666666666664,
    10.0,
    10.333333333333332,
    10.666666666666664,
    11.0,
    11.333333333333332,
    11.666666666666664,
    12.0,
    12.333333333333329,
    12.666666666666664,
    13.0,
    13.333333333333329,
    13.666666666666664,
    14.0,
    14.333333333333329,
    14.666666666666664,
    15.0,
    15.333333333333329,
    15.666666666666664,
    16.0,
    16.33333333333333,
    16.666666666666664,
    17.0,
    17.33333333333333,
    17.666666666666664,
    18.0,
    18.33333333333333,
    18.666666666666664,
    19.0,
    19.33333333333333,
    19.666666666666664,
    20.0
  ],
  "conductance": [
    0.9815271938977641,
    0.9824421673092948,
    0.9844704583172659,
    0.9877177309096854,
    0.992279620215408,
    0.9982045981317677,
    1.005428743647937,
    1.0137088157728071,
    1.0226187976820191,
    1.0316018741160502,
    1.0399052039241599,
    1.0463961303071998,
    1.0497010176425539,
    1.048866867283273,
    1.043910088128769,
    1.0356816162413418,
    1.0253011788831186,
    1.0136702551971317,
    1.0013588796878257,
    0.988790679212564,
    0.9763653810423829,
    0.9643352955640928,
    0.952618139399246,
    0.9407667491859822,
    0.9281165408419741,
    0.9140521401854554,
    0.8983612224282295,
    0.8814208119603819,
    0.8639812371734424,
    0.8467907485038413,
    0.8303778497223145,
    0.8150136353470199,
    0.8007401511898282,
    0.7874023802572387,
    0.7747121006766561,
    0.7623944779849454,
    0.7503488176039952,
    0.738667282503015,
    0.7275181440945018,
    0.717037594165348,
    0.7072950341083105,
    0.6983044503495052,
    0.6900461128878659,
    0.6824836601172184,
    0.6755745776123551,
    0.6692758631374217,
    0.6635468064765578,
    0.6583501867462002,
    0.6536526474709515,
    0.6494246663132571,
    0.6456403408863366,
    0.642277105588301,
    0.6393154374975611,
    0.6367385793082513,
    0.6345322915922345,
    0.6326846386533234,
    0.6311858083091431,
    0.6300279641804846,
    0.6292051284597882,
    0.6287130931186723,
    0.6285493578050622,
    0.628713093118673,
    0.6292051284597874,
    0.6300279641804846,
    0.6311858083091438,
    0.6326846386533227,
    0.6345322915922345,
    0.636738579308252,
    0.6393154374975604,
    0.6422771055883012,
    0.6456403408863373,
    0.6494246663132563,
    0.6536526474709513,
    0.6583501867462012,
    0.6635468064765574,
    0.6692758631374214,
    0.6755745776123558,
    0.6824836601172178,
    0.6900461128878653,
    0.698304450349506,
    0.70729503410831,
    0.7170375941653475,
    0.7275181440945027,
    0.7386672825030145,
    0.7503488176039949,
    0.7623944779849463,
    0.7747121006766556,
    0.7874023802572383,
    0.8007401511898292,
    0.8150136353470195,
    0.8303778497223141,
    0.846790748503842,
    0.8639812371734419,
    0.8814208119603814,
    0.8983612224282304,
    0.9140521401854543,
    0.9281165408419744,
    0.9407667491859832,
    0.9526181393992443,
    0.9643352955640935,
    0.9763653810423838,
    0.9887906792125623,
    1.0013588796878263,
    1.0136702551971326,
    1.0253011788831166,
    1.0356816162413423,
    1.04391008812877,
    1.048866867283271,
    1.049701017642554,
    1.0463961303072011,
    1.0399052039241587,
    1.0316018741160498,
    1.0226187976820207,
    1.013708815772806,
    1.0054287436479368,
    0.9982045981317688,
    0.9922796202154069,
    0.9877177309096853,
    0.9844704583172674,
    0.9824421673092941,
    0.9815271938977633
  ],