{
  "bias_mev": [
    -20.0,
    -19.666666666666668,
    -19.333333333333332,
    -19.0,
    -18.666666666666668,
    -18.333333333333332,
    -18.0,
    -17.666666666666668,
    -17.333333333333332,
    -17.0,
    -16.666666666666668,
    -16.333333333333332,
    -16.0,
    -15.666666666666668,
    -15.333333333333334,
    -15.0,
    -14.666666666666668,
    -14.333333333333334,
    -14.0,
    -13.666666666666668,
    -13.333333333333334,
    -13.0,
    -12.666666666666668,
    -12.333333333333334,
    -12.0,
    -11.666666666666668,
    -11.333333333333334,
    -11.0,
    -10.666666666666668,
    -10.333333333333334,
    -10.0,
    -9.666666666666668,
    -9.333333333333334,
    -9.0,
    -8.666666666666668,
    -8.333333333333334,
    -8.0,
    -7.666666666666668,
    -7.333333333333334,
    -7.0,
    -6.666666666666668,
    -6.333333333333334,
    -6.0,
    -5.666666666666668,
    -5.333333333333334,
    -5.0,
    -4.666666666666668,
    -4.333333333333334,
    -4.0,
    -3.666666666666668,
    -3.3333333333333357,
    -3.0,
    -2.666666666666668,
    -2.3333333333333357,
    -2.0,
    -1.6666666666666679,
    -1.3333333333333357,
    -1.0,
    -0.6666666666666679,
    -0.3333333333333357,
    0.0,
    0.33333333333333215,
    0.6666666666666643,
    1.0,
    1.3333333333333321,
    1.6666666666666643,
    2.0,
    2.333333333333332,
    2.6666666666666643,
    3.0,
    3.333333333333332,
    3.6666666666666643,
    4.0,
    4.333333333333332,
    4.666666666666664,
    5.0,
    5.333333333333332,
    5.666666666666664,
    6.0,
    6.333333333333332,
    6.666666666666664,
    7.0,
    7.333333333333332,
    7.666666666666664,
    8.0,
    8.333333333333332,
    8.666666666666664,
    9.0,
    9.333333333333332,
    9.666666666666664,
    10.0,
    10.333333333333332,
    10.666666666666664,
    11.0,
    11.333333333333332,
    11.666666666666664,
    12.0,
    12.333333333333329,
    12.666666666666664,
    13.0,
    13.333333333333329,
    13.666666666666664,
    14.0,
    14.333333333333329,
    14.666666666666664,
    15.0,
    15.333333333333329,
    15.666666666666664,
    16.0,
    16.33333333333333,
    16.666666666666664,
    17.0,
    17.33333333333333,
    17.666666666666664,
    18.0,
    18.33333333333333,
    18.666666666666664,
    19.0,
    19.33333333333333,
    19.666666666666664,
    20.0
  ],
  "conductance": [
    0.984171587272691,
    0.9855561712850226,
    0.9875818254034795,
    0.9903512848469974,
    0.9939768948187203,
    0.9985648361023837,
    1.0041784380598329,
    1.0107923015368132,
    1.0182908369144101,
    1.0265358237596476,
    1.0353659557407788,
    1.0443976950961573,
    1.052849561300699,
    1.059768533466027,
    1.064553507638612,
    1.0672090873254918,
    1.0681579121150195,
    1.0678938651030085,
    1.0667674813522843,
    1.0650196629745183,
    1.0629106757919895,
    1.060710584778144,
    1.0585521198154921,
    1.056311292536137,
    1.0536165967620863,
    1.049985771833094,
    1.0450760727817974,
    1.0389044521219157,
    1.0318072888080017,
    1.0242229045463513,
    1.0165280095335145,
    1.0089831217385081,
    1.0017241412045594,
    0.9947550727630461,
    0.9879602107877753,
    0.9811859516513367,
    0.9743599762480417,
    0.967528760424825,
    0.9607990321764404,
    0.9542731101871444,
    0.9480231788008806,
    0.9420920495367057,
    0.9365015400596598,
    0.9312601835613569,
    0.9263685822803489,
    0.9218227922778304,
    0.9176163985725131,
    0.9137417795407121,
    0.9101908788636712,
    0.9069556777977753,
    0.9040284834094618,
    0.9014021026667162,
    0.8990699452221106,
    0.8970260815517428,
    0.8952652732980946,
    0.8937829866042599,
    0.8925753954227356,
    0.8916393793559984,
    0.8909725190151009,
    0.8905730908483185,
    0.8904400626964544,
    0.8905730908483193,
    0.8909725190151,
    0.8916393793559986,
    0.8925753954227363,
    0.8937829866042593,
    0.8952652732980946,
    0.8970260815517436,
    0.8990699452221097,
    0.9014021026667162,
    0.9040284834094627,
    0.9069556777977745,
    0.9101908788636707,
    0.9137417795407131,
    0.9176163985725124,
    0.9218227922778297,
    0.9263685822803496,
    0.9312601835613562,
    0.9365015400596595,
    0.9420920495367062,
    0.9480231788008799,
    0.9542731101871438,
    0.9607990321764412,
    0.9675287604248248,
    0.9743599762480414,
    0.9811859516513373,
    0.9879602107877749,
    0.9947550727630453,
    1.0017241412045603,
    1.0089831217385075,
    1.0165280095335143,
    1.0242229045463525,
    1.031807288808001,
    1.0389044521219155,
    1.0450760727817983,
    1.0499857718330932,
    1.0536165967620867,
    1.056311292536138,
    1.0585521198154906,
    1.0607105847781446,
    1.0629106757919904,
    1.0650196629745166,
    1.0667674813522845,
    1.0678938651030094,
    1.068157912115018,
    1.0672090873254925,
    1.064553507638613,
    1.0597685334660256,
    1.0528495613006992,
    1.0443976950961584,
    1.035365955740778,
    1.0265358237596474,
    1.018290836914411,
    1.0107923015368123,
    1.0041784380598329,
    0.9985648361023847,
    0.9939768948187193,
    0.9903512848469976,
    0.9875818254034805,
    0.9855561712850218,
    0.9841715872726903
  ],