{
  "bias_mev": [
    -20.0,
    -19.666666666666668,
    -19.333333333333332,
    -19.0,
    -18.666666666666668,
    -18.333333333333332,
    -18.0,
    -17.666666666666668,
    -17.333333333333332,
    -17.0,
    -16.666666666666668,
    -16.333333333333332,
    -16.0,
    -15.666666666666668,
    -15.333333333333334,
    -15.0,
    -14.666666666666668,
    -14.333333333333334,
    -14.0,
    -13.666666666666668,
    -13.333333333333334,
    -13.0,
    -12.666666666666668,
    -12.333333333333334,
    -12.0,
    -11.666666666666668,
    -11.333333333333334,
    -11.0,
    -10.666666666666668,
    -10.333333333333334,
    -10.0,
    -9.666666666666668,
    -9.333333333333334,
    -9.0,
    -8.666666666666668,
    -8.333333333333334,
    -8.0,
    -7.666666666666668,
    -7.333333333333334,
    -7.0,
    -6.666666666666668,
    -6.333333333333334,
    -6.0,
    -5.666666666666668,
    -5.333333333333334,
    -5.0,
    -4.666666666666668,
    -4.333333333333334,
    -4.0,
    -3.666666666666668,
    -3.3333333333333357,
    -3.0,
    -2.666666666666668,
    -2.3333333333333357,
    -2.0,
    -1.6666666666666679,
    -1.3333333333333357,
    -1.0,
    -0.6666666666666679,
    -0.3333333333333357,
    0.0,
    0.33333333333333215,
    0.6666666666666643,
    1.0,
    1.3333333333333321,
    1.6666666666666643,
    2.0,
    2.333333333333332,
    2.6666666666666643,
    3.0,
    3.333333333333332,
    3.6666666666666643,
    4.0,
    4.333333333333332,
    4.666666666666664,
    5.0,
    5.333333333333332,
    5.666666666666664,
    6.0,
    6.333333333333332,
    6.666666666666664,
    7.0,
    7.333333333333332,
    7.666666666666664,
    8.0,
    8.333333333333332,
    8.666666666666664,
    9.0,
    9.333333333333332,
    9.666666666666664,
    10.0,
    10.333333333333332,
    10.666666666666664,
    11.0,
    11.333333333333332,
    11.666666666666664,
    12.0,
    12.333333333333329,
    12.666666666666664,
    13.0,
    13.333333333333329,
    13.666666666666664,
    14.0,
    14.333333333333329,
    14.666666666666664,
    15.0,
    15.333333333333329,
    15.666666666666664,
    16.0,
    16.33333333333333,
    16.666666666666664,
    17.0,
    17.33333333333333,
    17.666666666666664,
    18.0,
    18.33333333333333,
    18.666666666666664,
    19.0,
    19.33333333333333,
    19.666666666666664,
    20.0
  ],
  "conductance": [
    0.9780344704237229,
    0.9797214801262512,
    0.9826466671331429,
    0.9868801095187608,
    0.9924525139181697,
    0.9993066002310526,
    1.00723712353042,
    1.0158636048043101,
    1.0246856752057762,
    1.0331717551083925,
    1.040718635710444,
    1.046469125501597,
    1.0492954681543472,
    1.048203510353566,
    1.042887389549182,
    1.0338912458221503,
    1.0222546827748775,
    1.0090074411952934,
    0.9949041545240452,
    0.9804677872061942,
    0.9660886831012124,
    0.9519535847447518,
    0.937883292565078,
    0.9233058823444911,
    0.9074594875766342,
    0.8897483453429895,
    0.8700947363875589,
    0.8490545180524258,
    0.8275724095540768,
    0.8065826368444066,
    0.7867384420429261,
    0.7683330632827737,
    0.7513239979512657,
    0.73540132930054,
    0.7201225475490626,
    0.7051276266751991,
    0.6903218073998906,
    0.6758744047727977,
    0.6620609049264763,
    0.6491105688473717,
    0.637147422749289,
    0.6262018957968564,
    0.6162447634101895,
    0.6072168679674638,
    0.5990482808093821,
    0.591668763299429,
    0.585012746535824,
    0.5790212819857679,
    0.5736424593663192,
    0.5688311151155654,
    0.5645482575380286,
    0.5607604184780628,
    0.5574390288344371,
    0.5545598584835407,
    0.5521025335097941,
    0.5500501308382488,
    0.5483888450386222,
    0.5471077204290894,
    0.5461984417236008,
    0.5456551773714083,
    0.5454744709596631,
    0.5456551773714087,
    0.5461984417236004,
    0.5471077204290893,
    0.5483888450386224,
    0.5500501308382483,
    0.5521025335097941,
    0.5545598584835411,
    0.5574390288344365,
    0.5607604184780628,
    0.564548257538029,
    0.5688311151155651,
    0.573642459366319,
    0.5790212819857683,
    0.5850127465358238,
    0.5916687632994287,
    0.5990482808093825,
    0.6072168679674635,
    0.6162447634101894,
    0.6262018957968567,
    0.6371474227492886,
    0.6491105688473713,
    0.6620609049264768,
    0.6758744047727975,
    0.6903218073998904,
    0.7051276266751997,
    0.720122547549062,
    0.7354013293005399,
    0.7513239979512665,
    0.7683330632827734,
    0.7867384420429259,
    0.8065826368444075,
    0.8275724095540763,
    0.8490545180524257,
    0.8700947363875594,
    0.889748345342989,
    0.9074594875766344,
    0.9233058823444913,
    0.9378832925650764,
    0.951953584744752,
    0.9660886831012129,
    0.9804677872061927,
    0.9949041545240456,
    1.0090074411952938,
    1.022254682774876,
    1.0338912458221508,
    1.0428873895491828,
    1.0482035103535647,
    1.049295468154347,
    1.046469125501598,
    1.0407186357104432,
    1.033171755108392,
    1.0246856752057774,
    1.0158636048043095,
    1.00723712353042,
    0.9993066002310532,
    0.9924525139181689,
    0.9868801095187608,
    0.9826466671331439,
    0.9797214801262506,
    0.9780344704237224
  ],