{
  "bias_mev": [
    -20.0,
    -19.666666666666668,
    -19.333333333333332,
    -19.0,
    -18.666666666666668,
    -18.333333333333332,
    -18.0,
    -17.666666666666668,
    -17.333333333333332,
    -17.0,
    -16.666666666666668,
    -16.333333333333332,
    -16.0,
    -15.666666666666668,
    -15.333333333333334,
    -15.0,
    -14.666666666666668,
    -14.333333333333334,
    -14.0,
    -13.666666666666668,
    -13.333333333333334,
    -13.0,
    -12.666666666666668,
    -12.333333333333334,
    -12.0,
    -11.666666666666668,
    -11.333333333333334,
    -11.0,
    -10.666666666666668,
    -10.333333333333334,
    -10.0,
    -9.666666666666668,
    -9.333333333333334,
    -9.0,
    -8.666666666666668,
    -8.333333333333334,
    -8.0,
    -7.666666666666668,
    -7.333333333333334,
    -7.0,
    -6.666666666666668,
    -6.333333333333334,
    -6.0,
    -5.666666666666668,
    -5.333333333333334,
    -5.0,
    -4.666666666666668,
    -4.333333333333334,
    -4.0,
    -3.666666666666668,
    -3.3333333333333357,
    -3.0,
    -2.666666666666668,
    -2.3333333333333357,
    -2.0,
    -1.6666666666666679,
    -1.3333333333333357,
    -1.0,
    -0.6666666666666679,
    -0.3333333333333357,
    0.0,
    0.33333333333333215,
    0.6666666666666643,
    1.0,
    1.3333333333333321,
    1.6666666666666643,
    2.0,
    2.333333333333332,
    2.6666666666666643,
    3.0,
    3.333333333333332,
    3.6666666666666643,
    4.0,
    4.333333333333332,
    4.666666666666664,
    5.0,
    5.333333333333332,
    5.666666666666664,
    6.0,
    6.333333333333332,
    6.666666666666664,
    7.0,
    7.333333333333332,
    7.666666666666664,
    8.0,
    8.333333333333332,
    8.666666666666664,
    9.0,
    9.333333333333332,
    9.666666666666664,
    10.0,
    10.333333333333332,
    10.666666666666664,
    11.0,
    11.333333333333332,
    11.666666666666664,
    12.0,
    12.333333333333329,
    12.666666666666664,
    13.0,
    13.333333333333329,
    13.666666666666664,
    14.0,
    14.333333333333329,
    14.666666666666664,
    15.0,
    15.333333333333329,
    15.666666666666664,
    16.0,
    16.33333333333333,
    16.666666666666664,
    17.0,
    17.33333333333333,
    17.666666666666664,
    18.0,
    18.33333333333333,
    18.666666666666664,
    19.0,
    19.33333333333333,
    19.666666666666664,
    20.0
  ],
  "conductance": [
    0.9728560619331246,
    0.9767395810736891,
    0.9812478190112801,
    0.9864943028194086,
    0.9926012732057425,
    0.9996831196113257,
    1.007816212235712,
    1.0170109425986036,
    1.0272151598138113,
    1.0383355276973014,
    1.0501914095425966,
    1.0623805271550144,
    1.074228120960441,
    1.0849945476842602,
    1.0942100510603623,
    1.1018239759074702,
    1.108085561512016,
    1.1133210172618726,
    1.1177947493501734,
    1.1217182821182643,
    1.1253047353866714,
    1.128737880666396,
    1.1320622153560271,
    1.135103234586691,
    1.1374969653130516,
    1.1388311513043061,
    1.1388435741783576,
    1.1375510537886235,
    1.1352096020347417,
    1.1321740354304188,
    1.128779798454694,
    1.1252793753527128,
    1.1218037618845067,
    1.1183377027033397,
    1.1147432567492082,
    1.1108592313208665,
    1.1066159161577278,
    1.1020666056636532,
    1.0973349829856458,
    1.0925516650746327,
    1.0878218784605818,
    1.0832198992578161,
    1.078794678796074,
    1.0745772671764604,
    1.0705868157803853,
    1.0668347485909324,
    1.063327500222919,
    1.0600682842785847,
    1.0570582396560213,
    1.0542971833712513,
    1.0517841132052705,
    1.04951754899242,
    1.0474957679252959,
    1.0457169689137567,
    1.0441793885774588,
    1.0428813836987763,
    1.0418214900405416,
    1.0409984642365933,
    1.0404113133363313,
    1.040059315130405,
    1.0399420313570875,
    1.0400593151304052,
    1.040411313336331,
    1.0409984642365933,
    1.0418214900405416,
    1.0428813836987758,
    1.0441793885774588,
    1.0457169689137569,
    1.0474957679252956,
    1.04951754899242,
    1.0517841132052705,
    1.0542971833712511,
    1.0570582396560213,
    1.0600682842785845,
    1.0633275002229188,
    1.0668347485909322,
    1.0705868157803853,
    1.0745772671764606,
    1.0787946787960738,
    1.0832198992578161,
    1.0878218784605813,
    1.0925516650746325,
    1.0973349829856458,
    1.1020666056636528,
    1.1066159161577274,
    1.1108592313208665,
    1.1147432567492082,
    1.1183377027033397,
    1.121803761884507,
    1.1252793753527128,
    1.1287797984546937,
    1.1321740354304188,
    1.135209602034741,
    1.1375510537886233,
    1.1388435741783576,
    1.138831151304306,
    1.1374969653130518,
    1.1351032345866912,
    1.132062215356027,
    1.1287378806663961,
    1.1253047353866719,
    1.121718282118264,
    1.1177947493501736,
    1.1133210172618728,
    1.1080855615120158,
    1.1018239759074704,
    1.0942100510603627,
    1.0849945476842602,
    1.0742281209604412,
    1.062380527155015,
    1.0501914095425966,
    1.0383355276973016,
    1.0272151598138117,
    1.0170109425986034,
    1.0078162122357122,
    0.9996831196113262,
    0.9926012732057425,
    0.9864943028194089,
    0.9812478190112806,
    0.976739581073689,
    0.9728560619331246
  ],