{
  "bias_mev": [
    -20.0,
    -19.666666666666668,
    -19.333333333333332,
    -19.0,
    -18.666666666666668,
    -18.333333333333332,
    -18.0,
    -17.666666666666668,
    -17.333333333333332,
    -17.0,
    -16.666666666666668,
    -16.333333333333332,
    -16.0,
    -15.666666666666668,
    -15.333333333333334,
    -15.0,
    -14.666666666666668,
    -14.333333333333334,
    -14.0,
    -13.666666666666668,
    -13.333333333333334,
    -13.0,
    -12.666666666666668,
    -12.333333333333334,
    -12.0,
    -11.666666666666668,
    -11.333333333333334,
    -11.0,
    -10.666666666666668,
    -10.333333333333334,
    -10.0,
    -9.666666666666668,
    -9.333333333333334,
    -9.0,
    -8.666666666666668,
    -8.333333333333334,
    -8.0,
    -7.666666666666668,
    -7.333333333333334,
    -7.0,
    -6.666666666666668,
    -6.333333333333334,
    -6.0,
    -5.666666666666668,
    -5.333333333333334,
    -5.0,
    -4.666666666666668,
    -4.333333333333334,
    -4.0,
    -3.666666666666668,
    -3.3333333333333357,
    -3.0,
    -2.666666666666668,
    -2.3333333333333357,
    -2.0,
    -1.6666666666666679,
    -1.3333333333333357,
    -1.0,
    -0.6666666666666679,
    -0.3333333333333357,
    0.0,
    0.33333333333333215,
    0.6666666666666643,
    1.0,
    1.3333333333333321,
    1.6666666666666643,
    2.0,
    2.333333333333332,
    2.6666666666666643,
    3.0,
    3.333333333333332,
    3.6666666666666643,
    4.0,
    4.333333333333332,
    4.666666666666664,
    5.0,
    5.333333333333332,
    5.666666666666664,
    6.0,
    6.333333333333332,
    6.666666666666664,
    7.0,
    7.333333333333332,
    7.666666666666664,
    8.0,
    8.333333333333332,
    8.666666666666664,
    9.0,
    9.333333333333332,
    9.666666666666664,
    10.0,
    10.333333333333332,
    10.666666666666664,
    11.0,
    11.333333333333332,
    11.666666666666664,
    12.0,
    12.333333333333329,
    12.666666666666664,
    13.0,
    13.333333333333329,
    13.666666666666664,
    14.0,
    14.333333333333329,
    14.666666666666664,
    15.0,
    15.333333333333329,
    15.666666666666664,
    16.0,
    16.33333333333333,
    16.666666666666664,
    17.0,
    17.33333333333333,
    17.666666666666664,
    18.0,
    18.33333333333333,
    18.666666666666664,
    19.0,
    19.33333333333333,
    19.666666666666664,
    20.0
  ],
  "conductance": [
    0.9764710779012935,
    0.9782320321660974,
    0.9813343572609503,
    0.9858523837234695,
    0.9918105899148644,
    0.9991415974774522,
    1.007642401504742,
    1.0169556827982167,
    1.02659295314391,
    1.0359669241090073,
    1.0443703802994482,
    1.0509203890089542,
    1.0546153427584797,
    1.0546099408640537,
    1.050569328507703,
    1.0428173018540141,
    1.0321605988407274,
    1.0195487840448418,
    1.0058124886807573,
    0.9915753767698785,
    0.9772476701888543,
    0.9629813844880589,
    0.9485982345633738,
    0.9336042097178939,
    0.9173655010910372,
    0.8994019147339927,
    0.8796562684266214,
    0.8585776392821843,
    0.8369605889582024,
    0.8156534836308815,
    0.7953087773419617,
    0.7762601263763415,
    0.758514567749329,
    0.7418283194231867,
    0.7258504315407769,
    0.710298886265536,
    0.6950859533217406,
    0.6803215193469986,
    0.6662156983242113,
    0.6529681733616725,
    0.6407065651754082,
    0.6294776338800973,
    0.6192663936663894,
    0.6100208836101219,
    0.6016720780291441,
    0.594146756346508,
    0.5873746246861301,
    0.5812916503016226,
    0.5758412035018436,
    0.5709740595893473,
    0.5666478802306538,
    0.5628265099234249,
    0.5594792557475646,
    0.5565802264360596,
    0.5541077590340269,
    0.5520439382596426,
    0.5503742035524966,
    0.5490870352648629,
    0.5481737110953456,
    0.5476281249264505,
    0.5474466618472396,
    0.5476281249264505,
    0.5481737110953455,
    0.5490870352648629,
    0.5503742035524967,
    0.5520439382596426,
    0.5541077590340268,
    0.5565802264360596,
    0.5594792557475646,
    0.5628265099234249,
    0.5666478802306539,
    0.5709740595893471,
    0.5758412035018436,
    0.5812916503016224,
    0.5873746246861301,
    0.5941467563465079,
    0.601672078029144,
    0.6100208836101216,
    0.6192663936663894,
    0.6294776338800971,
    0.6407065651754081,
    0.6529681733616725,
    0.6662156983242112,
    0.6803215193469984,
    0.6950859533217405,
    0.7102988862655358,
    0.7258504315407766,
    0.7418283194231867,
    0.758514567749329,
    0.7762601263763413,
    0.7953087773419616,
    0.8156534836308814,
    0.8369605889582021,
    0.8585776392821843,
    0.8796562684266214,
    0.8994019147339923,
    0.917365501091037,
    0.9336042097178934,
    0.9485982345633734,
    0.9629813844880588,
    0.9772476701888543,
    0.9915753767698781,
    1.0058124886807573,
    1.0195487840448418,
    1.0321605988407274,
    1.042817301854014,
    1.0505693285077027,
    1.0546099408640535,
    1.0546153427584795,
    1.0509203890089542,
    1.0443703802994484,
    1.0359669241090073,
    1.0265929531439102,
    1.0169556827982167,
    1.007642401504742,
    0.9991415974774522,
    0.9918105899148644,
    0.9858523837234693,
    0.9813343572609503,
    0.9782320321660977,
    0.9764710779012932
  ],