{
  "bias_mev": [
    -20.0,
    -19.666666666666668,
    -19.333333333333332,
    -19.0,
    -18.666666666666668,
    -18.333333333333332,
    -18.0,
    -17.666666666666668,
    -17.333333333333332,
    -17.0,
    -16.666666666666668,
    -16.333333333333332,
    -16.0,
    -15.666666666666668,
    -15.333333333333334,
    -15.0,
    -14.666666666666668,
    -14.333333333333334,
    -14.0,
    -13.666666666666668,
    -13.333333333333334,
    -13.0,
    -12.666666666666668,
    -12.333333333333334,
    -12.0,
    -11.666666666666668,
    -11.333333333333334,
    -11.0,
    -10.666666666666668,
    -10.333333333333334,
    -10.0,
    -9.666666666666668,
    -9.333333333333334,
    -9.0,
    -8.666666666666668,
    -8.333333333333334,
    -8.0,
    -7.666666666666668,
    -7.333333333333334,
    -7.0,
    -6.666666666666668,
    -6.333333333333334,
    -6.0,
    -5.666666666666668,
    -5.333333333333334,
    -5.0,
    -4.666666666666668,
    -4.333333333333334,
    -4.0,
    -3.666666666666668,
    -3.3333333333333357,
    -3.0,
    -2.666666666666668,
    -2.3333333333333357,
    -2.0,
    -1.6666666666666679,
    -1.3333333333333357,
    -1.0,
    -0.6666666666666679,
    -0.3333333333333357,
    0.0,
    0.33333333333333215,
    0.6666666666666643,
    1.0,
    1.3333333333333321,
    1.6666666666666643,
    2.0,
    2.333333333333332,
    2.6666666666666643,
    3.0,
    3.333333333333332,
    3.6666666666666643,
    4.0,
    4.333333333333332,
    4.666666666666664,
    5.0,
    5.333333333333332,
    5.666666666666664,
    6.0,
    6.333333333333332,
    6.666666666666664,
    7.0,
    7.333333333333332,
    7.666666666666664,
    8.0,
    8.333333333333332,
    8.666666666666664,
    9.0,
    9.333333333333332,
    9.666666666666664,
    10.0,
    10.333333333333332,
    10.666666666666664,
    11.0,
    11.333333333333332,
    11.666666666666664,
    12.0,
    12.333333333333329,
    12.666666666666664,
    13.0,
    13.333333333333329,
    13.666666666666664,
    14.0,
    14.333333333333329,
    14.666666666666664,
    15.0,
    15.333333333333329,
    15.666666666666664,
    16.0,
    16.33333333333333,
    16.666666666666664,
    17.0,
    17.33333333333333,
    17.666666666666664,
    18.0,
    18.33333333333333,
    18.666666666666664,
    19.0,
    19.33333333333333,
    19.666666666666664,
    20.0
  ],
  "conductance": [
    0.9672020908044817,
    0.9711091071800783,
    0.9761016460612207,
    0.9823167644508612,
    0.989890629534206,
    0.9989365159363903,
    1.0095036829833883,
    1.0215223492504404,
    1.0347474874578082,
    1.0486697263411244,
    1.0623103510362826,
    1.0740301303041644,
    1.0818334669003855,
    1.0842951243178605,
    1.081278665373199,
    1.0737488766876366,
    1.0630641071240599,
    1.0504029919462061,
    1.0365826300854883,
    1.0221652253432152,
    1.007574616176877,
    0.993056208013358,
    0.9785630712813483,
    0.963734040483769,
    0.9480376762171898,
    0.931045638269987,
    0.9127180565913557,
    0.8934706973700428,
    0.8739459377409442,
    0.8547301926254219,
    0.8362175222611892,
    0.818599303669059,
    0.8018916703976222,
    0.7859651699556389,
    0.770608467724325,
    0.7556585477896431,
    0.7411189490388481,
    0.7271416523735756,
    0.7139093842908719,
    0.7015476221089469,
    0.6901069974147792,
    0.6795825560752466,
    0.6699377458743478,
    0.661121712442378,
    0.6530794774208649,
    0.6457572697469283,
    0.6391050348296313,
    0.6330774223048076,
    0.6276339961721545,
    0.622739071162906,
    0.6183613884283156,
    0.6144737402959815,
    0.6110525987541084,
    0.6080777732787521,
    0.6055321085231499,
    0.6034012247497722,
    0.6016733002281861,
    0.6003388932795976,
    0.599390801219146,
    0.5988239535911166,
    0.598635337522959,
    0.5988239535911173,
    0.5993908012191452,
    0.6003388932795976,
    0.601673300228187,
    0.6034012247497714,
    0.6055321085231498,
    0.6080777732787529,
    0.6110525987541078,
    0.6144737402959817,
    0.6183613884283162,
    0.6227390711629053,
    0.6276339961721542,
    0.6330774223048085,
    0.639105034829631,
    0.6457572697469279,
    0.6530794774208657,
    0.6611217124423776,
    0.6699377458743473,
    0.6795825560752475,
    0.6901069974147787,
    0.7015476221089467,
    0.7139093842908728,
    0.7271416523735752,
    0.7411189490388479,
    0.7556585477896443,
    0.7706084677243243,
    0.7859651699556386,
    0.8018916703976231,
    0.8185993036690582,
    0.8362175222611885,
    0.8547301926254228,
    0.8739459377409433,
    0.8934706973700424,
    0.9127180565913567,
    0.9310456382699859,
    0.9480376762171902,
    0.9637340404837699,
    0.9785630712813465,
    0.9930562080133587,
    1.0075746161768782,
    1.0221652253432132,
    1.036582630085489,
    1.050402991946207,
    1.0630641071240574,
    1.0737488766876373,
    1.0812786653732005,
    1.0842951243178587,
    1.0818334669003857,
    1.0740301303041657,
    1.0623103510362815,
    1.0486697263411244,
    1.0347474874578095,
    1.0215223492504393,
    1.0095036829833883,
    0.9989365159363917,
    0.9898906295342049,
    0.9823167644508611,
    0.9761016460612222,
    0.9711091071800776,
    0.9672020908044812
  ],