{
  "bias_mev": [
    -20.0,
    -19.666666666666668,
    -19.333333333333332,
    -19.0,
    -18.666666666666668,
    -18.333333333333332,
    -18.0,
    -17.666666666666668,
    -17.333333333333332,
    -17.0,
    -16.666666666666668,
    -16.333333333333332,
    -16.0,
    -15.666666666666668,
    -15.333333333333334,
    -15.0,
    -14.666666666666668,
    -14.333333333333334,
    -14.0,
    -13.666666666666668,
    -13.333333333333334,
    -13.0,
    -12.666666666666668,
    -12.333333333333334,
    -12.0,
    -11.666666666666668,
    -11.333333333333334,
    -11.0,
    -10.666666666666668,
    -10.333333333333334,
    -10.0,
    -9.666666666666668,
    -9.333333333333334,
    -9.0,
    -8.666666666666668,
    -8.333333333333334,
    -8.0,
    -7.666666666666668,
    -7.333333333333334,
    -7.0,
    -6.666666666666668,
    -6.333333333333334,
    -6.0,
    -5.666666666666668,
    -5.333333333333334,
    -5.0,
    -4.666666666666668,
    -4.333333333333334,
    -4.0,
    -3.666666666666668,
    -3.3333333333333357,
    -3.0,
    -2.666666666666668,
    -2.3333333333333357,
    -2.0,
    -1.6666666666666679,
    -1.3333333333333357,
    -1.0,
    -0.6666666666666679,
    -0.3333333333333357,
    0.0,
    0.33333333333333215,
    0.6666666666666643,
    1.0,
    1.3333333333333321,
    1.6666666666666643,
    2.0,
    2.333333333333332,
    2.6666666666666643,
    3.0,
    3.333333333333332,
    3.6666666666666643,
    4.0,
    4.333333333333332,
    4.666666666666664,
    5.0,
    5.333333333333332,
    5.666666666666664,
    6.0,
    6.333333333333332,
    6.666666666666664,
    7.0,
    7.333333333333332,
    7.666666666666664,
    8.0,
    8.333333333333332,
    8.666666666666664,
    9.0,
    9.333333333333332,
    9.666666666666664,
    10.0,
    10.333333333333332,
    10.666666666666664,
    11.0,
    11.333333333333332,
    11.666666666666664,
    12.0,
    12.333333333333329,
    12.666666666666664,
    13.0,
    13.333333333333329,
    13.666666666666664,
    14.0,
    14.333333333333329,
    14.666666666666664,
    15.0,
    15.333333333333329,
    15.666666666666664,
    16.0,
    16.33333333333333,
    16.666666666666664,
    17.0,
    17.33333333333333,
    17.666666666666664,
    18.0,
    18.33333333333333,
    18.666666666666664,
    19.0,
    19.33333333333333,
    19.666666666666664,
    20.0
  ],
  "conductance": [
    0.9810340726261566,
    0.9817490328642251,
    0.9835055050279767,
    0.9864592968813578,
    0.9908056304481099,
    0.9967684401050004,
    1.0045261194378399,
    1.0140155950223204,
    1.0247794674409307,
    1.036356840146083,
    1.0486587646389771,
    1.0609220083745317,
    1.0706207952033535,
    1.0750325507784473,
    1.0737327649212085,
    1.0682095255181243,
    1.0604408423683291,
    1.0517302128491648,
    1.0423617032405692,
    1.0324329796283918,
    1.0225947366326151,
    1.0136168309398905,
    1.0056859790226924,
    0.9982226894365938,
    0.9902065217435966,
    0.9802740428932911,
    0.9674093300045761,
    0.9521246223533679,
    0.9358231596763177,
    0.9196858042385863,
    0.9043973984032669,
    0.8902910048820983,
    0.8774753983016065,
    0.8658201319381228,
    0.8548450646904715,
    0.8438787871420559,
    0.8326637231057583,
    0.8214816604827772,
    0.8107071469052037,
    0.8005647242294744,
    0.7911399487736268,
    0.7824417338956826,
    0.7744444326374511,
    0.7671092890957485,
    0.7603944275126844,
    0.7542592769841505,
    0.7486663844997664,
    0.7435820147426773,
    0.738976196698545,
    0.7348225312847486,
    0.7310979102784476,
    0.7277822177853668,
    0.7248580468698007,
    0.7223104450015754,
    0.7201266927490383,
    0.7182961158090183,
    0.7168099285959605,
    0.7156611069872048,
    0.7148442878127751,
    0.7143556929650818,
    0.7141930764238733,
    0.714355692965083,
    0.7148442878127742,
    0.7156611069872049,
    0.7168099285959616,
    0.7182961158090174,
    0.7201266927490383,
    0.7223104450015763,
    0.7248580468697997,
    0.7277822177853667,
    0.7310979102784487,
    0.734822531284748,
    0.7389761966985449,
    0.7435820147426783,
    0.7486663844997661,
    0.7542592769841502,
    0.7603944275126855,
    0.7671092890957478,
    0.7744444326374507,
    0.7824417338956836,
    0.7911399487736261,
    0.8005647242294741,
    0.8107071469052047,
    0.8214816604827762,
    0.832663723105758,
    0.8438787871420571,
    0.8548450646904712,
    0.8658201319381225,
    0.8774753983016077,
    0.8902910048820977,
    0.9043973984032665,
    0.9196858042385873,
    0.935823159676317,
    0.9521246223533673,
    0.9674093300045771,
    0.9802740428932897,
    0.9902065217435967,
    0.9982226894365946,
    1.0056859790226906,
    1.0136168309398914,
    1.0225947366326165,
    1.0324329796283895,
    1.04236170324057,
    1.051730212849166,
    1.0604408423683274,
    1.068209525518125,
    1.0737327649212096,
    1.0750325507784457,
    1.0706207952033537,
    1.060922008374533,
    1.048658764638976,
    1.036356840146083,
    1.0247794674409318,
    1.0140155950223195,
    1.0045261194378399,
    0.9967684401050017,
    0.9908056304481087,
    0.9864592968813578,
    0.9835055050279778,
    0.9817490328642243,
    0.9810340726261563
  ],