{
  "bias_mev": [
    -20.0,
    -19.666666666666668,
    -19.333333333333332,
    -19.0,
    -18.666666666666668,
    -18.333333333333332,
    -18.0,
    -17.666666666666668,
    -17.333333333333332,
    -17.0,
    -16.666666666666668,
    -16.333333333333332,
    -16.0,
    -15.666666666666668,
    -15.333333333333334,
    -15.0,
    -14.666666666666668,
    -14.333333333333334,
    -14.0,
    -13.666666666666668,
    -13.333333333333334,
    -13.0,
    -12.666666666666668,
    -12.333333333333334,
    -12.0,
    -11.666666666666668,
    -11.333333333333334,
    -11.0,
    -10.666666666666668,
    -10.333333333333334,
    -10.0,
    -9.666666666666668,
    -9.333333333333334,
    -9.0,
    -8.666666666666668,
    -8.333333333333334,
    -8.0,
    -7.666666666666668,
    -7.333333333333334,
    -7.0,
    -6.666666666666668,
    -6.333333333333334,
    -6.0,
    -5.666666666666668,
    -5.333333333333334,
    -5.0,
    -4.666666666666668,
    -4.333333333333334,
    -4.0,
    -3.666666666666668,
    -3.3333333333333357,
    -3.0,
    -2.666666666666668,
    -2.3333333333333357,
    -2.0,
    -1.6666666666666679,
    -1.3333333333333357,
    -1.0,
    -0.6666666666666679,
    -0.3333333333333357,
    0.0,
    0.33333333333333215,
    0.6666666666666643,
    1.0,
    1.3333333333333321,
    1.6666666666666643,
    2.0,
    2.333333333333332,
    2.6666666666666643,
    3.0,
    3.333333333333332,
    3.6666666666666643,
    4.0,
    4.333333333333332,
    4.666666666666664,
    5.0,
    5.333333333333332,
    5.666666666666664,
    6.0,
    6.333333333333332,
    6.666666666666664,
    7.0,
    7.333333333333332,
    7.666666666666664,
    8.0,
    8.333333333333332,
    8.666666666666664,
    9.0,
    9.333333333333332,
    9.666666666666664,
    10.0,
    10.333333333333332,
    10.666666666666664,
    11.0,
    11.333333333333332,
    11.666666666666664,
    12.0,
    12.333333333333329,
    12.666666666666664,
    13.0,
    13.333333333333329,
    13.666666666666664,
    14.0,
    14.333333333333329,
    14.666666666666664,
    15.0,
    15.333333333333329,
    15.666666666666664,
    16.0,
    16.33333333333333,
    16.666666666666664,
    17.0,
    17.33333333333333,
    17.666666666666664,
    18.0,
    18.33333333333333,
    18.666666666666664,
    19.0,
    19.33333333333333,
    19.666666666666664,
    20.0
  ],
  "conductance": [
    0.9870717514163508,
    0.9880542902357539,
    0.9897368924998696,
    0.9921661699951576,
    0.9953640544301778,
    0.9993157067350826,
    1.0039567788456047,
    1.0091627748215009,
    1.0147417483051298,
    1.0204298327153718,
    1.0258920341449207,
    1.0307388343147754,
    1.0345714937823867,
    1.037053594708833,
    1.0379815548443914,
    1.0373186123380451,
    1.035177282813776,
    1.0317658099291651,
    1.0273276986518498,
    1.0220936440854824,
    1.0162478937070971,
    1.0099044144412404,
    1.0030944933847161,
    0.9957744271843242,
    0.9878589263326338,
    0.9792733212580157,
    0.9700046237387144,
    0.9601284618664151,
    0.949800555719068,
    0.9392202720082533,
    0.9285855294385172,
    0.9180567475187617,
    0.9077388197582513,
    0.8976822735895222,
    0.8878996988311635,
    0.8783894730223667,
    0.8691564653370895,
    0.8602218157023974,
    0.8516207948005748,
    0.8433939472541709,
    0.8355779704027009,
    0.828200048218815,
    0.8212761224791958,
    0.8148118708592458,
    0.808804925860062,
    0.8032473048656131,
    0.7981275297577495,
    0.793432266429777,
    0.7891474983288773,
    0.7852593192261634,
    0.7817544423700943,
    0.7786205105475472,
    0.7758462723330856,
    0.7734216717051355,
    0.771337883741424,
    0.7695873184541933,
    0.7681636073501286,
    0.7670615822103454,
    0.7662772521886412,
    0.7658077830862096,
    0.7656514811899736,
    0.7658077830862094,
    0.7662772521886412,
    0.7670615822103454,
    0.7681636073501288,
    0.769587318454193,
    0.771337883741424,
    0.7734216717051355,
    0.7758462723330855,
    0.7786205105475472,
    0.7817544423700941,
    0.7852593192261632,
    0.7891474983288773,
    0.793432266429777,
    0.7981275297577495,
    0.8032473048656134,
    0.8088049258600619,
    0.8148118708592456,
    0.8212761224791958,
    0.8282000482188149,
    0.8355779704027008,
    0.8433939472541709,
    0.8516207948005748,
    0.8602218157023973,
    0.8691564653370892,
    0.8783894730223665,
    0.8878996988311635,
    0.8976822735895222,
    0.9077388197582513,
    0.9180567475187614,
    0.9285855294385172,
    0.9392202720082533,
    0.9498005557190679,
    0.9601284618664151,
    0.9700046237387142,
    0.9792733212580156,
    0.9878589263326335,
    0.9957744271843242,
    1.003094493384716,
    1.0099044144412401,
    1.016247893707097,
    1.0220936440854822,
    1.0273276986518498,
    1.031765809929165,
    1.035177282813776,
    1.0373186123380451,
    1.0379815548443914,
    1.0370535947088333,
    1.0345714937823867,
    1.0307388343147756,
    1.0258920341449207,
    1.0204298327153718,
    1.0147417483051298,
    1.0091627748215009,
    1.003956778845605,
    0.9993157067350827,
    0.9953640544301776,
    0.9921661699951577,
    0.9897368924998697,
    0.9880542902357541,
    0.9870717514163506
  ],