{
  "bias_mev": [
    -20.0,
    -19.666666666666668,
    -19.333333333333332,
    -19.0,
    -18.666666666666668,
    -18.333333333333332,
    -18.0,
    -17.666666666666668,
    -17.333333333333332,
    -17.0,
    -16.666666666666668,
    -16.333333333333332,
    -16.0,
    -15.666666666666668,
    -15.333333333333334,
    -15.0,
    -14.666666666666668,
    -14.333333333333334,
    -14.0,
    -13.666666666666668,
    -13.333333333333334,
    -13.0,
    -12.666666666666668,
    -12.333333333333334,
    -12.0,
    -11.666666666666668,
    -11.333333333333334,
    -11.0,
    -10.666666666666668,
    -10.333333333333334,
    -10.0,
    -9.666666666666668,
    -9.333333333333334,
    -9.0,
    -8.666666666666668,
    -8.333333333333334,
    -8.0,
    -7.666666666666668,
    -7.333333333333334,
    -7.0,
    -6.666666666666668,
    -6.333333333333334,
    -6.0,
    -5.666666666666668,
    -5.333333333333334,
    -5.0,
    -4.666666666666668,
    -4.333333333333334,
    -4.0,
    -3.666666666666668,
    -3.3333333333333357,
    -3.0,
    -2.666666666666668,
    -2.3333333333333357,
    -2.0,
    -1.6666666666666679,
    -1.3333333333333357,
    -1.0,
    -0.6666666666666679,
    -0.3333333333333357,
    0.0,
    0.33333333333333215,
    0.6666666666666643,
    1.0,
    1.3333333333333321,
    1.6666666666666643,
    2.0,
    2.333333333333332,
    2.6666666666666643,
    3.0,
    3.333333333333332,
    3.6666666666666643,
    4.0,
    4.333333333333332,
    4.666666666666664,
    5.0,
    5.333333333333332,
    5.666666666666664,
    6.0,
    6.333333333333332,
    6.666666666666664,
    7.0,
    7.333333333333332,
    7.666666666666664,
    8.0,
    8.333333333333332,
    8.666666666666664,
    9.0,
    9.333333333333332,
    9.666666666666664,
    10.0,
    10.333333333333332,
    10.666666666666664,
    11.0,
    11.333333333333332,
    11.666666666666664,
    12.0,
    12.333333333333329,
    12.666666666666664,
    13.0,
    13.333333333333329,
    13.666666666666664,
    14.0,
    14.333333333333329,
    14.666666666666664,
    15.0,
    15.333333333333329,
    15.666666666666664,
    16.0,
    16.33333333333333,
    16.666666666666664,
    17.0,
    17.33333333333333,
    17.666666666666664,
    18.0,
    18.33333333333333,
    18.666666666666664,
    19.0,
    19.33333333333333,
    19.666666666666664,
    20.0
  ],
  "conductance": [
    0.9816532201162635,
    0.9841165123362642,
    0.987062687437698,
    0.9905724224738475,
    0.9947306477586598,
    0.9996152542850428,
    1.005273409564339,
    1.0116926759588307,
    1.01879682827162,
    1.0264863417974353,
    1.0346629191719394,
    1.0431534892868144,
    1.0515983549138563,
    1.0594877651850994,
    1.0663858120506615,
    1.072125701092303,
    1.0768049773495112,
    1.0806390594125903,
    1.083821238694352,
    1.0864938290855128,
    1.0888019053643856,
    1.0909048561771286,
    1.092898909711923,
    1.09472673409034,
    1.0961595790170928,
    1.0968715514985794,
    1.096584957642934,
    1.0952194740675787,
    1.0929215679310134,
    1.089964002221923,
    1.0866301647658805,
    1.083149585382708,
    1.079669904500015,
    1.0762374809183277,
    1.07279147952941,
    1.0692072107435757,
    1.0653889255187154,
    1.061333815045366,
    1.057116198812056,
    1.0528357587320913,
    1.048581850775525,
    1.0444221949417412,
    1.0404042628916534,
    1.0365601002798237,
    1.0329108668916362,
    1.029470250929107,
    1.0262468537380405,
    1.0232458190245164,
    1.020469944865857,
    1.0179204485841342,
    1.0155974985402763,
    1.0135005880412333,
    1.0116288009886776,
    1.0099810023183902,
    1.0085559754999331,
    1.0073525222858648,
    1.0063695351840418,
    1.0056060499340191,
    1.00506128306653,
    1.0047346580720014,
    1.0046258225765292,
    1.0047346580720022,
    1.0050612830665286,
    1.0056060499340191,
    1.006369535184043,
    1.0073525222858635,
    1.0085559754999334,
    1.009981002318391,
    1.011628800988676,
    1.0135005880412336,
    1.0155974985402774,
    1.017920448584133,
    1.0204699448658565,
    1.023245819024518,
    1.02624685373804,
    1.0294702509291065,
    1.0329108668916376,
    1.0365601002798233,
    1.040404262891653,
    1.0444221949417427,
    1.0485818507755242,
    1.052835758732091,
    1.0571161988120577,
    1.0613338150453657,
    1.065388925518715,
    1.069207210743577,
    1.0727914795294096,
    1.0762374809183273,
    1.0796699045000167,
    1.0831495853827076,
    1.0866301647658798,
    1.0899640022219244,
    1.0929215679310127,
    1.0952194740675778,
    1.0965849576429354,
    1.0968715514985785,
    1.0961595790170928,
    1.094726734090341,
    1.092898909711921,
    1.0909048561771295,
    1.088801905364387,
    1.0864938290855108,
    1.0838212386943527,
    1.0806390594125916,
    1.0768049773495094,
    1.072125701092304,
    1.066385812050663,
    1.0594877651850978,
    1.0515983549138563,
    1.0431534892868155,
    1.0346629191719388,
    1.0264863417974353,
    1.018796828271621,
    1.0116926759588296,
    1.005273409564339,
    0.9996152542850439,
    0.9947306477586587,
    0.9905724224738475,
    0.9870626874376991,
    0.9841165123362634,
    0.9816532201162629
  ],