{
  "bias_mev": [
    -20.0,
    -19.666666666666668,
    -19.333333333333332,
    -19.0,
    -18.666666666666668,
    -18.333333333333332,
    -18.0,
    -17.666666666666668,
    -17.333333333333332,
    -17.0,
    -16.666666666666668,
    -16.333333333333332,
    -16.0,
    -15.666666666666668,
    -15.333333333333334,
    -15.0,
    -14.666666666666668,
    -14.333333333333334,
    -14.0,
    -13.666666666666668,
    -13.333333333333334,
    -13.0,
    -12.666666666666668,
    -12.333333333333334,
    -12.0,
    -11.666666666666668,
    -11.333333333333334,
    -11.0,
    -10.666666666666668,
    -10.333333333333334,
    -10.0,
    -9.666666666666668,
    -9.333333333333334,
    -9.0,
    -8.666666666666668,
    -8.333333333333334,
    -8.0,
    -7.666666666666668,
    -7.333333333333334,
    -7.0,
    -6.666666666666668,
    -6.333333333333334,
    -6.0,
    -5.666666666666668,
    -5.333333333333334,
    -5.0,
    -4.666666666666668,
    -4.333333333333334,
    -4.0,
    -3.666666666666668,
    -3.3333333333333357,
    -3.0,
    -2.666666666666668,
    -2.3333333333333357,
    -2.0,
    -1.6666666666666679,
    -1.3333333333333357,
    -1.0,
    -0.6666666666666679,
    -0.3333333333333357,
    0.0,
    0.33333333333333215,
    0.6666666666666643,
    1.0,
    1.3333333333333321,
    1.6666666666666643,
    2.0,
    2.333333333333332,
    2.6666666666666643,
    3.0,
    3.333333333333332,
    3.6666666666666643,
    4.0,
    4.333333333333332,
    4.666666666666664,
    5.0,
    5.333333333333332,
    5.666666666666664,
    6.0,
    6.333333333333332,
    6.666666666666664,
    7.0,
    7.333333333333332,
    7.666666666666664,
    8.0,
    8.333333333333332,
    8.666666666666664,
    9.0,
    9.333333333333332,
    9.666666666666664,
    10.0,
    10.333333333333332,
    10.666666666666664,
    11.0,
    11.333333333333332,
    11.666666666666664,
    12.0,
    12.333333333333329,
    12.666666666666664,
    13.0,
    13.333333333333329,
    13.666666666666664,
    14.0,
    14.333333333333329,
    14.666666666666664,
    15.0,
    15.333333333333329,
    15.666666666666664,
    16.0,
    16.33333333333333,
    16.666666666666664,
    17.0,
    17.33333333333333,
    17.666666666666664,
    18.0,
    18.33333333333333,
    18.666666666666664,
    19.0,
    19.33333333333333,
    19.666666666666664,
    20.0
  ],
  "conductance": [
    0.9846592447103669,
    0.9861565771185693,
    0.9883425525997842,
    0.9912728127400138,
    0.9949799277478918,
    0.9994605731970169,
    1.0046629430343061,
    1.0104792847292428,
    1.0167452704341164,
    1.023240813688692,
    1.0296855533146403,
    1.0357355803139991,
    1.0410046789692775,
    1.045126499546581,
    1.047838936850246,
    1.0490435922722974,
    1.048806097034262,
    1.0473050337095047,
    1.0447655197748307,
    1.041406210487547,
    1.0374027079105745,
    1.032857617166804,
    1.0277779670048357,
    1.0220757007579568,
    1.015605233545989,
    1.008232702374184,
    0.9999093507002548,
    0.9907134047677774,
    0.9808401425752603,
    0.9705493620236987,
    0.9600990770383184,
    0.9496919143345326,
    0.939447176672154,
    0.9294012290376197,
    0.9195332527835184,
    0.9098063919435939,
    0.9002063325515537,
    0.8907599753588727,
    0.8815299169330705,
    0.872594871178268,
    0.8640298710007389,
    0.8558941156380144,
    0.8482271211218806,
    0.8410502957038759,
    0.8343708405412356,
    0.828185962287801,
    0.8224864663079737,
    0.8172594773570462,
    0.8124903539183342,
    0.8081639673657868,
    0.8042655215090411,
    0.8007810565929732,
    0.7976977444855301,
    0.7950040497580445,
    0.7926898071745423,
    0.7907462490087082,
    0.7891660039741761,
    0.7879430818193802,
    0.7870728525654694,
    0.7865520260604126,
    0.7863786353654182,
    0.7865520260604127,
    0.7870728525654694,
    0.7879430818193802,
    0.7891660039741761,
    0.7907462490087082,
    0.7926898071745425,
    0.7950040497580445,
    0.7976977444855301,
    0.8007810565929732,
    0.8042655215090411,
    0.8081639673657864,
    0.8124903539183341,
    0.8172594773570462,
    0.8224864663079735,
    0.828185962287801,
    0.8343708405412357,
    0.841050295703876,
    0.8482271211218805,
    0.8558941156380145,
    0.8640298710007389,
    0.872594871178268,
    0.8815299169330705,
    0.8907599753588729,
    0.9002063325515536,
    0.909806391943594,
    0.9195332527835182,
    0.9294012290376199,
    0.9394471766721542,
    0.9496919143345324,
    0.9600990770383182,
    0.9705493620236987,
    0.98084014257526,
    0.9907134047677774,
    0.9999093507002548,
    1.0082327023741842,
    1.015605233545989,
    1.0220757007579568,
    1.0277779670048355,
    1.032857617166804,
    1.0374027079105748,
    1.041406210487547,
    1.044765519774831,
    1.0473050337095047,
    1.048806097034262,
    1.0490435922722972,
    1.047838936850246,
    1.045126499546581,
    1.0410046789692777,
    1.035735580313999,
    1.02968555331464,
    1.0232408136886917,
    1.0167452704341164,
    1.010479284729243,
    1.004662943034306,
    0.9994605731970169,
    0.994979927747892,
    0.9912728127400138,
    0.9883425525997844,
    0.9861565771185693,
    0.9846592447103669
  ],