{
  "bias_mev": [
    -20.0,
    -19.666666666666668,
    -19.333333333333332,
    -19.0,
    -18.666666666666668,
    -18.333333333333332,
    -18.0,
    -17.666666666666668,
    -17.333333333333332,
    -17.0,
    -16.666666666666668,
    -16.333333333333332,
    -16.0,
    -15.666666666666668,
    -15.333333333333334,
    -15.0,
    -14.666666666666668,
    -14.333333333333334,
    -14.0,
    -13.666666666666668,
    -13.333333333333334,
    -13.0,
    -12.666666666666668,
    -12.333333333333334,
    -12.0,
    -11.666666666666668,
    -11.333333333333334,
    -11.0,
    -10.666666666666668,
    -10.333333333333334,
    -10.0,
    -9.666666666666668,
    -9.333333333333334,
    -9.0,
    -8.666666666666668,
    -8.333333333333334,
    -8.0,
    -7.666666666666668,
    -7.333333333333334,
    -7.0,
    -6.666666666666668,
    -6.333333333333334,
    -6.0,
    -5.666666666666668,
    -5.333333333333334,
    -5.0,
    -4.666666666666668,
    -4.333333333333334,
    -4.0,
    -3.666666666666668,
    -3.3333333333333357,
    -3.0,
    -2.666666666666668,
    -2.3333333333333357,
    -2.0,
    -1.6666666666666679,
    -1.3333333333333357,
    -1.0,
    -0.6666666666666679,
    -0.3333333333333357,
    0.0,
    0.33333333333333215,
    0.6666666666666643,
    1.0,
    1.3333333333333321,
    1.6666666666666643,
    2.0,
    2.333333333333332,
    2.6666666666666643,
    3.0,
    3.333333333333332,
    3.6666666666666643,
    4.0,
    4.333333333333332,
    4.666666666666664,
    5.0,
    5.333333333333332,
    5.666666666666664,
    6.0,
    6.333333333333332,
    6.666666666666664,
    7.0,
    7.333333333333332,
    7.666666666666664,
    8.0,
    8.333333333333332,
    8.666666666666664,
    9.0,
    9.333333333333332,
    9.666666666666664,
    10.0,
    10.333333333333332,
    10.666666666666664,
    11.0,
    11.333333333333332,
    11.666666666666664,
    12.0,
    12.333333333333329,
    12.666666666666664,
    13.0,
    13.333333333333329,
    13.666666666666664,
    14.0,
    14.333333333333329,
    14.666666666666664,
    15.0,
    15.333333333333329,
    15.666666666666664,
    16.0,
    16.33333333333333,
    16.666666666666664,
    17.0,
    17.33333333333333,
    17.666666666666664,
    18.0,
    18.33333333333333,
    18.666666666666664,
    19.0,
    19.33333333333333,
    19.666666666666664,
    20.0
  ],
  "conductance": [
    0.9670504479822566,
    0.9706092233768084,
    0.9755051231369325,
    0.9818301095801356,
    0.9896649764121417,
    0.999047406612555,
    1.0099189599733123,
    1.022088036911882,
    1.0352561391535353,
    1.0490295768604405,
    1.062677888478118,
    1.0746633879418876,
    1.0825913840617276,
    1.0842111951470632,
    1.078816382249284,
    1.0675581133241563,
    1.0525115860635357,
    1.0355592097252064,
    1.017875808571527,
    1.000089383504205,
    0.9826206308068449,
    0.9656965770542263,
    0.9490987406800425,
    0.9320580919356031,
    0.9135262449362688,
    0.8927034390725679,
    0.8695354038534768,
    0.8448118821878821,
    0.8197427371818722,
    0.7954289400959249,
    0.7726018738207296,
    0.7515766005468425,
    0.7322423389856848,
    0.7140874140778416,
    0.6964119051150434,
    0.6787519095751495,
    0.6611750532081406,
    0.6441324833944357,
    0.6280937464546279,
    0.6133363450670182,
    0.5999407232326881,
    0.5878641908669644,
    0.5770079518450342,
    0.5672571832685911,
    0.5585003355734,
    0.5506367453742951,
    0.5435786217303005,
    0.5372506300236357,
    0.5315886094669602,
    0.5265381018336158,
    0.5220529649167364,
    0.5180941633544954,
    0.5146287526567014,
    0.5116290424637815,
    0.5090719158563984,
    0.5069382809259049,
    0.5052126334664288,
    0.5038827132415806,
    0.5029392398675887,
    0.5023757176087297,
    0.5021883012365219,
    0.5023757176087301,
    0.5029392398675883,
    0.5038827132415806,
    0.5052126334664291,
    0.5069382809259045,
    0.5090719158563983,
    0.5116290424637819,
    0.5146287526567008,
    0.5180941633544953,
    0.5220529649167367,
    0.5265381018336155,
    0.5315886094669601,
    0.537250630023636,
    0.5435786217303002,
    0.5506367453742949,
    0.5585003355734004,
    0.5672571832685906,
    0.577007951845034,
    0.5878641908669648,
    0.5999407232326877,
    0.6133363450670181,
    0.6280937464546282,
    0.6441324833944353,
    0.6611750532081405,
    0.6787519095751501,
    0.6964119051150427,
    0.7140874140778414,
    0.7322423389856855,
    0.751576600546842,
    0.7726018738207294,
    0.7954289400959254,
    0.8197427371818716,
    0.8448118821878818,
    0.8695354038534776,
    0.892703439072567,
    0.9135262449362691,
    0.9320580919356032,
    0.9490987406800411,
    0.9656965770542268,
    0.9826206308068455,
    1.0000893835042035,
    1.0178758085715272,
    1.0355592097252069,
    1.0525115860635343,
    1.0675581133241567,
    1.0788163822492844,
    1.0842111951470617,
    1.0825913840617274,
    1.0746633879418885,
    1.0626778884781172,
    1.0490295768604403,
    1.035256139153536,
    1.0220880369118812,
    1.009918959973312,
    0.9990474066125558,
    0.9896649764121409,
    0.9818301095801356,
    0.9755051231369333,
    0.9706092233768082,
    0.9670504479822559
  ],