{
  "bias_mev": [
    -20.0,
    -19.666666666666668,
    -19.333333333333332,
    -19.0,
    -18.666666666666668,
    -18.333333333333332,
    -18.0,
    -17.666666666666668,
    -17.333333333333332,
    -17.0,
    -16.666666666666668,
    -16.333333333333332,
    -16.0,
    -15.666666666666668,
    -15.333333333333334,
    -15.0,
    -14.666666666666668,
    -14.333333333333334,
    -14.0,
    -13.666666666666668,
    -13.333333333333334,
    -13.0,
    -12.666666666666668,
    -12.333333333333334,
    -12.0,
    -11.666666666666668,
    -11.333333333333334,
    -11.0,
    -10.666666666666668,
    -10.333333333333334,
    -10.0,
    -9.666666666666668,
    -9.333333333333334,
    -9.0,
    -8.666666666666668,
    -8.333333333333334,
    -8.0,
    -7.666666666666668,
    -7.333333333333334,
    -7.0,
    -6.666666666666668,
    -6.333333333333334,
    -6.0,
    -5.666666666666668,
    -5.333333333333334,
    -5.0,
    -4.666666666666668,
    -4.333333333333334,
    -4.0,
    -3.666666666666668,
    -3.3333333333333357,
    -3.0,
    -2.666666666666668,
    -2.3333333333333357,
    -2.0,
    -1.6666666666666679,
    -1.3333333333333357,
    -1.0,
    -0.6666666666666679,
    -0.3333333333333357,
    0.0,
    0.33333333333333215,
    0.6666666666666643,
    1.0,
    1.3333333333333321,
    1.6666666666666643,
    2.0,
    2.333333333333332,
    2.6666666666666643,
    3.0,
    3.333333333333332,
    3.6666666666666643,
    4.0,
    4.333333333333332,
    4.666666666666664,
    5.0,
    5.333333333333332,
    5.666666666666664,
    6.0,
    6.333333333333332,
    6.666666666666664,
    7.0,
    7.333333333333332,
    7.666666666666664,
    8.0,
    8.333333333333332,
    8.666666666666664,
    9.0,
    9.333333333333332,
    9.666666666666664,
    10.0,
    10.333333333333332,
    10.666666666666664,
    11.0,
    11.333333333333332,
    11.666666666666664,
    12.0,
    12.333333333333329,
    12.666666666666664,
    13.0,
    13.333333333333329,
    13.666666666666664,
    14.0,
    14.333333333333329,
    14.666666666666664,
    15.0,
    15.333333333333329,
    15.666666666666664,
    16.0,
    16.33333333333333,
    16.666666666666664,
    17.0,
    17.33333333333333,
    17.666666666666664,
    18.0,
    18.33333333333333,
    18.666666666666664,
    19.0,
    19.33333333333333,
    19.666666666666664,
    20.0
  ],
  "conductance": [
    0.974743952084669,
    0.9777111545846898,
    0.9815157698109052,
    0.9862687625985149,
    0.9920815946989269,
    0.9990481403237017,
    1.0072116364761834,
    1.016531054063557,
    1.026873184544841,
    1.0380147508140098,
    1.0495668813350771,
    1.0608133708930312,
    1.0706890025178804,
    1.0781210421923195,
    1.0825286586689544,
    1.0840142554494028,
    1.0831392796394725,
    1.0805592330751046,
    1.0767956906724139,
    1.0722281586306144,
    1.0671708354505918,
    1.0618561919206493,
    1.0563204375450022,
    1.0503271223968809,
    1.0434305548252119,
    1.0351705257522075,
    1.0253162410245915,
    1.0140088905072335,
    1.0016877548402014,
    0.9888904949299789,
    0.9760919373287265,
    0.9636247182664386,
    0.9516382115184663,
    0.9400782836395409,
    0.928732222552094,
    0.9173733234245638,
    0.9059231168964894,
    0.8944899668905952,
    0.8832778915462571,
    0.8724809369001778,
    0.8622338951757098,
    0.852610492042517,
    0.8436395532720176,
    0.8353218594480103,
    0.8276424818878887,
    0.8205786360593493,
    0.8141043466160476,
    0.8081931044190959,
    0.80281932534489,
    0.7979591123381393,
    0.7935906184773985,
    0.7896941851216867,
    0.7862523565102907,
    0.7832498298908275,
    0.7806733756300139,
    0.7785117473656475,
    0.7767555938009876,
    0.7753973787629251,
    0.7744313132206548,
    0.7738533012610225,
    0.7736609010481188,
    0.7738533012610229,
    0.7744313132206544,
    0.7753973787629251,
    0.776755593800988,
    0.7785117473656474,
    0.7806733756300139,
    0.7832498298908278,
    0.7862523565102902,
    0.7896941851216867,
    0.793590618477399,
    0.7979591123381389,
    0.8028193253448898,
    0.8081931044190963,
    0.8141043466160471,
    0.8205786360593492,
    0.827642481887889,
    0.8353218594480103,
    0.8436395532720175,
    0.8526104920425175,
    0.8622338951757096,
    0.8724809369001776,
    0.8832778915462577,
    0.8944899668905951,
    0.9059231168964892,
    0.9173733234245641,
    0.9287322225520939,
    0.9400782836395405,
    0.9516382115184667,
    0.9636247182664381,
    0.9760919373287263,
    0.9888904949299794,
    1.0016877548402012,
    1.0140088905072335,
    1.0253162410245915,
    1.0351705257522072,
    1.043430554825212,
    1.0503271223968813,
    1.0563204375450013,
    1.0618561919206497,
    1.0671708354505924,
    1.0722281586306137,
    1.0767956906724143,
    1.080559233075105,
    1.0831392796394717,
    1.0840142554494032,
    1.0825286586689553,
    1.0781210421923189,
    1.0706890025178806,
    1.0608133708930318,
    1.049566881335077,
    1.0380147508140098,
    1.0268731845448416,
    1.0165310540635568,
    1.0072116364761834,
    0.9990481403237025,
    0.9920815946989265,
    0.986268762598515,
    0.981515769810906,
    0.9777111545846896,
    0.9747439520846688
  ],