{
  "bias_mev": [
    -20.0,
    -19.666666666666668,
    -19.333333333333332,
    -19.0,
    -18.666666666666668,
    -18.333333333333332,
    -18.0,
    -17.666666666666668,
    -17.333333333333332,
    -17.0,
    -16.666666666666668,
    -16.333333333333332,
    -16.0,
    -15.666666666666668,
    -15.333333333333334,
    -15.0,
    -14.666666666666668,
    -14.333333333333334,
    -14.0,
    -13.666666666666668,
    -13.333333333333334,
    -13.0,
    -12.666666666666668,
    -12.333333333333334,
    -12.0,
    -11.666666666666668,
    -11.333333333333334,
    -11.0,
    -10.666666666666668,
    -10.333333333333334,
    -10.0,
    -9.666666666666668,
    -9.333333333333334,
    -9.0,
    -8.666666666666668,
    -8.333333333333334,
    -8.0,
    -7.666666666666668,
    -7.333333333333334,
    -7.0,
    -6.666666666666668,
    -6.333333333333334,
    -6.0,
    -5.666666666666668,
    -5.333333333333334,
    -5.0,
    -4.666666666666668,
    -4.333333333333334,
    -4.0,
    -3.666666666666668,
    -3.3333333333333357,
    -3.0,
    -2.666666666666668,
    -2.3333333333333357,
    -2.0,
    -1.6666666666666679,
    -1.3333333333333357,
    -1.0,
    -0.6666666666666679,
    -0.3333333333333357,
    0.0,
    0.33333333333333215,
    0.6666666666666643,
    1.0,
    1.3333333333333321,
    1.6666666666666643,
    2.0,
    2.333333333333332,
    2.6666666666666643,
    3.0,
    3.333333333333332,
    3.6666666666666643,
    4.0,
    4.333333333333332,
    4.666666666666664,
    5.0,
    5.333333333333332,
    5.666666666666664,
    6.0,
    6.333333333333332,
    6.666666666666664,
    7.0,
    7.333333333333332,
    7.666666666666664,
    8.0,
    8.333333333333332,
    8.666666666666664,
    9.0,
    9.333333333333332,
    9.666666666666664,
    10.0,
    10.333333333333332,
    10.666666666666664,
    11.0,
    11.333333333333332,
    11.666666666666664,
    12.0,
    12.333333333333329,
    12.666666666666664,
    13.0,
    13.333333333333329,
    13.666666666666664,
    14.0,
    14.333333333333329,
    14.666666666666664,
    15.0,
    15.333333333333329,
    15.666666666666664,
    16.0,
    16.33333333333333,
    16.666666666666664,
    17.0,
    17.33333333333333,
    17.666666666666664,
    18.0,
    18.33333333333333,
    18.666666666666664,
    19.0,
    19.33333333333333,
    19.666666666666664,
    20.0
  ],
  "conductance": [
    0.9738662973629979,
    0.978001615422896,
    0.9826146091375562,
    0.9877931044784061,
    0.993635455264857,
    1.0002416565285661,
    1.007689187431073,
    1.0159984045761477,
    1.025127633326694,
    1.0350320364708052,
    1.045692389062106,
    1.056989278041115,
    1.0685261264398211,
    1.0796761498456469,
    1.0899114651187167,
    1.0990535815805054,
    1.1072288814609448,
    1.1146687062218483,
    1.1215453166142022,
    1.127967478744591,
    1.134073638925044,
    1.140040842143719,
    1.1459768553964307,
    1.1518125354105626,
    1.1572893307143475,
    1.1620420175962356,
    1.1657652976386688,
    1.1683860663179608,
    1.170062416280068,
    1.171051425886053,
    1.1716047496819435,
    1.1719269247065849,
    1.1721539056226267,
    1.1723216745385585,
    1.1723454064386505,
    1.172073227100607,
    1.1714072735936774,
    1.1703622518881729,
    1.1690227545824272,
    1.1674848146813712,
    1.165828691516871,
    1.1641146316808828,
    1.1623864458438022,
    1.160675963727138,
    1.1590065556316518,
    1.1573956172815056,
    1.1558562728522481,
    1.1543985434106112,
    1.153030158708961,
    1.1517571305526013,
    1.1505841647144628,
    1.1495149616363016,
    1.1485524390876476,
    1.1476988990165613,
    1.1469561537316317,
    1.1463256218776317,
    1.1458084015273027,
    1.1454053255612235,
    1.1451170030020779,
    1.1449438488882193,
    1.1448861044694834,
    1.1449438488882206,
    1.1451170030020763,
    1.1454053255612238,
    1.145808401527304,
    1.1463256218776303,
    1.1469561537316317,
    1.1476988990165626,
    1.148552439087646,
    1.1495149616363018,
    1.1505841647144643,
    1.1517571305526002,
    1.1530301587089606,
    1.154398543410613,
    1.1558562728522472,
    1.1573956172815052,
    1.1590065556316533,
    1.1606759637271373,
    1.1623864458438016,
    1.1641146316808844,
    1.16582869151687,
    1.1674848146813703,
    1.169022754582429,
    1.1703622518881722,
    1.1714072735936767,
    1.1720732271006085,
    1.17234540643865,
    1.1723216745385576,
    1.172153905622628,
    1.1719269247065842,
    1.1716047496819428,
    1.1710514258860545,
    1.170062416280067,
    1.16838606631796,
    1.1657652976386703,
    1.1620420175962345,
    1.1572893307143475,
    1.151812535410564,
    1.1459768553964285,
    1.1400408421437196,
    1.1340736389250456,
    1.127967478744589,
    1.1215453166142026,
    1.1146687062218499,
    1.107228881460943,
    1.0990535815805058,
    1.0899114651187185,
    1.079676149845645,
    1.0685261264398214,
    1.0569892780411165,
    1.0456923890621048,
    1.0350320364708052,
    1.0251276333266954,
    1.0159984045761465,
    1.0076891874310727,
    1.0002416565285672,
    0.993635455264856,
    0.987793104478406,
    0.9826146091375574,
    0.9780016154228952,
    0.9738662973629977
  ],