{
  "bias_mev": [
    -20.0,
    -19.666666666666668,
    -19.333333333333332,
    -19.0,
    -18.666666666666668,
    -18.333333333333332,
    -18.0,
    -17.666666666666668,
    -17.333333333333332,
    -17.0,
    -16.666666666666668,
    -16.333333333333332,
    -16.0,
    -15.666666666666668,
    -15.333333333333334,
    -15.0,
    -14.666666666666668,
    -14.333333333333334,
    -14.0,
    -13.666666666666668,
    -13.333333333333334,
    -13.0,
    -12.666666666666668,
    -12.333333333333334,
    -12.0,
    -11.666666666666668,
    -11.333333333333334,
    -11.0,
    -10.666666666666668,
    -10.333333333333334,
    -10.0,
    -9.666666666666668,
    -9.333333333333334,
    -9.0,
    -8.666666666666668,
    -8.333333333333334,
    -8.0,
    -7.666666666666668,
    -7.333333333333334,
    -7.0,
    -6.666666666666668,
    -6.333333333333334,
    -6.0,
    -5.666666666666668,
    -5.333333333333334,
    -5.0,
    -4.666666666666668,
    -4.333333333333334,
    -4.0,
    -3.666666666666668,
    -3.3333333333333357,
    -3.0,
    -2.666666666666668,
    -2.3333333333333357,
    -2.0,
    -1.6666666666666679,
    -1.3333333333333357,
    -1.0,
    -0.6666666666666679,
    -0.3333333333333357,
    0.0,
    0.33333333333333215,
    0.6666666666666643,
    1.0,
    1.3333333333333321,
    1.6666666666666643,
    2.0,
    2.333333333333332,
    2.6666666666666643,
    3.0,
    3.333333333333332,
    3.6666666666666643,
    4.0,
    4.333333333333332,
    4.666666666666664,
    5.0,
    5.333333333333332,
    5.666666666666664,
    6.0,
    6.333333333333332,
    6.666666666666664,
    7.0,
    7.333333333333332,
    7.666666666666664,
    8.0,
    8.333333333333332,
    8.666666666666664,
    9.0,
    9.333333333333332,
    9.666666666666664,
    10.0,
    10.333333333333332,
    10.666666666666664,
    11.0,
    11.333333333333332,
    11.666666666666664,
    12.0,
    12.333333333333329,
    12.666666666666664,
    13.0,
    13.333333333333329,
    13.666666666666664,
    14.0,
    14.333333333333329,
    14.666666666666664,
    15.0,
    15.333333333333329,
    15.666666666666664,
    16.0,
    16.33333333333333,
    16.666666666666664,
    17.0,
    17.33333333333333,
    17.666666666666664,
    18.0,
    18.33333333333333,
    18.666666666666664,
    19.0,
    19.33333333333333,
    19.666666666666664,
    20.0
  ],
  "conductance": [
    0.9729335273197814,
    0.9759649178479561,
    0.9799529919155934,
    0.9850126527792249,
    0.9912648114070406,
    0.9988187970468074,
    1.00772756732364,
    1.0179245095505838,
    1.0291956326677376,
    1.041204592141634,
    1.0533775786411972,
    1.0645824132384787,
    1.0731746963091533,
    1.077842295080966,
    1.0783830401011123,
    1.0755481708825652,
    1.070403864063789,
    1.063805607998701,
    1.0562468813944674,
    1.0480642792154713,
    1.0396194943577597,
    1.0311880177398847,
    1.0227318019358054,
    1.0138386080128015,
    1.003884353643691,
    0.9922895300385872,
    0.9788513546104937,
    0.9639243025828421,
    0.9481901680579836,
    0.9323227060645427,
    0.9168360860094291,
    0.9020624829593954,
    0.8881264994262693,
    0.8748891820177224,
    0.8619710403190345,
    0.8489860599769642,
    0.8358465992611643,
    0.8227806766379699,
    0.8101050394364516,
    0.7980584650433581,
    0.7867700433756943,
    0.7762872643765275,
    0.7666092225184518,
    0.7577098445267905,
    0.7495516824235937,
    0.7420935310761803,
    0.7352944428077104,
    0.7291157326065896,
    0.7235218871150324,
    0.7184808866861859,
    0.7139642220806037,
    0.7099467609753101,
    0.7064065494323638,
    0.7033245945753623,
    0.7006846530632578,
    0.6984730379060062,
    0.6966784495254708,
    0.6952918333819484,
    0.6943062646428397,
    0.6937168595171445,
    0.6935207125898392,
    0.6937168595171451,
    0.6943062646428388,
    0.6952918333819484,
    0.6966784495254713,
    0.6984730379060056,
    0.7006846530632578,
    0.7033245945753632,
    0.7064065494323629,
    0.7099467609753101,
    0.7139642220806044,
    0.7184808866861854,
    0.7235218871150322,
    0.7291157326065903,
    0.73529444280771,
    0.74209353107618,
    0.7495516824235946,
    0.7577098445267898,
    0.7666092225184514,
    0.7762872643765283,
    0.7867700433756938,
    0.7980584650433578,
    0.8101050394364524,
    0.8227806766379695,
    0.8358465992611639,
    0.848986059976965,
    0.861971040319034,
    0.874889182017722,
    0.8881264994262702,
    0.9020624829593948,
    0.9168360860094287,
    0.9323227060645436,
    0.9481901680579828,
    0.963924302582842,
    0.9788513546104949,
    0.992289530038586,
    1.0038843536436912,
    1.0138386080128023,
    1.0227318019358032,
    1.0311880177398853,
    1.0396194943577606,
    1.0480642792154695,
    1.056246881394468,
    1.063805607998702,
    1.0704038640637872,
    1.0755481708825656,
    1.0783830401011136,
    1.077842295080965,
    1.0731746963091535,
    1.0645824132384802,
    1.0533775786411963,
    1.0412045921416337,
    1.0291956326677387,
    1.017924509550583,
    1.0077275673236403,
    0.9988187970468085,
    0.9912648114070396,
    0.985012652779225,
    0.9799529919155944,
    0.9759649178479557,
    0.9729335273197814
  ],