{
  "bias_mev": [
    -20.0,
    -19.666666666666668,
    -19.333333333333332,
    -19.0,
    -18.666666666666668,
    -18.333333333333332,
    -18.0,
    -17.666666666666668,
    -17.333333333333332,
    -17.0,
    -16.666666666666668,
    -16.333333333333332,
    -16.0,
    -15.666666666666668,
    -15.333333333333334,
    -15.0,
    -14.666666666666668,
    -14.333333333333334,
    -14.0,
    -13.666666666666668,
    -13.333333333333334,
    -13.0,
    -12.666666666666668,
    -12.333333333333334,
    -12.0,
    -11.666666666666668,
    -11.333333333333334,
    -11.0,
    -10.666666666666668,
    -10.333333333333334,
    -10.0,
    -9.666666666666668,
    -9.333333333333334,
    -9.0,
    -8.666666666666668,
    -8.333333333333334,
    -8.0,
    -7.666666666666668,
    -7.333333333333334,
    -7.0,
    -6.666666666666668,
    -6.333333333333334,
    -6.0,
    -5.666666666666668,
    -5.333333333333334,
    -5.0,
    -4.666666666666668,
    -4.333333333333334,
    -4.0,
    -3.666666666666668,
    -3.3333333333333357,
    -3.0,
    -2.666666666666668,
    -2.3333333333333357,
    -2.0,
    -1.6666666666666679,
    -1.3333333333333357,
    -1.0,
    -0.6666666666666679,
    -0.3333333333333357,
    0.0,
    0.33333333333333215,
    0.6666666666666643,
    1.0,
    1.3333333333333321,
    1.6666666666666643,
    2.0,
    2.333333333333332,
    2.6666666666666643,
    3.0,
    3.333333333333332,
    3.6666666666666643,
    4.0,
    4.333333333333332,
    4.666666666666664,
    5.0,
    5.333333333333332,
    5.666666666666664,
    6.0,
    6.333333333333332,
    6.666666666666664,
    7.0,
    7.333333333333332,
    7.666666666666664,
    8.0,
    8.333333333333332,
    8.666666666666664,
    9.0,
    9.333333333333332,
    9.666666666666664,
    10.0,
    10.333333333333332,
    10.666666666666664,
    11.0,
    11.333333333333332,
    11.666666666666664,
    12.0,
    12.333333333333329,
    12.666666666666664,
    13.0,
    13.333333333333329,
    13.666666666666664,
    14.0,
    14.333333333333329,
    14.666666666666664,
    15.0,
    15.333333333333329,
    15.666666666666664,
    16.0,
    16.33333333333333,
    16.666666666666664,
    17.0,
    17.33333333333333,
    17.666666666666664,
    18.0,
    18.33333333333333,
    18.666666666666664,
    19.0,
    19.33333333333333,
    19.666666666666664,
    20.0
  ],
  "conductance": [
    0.9745220866058851,
    0.9784785284053572,
    0.9829435731457477,
    0.9880019277482978,
    0.9937399989798759,
    1.0002359488741046,
    1.0075439178357435,
    1.0156783045722653,
    1.024606845440751,
    1.0342488683919702,
    1.04445636818522,
    1.0549724185939071,
    1.0654169127739628,
    1.0753605414040879,
    1.0844635071275914,
    1.0925750734670776,
    1.0997274620792907,
    1.1060549900113328,
    1.1117142225340961,
    1.1168512871272627,
    1.1216002150307087,
    1.126067136874791,
    1.1302872842851575,
    1.1341868245331115,
    1.1375881225820803,
    1.1402699835520616,
    1.1420607014660107,
    1.1429135624419238,
    1.1429186521747938,
    1.1422550266979277,
    1.141125699164463,
    1.1397062402888127,
    1.1381114480130778,
    1.1363786092293366,
    1.1344752856607312,
    1.1323381988155852,
    1.1299254786195227,
    1.127247027325117,
    1.124358499409825,
    1.121336258483864,
    1.1182554396304816,
    1.1151790944939663,
    1.1121558867200056,
    1.1092218002047836,
    1.1064029183825796,
    1.1037180037961087,
    1.1011805258924015,
    1.098800150981442,
    1.0965838086230955,
    1.0945364502959243,
    1.0926615914272306,
    1.090961702129948,
    1.0894384918576059,
    1.0880931189044842,
    1.0869263459273781,
    1.0859386560871025,
    1.0851303399593222,
    1.0845015603234232,
    1.0840523998244227,
    1.0837828950001536,
    1.0836930590648999,
    1.0837828950001538,
    1.0840523998244225,
    1.0845015603234232,
    1.0851303399593224,
    1.0859386560871025,
    1.0869263459273781,
    1.0880931189044845,
    1.0894384918576057,
    1.090961702129948,
    1.0926615914272306,
    1.0945364502959238,
    1.0965838086230952,
    1.098800150981442,
    1.1011805258924012,
    1.1037180037961085,
    1.1064029183825796,
    1.1092218002047836,
    1.1121558867200056,
    1.1151790944939661,
    1.1182554396304814,
    1.1213362584838638,
    1.1243584994098252,
    1.1272470273251165,
    1.1299254786195227,
    1.1323381988155852,
    1.134475285660731,
    1.1363786092293366,
    1.138111448013078,
    1.1397062402888125,
    1.1411256991644627,
    1.1422550266979279,
    1.1429186521747936,
    1.1429135624419235,
    1.142060701466011,
    1.1402699835520613,
    1.1375881225820805,
    1.1341868245331117,
    1.130287284285157,
    1.1260671368747914,
    1.121600215030709,
    1.1168512871272624,
    1.1117142225340966,
    1.1060549900113332,
    1.0997274620792905,
    1.092575073467078,
    1.0844635071275919,
    1.0753605414040877,
    1.065416912773963,
    1.0549724185939073,
    1.04445636818522,
    1.0342488683919704,
    1.0246068454407515,
    1.0156783045722655,
    1.0075439178357437,
    1.0002359488741048,
    0.9937399989798756,
    0.9880019277482979,
    0.9829435731457484,
    0.978478528405357,
    0.9745220866058849
  ],