{
  "bias_mev": [
    -20.0,
    -19.666666666666668,
    -19.333333333333332,
    -19.0,
    -18.666666666666668,
    -18.333333333333332,
    -18.0,
    -17.666666666666668,
    -17.333333333333332,
    -17.0,
    -16.666666666666668,
    -16.333333333333332,
    -16.0,
    -15.666666666666668,
    -15.333333333333334,
    -15.0,
    -14.666666666666668,
    -14.333333333333334,
    -14.0,
    -13.666666666666668,
    -13.333333333333334,
    -13.0,
    -12.666666666666668,
    -12.333333333333334,
    -12.0,
    -11.666666666666668,
    -11.333333333333334,
    -11.0,
    -10.666666666666668,
    -10.333333333333334,
    -10.0,
    -9.666666666666668,
    -9.333333333333334,
    -9.0,
    -8.666666666666668,
    -8.333333333333334,
    -8.0,
    -7.666666666666668,
    -7.333333333333334,
    -7.0,
    -6.666666666666668,
    -6.333333333333334,
    -6.0,
    -5.666666666666668,
    -5.333333333333334,
    -5.0,
    -4.666666666666668,
    -4.333333333333334,
    -4.0,
    -3.666666666666668,
    -3.3333333333333357,
    -3.0,
    -2.666666666666668,
    -2.3333333333333357,
    -2.0,
    -1.6666666666666679,
    -1.3333333333333357,
    -1.0,
    -0.6666666666666679,
    -0.3333333333333357,
    0.0,
    0.33333333333333215,
    0.6666666666666643,
    1.0,
    1.3333333333333321,
    1.6666666666666643,
    2.0,
    2.333333333333332,
    2.6666666666666643,
    3.0,
    3.333333333333332,
    3.6666666666666643,
    4.0,
    4.333333333333332,
    4.666666666666664,
    5.0,
    5.333333333333332,
    5.666666666666664,
    6.0,
    6.333333333333332,
    6.666666666666664,
    7.0,
    7.333333333333332,
    7.666666666666664,
    8.0,
    8.333333333333332,
    8.666666666666664,
    9.0,
    9.333333333333332,
    9.666666666666664,
    10.0,
    10.333333333333332,
    10.666666666666664,
    11.0,
    11.333333333333332,
    11.666666666666664,
    12.0,
    12.333333333333329,
    12.666666666666664,
    13.0,
    13.333333333333329,
    13.666666666666664,
    14.0,
    14.333333333333329,
    14.666666666666664,
    15.0,
    15.333333333333329,
    15.666666666666664,
    16.0,
    16.33333333333333,
    16.666666666666664,
    17.0,
    17.33333333333333,
    17.666666666666664,
    18.0,
    18.33333333333333,
    18.666666666666664,
    19.0,
    19.33333333333333,
    19.666666666666664,
    20.0
  ],
  "conductance": [
    0.9823865424248651,
    0.9839598714653118,
    0.9862684239375683,
    0.989420303606318,
    0.9935261418812225,
    0.9986760567766725,
    1.0048951988194035,
    1.01209722882467,
    1.020093565112334,
    1.0286766671516332,
    1.0376429353937118,
    1.046628098424762,
    1.0549357090963263,
    1.0616913625704871,
    1.066289424020476,
    1.068678886663764,
    1.0692469283039545,
    1.0684943193240757,
    1.0668066283394946,
    1.064463731119527,
    1.0617485208510795,
    1.0589230552925883,
    1.0560653155761257,
    1.0529473762226444,
    1.0490787364219563,
    1.0439049130818796,
    1.0370956378589808,
    1.028751280422477,
    1.0193335306341187,
    1.0094168039849982,
    0.9994914189490227,
    0.9898841818217783,
    0.9807350732975761,
    0.9719860614880454,
    0.9634148157792644,
    0.9547692183422549,
    0.9459384588369816,
    0.9370012916280525,
    0.9281361810239521,
    0.9195177671695056,
    0.9112707350838618,
    0.903468225655836,
    0.8961455767271529,
    0.8893141803544099,
    0.8829714529791416,
    0.8771071811645863,
    0.8717073555737297,
    0.8667564335588465,
    0.8622386559578726,
    0.858138801623717,
    0.8544426083798484,
    0.8511369961370573,
    0.8482101731664611,
    0.8456516742967695,
    0.8434523606754182,
    0.8416043992515873,
    0.8401012331678723,
    0.8389375499705636,
    0.83810925190192,
    0.8376134308879383,
    0.8374483497977868,
    0.8376134308879389,
    0.8381092519019193,
    0.8389375499705636,
    0.8401012331678728,
    0.8416043992515869,
    0.8434523606754181,
    0.8456516742967699,
    0.8482101731664606,
    0.8511369961370573,
    0.8544426083798489,
    0.8581388016237166,
    0.8622386559578726,
    0.8667564335588471,
    0.8717073555737295,
    0.8771071811645861,
    0.8829714529791421,
    0.88931418035441,
    0.8961455767271526,
    0.9034682256558366,
    0.9112707350838616,
    0.9195177671695054,
    0.9281361810239528,
    0.9370012916280519,
    0.9459384588369811,
    0.9547692183422557,
    0.963414815779264,
    0.9719860614880451,
    0.9807350732975766,
    0.989884181821778,
    0.9994914189490227,
    1.0094168039849991,
    1.0193335306341182,
    1.0287512804224765,
    1.0370956378589813,
    1.0439049130818792,
    1.0490787364219567,
    1.0529473762226451,
    1.0560653155761248,
    1.0589230552925888,
    1.0617485208510802,
    1.0644637311195262,
    1.066806628339495,
    1.0684943193240766,
    1.0692469283039534,
    1.0686788866637644,
    1.066289424020477,
    1.0616913625704862,
    1.0549357090963265,
    1.046628098424763,
    1.037642935393711,
    1.0286766671516334,
    1.0200935651123348,
    1.0120972288246697,
    1.0048951988194033,
    0.9986760567766731,
    0.993526141881222,
    0.989420303606318,
    0.9862684239375691,
    0.9839598714653112,
    0.9823865424248648
  ],