{
  "bias_mev": [
    -20.0,
    -19.666666666666668,
    -19.333333333333332,
    -19.0,
    -18.666666666666668,
    -18.333333333333332,
    -18.0,
    -17.666666666666668,
    -17.333333333333332,
    -17.0,
    -16.666666666666668,
    -16.333333333333332,
    -16.0,
    -15.666666666666668,
    -15.333333333333334,
    -15.0,
    -14.666666666666668,
    -14.333333333333334,
    -14.0,
    -13.666666666666668,
    -13.333333333333334,
    -13.0,
    -12.666666666666668,
    -12.333333333333334,
    -12.0,
    -11.666666666666668,
    -11.333333333333334,
    -11.0,
    -10.666666666666668,
    -10.333333333333334,
    -10.0,
    -9.666666666666668,
    -9.333333333333334,
    -9.0,
    -8.666666666666668,
    -8.333333333333334,
    -8.0,
    -7.666666666666668,
    -7.333333333333334,
    -7.0,
    -6.666666666666668,
    -6.333333333333334,
    -6.0,
    -5.666666666666668,
    -5.333333333333334,
    -5.0,
    -4.666666666666668,
    -4.333333333333334,
    -4.0,
    -3.666666666666668,
    -3.3333333333333357,
    -3.0,
    -2.666666666666668,
    -2.3333333333333357,
    -2.0,
    -1.6666666666666679,
    -1.3333333333333357,
    -1.0,
    -0.6666666666666679,
    -0.3333333333333357,
    0.0,
    0.33333333333333215,
    0.6666666666666643,
    1.0,
    1.3333333333333321,
    1.6666666666666643,
    2.0,
    2.333333333333332,
    2.6666666666666643,
    3.0,
    3.333333333333332,
    3.6666666666666643,
    4.0,
    4.333333333333332,
    4.666666666666664,
    5.0,
    5.333333333333332,
    5.666666666666664,
    6.0,
    6.333333333333332,
    6.666666666666664,
    7.0,
    7.333333333333332,
    7.666666666666664,
    8.0,
    8.333333333333332,
    8.666666666666664,
    9.0,
    9.333333333333332,
    9.666666666666664,
    10.0,
    10.333333333333332,
    10.666666666666664,
    11.0,
    11.333333333333332,
    11.666666666666664,
    12.0,
    12.333333333333329,
    12.666666666666664,
    13.0,
    13.333333333333329,
    13.666666666666664,
    14.0,
    14.333333333333329,
    14.666666666666664,
    15.0,
    15.333333333333329,
    15.666666666666664,
    16.0,
    16.33333333333333,
    16.666666666666664,
    17.0,
    17.33333333333333,
    17.666666666666664,
    18.0,
    18.33333333333333,
    18.666666666666664,
    19.0,
    19.33333333333333,
    19.666666666666664,
    20.0
  ],
  "conductance": [
    0.9678282524304932,
    0.9713424621497373,
    0.9759362430823827,
    0.9817809174075903,
    0.989062757710109,
    0.9979649162935006,
    1.00862976910771,
    1.0211092899300787,
    1.0353254087155166,
    1.0510199831728804,
    1.0675771840424844,
    1.0837024031637292,
    1.0973519777900667,
    1.1063923473009023,
    1.1096589127866305,
    1.1074118601340686,
    1.100880344577392,
    1.0914954582636665,
    1.0803956465470237,
    1.0683566291974456,
    1.055942353772579,
    1.0435679963697226,
    1.0313854502793065,
    1.0191523063467045,
    1.0062690222407105,
    0.992037798725145,
    0.9760501795392976,
    0.9584573263612892,
    0.9398834782257649,
    0.9210893605154707,
    0.9026926487894207,
    0.885065533712119,
    0.8683374022441168,
    0.8524272801094642,
    0.8371124584528837,
    0.8221709111155192,
    0.8075384546926457,
    0.7933400938518832,
    0.7797827908876849,
    0.7670387190859494,
    0.7551996745096118,
    0.7442866132907793,
    0.7342757270988415,
    0.7251207643854248,
    0.7167672379967914,
    0.7091601579731506,
    0.7022477505362364,
    0.6959829738904694,
    0.6903239169757266,
    0.6852336735109219,
    0.6806799970180575,
    0.676634888122791,
    0.6730741855876268,
    0.6699771923406205,
    0.667326348037954,
    0.6651069503731672,
    0.6633069232461599,
    0.6619166284006412,
    0.6609287168992523,
    0.6603380171627543,
    0.6601414569222952,
    0.6603380171627544,
    0.6609287168992519,
    0.6619166284006412,
    0.6633069232461599,
    0.665106950373167,
    0.667326348037954,
    0.6699771923406206,
    0.6730741855876266,
    0.676634888122791,
    0.6806799970180575,
    0.6852336735109218,
    0.6903239169757265,
    0.6959829738904695,
    0.7022477505362361,
    0.7091601579731506,
    0.7167672379967914,
    0.7251207643854246,
    0.7342757270988414,
    0.7442866132907794,
    0.7551996745096117,
    0.7670387190859492,
    0.7797827908876849,
    0.793340093851883,
    0.8075384546926456,
    0.8221709111155192,
    0.8371124584528834,
    0.8524272801094641,
    0.8683374022441167,
    0.8850655337121188,
    0.9026926487894207,
    0.9210893605154709,
    0.9398834782257647,
    0.958457326361289,
    0.9760501795392976,
    0.9920377987251447,
    1.0062690222407107,
    1.0191523063467043,
    1.031385450279306,
    1.0435679963697229,
    1.055942353772579,
    1.0683566291974451,
    1.080395646547024,
    1.0914954582636665,
    1.1008803445773916,
    1.1074118601340688,
    1.1096589127866308,
    1.1063923473009019,
    1.0973519777900667,
    1.0837024031637297,
    1.0675771840424844,
    1.0510199831728804,
    1.035325408715517,
    1.0211092899300784,
    1.00862976910771,
    0.9979649162935008,
    0.9890627577101089,
    0.9817809174075907,
    0.9759362430823831,
    0.9713424621497372,
    0.967828252430493
  ],