{
  "bias_mev": [
    -20.0,
    -19.666666666666668,
    -19.333333333333332,
    -19.0,
    -18.666666666666668,
    -18.333333333333332,
    -18.0,
    -17.666666666666668,
    -17.333333333333332,
    -17.0,
    -16.666666666666668,
    -16.333333333333332,
    -16.0,
    -15.666666666666668,
    -15.333333333333334,
    -15.0,
    -14.666666666666668,
    -14.333333333333334,
    -14.0,
    -13.666666666666668,
    -13.333333333333334,
    -13.0,
    -12.666666666666668,
    -12.333333333333334,
    -12.0,
    -11.666666666666668,
    -11.333333333333334,
    -11.0,
    -10.666666666666668,
    -10.333333333333334,
    -10.0,
    -9.666666666666668,
    -9.333333333333334,
    -9.0,
    -8.666666666666668,
    -8.333333333333334,
    -8.0,
    -7.666666666666668,
    -7.333333333333334,
    -7.0,
    -6.666666666666668,
    -6.333333333333334,
    -6.0,
    -5.666666666666668,
    -5.333333333333334,
    -5.0,
    -4.666666666666668,
    -4.333333333333334,
    -4.0,
    -3.666666666666668,
    -3.3333333333333357,
    -3.0,
    -2.666666666666668,
    -2.3333333333333357,
    -2.0,
    -1.6666666666666679,
    -1.3333333333333357,
    -1.0,
    -0.6666666666666679,
    -0.3333333333333357,
    0.0,
    0.33333333333333215,
    0.6666666666666643,
    1.0,
    1.3333333333333321,
    1.6666666666666643,
    2.0,
    2.333333333333332,
    2.6666666666666643,
    3.0,
    3.333333333333332,
    3.6666666666666643,
    4.0,
    4.333333333333332,
    4.666666666666664,
    5.0,
    5.333333333333332,
    5.666666666666664,
    6.0,
    6.333333333333332,
    6.666666666666664,
    7.0,
    7.333333333333332,
    7.666666666666664,
    8.0,
    8.333333333333332,
    8.666666666666664,
    9.0,
    9.333333333333332,
    9.666666666666664,
    10.0,
    10.333333333333332,
    10.666666666666664,
    11.0,
    11.333333333333332,
    11.666666666666664,
    12.0,
    12.333333333333329,
    12.666666666666664,
    13.0,
    13.333333333333329,
    13.666666666666664,
    14.0,
    14.333333333333329,
    14.666666666666664,
    15.0,
    15.333333333333329,
    15.666666666666664,
    16.0,
    16.33333333333333,
    16.666666666666664,
    17.0,
    17.33333333333333,
    17.666666666666664,
    18.0,
    18.33333333333333,
    18.666666666666664,
    19.0,
    19.33333333333333,
    19.666666666666664,
    20.0
  ],
  "conductance": [
    0.9740203429888374,
    0.9756699746301898,
    0.9788648400826995,
    0.9837113812241542,
    0.9902855283228706,
    0.9985623620585405,
    1.0083192627737603,
    1.019087675589339,
    1.0302556408671084,
    1.0412229914624977,
    1.05125079855701,
    1.058975145706632,
    1.0622986428496164,
    1.059286885679833,
    1.04943862712653,
    1.033996344022167,
    1.0150848484212434,
    0.9946158845427235,
    0.9737952933858709,
    0.9533275806169055,
    0.9337468071034742,
    0.9153577183014953,
    0.8979256311812642,
    0.8805672734320729,
    0.8620393297166327,
    0.8413182095964375,
    0.8182158985024326,
    0.7935730626640828,
    0.7687805777726424,
    0.745092398097194,
    0.7232637487199559,
    0.7035352807399404,
    0.6857396957232254,
    0.6694182770681043,
    0.6539953776616348,
    0.6390476386082047,
    0.624503433829359,
    0.6105772391675046,
    0.5975403637100907,
    0.5855622389936672,
    0.5746860913293496,
    0.5648701788763859,
    0.5560328700885316,
    0.5480816480415422,
    0.5409275370402338,
    0.5344907775919275,
    0.5287021731570897,
    0.5235025928430102,
    0.5188418372654066,
    0.5146773971432024,
    0.5109733110939039,
    0.5076991858790678,
    0.5048293835055667,
    0.5023423583313166,
    0.5002201220019964,
    0.49844781499720686,
    0.4970133666232364,
    0.4959072287437181,
    0.49512217175275763,
    0.49465313408921935,
    0.494497118972937,
    0.4946531340892195,
    0.4951221717527573,
    0.49590722874371823,
    0.4970133666232366,
    0.49844781499720664,
    0.5002201220019964,
    0.5023423583313168,
    0.5048293835055665,
    0.5076991858790678,
    0.5109733110939041,
    0.5146773971432022,
    0.5188418372654066,
    0.5235025928430104,
    0.5287021731570895,
    0.5344907775919274,
    0.540927537040234,
    0.5480816480415419,
    0.5560328700885315,
    0.5648701788763861,
    0.5746860913293494,
    0.5855622389936671,
    0.5975403637100907,
    0.6105772391675043,
    0.6245034338293589,
    0.6390476386082049,
    0.6539953776616345,
    0.6694182770681041,
    0.6857396957232256,
    0.70353528073994,
    0.7232637487199559,
    0.7450923980971942,
    0.7687805777726421,
    0.7935730626640827,
    0.8182158985024327,
    0.841318209596437,
    0.8620393297166328,
    0.880567273432073,
    0.8979256311812633,
    0.9153577183014958,
    0.9337468071034744,
    0.9533275806169045,
    0.9737952933858709,
    0.9946158845427235,
    1.0150848484212422,
    1.0339963440221673,
    1.0494386271265304,
    1.0592868856798323,
    1.0622986428496168,
    1.0589751457066332,
    1.0512507985570099,
    1.0412229914624977,
    1.0302556408671089,
    1.0190876755893385,
    1.0083192627737603,
    0.9985623620585412,
    0.9902855283228704,
    0.9837113812241542,
    0.9788648400827001,
    0.9756699746301898,
    0.9740203429888371
  ],