{
  "bias_mev": [
    -20.0,
    -19.666666666666668,
    -19.333333333333332,
    -19.0,
    -18.666666666666668,
    -18.333333333333332,
    -18.0,
    -17.666666666666668,
    -17.333333333333332,
    -17.0,
    -16.666666666666668,
    -16.333333333333332,
    -16.0,
    -15.666666666666668,
    -15.333333333333334,
    -15.0,
    -14.666666666666668,
    -14.333333333333334,
    -14.0,
    -13.666666666666668,
    -13.333333333333334,
    -13.0,
    -12.666666666666668,
    -12.333333333333334,
    -12.0,
    -11.666666666666668,
    -11.333333333333334,
    -11.0,
    -10.666666666666668,
    -10.333333333333334,
    -10.0,
    -9.666666666666668,
    -9.333333333333334,
    -9.0,
    -8.666666666666668,
    -8.333333333333334,
    -8.0,
    -7.666666666666668,
    -7.333333333333334,
    -7.0,
    -6.666666666666668,
    -6.333333333333334,
    -6.0,
    -5.666666666666668,
    -5.333333333333334,
    -5.0,
    -4.666666666666668,
    -4.333333333333334,
    -4.0,
    -3.666666666666668,
    -3.3333333333333357,
    -3.0,
    -2.666666666666668,
    -2.3333333333333357,
    -2.0,
    -1.6666666666666679,
    -1.3333333333333357,
    -1.0,
    -0.6666666666666679,
    -0.3333333333333357,
    0.0,
    0.33333333333333215,
    0.6666666666666643,
    1.0,
    1.3333333333333321,
    1.6666666666666643,
    2.0,
    2.333333333333332,
    2.6666666666666643,
    3.0,
    3.333333333333332,
    3.6666666666666643,
    4.0,
    4.333333333333332,
    4.666666666666664,
    5.0,
    5.333333333333332,
    5.666666666666664,
    6.0,
    6.333333333333332,
    6.666666666666664,
    7.0,
    7.333333333333332,
    7.666666666666664,
    8.0,
    8.333333333333332,
    8.666666666666664,
    9.0,
    9.333333333333332,
    9.666666666666664,
    10.0,
    10.333333333333332,
    10.666666666666664,
    11.0,
    11.333333333333332,
    11.666666666666664,
    12.0,
    12.333333333333329,
    12.666666666666664,
    13.0,
    13.333333333333329,
    13.666666666666664,
    14.0,
    14.333333333333329,
    14.666666666666664,
    15.0,
    15.333333333333329,
    15.666666666666664,
    16.0,
    16.33333333333333,
    16.666666666666664,
    17.0,
    17.33333333333333,
    17.666666666666664,
    18.0,
    18.33333333333333,
    18.666666666666664,
    19.0,
    19.33333333333333,
    19.666666666666664,
    20.0
  ],
  "conductance": [
    0.9833664500375497,
    0.9841403269492125,
    0.9859196148892471,
    0.9888077243398534,
    0.9928992377388882,
    0.9982434109728764,
    1.0047828785798627,
    1.012306530406028,
    1.0204968115987796,
    1.0290370144877015,
    1.0375306762810999,
    1.0451801933690965,
    1.0506882338582766,
    1.052803155592132,
    1.0510732221859576,
    1.0459927339066981,
    1.0385352592085444,
    1.0296008131732617,
    1.0197781186701766,
    1.0094756894508894,
    0.9990942014315344,
    0.9889488580046024,
    0.9790523152565236,
    0.9690183580905481,
    0.9581841400351351,
    0.9459055879446787,
    0.9319447897455347,
    0.9166597181367624,
    0.9007721185139759,
    0.884995394237839,
    0.8698341800300802,
    0.8555535282560481,
    0.8422009272940555,
    0.8296305242029981,
    0.8175722790643112,
    0.8057923713306917,
    0.7942412495712801,
    0.7830370663627311,
    0.7723418630281799,
    0.7622741469520932,
    0.7528909113853323,
    0.7442027128119143,
    0.7361927854917979,
    0.7288308652006492,
    0.722081473080826,
    0.7159084299052558,
    0.7102771444270808,
    0.7051556675652509,
    0.7005150870900388,
    0.6963295821555828,
    0.6925763118229791,
    0.6892352313930526,
    0.6862888863609545,
    0.6837222097799314,
    0.6815223357578968,
    0.6796784347751327,
    0.678181572805091,
    0.6770245943574595,
    0.6762020287212029,
    0.6757100184076636,
    0.6755462688244984,
    0.6757100184076645,
    0.6762020287212019,
    0.6770245943574597,
    0.6781815728050916,
    0.6796784347751317,
    0.6815223357578967,
    0.6837222097799321,
    0.6862888863609536,
    0.6892352313930528,
    0.69257631182298,
    0.6963295821555818,
    0.7005150870900384,
    0.7051556675652518,
    0.7102771444270802,
    0.7159084299052554,
    0.722081473080827,
    0.7288308652006488,
    0.7361927854917975,
    0.7442027128119154,
    0.7528909113853316,
    0.7622741469520927,
    0.772341863028181,
    0.7830370663627307,
    0.7942412495712796,
    0.8057923713306927,
    0.8175722790643103,
    0.8296305242029978,
    0.8422009272940565,
    0.8555535282560475,
    0.8698341800300796,
    0.8849953942378401,
    0.9007721185139751,
    0.9166597181367623,
    0.9319447897455359,
    0.9459055879446778,
    0.9581841400351354,
    0.969018358090549,
    0.9790523152565215,
    0.9889488580046031,
    0.9990942014315356,
    1.0094756894508874,
    1.0197781186701773,
    1.0296008131732628,
    1.0385352592085422,
    1.0459927339066986,
    1.0510732221859589,
    1.05280315559213,
    1.0506882338582766,
    1.045180193369098,
    1.0375306762810987,
    1.0290370144877015,
    1.0204968115987807,
    1.0123065304060266,
    1.0047828785798627,
    0.9982434109728777,
    0.992899237738887,
    0.9888077243398534,
    0.9859196148892484,
    0.9841403269492116,
    0.9833664500375493
  ],