{
  "bias_mev": [
    -20.0,
    -19.666666666666668,
    -19.333333333333332,
    -19.0,
    -18.666666666666668,
    -18.333333333333332,
    -18.0,
    -17.666666666666668,
    -17.333333333333332,
    -17.0,
    -16.666666666666668,
    -16.333333333333332,
    -16.0,
    -15.666666666666668,
    -15.333333333333334,
    -15.0,
    -14.666666666666668,
    -14.333333333333334,
    -14.0,
    -13.666666666666668,
    -13.333333333333334,
    -13.0,
    -12.666666666666668,
    -12.333333333333334,
    -12.0,
    -11.666666666666668,
    -11.333333333333334,
    -11.0,
    -10.666666666666668,
    -10.333333333333334,
    -10.0,
    -9.666666666666668,
    -9.333333333333334,
    -9.0,
    -8.666666666666668,
    -8.333333333333334,
    -8.0,
    -7.666666666666668,
    -7.333333333333334,
    -7.0,
    -6.666666666666668,
    -6.333333333333334,
    -6.0,
    -5.666666666666668,
    -5.333333333333334,
    -5.0,
    -4.666666666666668,
    -4.333333333333334,
    -4.0,
    -3.666666666666668,
    -3.3333333333333357,
    -3.0,
    -2.666666666666668,
    -2.3333333333333357,
    -2.0,
    -1.6666666666666679,
    -1.3333333333333357,
    -1.0,
    -0.6666666666666679,
    -0.3333333333333357,
    0.0,
    0.33333333333333215,
    0.6666666666666643,
    1.0,
    1.3333333333333321,
    1.6666666666666643,
    2.0,
    2.333333333333332,
    2.6666666666666643,
    3.0,
    3.333333333333332,
    3.6666666666666643,
    4.0,
    4.333333333333332,
    4.666666666666664,
    5.0,
    5.333333333333332,
    5.666666666666664,
    6.0,
    6.333333333333332,
    6.666666666666664,
    7.0,
    7.333333333333332,
    7.666666666666664,
    8.0,
    8.333333333333332,
    8.666666666666664,
    9.0,
    9.333333333333332,
    9.666666666666664,
    10.0,
    10.333333333333332,
    10.666666666666664,
    11.0,
    11.333333333333332,
    11.666666666666664,
    12.0,
    12.333333333333329,
    12.666666666666664,
    13.0,
    13.333333333333329,
    13.666666666666664,
    14.0,
    14.333333333333329,
    14.666666666666664,
    15.0,
    15.333333333333329,
    15.666666666666664,
    16.0,
    16.33333333333333,
    16.666666666666664,
    17.0,
    17.33333333333333,
    17.666666666666664,
    18.0,
    18.33333333333333,
    18.666666666666664,
    19.0,
    19.33333333333333,
    19.666666666666664,
    20.0
  ],
  "conductance": [
    0.9667846873786043,
    0.97116942577609,
    0.976709408461288,
    0.9834740299590101,
    0.9914890556967583,
    1.0007074795880568,
    1.0109687861055574,
    1.0219485080488886,
    1.0331052847005282,
    1.0436433342852165,
    1.0525260385189883,
    1.0585878945974938,
    1.0607631027316007,
    1.0583657248131861,
    1.0512823643854252,
    1.0399674773829255,
    1.0252554178556923,
    1.008105398754064,
    0.9893956550504184,
    0.969812128300699,
    0.9498116568335364,
    0.9296233368102815,
    0.9092737994326459,
    0.8886446441991325,
    0.8675673645447581,
    0.8459364769996347,
    0.8237980503523061,
    0.8013721235802133,
    0.7790002064476227,
    0.7570503524777191,
    0.7358281291808101,
    0.7155252272441384,
    0.6962116111400719,
    0.677862353307355,
    0.6604060711683695,
    0.6437783960570743,
    0.6279599949121937,
    0.6129837948021588,
    0.5989134088371251,
    0.5858108144902452,
    0.5737121233613984,
    0.5626189945042911,
    0.552502533922217,
    0.5433128497685327,
    0.5349889421594177,
    0.5274664144603217,
    0.5206825177583766,
    0.5145789783111546,
    0.509103287235659,
    0.5042090462342279,
    0.499855794468302,
    0.4960085880334694,
    0.4926374914766783,
    0.4897170680293004,
    0.4872259114296345,
    0.48514623743692387,
    0.48346354001020253,
    0.4821663107666671,
    0.4812458177490552,
    0.4806959389646955,
    0.4805130466234695,
    0.4806959389646955,
    0.48124581774905517,
    0.482166310766667,
    0.4834635400102025,
    0.48514623743692387,
    0.4872259114296344,
    0.4897170680293004,
    0.4926374914766781,
    0.4960085880334694,
    0.499855794468302,
    0.5042090462342279,
    0.509103287235659,
    0.5145789783111544,
    0.5206825177583765,
    0.5274664144603217,
    0.5349889421594176,
    0.5433128497685327,
    0.552502533922217,
    0.562618994504291,
    0.5737121233613983,
    0.5858108144902452,
    0.5989134088371251,
    0.6129837948021587,
    0.6279599949121936,
    0.6437783960570741,
    0.6604060711683694,
    0.677862353307355,
    0.6962116111400719,
    0.715525227244138,
    0.73582812918081,
    0.7570503524777189,
    0.7790002064476225,
    0.8013721235802133,
    0.8237980503523058,
    0.8459364769996344,
    0.867567364544758,
    0.8886446441991321,
    0.9092737994326456,
    0.9296233368102811,
    0.949811656833536,
    0.9698121283006987,
    0.9893956550504183,
    1.0081053987540636,
    1.025255417855692,
    1.0399674773829255,
    1.051282364385425,
    1.0583657248131861,
    1.0607631027316005,
    1.0585878945974938,
    1.0525260385189883,
    1.0436433342852165,
    1.0331052847005284,
    1.0219485080488888,
    1.0109687861055572,
    1.0007074795880568,
    0.9914890556967583,
    0.9834740299590101,
    0.976709408461288,
    0.97116942577609,
    0.9667846873786043
  ],