{
  "bias_mev": [
    -20.0,
    -19.666666666666668,
    -19.333333333333332,
    -19.0,
    -18.666666666666668,
    -18.333333333333332,
    -18.0,
    -17.666666666666668,
    -17.333333333333332,
    -17.0,
    -16.666666666666668,
    -16.333333333333332,
    -16.0,
    -15.666666666666668,
    -15.333333333333334,
    -15.0,
    -14.666666666666668,
    -14.333333333333334,
    -14.0,
    -13.666666666666668,
    -13.333333333333334,
    -13.0,
    -12.666666666666668,
    -12.333333333333334,
    -12.0,
    -11.666666666666668,
    -11.333333333333334,
    -11.0,
    -10.666666666666668,
    -10.333333333333334,
    -10.0,
    -9.666666666666668,
    -9.333333333333334,
    -9.0,
    -8.666666666666668,
    -8.333333333333334,
    -8.0,
    -7.666666666666668,
    -7.333333333333334,
    -7.0,
    -6.666666666666668,
    -6.333333333333334,
    -6.0,
    -5.666666666666668,
    -5.333333333333334,
    -5.0,
    -4.666666666666668,
    -4.333333333333334,
    -4.0,
    -3.666666666666668,
    -3.3333333333333357,
    -3.0,
    -2.666666666666668,
    -2.3333333333333357,
    -2.0,
    -1.6666666666666679,
    -1.3333333333333357,
    -1.0,
    -0.6666666666666679,
    -0.3333333333333357,
    0.0,
    0.33333333333333215,
    0.6666666666666643,
    1.0,
    1.3333333333333321,
    1.6666666666666643,
    2.0,
    2.333333333333332,
    2.6666666666666643,
    3.0,
    3.333333333333332,
    3.6666666666666643,
    4.0,
    4.333333333333332,
    4.666666666666664,
    5.0,
    5.333333333333332,
    5.666666666666664,
    6.0,
    6.333333333333332,
    6.666666666666664,
    7.0,
    7.333333333333332,
    7.666666666666664,
    8.0,
    8.333333333333332,
    8.666666666666664,
    9.0,
    9.333333333333332,
    9.666666666666664,
    10.0,
    10.333333333333332,
    10.666666666666664,
    11.0,
    11.333333333333332,
    11.666666666666664,
    12.0,
    12.333333333333329,
    12.666666666666664,
    13.0,
    13.333333333333329,
    13.666666666666664,
    14.0,
    14.333333333333329,
    14.666666666666664,
    15.0,
    15.333333333333329,
    15.666666666666664,
    16.0,
    16.33333333333333,
    16.666666666666664,
    17.0,
    17.33333333333333,
    17.666666666666664,
    18.0,
    18.33333333333333,
    18.666666666666664,
    19.0,
    19.33333333333333,
    19.666666666666664,
    20.0
  ],
  "conductance": [
    0.9785556924593746,
    0.9813615333930569,
    0.9847324341539309,
    0.9887772753491026,
    0.9936211728283254,
    0.9993867136151378,
    1.006139389066952,
    1.0138149621623185,
    1.0222493462888227,
    1.0313614806829807,
    1.041166036468392,
    1.0514274476472936,
    1.0613947950385287,
    1.0701523811046292,
    1.0772528172198015,
    1.082841491301076,
    1.0873603033315467,
    1.091180215750033,
    1.0944469755977995,
    1.0972610374455734,
    1.0998725614629776,
    1.102576251018392,
    1.1054615188261918,
    1.1082843334552421,
    1.1105333976370035,
    1.1116035942204752,
    1.1111400495711679,
    1.1092828093292577,
    1.1064736335311713,
    1.1031673208493573,
    1.0997160574017526,
    1.0963619290046374,
    1.0932271470631467,
    1.0902610444960488,
    1.087219329918846,
    1.0838253407600258,
    1.0799987907061086,
    1.0758549661095786,
    1.071562398927321,
    1.0672576648327665,
    1.063032098007917,
    1.0589429430310622,
    1.0550254430383073,
    1.0513011464804614,
    1.047783045283384,
    1.0444787061619734,
    1.0413922083327327,
    1.038525371876681,
    1.0358785560153934,
    1.033451189782278,
    1.031242131799463,
    1.0292499182651003,
    1.0274729362286759,
    1.025909545983379,
    1.0245581682250504,
    1.0234173464501104,
    1.022485791710012,
    1.0217624146155557,
    1.0212463479751936,
    1.0209369624011133,
    1.0208338764625455,
    1.0209369624011146,
    1.0212463479751923,
    1.0217624146155557,
    1.0224857917100136,
    1.0234173464501093,
    1.0245581682250506,
    1.02590954598338,
    1.0274729362286745,
    1.0292499182651,
    1.031242131799464,
    1.033451189782277,
    1.035878556015393,
    1.0385253718766827,
    1.041392208332732,
    1.0444787061619727,
    1.0477830452833858,
    1.0513011464804602,
    1.0550254430383064,
    1.0589429430310637,
    1.0630320980079166,
    1.067257664832766,
    1.0715623989273224,
    1.0758549661095778,
    1.0799987907061082,
    1.0838253407600271,
    1.0872193299188448,
    1.090261044496048,
    1.0932271470631483,
    1.096361929004637,
    1.0997160574017517,
    1.1031673208493589,
    1.1064736335311702,
    1.109282809329257,
    1.111140049571169,
    1.111603594220474,
    1.1105333976370038,
    1.1082843334552437,
    1.1054615188261896,
    1.1025762510183927,
    1.099872561462979,
    1.0972610374455714,
    1.0944469755978,
    1.0911802157500343,
    1.0873603033315447,
    1.0828414913010764,
    1.077252817219803,
    1.0701523811046276,
    1.0613947950385287,
    1.0514274476472951,
    1.0411660364683906,
    1.0313614806829807,
    1.022249346288824,
    1.0138149621623174,
    1.006139389066952,
    0.9993867136151393,
    0.9936211728283242,
    0.9887772753491024,
    0.9847324341539321,
    0.981361533393056,
    0.9785556924593738
  ],