{
  "bias_mev": [
    -20.0,
    -19.666666666666668,
    -19.333333333333332,
    -19.0,
    -18.666666666666668,
    -18.333333333333332,
    -18.0,
    -17.666666666666668,
    -17.333333333333332,
    -17.0,
    -16.666666666666668,
    -16.333333333333332,
    -16.0,
    -15.666666666666668,
    -15.333333333333334,
    -15.0,
    -14.666666666666668,
    -14.333333333333334,
    -14.0,
    -13.666666666666668,
    -13.333333333333334,
    -13.0,
    -12.666666666666668,
    -12.333333333333334,
    -12.0,
    -11.666666666666668,
    -11.333333333333334,
    -11.0,
    -10.666666666666668,
    -10.333333333333334,
    -10.0,
    -9.666666666666668,
    -9.333333333333334,
    -9.0,
    -8.666666666666668,
    -8.333333333333334,
    -8.0,
    -7.666666666666668,
    -7.333333333333334,
    -7.0,
    -6.666666666666668,
    -6.333333333333334,
    -6.0,
    -5.666666666666668,
    -5.333333333333334,
    -5.0,
    -4.666666666666668,
    -4.333333333333334,
    -4.0,
    -3.666666666666668,
    -3.3333333333333357,
    -3.0,
    -2.666666666666668,
    -2.3333333333333357,
    -2.0,
    -1.6666666666666679,
    -1.3333333333333357,
    -1.0,
    -0.6666666666666679,
    -0.3333333333333357,
    0.0,
    0.33333333333333215,
    0.6666666666666643,
    1.0,
    1.3333333333333321,
    1.6666666666666643,
    2.0,
    2.333333333333332,
    2.6666666666666643,
    3.0,
    3.333333333333332,
    3.6666666666666643,
    4.0,
    4.333333333333332,
    4.666666666666664,
    5.0,
    5.333333333333332,
    5.666666666666664,
    6.0,
    6.333333333333332,
    6.666666666666664,
    7.0,
    7.333333333333332,
    7.666666666666664,
    8.0,
    8.333333333333332,
    8.666666666666664,
    9.0,
    9.333333333333332,
    9.666666666666664,
    10.0,
    10.333333333333332,
    10.666666666666664,
    11.0,
    11.333333333333332,
    11.666666666666664,
    12.0,
    12.333333333333329,
    12.666666666666664,
    13.0,
    13.333333333333329,
    13.666666666666664,
    14.0,
    14.333333333333329,
    14.666666666666664,
    15.0,
    15.333333333333329,
    15.666666666666664,
    16.0,
    16.33333333333333,
    16.666666666666664,
    17.0,
    17.33333333333333,
    17.666666666666664,
    18.0,
    18.33333333333333,
    18.666666666666664,
    19.0,
    19.33333333333333,
    19.666666666666664,
    20.0
  ],
  "conductance": [
    0.9848011968002424,
    0.9860260845729717,
    0.9879425375709584,
    0.9906424772650783,
    0.9942110157528988,
    0.9987102650300058,
    1.0041572928809825,
    1.0105053619195512,
    1.0176378527679837,
    1.0253659154393255,
    1.0334021212926168,
    1.0413121197678115,
    1.048514916591642,
    1.0544043507714287,
    1.0585489609191894,
    1.0608256780661458,
    1.0613968197921917,
    1.0605782611408194,
    1.0587112077996035,
    1.056102262251203,
    1.0530087908413768,
    1.0496132204313688,
    1.0459736921893632,
    1.041991440798967,
    1.037438782349556,
    1.0320559408070824,
    1.0256798591976108,
    1.0183337650758213,
    1.0102221819698507,
    1.0016473341772754,
    0.9929107953348578,
    0.9842455797407296,
    0.9757853884497938,
    0.9675637223782033,
    0.9595408191589945,
    0.9516541677031629,
    0.9438702517634332,
    0.9362076954319107,
    0.9287250934072494,
    0.9214935302009553,
    0.9145749775759343,
    0.9080132474499836,
    0.9018340080100915,
    0.8960486526321984,
    0.8906587336274492,
    0.8856596271547241,
    0.8810431703164809,
    0.876799422314936,
    0.8729177881632738,
    0.8693877128241744,
    0.8661990978030409,
    0.8633425428685831,
    0.8608094794900027,
    0.8585922382968862,
    0.8566840771856015,
    0.8550791867728559,
    0.853772683672638,
    0.852760598175113,
    0.8520398604584875,
    0.8516082879176843,
    0.8514645752036081,
    0.851608287917684,
    0.8520398604584875,
    0.8527605981751128,
    0.853772683672638,
    0.8550791867728559,
    0.8566840771856015,
    0.8585922382968861,
    0.8608094794900029,
    0.8633425428685833,
    0.866199097803041,
    0.8693877128241745,
    0.8729177881632735,
    0.8767994223149358,
    0.8810431703164809,
    0.8856596271547239,
    0.8906587336274492,
    0.8960486526321982,
    0.9018340080100915,
    0.9080132474499835,
    0.9145749775759341,
    0.9214935302009555,
    0.928725093407249,
    0.9362076954319105,
    0.9438702517634331,
    0.9516541677031628,
    0.9595408191589945,
    0.9675637223782033,
    0.9757853884497936,
    0.9842455797407295,
    0.9929107953348578,
    1.0016473341772751,
    1.0102221819698507,
    1.018333765075821,
    1.0256798591976108,
    1.0320559408070824,
    1.0374387823495559,
    1.0419914407989666,
    1.0459736921893628,
    1.0496132204313688,
    1.0530087908413766,
    1.0561022622512029,
    1.0587112077996035,
    1.0605782611408194,
    1.0613968197921915,
    1.0608256780661458,
    1.0585489609191898,
    1.0544043507714285,
    1.048514916591642,
    1.041312119767812,
    1.033402121292617,
    1.0253659154393255,
    1.0176378527679837,
    1.0105053619195514,
    1.0041572928809828,
    0.9987102650300062,
    0.9942110157528989,
    0.9906424772650785,
    0.9879425375709586,
    0.9860260845729717,
    0.984801196800242
  ],