{
  "bias_mev": [
    -20.0,
    -19.666666666666668,
    -19.333333333333332,
    -19.0,
    -18.666666666666668,
    -18.333333333333332,
    -18.0,
    -17.666666666666668,
    -17.333333333333332,
    -17.0,
    -16.666666666666668,
    -16.333333333333332,
    -16.0,
    -15.666666666666668,
    -15.333333333333334,
    -15.0,
    -14.666666666666668,
    -14.333333333333334,
    -14.0,
    -13.666666666666668,
    -13.333333333333334,
    -13.0,
    -12.666666666666668,
    -12.333333333333334,
    -12.0,
    -11.666666666666668,
    -11.333333333333334,
    -11.0,
    -10.666666666666668,
    -10.333333333333334,
    -10.0,
    -9.666666666666668,
    -9.333333333333334,
    -9.0,
    -8.666666666666668,
    -8.333333333333334,
    -8.0,
    -7.666666666666668,
    -7.333333333333334,
    -7.0,
    -6.666666666666668,
    -6.333333333333334,
    -6.0,
    -5.666666666666668,
    -5.333333333333334,
    -5.0,
    -4.666666666666668,
    -4.333333333333334,
    -4.0,
    -3.666666666666668,
    -3.3333333333333357,
    -3.0,
    -2.666666666666668,
    -2.3333333333333357,
    -2.0,
    -1.6666666666666679,
    -1.3333333333333357,
    -1.0,
    -0.6666666666666679,
    -0.3333333333333357,
    0.0,
    0.33333333333333215,
    0.6666666666666643,
    1.0,
    1.3333333333333321,
    1.6666666666666643,
    2.0,
    2.333333333333332,
    2.6666666666666643,
    3.0,
    3.333333333333332,
    3.6666666666666643,
    4.0,
    4.333333333333332,
    4.666666666666664,
    5.0,
    5.333333333333332,
    5.666666666666664,
    6.0,
    6.333333333333332,
    6.666666666666664,
    7.0,
    7.333333333333332,
    7.666666666666664,
    8.0,
    8.333333333333332,
    8.666666666666664,
    9.0,
    9.333333333333332,
    9.666666666666664,
    10.0,
    10.333333333333332,
    10.666666666666664,
    11.0,
    11.333333333333332,
    11.666666666666664,
    12.0,
    12.333333333333329,
    12.666666666666664,
    13.0,
    13.333333333333329,
    13.666666666666664,
    14.0,
    14.333333333333329,
    14.666666666666664,
    15.0,
    15.333333333333329,
    15.666666666666664,
    16.0,
    16.33333333333333,
    16.666666666666664,
    17.0,
    17.33333333333333,
    17.666666666666664,
    18.0,
    18.33333333333333,
    18.666666666666664,
    19.0,
    19.33333333333333,
    19.666666666666664,
    20.0
  ],
  "conductance": [
    0.9691338388184826,
    0.9725356329650782,
    0.9771909467610802,
    0.9831886710418144,
    0.9905876095699754,
    0.9993935242306687,
    1.0095251214274557,
    1.0207750329936114,
    1.0327676410022673,
    1.044901981189565,
    1.0562786834081233,
    1.0656823323093425,
    1.0717560803144535,
    1.0734045792907556,
    1.0702120471522392,
    1.0625681928151762,
    1.0514248525824763,
    1.0378933728007789,
    1.0229393345825883,
    1.0072661190473997,
    0.9913074619696304,
    0.9752216993809357,
    0.9588776963969334,
    0.9419025314299863,
    0.9238370619964578,
    0.9043601931959651,
    0.8834763789319126,
    0.8615601985924392,
    0.8392343046872489,
    0.8171650781623399,
    0.7958854941437223,
    0.7756942260486765,
    0.7566283933396456,
    0.738507099982509,
    0.7210498360058081,
    0.7040374541115862,
    0.6874293733855992,
    0.6713647419693913,
    0.6560676840898165,
    0.6417411275316371,
    0.6285092490813011,
    0.6164116962999912,
    0.6054247514848713,
    0.5954873910533872,
    0.5865219282440727,
    0.578447241375381,
    0.5711860249899774,
    0.5646681270010107,
    0.5588316311016608,
    0.5536227744913189,
    0.5489953404803231,
    0.5449098714777352,
    0.5413328746671332,
    0.5382360975409795,
    0.5355959012621667,
    0.5333927360682015,
    0.5316107126378917,
    0.5302372598516941,
    0.5292628591540126,
    0.5286808469539691,
    0.5284872782924677,
    0.5286808469539691,
    0.5292628591540125,
    0.5302372598516942,
    0.5316107126378917,
    0.5333927360682015,
    0.5355959012621667,
    0.5382360975409795,
    0.5413328746671331,
    0.5449098714777352,
    0.548995340480323,
    0.5536227744913189,
    0.5588316311016607,
    0.5646681270010107,
    0.5711860249899772,
    0.578447241375381,
    0.5865219282440726,
    0.5954873910533871,
    0.6054247514848712,
    0.6164116962999909,
    0.628509249081301,
    0.641741127531637,
    0.6560676840898164,
    0.6713647419693911,
    0.6874293733855992,
    0.7040374541115861,
    0.7210498360058079,
    0.7385070999825089,
    0.7566283933396455,
    0.7756942260486763,
    0.7958854941437222,
    0.8171650781623399,
    0.8392343046872486,
    0.861560198592439,
    0.8834763789319124,
    0.9043601931959647,
    0.9238370619964578,
    0.9419025314299863,
    0.9588776963969332,
    0.9752216993809355,
    0.9913074619696302,
    1.0072661190473995,
    1.0229393345825883,
    1.0378933728007786,
    1.0514248525824763,
    1.0625681928151762,
    1.070212047152239,
    1.0734045792907556,
    1.0717560803144532,
    1.065682332309343,
    1.0562786834081233,
    1.044901981189565,
    1.0327676410022673,
    1.0207750329936114,
    1.0095251214274557,
    0.9993935242306689,
    0.9905876095699754,
    0.9831886710418147,
    0.9771909467610804,
    0.9725356329650784,
    0.9691338388184825
  ],