{
  "bias_mev": [
    -20.0,
    -19.666666666666668,
    -19.333333333333332,
    -19.0,
    -18.666666666666668,
    -18.333333333333332,
    -18.0,
    -17.666666666666668,
    -17.333333333333332,
    -17.0,
    -16.666666666666668,
    -16.333333333333332,
    -16.0,
    -15.666666666666668,
    -15.333333333333334,
    -15.0,
    -14.666666666666668,
    -14.333333333333334,
    -14.0,
    -13.666666666666668,
    -13.333333333333334,
    -13.0,
    -12.666666666666668,
    -12.333333333333334,
    -12.0,
    -11.666666666666668,
    -11.333333333333334,
    -11.0,
    -10.666666666666668,
    -10.333333333333334,
    -10.0,
    -9.666666666666668,
    -9.333333333333334,
    -9.0,
    -8.666666666666668,
    -8.333333333333334,
    -8.0,
    -7.666666666666668,
    -7.333333333333334,
    -7.0,
    -6.666666666666668,
    -6.333333333333334,
    -6.0,
    -5.666666666666668,
    -5.333333333333334,
    -5.0,
    -4.666666666666668,
    -4.333333333333334,
    -4.0,
    -3.666666666666668,
    -3.3333333333333357,
    -3.0,
    -2.666666666666668,
    -2.3333333333333357,
    -2.0,
    -1.6666666666666679,
    -1.3333333333333357,
    -1.0,
    -0.6666666666666679,
    -0.3333333333333357,
    0.0,
    0.33333333333333215,
    0.6666666666666643,
    1.0,
    1.3333333333333321,
    1.6666666666666643,
    2.0,
    2.333333333333332,
    2.6666666666666643,
    3.0,
    3.333333333333332,
    3.6666666666666643,
    4.0,
    4.333333333333332,
    4.666666666666664,
    5.0,
    5.333333333333332,
    5.666666666666664,
    6.0,
    6.333333333333332,
    6.666666666666664,
    7.0,
    7.333333333333332,
    7.666666666666664,
    8.0,
    8.333333333333332,
    8.666666666666664,
    9.0,
    9.333333333333332,
    9.666666666666664,
    10.0,
    10.333333333333332,
    10.666666666666664,
    11.0,
    11.333333333333332,
    11.666666666666664,
    12.0,
    12.333333333333329,
    12.666666666666664,
    13.0,
    13.333333333333329,
    13.666666666666664,
    14.0,
    14.333333333333329,
    14.666666666666664,
    15.0,
    15.333333333333329,
    15.666666666666664,
    16.0,
    16.33333333333333,
    16.666666666666664,
    17.0,
    17.33333333333333,
    17.666666666666664,
    18.0,
    18.33333333333333,
    18.666666666666664,
    19.0,
    19.33333333333333,
    19.666666666666664,
    20.0
  ],
  "conductance": [
    0.9737044544625806,
    0.9768010652116119,
    0.980756102251588,
    0.9856885073434868,
    0.9917209325848854,
    0.9989630705844874,
    1.0074764079494858,
    1.0172273152360247,
    1.028049489549406,
    1.0396126548264424,
    1.05134443465412,
    1.0623365306180634,
    1.0714615759528276,
    1.0778029415632324,
    1.0810578068019625,
    1.0815470618275635,
    1.079907128631298,
    1.0767602294481935,
    1.0725677568470984,
    1.0676744579160797,
    1.0623778213658377,
    1.0568834431696315,
    1.0511917744867976,
    1.0450514684454542,
    1.0380388395402136,
    1.0297306804585808,
    1.019914660454466,
    1.0087206326109148,
    0.9965592778378112,
    0.9839393644502886,
    0.9713167002365402,
    0.9590200942983558,
    0.9472124503740128,
    0.9358637299203469,
    0.924775160410506,
    0.9137031202478627,
    0.9025282752608724,
    0.8913247648246055,
    0.8802866577198447,
    0.8696160790831239,
    0.8594612850274479,
    0.8499076767412695,
    0.8409921934129071,
    0.8327206995514798,
    0.8250812936257446,
    0.818052949757977,
    0.8116107030753482,
    0.8057286226253317,
    0.800381455051913,
    0.7955454931809862,
    0.7911990001059526,
    0.787322382172459,
    0.783898223376533,
    0.7809112466401733,
    0.7783482400909953,
    0.7761979705263955,
    0.774451096896659,
    0.773100091148399,
    0.7721391705462263,
    0.7715642437146872,
    0.771372871569983,
    0.7715642437146875,
    0.7721391705462259,
    0.7731000911483988,
    0.7744510968966591,
    0.776197970526395,
    0.7783482400909955,
    0.7809112466401736,
    0.7838982233765328,
    0.7873223821724589,
    0.7911990001059529,
    0.7955454931809858,
    0.8003814550519129,
    0.8057286226253321,
    0.8116107030753478,
    0.818052949757977,
    0.8250812936257449,
    0.8327206995514795,
    0.840992193412907,
    0.84990767674127,
    0.8594612850274476,
    0.8696160790831237,
    0.8802866577198452,
    0.8913247648246053,
    0.9025282752608722,
    0.913703120247863,
    0.9247751604105058,
    0.9358637299203468,
    0.9472124503740131,
    0.9590200942983552,
    0.9713167002365398,
    0.983939364450289,
    0.9965592778378108,
    1.0087206326109146,
    1.0199146604544662,
    1.0297306804585804,
    1.0380388395402138,
    1.0450514684454544,
    1.0511917744867971,
    1.0568834431696317,
    1.0623778213658384,
    1.067674457916079,
    1.0725677568470988,
    1.076760229448194,
    1.0799071286312973,
    1.0815470618275638,
    1.0810578068019634,
    1.0778029415632318,
    1.0714615759528276,
    1.0623365306180643,
    1.0513444346541199,
    1.0396126548264426,
    1.0280494895494066,
    1.0172273152360243,
    1.007476407949486,
    0.9989630705844881,
    0.9917209325848849,
    0.9856885073434868,
    0.9807561022515888,
    0.9768010652116116,
    0.9737044544625802
  ],