{
  "bias_mev": [
    -20.0,
    -19.666666666666668,
    -19.333333333333332,
    -19.0,
    -18.666666666666668,
    -18.333333333333332,
    -18.0,
    -17.666666666666668,
    -17.333333333333332,
    -17.0,
    -16.666666666666668,
    -16.333333333333332,
    -16.0,
    -15.666666666666668,
    -15.333333333333334,
    -15.0,
    -14.666666666666668,
    -14.333333333333334,
    -14.0,
    -13.666666666666668,
    -13.333333333333334,
    -13.0,
    -12.666666666666668,
    -12.333333333333334,
    -12.0,
    -11.666666666666668,
    -11.333333333333334,
    -11.0,
    -10.666666666666668,
    -10.333333333333334,
    -10.0,
    -9.666666666666668,
    -9.333333333333334,
    -9.0,
    -8.666666666666668,
    -8.333333333333334,
    -8.0,
    -7.666666666666668,
    -7.333333333333334,
    -7.0,
    -6.666666666666668,
    -6.333333333333334,
    -6.0,
    -5.666666666666668,
    -5.333333333333334,
    -5.0,
    -4.666666666666668,
    -4.333333333333334,
    -4.0,
    -3.666666666666668,
    -3.3333333333333357,
    -3.0,
    -2.666666666666668,
    -2.3333333333333357,
    -2.0,
    -1.6666666666666679,
    -1.3333333333333357,
    -1.0,
    -0.6666666666666679,
    -0.3333333333333357,
    0.0,
    0.33333333333333215,
    0.6666666666666643,
    1.0,
    1.3333333333333321,
    1.6666666666666643,
    2.0,
    2.333333333333332,
    2.6666666666666643,
    3.0,
    3.333333333333332,
    3.6666666666666643,
    4.0,
    4.333333333333332,
    4.666666666666664,
    5.0,
    5.333333333333332,
    5.666666666666664,
    6.0,
    6.333333333333332,
    6.666666666666664,
    7.0,
    7.333333333333332,
    7.666666666666664,
    8.0,
    8.333333333333332,
    8.666666666666664,
    9.0,
    9.333333333333332,
    9.666666666666664,
    10.0,
    10.333333333333332,
    10.666666666666664,
    11.0,
    11.333333333333332,
    11.666666666666664,
    12.0,
    12.333333333333329,
    12.666666666666664,
    13.0,
    13.333333333333329,
    13.666666666666664,
    14.0,
    14.333333333333329,
    14.666666666666664,
    15.0,
    15.333333333333329,
    15.666666666666664,
    16.0,
    16.33333333333333,
    16.666666666666664,
    17.0,
    17.33333333333333,
    17.666666666666664,
    18.0,
    18.33333333333333,
    18.666666666666664,
    19.0,
    19.33333333333333,
    19.666666666666664,
    20.0
  ],
  "conductance": [
    0.9823226908408165,
    0.98457289435676,
    0.9873179689618465,
    0.9906414464031693,
    0.9946336255348769,
    0.9993822436805508,
    1.0049511711648387,
    1.0113502401136634,
    1.0185156797167563,
    1.0263120392267229,
    1.034511693169793,
    1.0427262812270905,
    1.050411965624972,
    1.057059661136287,
    1.062417954672555,
    1.0665339481776501,
    1.0696263900370637,
    1.0719283896243326,
    1.073614408704837,
    1.0748315220726394,
    1.075742055744203,
    1.0764944219652626,
    1.0771499599822838,
    1.077638112122511,
    1.077766668934859,
    1.0772799155552057,
    1.075973055144667,
    1.073808803934928,
    1.0709249578809732,
    1.0675446147027834,
    1.063888449206357,
    1.0601317869752545,
    1.0563893591808982,
    1.0527059451901097,
    1.0490546138844397,
    1.0453648552378154,
    1.041581386073238,
    1.0377052140921188,
    1.0337846478817525,
    1.029883316223503,
    1.0260579489669557,
    1.022351360537434,
    1.01879339227568,
    1.0154040058238867,
    1.012196189142713,
    1.0091781443014733,
    1.006354818920513,
    1.0037289553511073,
    1.0013018090325225,
    0.9990736442463746,
    0.9970440799788506,
    0.9952123339294532,
    0.9935773964513904,
    0.9921381556481846,
    0.9908934879700757,
    0.9898423241232921,
    0.9889836970797149,
    0.9883167769200318,
    0.9878408958218334,
    0.987555565497854,
    0.9874604886561599,
    0.9875555654978552,
    0.9878408958218322,
    0.9883167769200317,
    0.988983697079716,
    0.9898423241232909,
    0.9908934879700757,
    0.9921381556481861,
    0.9935773964513895,
    0.9952123339294532,
    0.9970440799788519,
    0.9990736442463736,
    1.0013018090325225,
    1.0037289553511088,
    1.0063548189205123,
    1.009178144301473,
    1.012196189142714,
    1.015404005823886,
    1.0187933922756796,
    1.022351360537435,
    1.0260579489669555,
    1.0298833162235026,
    1.0337846478817538,
    1.0377052140921184,
    1.0415813860732372,
    1.045364855237817,
    1.049054613884439,
    1.0527059451901095,
    1.0563893591808995,
    1.060131786975254,
    1.0638884492063563,
    1.0675446147027845,
    1.0709249578809727,
    1.073808803934927,
    1.0759730551446682,
    1.0772799155552049,
    1.0777666689348593,
    1.0776381121225123,
    1.077149959982282,
    1.0764944219652632,
    1.0757420557442043,
    1.0748315220726377,
    1.0736144087048374,
    1.0719283896243341,
    1.069626390037062,
    1.0665339481776506,
    1.0624179546725567,
    1.0570596611362857,
    1.050411965624972,
    1.042726281227092,
    1.034511693169792,
    1.0263120392267226,
    1.0185156797167574,
    1.011350240113662,
    1.0049511711648387,
    0.9993822436805521,
    0.9946336255348757,
    0.9906414464031692,
    0.9873179689618478,
    0.9845728943567593,
    0.982322690840816
  ],