{
  "bias_mev": [
    -20.0,
    -19.666666666666668,
    -19.333333333333332,
    -19.0,
    -18.666666666666668,
    -18.333333333333332,
    -18.0,
    -17.666666666666668,
    -17.333333333333332,
    -17.0,
    -16.666666666666668,
    -16.333333333333332,
    -16.0,
    -15.666666666666668,
    -15.333333333333334,
    -15.0,
    -14.666666666666668,
    -14.333333333333334,
    -14.0,
    -13.666666666666668,
    -13.333333333333334,
    -13.0,
    -12.666666666666668,
    -12.333333333333334,
    -12.0,
    -11.666666666666668,
    -11.333333333333334,
    -11.0,
    -10.666666666666668,
    -10.333333333333334,
    -10.0,
    -9.666666666666668,
    -9.333333333333334,
    -9.0,
    -8.666666666666668,
    -8.333333333333334,
    -8.0,
    -7.666666666666668,
    -7.333333333333334,
    -7.0,
    -6.666666666666668,
    -6.333333333333334,
    -6.0,
    -5.666666666666668,
    -5.333333333333334,
    -5.0,
    -4.666666666666668,
    -4.333333333333334,
    -4.0,
    -3.666666666666668,
    -3.3333333333333357,
    -3.0,
    -2.666666666666668,
    -2.3333333333333357,
    -2.0,
    -1.6666666666666679,
    -1.3333333333333357,
    -1.0,
    -0.6666666666666679,
    -0.3333333333333357,
    0.0,
    0.33333333333333215,
    0.6666666666666643,
    1.0,
    1.3333333333333321,
    1.6666666666666643,
    2.0,
    2.333333333333332,
    2.6666666666666643,
    3.0,
    3.333333333333332,
    3.6666666666666643,
    4.0,
    4.333333333333332,
    4.666666666666664,
    5.0,
    5.333333333333332,
    5.666666666666664,
    6.0,
    6.333333333333332,
    6.666666666666664,
    7.0,
    7.333333333333332,
    7.666666666666664,
    8.0,
    8.333333333333332,
    8.666666666666664,
    9.0,
    9.333333333333332,
    9.666666666666664,
    10.0,
    10.333333333333332,
    10.666666666666664,
    11.0,
    11.333333333333332,
    11.666666666666664,
    12.0,
    12.333333333333329,
    12.666666666666664,
    13.0,
    13.333333333333329,
    13.666666666666664,
    14.0,
    14.333333333333329,
    14.666666666666664,
    15.0,
    15.333333333333329,
    15.666666666666664,
    16.0,
    16.33333333333333,
    16.666666666666664,
    17.0,
    17.33333333333333,
    17.666666666666664,
    18.0,
    18.33333333333333,
    18.666666666666664,
    19.0,
    19.33333333333333,
    19.666666666666664,
    20.0
  ],
  "conductance": [
    0.9709716113008697,
    0.9754976450095495,
    0.9805917839730891,
    0.9863493188513613,
    0.9928693383227564,
    1.0002446219908505,
    1.008546416314044,
    1.0178092035877633,
    1.0280197815638856,
    1.0391002790858288,
    1.0508646395672487,
    1.06296241920049,
    1.0748824849549057,
    1.0860743218186037,
    1.0961286097703475,
    1.104883574941347,
    1.1123973788613135,
    1.1188432355482316,
    1.1244178034805334,
    1.1293055678038229,
    1.133674440601711,
    1.1376566603154352,
    1.1413063546142568,
    1.1445659794280922,
    1.1472764495984353,
    1.149240225497927,
    1.1503132067709414,
    1.1504727695249877,
    1.149820146333076,
    1.1485293248574495,
    1.1467866469979235,
    1.144748492054175,
    1.1425185866401597,
    1.1401405611122544,
    1.1376084692449995,
    1.1348971139309896,
    1.1319976189521705,
    1.128934850649576,
    1.1257604539873933,
    1.1225354165830672,
    1.1193163604191807,
    1.116149538711069,
    1.1130702085113844,
    1.1101043091658074,
    1.1072706147719498,
    1.1045826248110948,
    1.1020500217871525,
    1.099679736312557,
    1.097476710406747,
    1.095444443278495,
    1.0935853840198455,
    1.0919012169776323,
    1.0903930714036711,
    1.0890616770478145,
    1.087907480594925,
    1.0869307332775573,
    1.086131556893664,
    1.0855099933256678,
    1.0850660411643198,
    1.0847996819710752,
    1.0847108979224056,
    1.0847996819710755,
    1.0850660411643196,
    1.0855099933256678,
    1.0861315568936643,
    1.086930733277557,
    1.0879074805949247,
    1.0890616770478145,
    1.090393071403671,
    1.0919012169776323,
    1.0935853840198457,
    1.0954444432784949,
    1.0974767104067469,
    1.099679736312557,
    1.1020500217871525,
    1.1045826248110948,
    1.10727061477195,
    1.1101043091658074,
    1.1130702085113844,
    1.116149538711069,
    1.1193163604191807,
    1.1225354165830672,
    1.1257604539873933,
    1.1289348506495758,
    1.13199761895217,
    1.1348971139309896,
    1.137608469244999,
    1.1401405611122544,
    1.14251858664016,
    1.144748492054175,
    1.1467866469979233,
    1.1485293248574495,
    1.1498201463330755,
    1.1504727695249874,
    1.1503132067709414,
    1.149240225497927,
    1.1472764495984356,
    1.1445659794280925,
    1.1413063546142563,
    1.1376566603154352,
    1.1336744406017114,
    1.1293055678038224,
    1.1244178034805339,
    1.118843235548232,
    1.112397378861313,
    1.1048835749413473,
    1.0961286097703482,
    1.0860743218186035,
    1.074882484954906,
    1.0629624192004907,
    1.0508646395672487,
    1.039100279085829,
    1.028019781563886,
    1.0178092035877633,
    1.008546416314044,
    1.000244621990851,
    0.9928693383227564,
    0.9863493188513617,
    0.9805917839730899,
    0.9754976450095495,
    0.9709716113008697
  ],