{
  "bias_mev": [
    -20.0,
    -19.666666666666668,
    -19.333333333333332,
    -19.0,
    -18.666666666666668,
    -18.333333333333332,
    -18.0,
    -17.666666666666668,
    -17.333333333333332,
    -17.0,
    -16.666666666666668,
    -16.333333333333332,
    -16.0,
    -15.666666666666668,
    -15.333333333333334,
    -15.0,
    -14.666666666666668,
    -14.333333333333334,
    -14.0,
    -13.666666666666668,
    -13.333333333333334,
    -13.0,
    -12.666666666666668,
    -12.333333333333334,
    -12.0,
    -11.666666666666668,
    -11.333333333333334,
    -11.0,
    -10.666666666666668,
    -10.333333333333334,
    -10.0,
    -9.666666666666668,
    -9.333333333333334,
    -9.0,
    -8.666666666666668,
    -8.333333333333334,
    -8.0,
    -7.666666666666668,
    -7.333333333333334,
    -7.0,
    -6.666666666666668,
    -6.333333333333334,
    -6.0,
    -5.666666666666668,
    -5.333333333333334,
    -5.0,
    -4.666666666666668,
    -4.333333333333334,
    -4.0,
    -3.666666666666668,
    -3.3333333333333357,
    -3.0,
    -2.666666666666668,
    -2.3333333333333357,
    -2.0,
    -1.6666666666666679,
    -1.3333333333333357,
    -1.0,
    -0.6666666666666679,
    -0.3333333333333357,
    0.0,
    0.33333333333333215,
    0.6666666666666643,
    1.0,
    1.3333333333333321,
    1.6666666666666643,
    2.0,
    2.333333333333332,
    2.6666666666666643,
    3.0,
    3.333333333333332,
    3.6666666666666643,
    4.0,
    4.333333333333332,
    4.666666666666664,
    5.0,
    5.333333333333332,
    5.666666666666664,
    6.0,
    6.333333333333332,
    6.666666666666664,
    7.0,
    7.333333333333332,
    7.666666666666664,
    8.0,
    8.333333333333332,
    8.666666666666664,
    9.0,
    9.333333333333332,
    9.666666666666664,
    10.0,
    10.333333333333332,
    10.666666666666664,
    11.0,
    11.333333333333332,
    11.666666666666664,
    12.0,
    12.333333333333329,
    12.666666666666664,
    13.0,
    13.333333333333329,
    13.666666666666664,
    14.0,
    14.333333333333329,
    14.666666666666664,
    15.0,
    15.333333333333329,
    15.666666666666664,
    16.0,
    16.33333333333333,
    16.666666666666664,
    17.0,
    17.33333333333333,
    17.666666666666664,
    18.0,
    18.33333333333333,
    18.666666666666664,
    19.0,
    19.33333333333333,
    19.666666666666664,
    20.0
  ],
  "conductance": [
    0.9822796441044345,
    0.9842223126974072,
    0.9867582579395433,
    0.9899878814083904,
    0.9940172943561421,
    0.9989441623906893,
    1.004831826589297,
    1.0116800674930768,
    1.0194108826547064,
    1.0278676703663128,
    1.0367843182098084,
    1.0457151480446873,
    1.0540374389448677,
    1.061131421468585,
    1.066630169095285,
    1.070520977991239,
    1.0730438299123997,
    1.074512194185939,
    1.0751998041159028,
    1.0753364557641305,
    1.0751375300324169,
    1.0747794490553255,
    1.0743265625125171,
    1.073678442064137,
    1.0725848649719911,
    1.0707353279319307,
    1.067902593626999,
    1.0640619847183679,
    1.0593938608447047,
    1.05418480994205,
    1.0487208554475023,
    1.0432249462608882,
    1.0378310384592309,
    1.0325761430824645,
    1.0274126166642625,
    1.0222541619049401,
    1.0170412051830562,
    1.0117787721060412,
    1.0065247289472734,
    1.0013548997547288,
    0.996336790200159,
    0.9915199109036188,
    0.9869364179432538,
    0.982605246073071,
    0.9785362978573588,
    0.9747336536246106,
    0.9711977766527062,
    0.9679269581251123,
    0.9649182470014587,
    0.9621680464355745,
    0.9596724977098877,
    0.9574277288688948,
    0.9554300166233118,
    0.9536758921312966,
    0.9521622101201644,
    0.9508861938840704,
    0.9498454643398483,
    0.9490380585451116,
    0.9484624412761509,
    0.9481175120615366,
    0.948002609244635,
    0.9481175120615368,
    0.9484624412761505,
    0.9490380585451116,
    0.9498454643398483,
    0.9508861938840703,
    0.9521622101201646,
    0.9536758921312967,
    0.9554300166233117,
    0.9574277288688952,
    0.9596724977098879,
    0.9621680464355742,
    0.9649182470014583,
    0.9679269581251125,
    0.9711977766527062,
    0.9747336536246104,
    0.978536297857359,
    0.982605246073071,
    0.9869364179432538,
    0.9915199109036189,
    0.9963367902001589,
    1.001354899754729,
    1.0065247289472736,
    1.011778772106041,
    1.0170412051830562,
    1.0222541619049401,
    1.0274126166642623,
    1.0325761430824643,
    1.037831038459231,
    1.0432249462608878,
    1.0487208554475025,
    1.05418480994205,
    1.0593938608447042,
    1.0640619847183677,
    1.067902593626999,
    1.0707353279319305,
    1.0725848649719911,
    1.073678442064137,
    1.0743265625125167,
    1.0747794490553253,
    1.0751375300324169,
    1.0753364557641305,
    1.0751998041159028,
    1.0745121941859395,
    1.0730438299123994,
    1.070520977991239,
    1.0666301690952855,
    1.0611314214685845,
    1.0540374389448677,
    1.0457151480446873,
    1.0367843182098084,
    1.0278676703663128,
    1.0194108826547066,
    1.0116800674930764,
    1.004831826589297,
    0.9989441623906896,
    0.994017294356142,
    0.9899878814083904,
    0.9867582579395433,
    0.9842223126974068,
    0.9822796441044341
  ],