{
  "bias_mev": [
    -20.0,
    -19.666666666666668,
    -19.333333333333332,
    -19.0,
    -18.666666666666668,
    -18.333333333333332,
    -18.0,
    -17.666666666666668,
    -17.333333333333332,
    -17.0,
    -16.666666666666668,
    -16.333333333333332,
    -16.0,
    -15.666666666666668,
    -15.333333333333334,
    -15.0,
    -14.666666666666668,
    -14.333333333333334,
    -14.0,
    -13.666666666666668,
    -13.333333333333334,
    -13.0,
    -12.666666666666668,
    -12.333333333333334,
    -12.0,
    -11.666666666666668,
    -11.333333333333334,
    -11.0,
    -10.666666666666668,
    -10.333333333333334,
    -10.0,
    -9.666666666666668,
    -9.333333333333334,
    -9.0,
    -8.666666666666668,
    -8.333333333333334,
    -8.0,
    -7.666666666666668,
    -7.333333333333334,
    -7.0,
    -6.666666666666668,
    -6.333333333333334,
    -6.0,
    -5.666666666666668,
    -5.333333333333334,
    -5.0,
    -4.666666666666668,
    -4.333333333333334,
    -4.0,
    -3.666666666666668,
    -3.3333333333333357,
    -3.0,
    -2.666666666666668,
    -2.3333333333333357,
    -2.0,
    -1.6666666666666679,
    -1.3333333333333357,
    -1.0,
    -0.6666666666666679,
    -0.3333333333333357,
    0.0,
    0.33333333333333215,
    0.6666666666666643,
    1.0,
    1.3333333333333321,
    1.6666666666666643,
    2.0,
    2.333333333333332,
    2.6666666666666643,
    3.0,
    3.333333333333332,
    3.6666666666666643,
    4.0,
    4.333333333333332,
    4.666666666666664,
    5.0,
    5.333333333333332,
    5.666666666666664,
    6.0,
    6.333333333333332,
    6.666666666666664,
    7.0,
    7.333333333333332,
    7.666666666666664,
    8.0,
    8.333333333333332,
    8.666666666666664,
    9.0,
    9.333333333333332,
    9.666666666666664,
    10.0,
    10.333333333333332,
    10.666666666666664,
    11.0,
    11.333333333333332,
    11.666666666666664,
    12.0,
    12.333333333333329,
    12.666666666666664,
    13.0,
    13.333333333333329,
    13.666666666666664,
    14.0,
    14.333333333333329,
    14.666666666666664,
    15.0,
    15.333333333333329,
    15.666666666666664,
    16.0,
    16.33333333333333,
    16.666666666666664,
    17.0,
    17.33333333333333,
    17.666666666666664,
    18.0,
    18.33333333333333,
    18.666666666666664,
    19.0,
    19.33333333333333,
    19.666666666666664,
    20.0
  ],
  "conductance": [
    0.9723676218015673,
    0.9765049863679084,
    0.9812441125015321,
    0.986681002760528,
    0.992913174933481,
    1.0000297062894827,
    1.0080960000512664,
    1.0171360274920973,
    1.0271144148034794,
    1.0379129529986566,
    1.0492923558251828,
    1.0608543487235431,
    1.0720584237468436,
    1.0823351921692195,
    1.0912513715565186,
    1.098617444596692,
    1.104477092200215,
    1.1090151921273825,
    1.112462220371648,
    1.1150412722134073,
    1.1169485102400163,
    1.118333082484706,
    1.1192641505500251,
    1.1197058224420449,
    1.1195285343587151,
    1.118566080802953,
    1.116697658057161,
    1.113911129884291,
    1.1103113713678625,
    1.1060781965075084,
    1.10140877802691,
    1.09647283522467,
    1.0913879024806437,
    1.08621264380432,
    1.0809581265551889,
    1.075615527326778,
    1.0701877554101118,
    1.0647064290182653,
    1.0592276879598184,
    1.053816814425543,
    1.04853444422774,
    1.0434296258547082,
    1.0385386052211505,
    1.0338865077442596,
    1.0294898485848853,
    1.0253588780766525,
    1.021499449438716,
    1.017914401859297,
    1.014604550424464,
    1.0115693847835205,
    1.0088075606817701,
    1.0063172466331478,
    1.004096369668816,
    1.0021427905441787,
    1.000454429293724,
    0.9990293555202254,
    0.9978658533744558,
    0.9969624681493133,
    0.9963180393122767,
    0.9959317233188204,
    0.9958030084762084,
    0.9959317233188204,
    0.9963180393122768,
    0.9969624681493133,
    0.9978658533744559,
    0.9990293555202253,
    1.000454429293724,
    1.0021427905441787,
    1.004096369668816,
    1.0063172466331474,
    1.0088075606817704,
    1.0115693847835205,
    1.014604550424464,
    1.017914401859297,
    1.021499449438716,
    1.0253588780766525,
    1.0294898485848856,
    1.0338865077442594,
    1.0385386052211505,
    1.0434296258547084,
    1.0485344442277396,
    1.0538168144255429,
    1.0592276879598181,
    1.064706429018265,
    1.0701877554101118,
    1.0756155273267782,
    1.0809581265551889,
    1.0862126438043198,
    1.0913879024806434,
    1.0964728352246698,
    1.1014087780269097,
    1.1060781965075084,
    1.1103113713678625,
    1.1139111298842908,
    1.116697658057161,
    1.1185660808029532,
    1.1195285343587154,
    1.119705822442045,
    1.1192641505500247,
    1.118333082484706,
    1.1169485102400167,
    1.1150412722134073,
    1.1124622203716483,
    1.1090151921273828,
    1.1044770922002147,
    1.0986174445966923,
    1.0912513715565189,
    1.0823351921692193,
    1.0720584237468436,
    1.0608543487235431,
    1.0492923558251828,
    1.0379129529986564,
    1.0271144148034796,
    1.0171360274920973,
    1.0080960000512664,
    1.000029706289483,
    0.9929131749334809,
    0.9866810027605281,
    0.9812441125015323,
    0.9765049863679085,
    0.9723676218015671
  ],