{
  "bias_mev": [
    -20.0,
    -19.666666666666668,
    -19.333333333333332,
    -19.0,
    -18.666666666666668,
    -18.333333333333332,
    -18.0,
    -17.666666666666668,
    -17.333333333333332,
    -17.0,
    -16.666666666666668,
    -16.333333333333332,
    -16.0,
    -15.666666666666668,
    -15.333333333333334,
    -15.0,
    -14.666666666666668,
    -14.333333333333334,
    -14.0,
    -13.666666666666668,
    -13.333333333333334,
    -13.0,
    -12.666666666666668,
    -12.333333333333334,
    -12.0,
    -11.666666666666668,
    -11.333333333333334,
    -11.0,
    -10.666666666666668,
    -10.333333333333334,
    -10.0,
    -9.666666666666668,
    -9.333333333333334,
    -9.0,
    -8.666666666666668,
    -8.333333333333334,
    -8.0,
    -7.666666666666668,
    -7.333333333333334,
    -7.0,
    -6.666666666666668,
    -6.333333333333334,
    -6.0,
    -5.666666666666668,
    -5.333333333333334,
    -5.0,
    -4.666666666666668,
    -4.333333333333334,
    -4.0,
    -3.666666666666668,
    -3.3333333333333357,
    -3.0,
    -2.666666666666668,
    -2.3333333333333357,
    -2.0,
    -1.6666666666666679,
    -1.3333333333333357,
    -1.0,
    -0.6666666666666679,
    -0.3333333333333357,
    0.0,
    0.33333333333333215,
    0.6666666666666643,
    1.0,
    1.3333333333333321,
    1.6666666666666643,
    2.0,
    2.333333333333332,
    2.6666666666666643,
    3.0,
    3.333333333333332,
    3.6666666666666643,
    4.0,
    4.333333333333332,
    4.666666666666664,
    5.0,
    5.333333333333332,
    5.666666666666664,
    6.0,
    6.333333333333332,
    6.666666666666664,
    7.0,
    7.333333333333332,
    7.666666666666664,
    8.0,
    8.333333333333332,
    8.666666666666664,
    9.0,
    9.333333333333332,
    9.666666666666664,
    10.0,
    10.333333333333332,
    10.666666666666664,
    11.0,
    11.333333333333332,
    11.666666666666664,
    12.0,
    12.333333333333329,
    12.666666666666664,
    13.0,
    13.333333333333329,
    13.666666666666664,
    14.0,
    14.333333333333329,
    14.666666666666664,
    15.0,
    15.333333333333329,
    15.666666666666664,
    16.0,
    16.33333333333333,
    16.666666666666664,
    17.0,
    17.33333333333333,
    17.666666666666664,
    18.0,
    18.33333333333333,
    18.666666666666664,
    19.0,
    19.33333333333333,
    19.666666666666664,
    20.0
  ],
  "conductance": [
    0.9742836971974479,
    0.977907067474508,
    0.9821127202302405,
    0.9870112742747924,
    0.9927341001073527,
    0.9994265416260935,
    1.0072143803384506,
    1.0161368167969067,
    1.0261135223720406,
    1.0370598795821668,
    1.0489912768405232,
    1.0617747503331776,
    1.0747141285530268,
    1.0866366172186026,
    1.0966541767561788,
    1.1046430295730594,
    1.1110295886233332,
    1.1163394513470537,
    1.120879108992078,
    1.1247825511534468,
    1.1282653347475649,
    1.1316526555613875,
    1.1351497550667948,
    1.1386347832012262,
    1.1416578324790256,
    1.1435922693555391,
    1.1439357721849233,
    1.1426563272263364,
    1.140131889833712,
    1.1368438230263713,
    1.1332028418127882,
    1.1295189851828915,
    1.1259882780631407,
    1.1226316798195204,
    1.119242452601491,
    1.1155055993969296,
    1.1112686109696086,
    1.10662204942783,
    1.1017569483924148,
    1.0968432979402032,
    1.09199877728032,
    1.0872979754123904,
    1.0827869391489688,
    1.0784938567506386,
    1.0744357798566355,
    1.0706227250252742,
    1.0670602014294321,
    1.0637508044044786,
    1.0606952454091714,
    1.0578930333640086,
    1.0553429346224128,
    1.0530432888839192,
    1.050992229267918,
    1.0491878373735959,
    1.0476282534749606,
    1.0463117552779861,
    1.0452368143322877,
    1.0444021363286042,
    1.043806689579954,
    1.0434497246436671,
    1.04333078708208,
    1.0434497246436683,
    1.043806689579953,
    1.0444021363286042,
    1.045236814332289,
    1.0463117552779848,
    1.0476282534749604,
    1.0491878373735974,
    1.0509922292679166,
    1.0530432888839192,
    1.0553429346224141,
    1.0578930333640073,
    1.060695245409171,
    1.0637508044044799,
    1.0670602014294317,
    1.0706227250252733,
    1.0744357798566369,
    1.0784938567506381,
    1.0827869391489682,
    1.087297975412392,
    1.0919987772803192,
    1.0968432979402025,
    1.1017569483924166,
    1.1066220494278292,
    1.1112686109696077,
    1.115505599396931,
    1.1192424526014904,
    1.1226316798195197,
    1.1259882780631423,
    1.1295189851828906,
    1.1332028418127873,
    1.1368438230263727,
    1.1401318898337112,
    1.1426563272263357,
    1.1439357721849248,
    1.1435922693555378,
    1.1416578324790263,
    1.1386347832012278,
    1.1351497550667926,
    1.1316526555613882,
    1.1282653347475662,
    1.1247825511534444,
    1.1208791089920787,
    1.1163394513470553,
    1.111029588623331,
    1.10464302957306,
    1.0966541767561804,
    1.0866366172186008,
    1.0747141285530268,
    1.061774750333179,
    1.0489912768405218,
    1.0370598795821668,
    1.026113522372042,
    1.0161368167969056,
    1.0072143803384506,
    0.9994265416260948,
    0.9927341001073516,
    0.9870112742747925,
    0.9821127202302419,
    0.9779070674745072,
    0.9742836971974473
  ],