{
  "bias_mev": [
    -20.0,
    -19.666666666666668,
    -19.333333333333332,
    -19.0,
    -18.666666666666668,
    -18.333333333333332,
    -18.0,
    -17.666666666666668,
    -17.333333333333332,
    -17.0,
    -16.666666666666668,
    -16.333333333333332,
    -16.0,
    -15.666666666666668,
    -15.333333333333334,
    -15.0,
    -14.666666666666668,
    -14.333333333333334,
    -14.0,
    -13.666666666666668,
    -13.333333333333334,
    -13.0,
    -12.666666666666668,
    -12.333333333333334,
    -12.0,
    -11.666666666666668,
    -11.333333333333334,
    -11.0,
    -10.666666666666668,
    -10.333333333333334,
    -10.0,
    -9.666666666666668,
    -9.333333333333334,
    -9.0,
    -8.666666666666668,
    -8.333333333333334,
    -8.0,
    -7.666666666666668,
    -7.333333333333334,
    -7.0,
    -6.666666666666668,
    -6.333333333333334,
    -6.0,
    -5.666666666666668,
    -5.333333333333334,
    -5.0,
    -4.666666666666668,
    -4.333333333333334,
    -4.0,
    -3.666666666666668,
    -3.3333333333333357,
    -3.0,
    -2.666666666666668,
    -2.3333333333333357,
    -2.0,
    -1.6666666666666679,
    -1.3333333333333357,
    -1.0,
    -0.6666666666666679,
    -0.3333333333333357,
    0.0,
    0.33333333333333215,
    0.6666666666666643,
    1.0,
    1.3333333333333321,
    1.6666666666666643,
    2.0,
    2.333333333333332,
    2.6666666666666643,
    3.0,
    3.333333333333332,
    3.6666666666666643,
    4.0,
    4.333333333333332,
    4.666666666666664,
    5.0,
    5.333333333333332,
    5.666666666666664,
    6.0,
    6.333333333333332,
    6.666666666666664,
    7.0,
    7.333333333333332,
    7.666666666666664,
    8.0,
    8.333333333333332,
    8.666666666666664,
    9.0,
    9.333333333333332,
    9.666666666666664,
    10.0,
    10.333333333333332,
    10.666666666666664,
    11.0,
    11.333333333333332,
    11.666666666666664,
    12.0,
    12.333333333333329,
    12.666666666666664,
    13.0,
    13.333333333333329,
    13.666666666666664,
    14.0,
    14.333333333333329,
    14.666666666666664,
    15.0,
    15.333333333333329,
    15.666666666666664,
    16.0,
    16.33333333333333,
    16.666666666666664,
    17.0,
    17.33333333333333,
    17.666666666666664,
    18.0,
    18.33333333333333,
    18.666666666666664,
    19.0,
    19.33333333333333,
    19.666666666666664,
    20.0
  ],
  "conductance": [
    0.9818884686745396,
    0.9837426810018508,
    0.9863094374205541,
    0.9896806985164445,
    0.9939363436107039,
    0.999124517518458,
    1.0052375972095722,
    1.012196927131236,
    1.019858290561784,
    1.028025038354855,
    1.0364316942119942,
    1.044694225290275,
    1.0522985682653985,
    1.0587037084141997,
    1.0635230516851364,
    1.0666483035571832,
    1.0682285856130904,
    1.0685480768952116,
    1.0679091587965546,
    1.0665819229349782,
    1.064792046935862,
    1.0626878501156998,
    1.060280026806746,
    1.05740664724778,
    1.0537740441238812,
    1.0490759890148889,
    1.0431407029107678,
    1.0360233708215267,
    1.027988009643064,
    1.0194035801083081,
    1.0106276315198588,
    1.0019257489392828,
    0.993432815724662,
    0.985150561949254,
    0.9769848512755908,
    0.9688198534651801,
    0.960595197841945,
    0.952339148643216,
    0.9441469843285581,
    0.9361359578975035,
    0.9284101149081939,
    0.9210453426121824,
    0.914088993517084,
    0.9075657548195444,
    0.9014845078239282,
    0.8958440330800186,
    0.8906371295138632,
    0.8858533735891555,
    0.8814808865073034,
    0.8775074321845544,
    0.8739210824602438,
    0.8707106092643118,
    0.867865707284261,
    0.8653771128536563,
    0.8632366603761267,
    0.8614373021708118,
    0.8599731079605848,
    0.8588392541811916,
    0.8580320094998058,
    0.8575487205386477,
    0.8573878002691157,
    0.8575487205386476,
    0.8580320094998057,
    0.8588392541811913,
    0.8599731079605848,
    0.8614373021708116,
    0.8632366603761268,
    0.8653771128536564,
    0.867865707284261,
    0.8707106092643119,
    0.873921082460244,
    0.8775074321845544,
    0.8814808865073035,
    0.8858533735891554,
    0.8906371295138631,
    0.8958440330800184,
    0.9014845078239281,
    0.9075657548195443,
    0.914088993517084,
    0.9210453426121822,
    0.9284101149081938,
    0.9361359578975031,
    0.9441469843285577,
    0.9523391486432156,
    0.9605951978419448,
    0.9688198534651796,
    0.9769848512755904,
    0.9851505619492538,
    0.9934328157246619,
    1.0019257489392828,
    1.0106276315198586,
    1.019403580108308,
    1.0279880096430638,
    1.0360233708215267,
    1.0431407029107675,
    1.0490759890148884,
    1.0537740441238812,
    1.0574066472477799,
    1.060280026806746,
    1.0626878501156996,
    1.0647920469358618,
    1.066581922934978,
    1.0679091587965543,
    1.0685480768952114,
    1.0682285856130902,
    1.066648303557183,
    1.0635230516851366,
    1.0587037084141997,
    1.0522985682653985,
    1.0446942252902751,
    1.0364316942119942,
    1.028025038354855,
    1.019858290561784,
    1.012196927131236,
    1.0052375972095724,
    0.9991245175184582,
    0.9939363436107039,
    0.9896806985164445,
    0.9863094374205543,
    0.9837426810018508,
    0.9818884686745396
  ],