{
  "bias_mev": [
    -20.0,
    -19.666666666666668,
    -19.333333333333332,
    -19.0,
    -18.666666666666668,
    -18.333333333333332,
    -18.0,
    -17.666666666666668,
    -17.333333333333332,
    -17.0,
    -16.666666666666668,
    -16.333333333333332,
    -16.0,
    -15.666666666666668,
    -15.333333333333334,
    -15.0,
    -14.666666666666668,
    -14.333333333333334,
    -14.0,
    -13.666666666666668,
    -13.333333333333334,
    -13.0,
    -12.666666666666668,
    -12.333333333333334,
    -12.0,
    -11.666666666666668,
    -11.333333333333334,
    -11.0,
    -10.666666666666668,
    -10.333333333333334,
    -10.0,
    -9.666666666666668,
    -9.333333333333334,
    -9.0,
    -8.666666666666668,
    -8.333333333333334,
    -8.0,
    -7.666666666666668,
    -7.333333333333334,
    -7.0,
    -6.666666666666668,
    -6.333333333333334,
    -6.0,
    -5.666666666666668,
    -5.333333333333334,
    -5.0,
    -4.666666666666668,
    -4.333333333333334,
    -4.0,
    -3.666666666666668,
    -3.3333333333333357,
    -3.0,
    -2.666666666666668,
    -2.3333333333333357,
    -2.0,
    -1.6666666666666679,
    -1.3333333333333357,
    -1.0,
    -0.6666666666666679,
    -0.3333333333333357,
    0.0,
    0.33333333333333215,
    0.6666666666666643,
    1.0,
    1.3333333333333321,
    1.6666666666666643,
    2.0,
    2.333333333333332,
    2.6666666666666643,
    3.0,
    3.333333333333332,
    3.6666666666666643,
    4.0,
    4.333333333333332,
    4.666666666666664,
    5.0,
    5.333333333333332,
    5.666666666666664,
    6.0,
    6.333333333333332,
    6.666666666666664,
    7.0,
    7.333333333333332,
    7.666666666666664,
    8.0,
    8.333333333333332,
    8.666666666666664,
    9.0,
    9.333333333333332,
    9.666666666666664,
    10.0,
    10.333333333333332,
    10.666666666666664,
    11.0,
    11.333333333333332,
    11.666666666666664,
    12.0,
    12.333333333333329,
    12.666666666666664,
    13.0,
    13.333333333333329,
    13.666666666666664,
    14.0,
    14.333333333333329,
    14.666666666666664,
    15.0,
    15.333333333333329,
    15.666666666666664,
    16.0,
    16.33333333333333,
    16.666666666666664,
    17.0,
    17.33333333333333,
    17.666666666666664,
    18.0,
    18.33333333333333,
    18.666666666666664,
    19.0,
    19.33333333333333,
    19.666666666666664,
    20.0
  ],
  "conductance": [
    0.9760015039524922,
    0.9779280756535603,
    0.981191460962846,
    0.9858584393771033,
    0.9919415102866893,
    0.999356662709868,
    1.0078839819575243,
    1.0171591231725603,
    1.0267068169393627,
    1.035972424987994,
    1.0442853060581394,
    1.0507854358239208,
    1.0544748124295198,
    1.0544987728406519,
    1.0505094981532854,
    1.042820094982058,
    1.032230349783742,
    1.0196857881763182,
    1.00601478531928,
    0.9918394180528978,
    0.9775674455539306,
    0.9633459712234353,
    0.9489891274678153,
    0.9339951262863576,
    0.9177273056196387,
    0.899712227479449,
    0.8799082202961882,
    0.8587811747050721,
    0.8371358487834916,
    0.8158219638067636,
    0.7954874729485754,
    0.7764597188201002,
    0.7587401328085128,
    0.7420808994692921,
    0.726128595374477,
    0.7105999938817871,
    0.6954070557047634,
    0.6806598805172174,
    0.6665689995669315,
    0.653334520875361,
    0.6410844170441415,
    0.6298657154621958,
    0.6196636280088214,
    0.610426341007775,
    0.6020849410691852,
    0.5945662957147799,
    0.5878001820147966,
    0.5817226255560529,
    0.5762770453328684,
    0.5714142576831865,
    0.5670919590584391,
    0.5632740235110216,
    0.5599297832152517,
    0.5570333681344801,
    0.5545631331499677,
    0.5525011777951763,
    0.5508329536009069,
    0.5495469505204417,
    0.5486344535437999,
    0.5480893616695492,
    0.547908063020166,
    0.5480893616695494,
    0.5486344535437999,
    0.5495469505204417,
    0.5508329536009069,
    0.5525011777951762,
    0.5545631331499679,
    0.5570333681344803,
    0.5599297832152517,
    0.5632740235110216,
    0.567091959058439,
    0.5714142576831864,
    0.5762770453328683,
    0.581722625556053,
    0.5878001820147966,
    0.5945662957147799,
    0.6020849410691852,
    0.6104263410077749,
    0.6196636280088212,
    0.6298657154621959,
    0.6410844170441412,
    0.653334520875361,
    0.6665689995669314,
    0.6806598805172173,
    0.6954070557047634,
    0.7105999938817869,
    0.7261285953744766,
    0.742080899469292,
    0.7587401328085127,
    0.7764597188201,
    0.795487472948575,
    0.8158219638067635,
    0.8371358487834912,
    0.8587811747050719,
    0.8799082202961881,
    0.8997122274794486,
    0.9177273056196387,
    0.9339951262863568,
    0.9489891274678149,
    0.9633459712234352,
    0.9775674455539306,
    0.9918394180528974,
    1.0060147853192802,
    1.0196857881763177,
    1.032230349783742,
    1.0428200949820579,
    1.0505094981532852,
    1.0544987728406516,
    1.0544748124295193,
    1.050785435823921,
    1.0442853060581394,
    1.035972424987994,
    1.0267068169393627,
    1.0171591231725603,
    1.0078839819575243,
    0.9993566627098683,
    0.9919415102866895,
    0.9858584393771033,
    0.9811914609628463,
    0.9779280756535603,
    0.9760015039524922
  ],