{
  "bias_mev": [
    -20.0,
    -19.666666666666668,
    -19.333333333333332,
    -19.0,
    -18.666666666666668,
    -18.333333333333332,
    -18.0,
    -17.666666666666668,
    -17.333333333333332,
    -17.0,
    -16.666666666666668,
    -16.333333333333332,
    -16.0,
    -15.666666666666668,
    -15.333333333333334,
    -15.0,
    -14.666666666666668,
    -14.333333333333334,
    -14.0,
    -13.666666666666668,
    -13.333333333333334,
    -13.0,
    -12.666666666666668,
    -12.333333333333334,
    -12.0,
    -11.666666666666668,
    -11.333333333333334,
    -11.0,
    -10.666666666666668,
    -10.333333333333334,
    -10.0,
    -9.666666666666668,
    -9.333333333333334,
    -9.0,
    -8.666666666666668,
    -8.333333333333334,
    -8.0,
    -7.666666666666668,
    -7.333333333333334,
    -7.0,
    -6.666666666666668,
    -6.333333333333334,
    -6.0,
    -5.666666666666668,
    -5.333333333333334,
    -5.0,
    -4.666666666666668,
    -4.333333333333334,
    -4.0,
    -3.666666666666668,
    -3.3333333333333357,
    -3.0,
    -2.666666666666668,
    -2.3333333333333357,
    -2.0,
    -1.6666666666666679,
    -1.3333333333333357,
    -1.0,
    -0.6666666666666679,
    -0.3333333333333357,
    0.0,
    0.33333333333333215,
    0.6666666666666643,
    1.0,
    1.3333333333333321,
    1.6666666666666643,
    2.0,
    2.333333333333332,
    2.6666666666666643,
    3.0,
    3.333333333333332,
    3.6666666666666643,
    4.0,
    4.333333333333332,
    4.666666666666664,
    5.0,
    5.333333333333332,
    5.666666666666664,
    6.0,
    6.333333333333332,
    6.666666666666664,
    7.0,
    7.333333333333332,
    7.666666666666664,
    8.0,
    8.333333333333332,
    8.666666666666664,
    9.0,
    9.333333333333332,
    9.666666666666664,
    10.0,
    10.333333333333332,
    10.666666666666664,
    11.0,
    11.333333333333332,
    11.666666666666664,
    12.0,
    12.333333333333329,
    12.666666666666664,
    13.0,
    13.333333333333329,
    13.666666666666664,
    14.0,
    14.333333333333329,
    14.666666666666664,
    15.0,
    15.333333333333329,
    15.666666666666664,
    16.0,
    16.33333333333333,
    16.666666666666664,
    17.0,
    17.33333333333333,
    17.666666666666664,
    18.0,
    18.33333333333333,
    18.666666666666664,
    19.0,
    19.33333333333333,
    19.666666666666664,
    20.0
  ],
  "conductance": [
    0.9645051637811282,
    0.9689235964145897,
    0.9745647943403628,
    0.9815394287924158,
    0.9899367898788531,
    0.999795530901071,
    1.011055589266226,
    1.0234903252733552,
    1.0366164320997662,
    1.0495723492522315,
    1.0609974720876612,
    1.0690905646027602,
    1.0720779438898684,
    1.068957006603989,
    1.0599301189090666,
    1.0461678201082476,
    1.0291861998969831,
    1.010327810341287,
    0.9905650142196548,
    0.9705386347724643,
    0.9506311884059839,
    0.930967305649993,
    0.9113893630202539,
    0.8915108250302904,
    0.8708890587378492,
    0.8492649943441147,
    0.8267427955682574,
    0.8037783338321297,
    0.7809826599655765,
    0.7588980174491693,
    0.7378747749596968,
    0.7180522807351205,
    0.6993903793255976,
    0.6817228139162708,
    0.6648399341977377,
    0.648597653080348,
    0.6329945451694882,
    0.6181533053955219,
    0.6042303397360724,
    0.5913362195491352,
    0.5795094478681921,
    0.5687291318874569,
    0.558938913545446,
    0.5500669177255153,
    0.5420382837740445,
    0.5347817495101461,
    0.5282325310247169,
    0.5223331890992323,
    0.5170335104603887,
    0.5122899655290224,
    0.5080650286310286,
    0.5043264970317523,
    0.5010468680173689,
    0.49820279507789217,
    0.4957746262744387,
    0.493746020109148,
    0.49210363148654523,
    0.4908368600262224,
    0.4899376537386357,
    0.4894003622625545,
    0.4892216351818301,
    0.4894003622625549,
    0.4899376537386354,
    0.4908368600262224,
    0.4921036314865455,
    0.4937460201091476,
    0.49577462627443875,
    0.49820279507789245,
    0.5010468680173685,
    0.5043264970317523,
    0.5080650286310291,
    0.5122899655290221,
    0.5170335104603887,
    0.5223331890992328,
    0.5282325310247168,
    0.5347817495101459,
    0.5420382837740448,
    0.5500669177255149,
    0.5589389135454459,
    0.5687291318874573,
    0.5795094478681919,
    0.5913362195491351,
    0.6042303397360727,
    0.6181533053955218,
    0.6329945451694879,
    0.6485976530803483,
    0.6648399341977372,
    0.6817228139162704,
    0.699390379325598,
    0.7180522807351201,
    0.7378747749596968,
    0.7588980174491696,
    0.7809826599655761,
    0.8037783338321297,
    0.8267427955682578,
    0.8492649943441141,
    0.8708890587378494,
    0.8915108250302909,
    0.9113893630202529,
    0.9309673056499933,
    0.950631188405984,
    0.9705386347724633,
    0.990565014219655,
    1.0103278103412874,
    1.0291861998969818,
    1.046167820108248,
    1.0599301189090673,
    1.0689570066039877,
    1.0720779438898684,
    1.0690905646027609,
    1.0609974720876605,
    1.0495723492522313,
    1.0366164320997666,
    1.023490325273355,
    1.0110555892662259,
    0.9997955309010719,
    0.9899367898788527,
    0.9815394287924156,
    0.9745647943403636,
    0.9689235964145895,
    0.9645051637811279
  ],