{
  "bias_mev": [
    -20.0,
    -19.666666666666668,
    -19.333333333333332,
    -19.0,
    -18.666666666666668,
    -18.333333333333332,
    -18.0,
    -17.666666666666668,
    -17.333333333333332,
    -17.0,
    -16.666666666666668,
    -16.333333333333332,
    -16.0,
    -15.666666666666668,
    -15.333333333333334,
    -15.0,
    -14.666666666666668,
    -14.333333333333334,
    -14.0,
    -13.666666666666668,
    -13.333333333333334,
    -13.0,
    -12.666666666666668,
    -12.333333333333334,
    -12.0,
    -11.666666666666668,
    -11.333333333333334,
    -11.0,
    -10.666666666666668,
    -10.333333333333334,
    -10.0,
    -9.666666666666668,
    -9.333333333333334,
    -9.0,
    -8.666666666666668,
    -8.333333333333334,
    -8.0,
    -7.666666666666668,
    -7.333333333333334,
    -7.0,
    -6.666666666666668,
    -6.333333333333334,
    -6.0,
    -5.666666666666668,
    -5.333333333333334,
    -5.0,
    -4.666666666666668,
    -4.333333333333334,
    -4.0,
    -3.666666666666668,
    -3.3333333333333357,
    -3.0,
    -2.666666666666668,
    -2.3333333333333357,
    -2.0,
    -1.6666666666666679,
    -1.3333333333333357,
    -1.0,
    -0.6666666666666679,
    -0.3333333333333357,
    0.0,
    0.33333333333333215,
    0.6666666666666643,
    1.0,
    1.3333333333333321,
    1.6666666666666643,
    2.0,
    2.333333333333332,
    2.6666666666666643,
    3.0,
    3.333333333333332,
    3.6666666666666643,
    4.0,
    4.333333333333332,
    4.666666666666664,
    5.0,
    5.333333333333332,
    5.666666666666664,
    6.0,
    6.333333333333332,
    6.666666666666664,
    7.0,
    7.333333333333332,
    7.666666666666664,
    8.0,
    8.333333333333332,
    8.666666666666664,
    9.0,
    9.333333333333332,
    9.666666666666664,
    10.0,
    10.333333333333332,
    10.666666666666664,
    11.0,
    11.333333333333332,
    11.666666666666664,
    12.0,
    12.333333333333329,
    12.666666666666664,
    13.0,
    13.333333333333329,
    13.666666666666664,
    14.0,
    14.333333333333329,
    14.666666666666664,
    15.0,
    15.333333333333329,
    15.666666666666664,
    16.0,
    16.33333333333333,
    16.666666666666664,
    17.0,
    17.33333333333333,
    17.666666666666664,
    18.0,
    18.33333333333333,
    18.666666666666664,
    19.0,
    19.33333333333333,
    19.666666666666664,
    20.0
  ],
  "conductance": [
    0.9661376320675616,
    0.9702608991414412,
    0.9757400800231456,
    0.9826180774699937,
    0.990887509119573,
    1.000466392833763,
    1.0111658146372897,
    1.0226525432048936,
    1.0344055702611434,
    1.045665481241194,
    1.0554010154139106,
    1.0623659410499546,
    1.065324330189535,
    1.0634120852867206,
    1.056444536944982,
    1.0449632664952442,
    1.0299961000912712,
    1.0126981262762542,
    0.9940687626847694,
    0.9748214957499326,
    0.9553593225107772,
    0.9357830511096272,
    0.915918711733895,
    0.8954023755745895,
    0.8738435201329059,
    0.8510239011055912,
    0.82704109647403,
    0.8023195158598833,
    0.7774850276235519,
    0.7531758832525639,
    0.7298785470427982,
    0.7078372173684502,
    0.6870459580565136,
    0.6673175861410342,
    0.6484104329499353,
    0.6301640278026205,
    0.6125754736337063,
    0.5957807892230125,
    0.5799714415814423,
    0.5653096470198283,
    0.5518835982578895,
    0.5397041410297523,
    0.5287241152111634,
    0.5188625384862686,
    0.5100243665018688,
    0.5021134879207673,
    0.49503992657997087,
    0.48872307938190923,
    0.4830926000045993,
    0.47808804968170904,
    0.4736580006208004,
    0.4697589725488606,
    0.4663543941324683,
    0.46341367368680375,
    0.46091140688289334,
    0.4588267216618313,
    0.45714274894557494,
    0.455846204270985,
    0.45492706591885923,
    0.45437833724058896,
    0.4541958836081368,
    0.45437833724058896,
    0.45492706591885923,
    0.455846204270985,
    0.45714274894557494,
    0.4588267216618312,
    0.4609114068828932,
    0.46341367368680375,
    0.46635439413246826,
    0.46975897254886056,
    0.4736580006208004,
    0.478088049681709,
    0.4830926000045993,
    0.48872307938190923,
    0.4950399265799708,
    0.502113487920767,
    0.5100243665018687,
    0.5188625384862684,
    0.5287241152111632,
    0.5397041410297522,
    0.5518835982578892,
    0.5653096470198283,
    0.5799714415814423,
    0.5957807892230123,
    0.6125754736337062,
    0.6301640278026204,
    0.648410432949935,
    0.6673175861410342,
    0.6870459580565136,
    0.70783721736845,
    0.7298785470427983,
    0.7531758832525638,
    0.7774850276235514,
    0.8023195158598831,
    0.8270410964740298,
    0.851023901105591,
    0.8738435201329058,
    0.895402375574589,
    0.9159187117338948,
    0.9357830511096272,
    0.9553593225107768,
    0.9748214957499323,
    0.9940687626847692,
    1.0126981262762538,
    1.029996100091271,
    1.0449632664952442,
    1.0564445369449817,
    1.0634120852867202,
    1.0653243301895348,
    1.0623659410499546,
    1.0554010154139106,
    1.0456654812411939,
    1.0344055702611437,
    1.0226525432048936,
    1.0111658146372897,
    1.0004663928337632,
    0.9908875091195731,
    0.9826180774699937,
    0.9757400800231456,
    0.9702608991414411,
    0.9661376320675615
  ],