{
  "bias_mev": [
    -20.0,
    -19.666666666666668,
    -19.333333333333332,
    -19.0,
    -18.666666666666668,
    -18.333333333333332,
    -18.0,
    -17.666666666666668,
    -17.333333333333332,
    -17.0,
    -16.666666666666668,
    -16.333333333333332,
    -16.0,
    -15.666666666666668,
    -15.333333333333334,
    -15.0,
    -14.666666666666668,
    -14.333333333333334,
    -14.0,
    -13.666666666666668,
    -13.333333333333334,
    -13.0,
    -12.666666666666668,
    -12.333333333333334,
    -12.0,
    -11.666666666666668,
    -11.333333333333334,
    -11.0,
    -10.666666666666668,
    -10.333333333333334,
    -10.0,
    -9.666666666666668,
    -9.333333333333334,
    -9.0,
    -8.666666666666668,
    -8.333333333333334,
    -8.0,
    -7.666666666666668,
    -7.333333333333334,
    -7.0,
    -6.666666666666668,
    -6.333333333333334,
    -6.0,
    -5.666666666666668,
    -5.333333333333334,
    -5.0,
    -4.666666666666668,
    -4.333333333333334,
    -4.0,
    -3.666666666666668,
    -3.3333333333333357,
    -3.0,
    -2.666666666666668,
    -2.3333333333333357,
    -2.0,
    -1.6666666666666679,
    -1.3333333333333357,
    -1.0,
    -0.6666666666666679,
    -0.3333333333333357,
    0.0,
    0.33333333333333215,
    0.6666666666666643,
    1.0,
    1.3333333333333321,
    1.6666666666666643,
    2.0,
    2.333333333333332,
    2.6666666666666643,
    3.0,
    3.333333333333332,
    3.6666666666666643,
    4.0,
    4.333333333333332,
    4.666666666666664,
    5.0,
    5.333333333333332,
    5.666666666666664,
    6.0,
    6.333333333333332,
    6.666666666666664,
    7.0,
    7.333333333333332,
    7.666666666666664,
    8.0,
    8.333333333333332,
    8.666666666666664,
    9.0,
    9.333333333333332,
    9.666666666666664,
    10.0,
    10.333333333333332,
    10.666666666666664,
    11.0,
    11.333333333333332,
    11.666666666666664,
    12.0,
    12.333333333333329,
    12.666666666666664,
    13.0,
    13.333333333333329,
    13.666666666666664,
    14.0,
    14.333333333333329,
    14.666666666666664,
    15.0,
    15.333333333333329,
    15.666666666666664,
    16.0,
    16.33333333333333,
    16.666666666666664,
    17.0,
    17.33333333333333,
    17.666666666666664,
    18.0,
    18.33333333333333,
    18.666666666666664,
    19.0,
    19.33333333333333,
    19.666666666666664,
    20.0
  ],
  "conductance": [
    0.9801387560328308,
    0.9815170763309913,
    0.983935543693791,
    0.9875038422275914,
    0.9923255020911176,
    0.9984628738060467,
    1.0058693109839763,
    1.0143119255514517,
    1.0233722987022795,
    1.032562870579924,
    1.0413462149599588,
    1.0489015231271508,
    1.0540508480615287,
    1.0557724141155092,
    1.0538391343541895,
    1.0488563610346338,
    1.0417803976100273,
    1.033409853134829,
    1.024222677218147,
    1.0145718295973214,
    1.0048485072368298,
    0.9953411934554698,
    0.9859886542277261,
    0.9763242095418915,
    0.9656404578258254,
    0.9532488278714494,
    0.9388447300789594,
    0.9227786387324832,
    0.9058736414958013,
    0.8889959392689966,
    0.8727836495163795,
    0.8575880030755154,
    0.8434902681185215,
    0.830311586286059,
    0.8176569333387683,
    0.8051013742659843,
    0.7924615338286318,
    0.7798744439329348,
    0.7676266226630294,
    0.755969455120513,
    0.7450523098606298,
    0.7349353319094808,
    0.7256219076891929,
    0.7170851301666195,
    0.7092844128075989,
    0.7021747759593385,
    0.6957116734351951,
    0.6898533194004787,
    0.6845616729264371,
    0.6798027253937579,
    0.6755464414156459,
    0.6717665411940129,
    0.6684402236185074,
    0.665547881461526,
    0.6630728341803427,
    0.6610010900312039,
    0.6593211419627784,
    0.6580237981123692,
    0.657102046050202,
    0.6565509493104483,
    0.6563675747194544,
    0.6565509493104492,
    0.6571020460502011,
    0.6580237981123692,
    0.6593211419627791,
    0.6610010900312029,
    0.6630728341803426,
    0.6655478814615269,
    0.6684402236185066,
    0.6717665411940129,
    0.6755464414156469,
    0.6798027253937569,
    0.6845616729264368,
    0.6898533194004794,
    0.6957116734351946,
    0.702174775959338,
    0.7092844128075998,
    0.7170851301666189,
    0.7256219076891925,
    0.7349353319094818,
    0.7450523098606294,
    0.7559694551205125,
    0.7676266226630304,
    0.7798744439329343,
    0.7924615338286313,
    0.8051013742659853,
    0.8176569333387678,
    0.8303115862860586,
    0.8434902681185226,
    0.8575880030755149,
    0.8727836495163791,
    0.8889959392689978,
    0.9058736414958006,
    0.9227786387324824,
    0.9388447300789605,
    0.953248827871448,
    0.9656404578258256,
    0.9763242095418921,
    0.9859886542277239,
    0.9953411934554707,
    1.004848507236831,
    1.0145718295973192,
    1.0242226772181482,
    1.0334098531348301,
    1.0417803976100246,
    1.0488563610346346,
    1.0538391343541909,
    1.0557724141155072,
    1.0540508480615287,
    1.0489015231271521,
    1.0413462149599573,
    1.0325628705799237,
    1.023372298702281,
    1.0143119255514506,
    1.0058693109839763,
    0.998462873806048,
    0.9923255020911165,
    0.9875038422275914,
    0.9839355436937923,
    0.9815170763309907,
    0.9801387560328303
  ],