{
  "bias_mev": [
    -20.0,
    -19.666666666666668,
    -19.333333333333332,
    -19.0,
    -18.666666666666668,
    -18.333333333333332,
    -18.0,
    -17.666666666666668,
    -17.333333333333332,
    -17.0,
    -16.666666666666668,
    -16.333333333333332,
    -16.0,
    -15.666666666666668,
    -15.333333333333334,
    -15.0,
    -14.666666666666668,
    -14.333333333333334,
    -14.0,
    -13.666666666666668,
    -13.333333333333334,
    -13.0,
    -12.666666666666668,
    -12.333333333333334,
    -12.0,
    -11.666666666666668,
    -11.333333333333334,
    -11.0,
    -10.666666666666668,
    -10.333333333333334,
    -10.0,
    -9.666666666666668,
    -9.333333333333334,
    -9.0,
    -8.666666666666668,
    -8.333333333333334,
    -8.0,
    -7.666666666666668,
    -7.333333333333334,
    -7.0,
    -6.666666666666668,
    -6.333333333333334,
    -6.0,
    -5.666666666666668,
    -5.333333333333334,
    -5.0,
    -4.666666666666668,
    -4.333333333333334,
    -4.0,
    -3.666666666666668,
    -3.3333333333333357,
    -3.0,
    -2.666666666666668,
    -2.3333333333333357,
    -2.0,
    -1.6666666666666679,
    -1.3333333333333357,
    -1.0,
    -0.6666666666666679,
    -0.3333333333333357,
    0.0,
    0.33333333333333215,
    0.6666666666666643,
    1.0,
    1.3333333333333321,
    1.6666666666666643,
    2.0,
    2.333333333333332,
    2.6666666666666643,
    3.0,
    3.333333333333332,
    3.6666666666666643,
    4.0,
    4.333333333333332,
    4.666666666666664,
    5.0,
    5.333333333333332,
    5.666666666666664,
    6.0,
    6.333333333333332,
    6.666666666666664,
    7.0,
    7.333333333333332,
    7.666666666666664,
    8.0,
    8.333333333333332,
    8.666666666666664,
    9.0,
    9.333333333333332,
    9.666666666666664,
    10.0,
    10.333333333333332,
    10.666666666666664,
    11.0,
    11.333333333333332,
    11.666666666666664,
    12.0,
    12.333333333333329,
    12.666666666666664,
    13.0,
    13.333333333333329,
    13.666666666666664,
    14.0,
    14.333333333333329,
    14.666666666666664,
    15.0,
    15.333333333333329,
    15.666666666666664,
    16.0,
    16.33333333333333,
    16.666666666666664,
    17.0,
    17.33333333333333,
    17.666666666666664,
    18.0,
    18.33333333333333,
    18.666666666666664,
    19.0,
    19.33333333333333,
    19.666666666666664,
    20.0
  ],
  "conductance": [
    0.9714187446231421,
    0.9753880004965896,
    0.9800326718037856,
    0.9854773627224409,
    0.9918595291722445,
    0.9993190692356908,
    1.0079768333995074,
    1.0179065010709714,
    1.02911230973023,
    1.041508977745397,
    1.0548602323660716,
    1.068659720287023,
    1.0820779038511747,
    1.094149814442841,
    1.1041465298178594,
    1.1118256604904913,
    1.1173837691204453,
    1.1212262600319634,
    1.1237610256557211,
    1.1253258842918694,
    1.126211915654748,
    1.1266686655584874,
    1.1268407599860666,
    1.1266901121375361,
    1.125983566748158,
    1.124380790472657,
    1.121598599005351,
    1.117562802137091,
    1.1124381780307342,
    1.1065321956665,
    1.1001710634254889,
    1.093620160348393,
    1.0870497297971857,
    1.080524559367932,
    1.0740165745092196,
    1.0674541459414721,
    1.0607937365614524,
    1.0540621045081267,
    1.0473427221094624,
    1.0407356538417696,
    1.0343275201956035,
    1.0281809872451,
    1.022336339728215,
    1.0168170061825341,
    1.0116349631412263,
    1.0067948300951368,
    1.0022966701027154,
    0.9981378220011053,
    0.9943140794447973,
    0.9908204477769691,
    0.9876516318826392,
    0.984802352568767,
    0.9822675528510096,
    0.9800425328624632,
    0.9781230380473376,
    0.9765053165595272,
    0.9751861562839648,
    0.9741629083800238,
    0.973433501952177,
    0.9729964529226802,
    0.9728508691297836,
    0.9729964529226801,
    0.9734335019521769,
    0.974162908380024,
    0.9751861562839648,
    0.9765053165595271,
    0.9781230380473378,
    0.9800425328624635,
    0.9822675528510094,
    0.9848023525687669,
    0.9876516318826393,
    0.9908204477769688,
    0.9943140794447969,
    0.9981378220011056,
    1.0022966701027154,
    1.0067948300951366,
    1.0116349631412263,
    1.016817006182534,
    1.022336339728215,
    1.0281809872451002,
    1.0343275201956033,
    1.0407356538417696,
    1.0473427221094624,
    1.0540621045081264,
    1.0607937365614524,
    1.0674541459414721,
    1.0740165745092196,
    1.080524559367932,
    1.0870497297971857,
    1.0936201603483926,
    1.1001710634254889,
    1.1065321956665002,
    1.1124381780307342,
    1.117562802137091,
    1.121598599005351,
    1.124380790472657,
    1.125983566748158,
    1.1266901121375361,
    1.1268407599860661,
    1.1266686655584874,
    1.1262119156547483,
    1.1253258842918692,
    1.1237610256557211,
    1.1212262600319636,
    1.1173837691204451,
    1.1118256604904913,
    1.1041465298178597,
    1.094149814442841,
    1.0820779038511745,
    1.0686597202870232,
    1.0548602323660716,
    1.041508977745397,
    1.0291123097302304,
    1.0179065010709711,
    1.0079768333995074,
    0.999319069235691,
    0.9918595291722445,
    0.9854773627224408,
    0.9800326718037857,
    0.9753880004965895,
    0.971418744623142
  ],