{
  "bias_mev": [
    -20.0,
    -19.666666666666668,
    -19.333333333333332,
    -19.0,
    -18.666666666666668,
    -18.333333333333332,
    -18.0,
    -17.666666666666668,
    -17.333333333333332,
    -17.0,
    -16.666666666666668,
    -16.333333333333332,
    -16.0,
    -15.666666666666668,
    -15.333333333333334,
    -15.0,
    -14.666666666666668,
    -14.333333333333334,
    -14.0,
    -13.666666666666668,
    -13.333333333333334,
    -13.0,
    -12.666666666666668,
    -12.333333333333334,
    -12.0,
    -11.666666666666668,
    -11.333333333333334,
    -11.0,
    -10.666666666666668,
    -10.333333333333334,
    -10.0,
    -9.666666666666668,
    -9.333333333333334,
    -9.0,
    -8.666666666666668,
    -8.333333333333334,
    -8.0,
    -7.666666666666668,
    -7.333333333333334,
    -7.0,
    -6.666666666666668,
    -6.333333333333334,
    -6.0,
    -5.666666666666668,
    -5.333333333333334,
    -5.0,
    -4.666666666666668,
    -4.333333333333334,
    -4.0,
    -3.666666666666668,
    -3.3333333333333357,
    -3.0,
    -2.666666666666668,
    -2.3333333333333357,
    -2.0,
    -1.6666666666666679,
    -1.3333333333333357,
    -1.0,
    -0.6666666666666679,
    -0.3333333333333357,
    0.0,
    0.33333333333333215,
    0.6666666666666643,
    1.0,
    1.3333333333333321,
    1.6666666666666643,
    2.0,
    2.333333333333332,
    2.6666666666666643,
    3.0,
    3.333333333333332,
    3.6666666666666643,
    4.0,
    4.333333333333332,
    4.666666666666664,
    5.0,
    5.333333333333332,
    5.666666666666664,
    6.0,
    6.333333333333332,
    6.666666666666664,
    7.0,
    7.333333333333332,
    7.666666666666664,
    8.0,
    8.333333333333332,
    8.666666666666664,
    9.0,
    9.333333333333332,
    9.666666666666664,
    10.0,
    10.333333333333332,
    10.666666666666664,
    11.0,
    11.333333333333332,
    11.666666666666664,
    12.0,
    12.333333333333329,
    12.666666666666664,
    13.0,
    13.333333333333329,
    13.666666666666664,
    14.0,
    14.333333333333329,
    14.666666666666664,
    15.0,
    15.333333333333329,
    15.666666666666664,
    16.0,
    16.33333333333333,
    16.666666666666664,
    17.0,
    17.33333333333333,
    17.666666666666664,
    18.0,
    18.33333333333333,
    18.666666666666664,
    19.0,
    19.33333333333333,
    19.666666666666664,
    20.0
  ],
  "conductance": [
    0.9678485869216686,
    0.9714048110078052,
    0.9760441287063504,
    0.9819323000434282,
    0.9892445653701936,
    0.9981437969585351,
    1.0087427664385173,
    1.021068162758124,
    1.0350534077521394,
    1.050517474043237,
    1.0669784882725204,
    1.083281873925701,
    1.0974430872781626,
    1.1072298836683985,
    1.1112659378284584,
    1.1096346340816752,
    1.1035027498726369,
    1.0943215249980025,
    1.083281898802161,
    1.0712207627413637,
    1.0587488757690573,
    1.0462828916160467,
    1.0339216189412097,
    1.0213460276519855,
    1.0079142602225302,
    0.9929748587886964,
    0.9762599149211536,
    0.9580761996697668,
    0.9391243146071234,
    0.9201495609874817,
    0.9017092219006486,
    0.8841087351190922,
    0.8674170396301448,
    0.8515051388502591,
    0.836132805685338,
    0.8211067745209948,
    0.8064164671736335,
    0.7922208702641436,
    0.7787253116001547,
    0.766081010408365,
    0.7543580923061199,
    0.7435626426697104,
    0.7336627676704673,
    0.7246087002246139,
    0.7163450003111809,
    0.7088169883425686,
    0.70197373781475,
    0.69576921969583,
    0.6901625253210737,
    0.68511766542622,
    0.6806031996734224,
    0.6765918214860587,
    0.673059956422588,
    0.669987398932703,
    0.6673569960325623,
    0.6651543787971603,
    0.6633677392829649,
    0.6619876493684519,
    0.6610069179233486,
    0.6604204831308477,
    0.6602253374144718,
    0.6604204831308478,
    0.6610069179233485,
    0.6619876493684518,
    0.6633677392829651,
    0.6651543787971601,
    0.6673569960325623,
    0.6699873989327032,
    0.6730599564225879,
    0.6765918214860587,
    0.6806031996734228,
    0.6851176654262198,
    0.6901625253210736,
    0.69576921969583,
    0.70197373781475,
    0.7088169883425685,
    0.7163450003111809,
    0.7246087002246137,
    0.7336627676704672,
    0.7435626426697104,
    0.7543580923061198,
    0.7660810104083648,
    0.7787253116001547,
    0.7922208702641436,
    0.8064164671736335,
    0.8211067745209949,
    0.8361328056853377,
    0.851505138850259,
    0.8674170396301447,
    0.8841087351190917,
    0.9017092219006486,
    0.9201495609874817,
    0.9391243146071231,
    0.9580761996697666,
    0.9762599149211538,
    0.9929748587886964,
    1.0079142602225304,
    1.0213460276519852,
    1.0339216189412093,
    1.046282891616047,
    1.0587488757690573,
    1.0712207627413632,
    1.0832818988021613,
    1.0943215249980027,
    1.1035027498726366,
    1.1096346340816754,
    1.1112659378284586,
    1.1072298836683983,
    1.0974430872781626,
    1.0832818739257017,
    1.0669784882725204,
    1.050517474043237,
    1.0350534077521396,
    1.021068162758124,
    1.0087427664385176,
    0.9981437969585351,
    0.9892445653701936,
    0.9819323000434281,
    0.9760441287063509,
    0.9714048110078051,
    0.9678485869216683
  ],