{
  "bias_mev": [
    -20.0,
    -19.666666666666668,
    -19.333333333333332,
    -19.0,
    -18.666666666666668,
    -18.333333333333332,
    -18.0,
    -17.666666666666668,
    -17.333333333333332,
    -17.0,
    -16.666666666666668,
    -16.333333333333332,
    -16.0,
    -15.666666666666668,
    -15.333333333333334,
    -15.0,
    -14.666666666666668,
    -14.333333333333334,
    -14.0,
    -13.666666666666668,
    -13.333333333333334,
    -13.0,
    -12.666666666666668,
    -12.333333333333334,
    -12.0,
    -11.666666666666668,
    -11.333333333333334,
    -11.0,
    -10.666666666666668,
    -10.333333333333334,
    -10.0,
    -9.666666666666668,
    -9.333333333333334,
    -9.0,
    -8.666666666666668,
    -8.333333333333334,
    -8.0,
    -7.666666666666668,
    -7.333333333333334,
    -7.0,
    -6.666666666666668,
    -6.333333333333334,
    -6.0,
    -5.666666666666668,
    -5.333333333333334,
    -5.0,
    -4.666666666666668,
    -4.333333333333334,
    -4.0,
    -3.666666666666668,
    -3.3333333333333357,
    -3.0,
    -2.666666666666668,
    -2.3333333333333357,
    -2.0,
    -1.6666666666666679,
    -1.3333333333333357,
    -1.0,
    -0.6666666666666679,
    -0.3333333333333357,
    0.0,
    0.33333333333333215,
    0.6666666666666643,
    1.0,
    1.3333333333333321,
    1.6666666666666643,
    2.0,
    2.333333333333332,
    2.6666666666666643,
    3.0,
    3.333333333333332,
    3.6666666666666643,
    4.0,
    4.333333333333332,
    4.666666666666664,
    5.0,
    5.333333333333332,
    5.666666666666664,
    6.0,
    6.333333333333332,
    6.666666666666664,
    7.0,
    7.333333333333332,
    7.666666666666664,
    8.0,
    8.333333333333332,
    8.666666666666664,
    9.0,
    9.333333333333332,
    9.666666666666664,
    10.0,
    10.333333333333332,
    10.666666666666664,
    11.0,
    11.333333333333332,
    11.666666666666664,
    12.0,
    12.333333333333329,
    12.666666666666664,
    13.0,
    13.333333333333329,
    13.666666666666664,
    14.0,
    14.333333333333329,
    14.666666666666664,
    15.0,
    15.333333333333329,
    15.666666666666664,
    16.0,
    16.33333333333333,
    16.666666666666664,
    17.0,
    17.33333333333333,
    17.666666666666664,
    18.0,
    18.33333333333333,
    18.666666666666664,
    19.0,
    19.33333333333333,
    19.666666666666664,
    20.0
  ],
  "conductance": [
    0.9689182621046379,
    0.9727127895603445,
    0.9775620969769453,
    0.9835759571132698,
    0.990847378825048,
    0.9994319623176402,
    1.0093187267368569,
    1.0203941647347043,
    1.032395957141306,
    1.0448427044892454,
    1.0569421220820625,
    1.0675518217977966,
    1.0753281346917918,
    1.0791049068861829,
    1.0783080416566855,
    1.0731130089145338,
    1.0642601738757367,
    1.0527092915783567,
    1.0393596757515569,
    1.0249232287321728,
    1.0098977193950898,
    0.994557563244424,
    0.9789415215807982,
    0.9628780388296366,
    0.9460872054481242,
    0.9283450199526755,
    0.9096357883669155,
    0.8902022621837606,
    0.8704654926677848,
    0.850879328177786,
    0.8318089943116294,
    0.8134734409055533,
    0.7959426784286385,
    0.7791723027365567,
    0.763065909347148,
    0.7475497155931141,
    0.7326244027691992,
    0.7183645066083888,
    0.7048754878677923,
    0.6922467394390331,
    0.6805270769635354,
    0.6697235131184461,
    0.659811897839363,
    0.6507495495908245,
    0.6424853147188979,
    0.6349661773902225,
    0.6281410577013316,
    0.6219627196654193,
    0.6163885428738254,
    0.6113806664533169,
    0.6069058157622339,
    0.6029349894489462,
    0.5994431033877103,
    0.5964086411698668,
    0.593813334839581,
    0.5916418856548232,
    0.589881727533202,
    0.5885228324516255,
    0.5875575556899906,
    0.5869805184939152,
    0.5867885259649571,
    0.5869805184939152,
    0.5875575556899905,
    0.5885228324516255,
    0.589881727533202,
    0.5916418856548232,
    0.593813334839581,
    0.5964086411698668,
    0.5994431033877101,
    0.602934989448946,
    0.6069058157622339,
    0.6113806664533167,
    0.6163885428738253,
    0.6219627196654192,
    0.6281410577013313,
    0.6349661773902225,
    0.6424853147188979,
    0.6507495495908244,
    0.659811897839363,
    0.6697235131184461,
    0.6805270769635352,
    0.692246739439033,
    0.7048754878677923,
    0.7183645066083887,
    0.732624402769199,
    0.7475497155931141,
    0.7630659093471478,
    0.7791723027365567,
    0.7959426784286384,
    0.8134734409055533,
    0.8318089943116292,
    0.8508793281777858,
    0.8704654926677846,
    0.8902022621837606,
    0.9096357883669155,
    0.9283450199526752,
    0.9460872054481243,
    0.9628780388296364,
    0.9789415215807978,
    0.9945575632444241,
    1.0098977193950898,
    1.0249232287321726,
    1.039359675751557,
    1.052709291578357,
    1.0642601738757365,
    1.0731130089145338,
    1.0783080416566857,
    1.0791049068861829,
    1.075328134691792,
    1.0675518217977968,
    1.0569421220820625,
    1.0448427044892457,
    1.0323959571413064,
    1.0203941647347043,
    1.0093187267368573,
    0.9994319623176406,
    0.990847378825048,
    0.9835759571132698,
    0.9775620969769457,
    0.9727127895603445,
    0.9689182621046377
  ],