{
  "bias_mev": [
    -20.0,
    -19.666666666666668,
    -19.333333333333332,
    -19.0,
    -18.666666666666668,
    -18.333333333333332,
    -18.0,
    -17.666666666666668,
    -17.333333333333332,
    -17.0,
    -16.666666666666668,
    -16.333333333333332,
    -16.0,
    -15.666666666666668,
    -15.333333333333334,
    -15.0,
    -14.666666666666668,
    -14.333333333333334,
    -14.0,
    -13.666666666666668,
    -13.333333333333334,
    -13.0,
    -12.666666666666668,
    -12.333333333333334,
    -12.0,
    -11.666666666666668,
    -11.333333333333334,
    -11.0,
    -10.666666666666668,
    -10.333333333333334,
    -10.0,
    -9.666666666666668,
    -9.333333333333334,
    -9.0,
    -8.666666666666668,
    -8.333333333333334,
    -8.0,
    -7.666666666666668,
    -7.333333333333334,
    -7.0,
    -6.666666666666668,
    -6.333333333333334,
    -6.0,
    -5.666666666666668,
    -5.333333333333334,
    -5.0,
    -4.666666666666668,
    -4.333333333333334,
    -4.0,
    -3.666666666666668,
    -3.3333333333333357,
    -3.0,
    -2.666666666666668,
    -2.3333333333333357,
    -2.0,
    -1.6666666666666679,
    -1.3333333333333357,
    -1.0,
    -0.6666666666666679,
    -0.3333333333333357,
    0.0,
    0.33333333333333215,
    0.6666666666666643,
    1.0,
    1.3333333333333321,
    1.6666666666666643,
    2.0,
    2.333333333333332,
    2.6666666666666643,
    3.0,
    3.333333333333332,
    3.6666666666666643,
    4.0,
    4.333333333333332,
    4.666666666666664,
    5.0,
    5.333333333333332,
    5.666666666666664,
    6.0,
    6.333333333333332,
    6.666666666666664,
    7.0,
    7.333333333333332,
    7.666666666666664,
    8.0,
    8.333333333333332,
    8.666666666666664,
    9.0,
    9.333333333333332,
    9.666666666666664,
    10.0,
    10.333333333333332,
    10.666666666666664,
    11.0,
    11.333333333333332,
    11.666666666666664,
    12.0,
    12.333333333333329,
    12.666666666666664,
    13.0,
    13.333333333333329,
    13.666666666666664,
    14.0,
    14.333333333333329,
    14.666666666666664,
    15.0,
    15.333333333333329,
    15.666666666666664,
    16.0,
    16.33333333333333,
    16.666666666666664,
    17.0,
    17.33333333333333,
    17.666666666666664,
    18.0,
    18.33333333333333,
    18.666666666666664,
    19.0,
    19.33333333333333,
    19.666666666666664,
    20.0
  ],
  "conductance": [
    0.9580655614260426,
    0.9629667683030249,
    0.9693344013953505,
    0.9773313280883299,
    0.9871156071494662,
    0.9988081019807842,
    1.0124324043991946,
    1.0278277467065864,
    1.0445324655394363,
    1.061585615011783,
    1.0772058229905401,
    1.088663824037808,
    1.093018101479575,
    1.0886276125229233,
    1.0760587107837116,
    1.0575029261109377,
    1.035488719070868,
    1.011975934486466,
    0.988165922873096,
    0.9647499159224513,
    0.9421347697428839,
    0.9204233254465763,
    0.899292074211534,
    0.8780143863570834,
    0.8557302885068724,
    0.8318793095528798,
    0.8065672549806067,
    0.7805558952499928,
    0.7548522427838509,
    0.7302771498317919,
    0.7072879392012417,
    0.6860015921830803,
    0.6662711210442581,
    0.6477614161118392,
    0.6300712430690951,
    0.6129322484183504,
    0.5963615475379308,
    0.580604028436462,
    0.565932264623404,
    0.5525050051298964,
    0.5403492441329136,
    0.5294048498809295,
    0.5195720178657051,
    0.510741620691063,
    0.5028101456906152,
    0.49568539615563467,
    0.4892876486186589,
    0.4835489002212634,
    0.47841148215725304,
    0.473826594686806,
    0.46975297645970937,
    0.4661557696932066,
    0.46300558126299346,
    0.46027771811038815,
    0.4579515704944493,
    0.4560101182637076,
    0.4544395390804982,
    0.45322890160651297,
    0.4523699303969486,
    0.4518568324817102,
    0.4516861783589103,
    0.4518568324817104,
    0.4523699303969485,
    0.453228901606513,
    0.4544395390804983,
    0.4560101182637074,
    0.4579515704944493,
    0.46027771811038826,
    0.4630055812629932,
    0.4661557696932066,
    0.4697529764597095,
    0.4738265946868057,
    0.478411482157253,
    0.4835489002212636,
    0.4892876486186588,
    0.49568539615563456,
    0.5028101456906154,
    0.5107416206910628,
    0.5195720178657051,
    0.5294048498809296,
    0.5403492441329134,
    0.5525050051298962,
    0.5659322646234042,
    0.5806040284364616,
    0.5963615475379307,
    0.6129322484183506,
    0.6300712430690948,
    0.6477614161118389,
    0.6662711210442582,
    0.6860015921830799,
    0.7072879392012414,
    0.7302771498317921,
    0.7548522427838504,
    0.7805558952499927,
    0.806567254980607,
    0.8318793095528793,
    0.8557302885068726,
    0.8780143863570834,
    0.8992920742115332,
    0.9204233254465768,
    0.942134769742884,
    0.9647499159224504,
    0.9881659228730965,
    1.011975934486466,
    1.035488719070867,
    1.057502926110938,
    1.076058710783712,
    1.0886276125229224,
    1.0930181014795752,
    1.0886638240378088,
    1.0772058229905397,
    1.061585615011783,
    1.044532465539437,
    1.0278277467065862,
    1.012432404399195,
    0.998808101980785,
    0.987115607149466,
    0.9773313280883299,
    0.9693344013953513,
    0.9629667683030247,
    0.9580655614260425
  ],