{
  "bias_mev": [
    -20.0,
    -19.666666666666668,
    -19.333333333333332,
    -19.0,
    -18.666666666666668,
    -18.333333333333332,
    -18.0,
    -17.666666666666668,
    -17.333333333333332,
    -17.0,
    -16.666666666666668,
    -16.333333333333332,
    -16.0,
    -15.666666666666668,
    -15.333333333333334,
    -15.0,
    -14.666666666666668,
    -14.333333333333334,
    -14.0,
    -13.666666666666668,
    -13.333333333333334,
    -13.0,
    -12.666666666666668,
    -12.333333333333334,
    -12.0,
    -11.666666666666668,
    -11.333333333333334,
    -11.0,
    -10.666666666666668,
    -10.333333333333334,
    -10.0,
    -9.666666666666668,
    -9.333333333333334,
    -9.0,
    -8.666666666666668,
    -8.333333333333334,
    -8.0,
    -7.666666666666668,
    -7.333333333333334,
    -7.0,
    -6.666666666666668,
    -6.333333333333334,
    -6.0,
    -5.666666666666668,
    -5.333333333333334,
    -5.0,
    -4.666666666666668,
    -4.333333333333334,
    -4.0,
    -3.666666666666668,
    -3.3333333333333357,
    -3.0,
    -2.666666666666668,
    -2.3333333333333357,
    -2.0,
    -1.6666666666666679,
    -1.3333333333333357,
    -1.0,
    -0.6666666666666679,
    -0.3333333333333357,
    0.0,
    0.33333333333333215,
    0.6666666666666643,
    1.0,
    1.3333333333333321,
    1.6666666666666643,
    2.0,
    2.333333333333332,
    2.6666666666666643,
    3.0,
    3.333333333333332,
    3.6666666666666643,
    4.0,
    4.333333333333332,
    4.666666666666664,
    5.0,
    5.333333333333332,
    5.666666666666664,
    6.0,
    6.333333333333332,
    6.666666666666664,
    7.0,
    7.333333333333332,
    7.666666666666664,
    8.0,
    8.333333333333332,
    8.666666666666664,
    9.0,
    9.333333333333332,
    9.666666666666664,
    10.0,
    10.333333333333332,
    10.666666666666664,
    11.0,
    11.333333333333332,
    11.666666666666664,
    12.0,
    12.333333333333329,
    12.666666666666664,
    13.0,
    13.333333333333329,
    13.666666666666664,
    14.0,
    14.333333333333329,
    14.666666666666664,
    15.0,
    15.333333333333329,
    15.666666666666664,
    16.0,
    16.33333333333333,
    16.666666666666664,
    17.0,
    17.33333333333333,
    17.666666666666664,
    18.0,
    18.33333333333333,
    18.666666666666664,
    19.0,
    19.33333333333333,
    19.666666666666664,
    20.0
  ],
  "conductance": [
    0.9773100243438576,
    0.9788377181619352,
    0.9816107712370877,
    0.9857496402739176,
    0.9913499746223284,
    0.9984339416270983,
    1.0068851088884951,
    1.0164081519378654,
    1.0265649096240497,
    1.0368497592833643,
    1.0466543209100303,
    1.0550965909522472,
    1.0609986547015184,
    1.0632709254813304,
    1.0614656436377203,
    1.0559794354229486,
    1.0477531195307215,
    1.0377862931114978,
    1.0268482615024976,
    1.0154900443754125,
    1.004140032052924,
    0.9930425427499744,
    0.9820767469904225,
    0.9706825240992735,
    0.9580314672657181,
    0.9433972813401277,
    0.9265533167524255,
    0.9079423679903116,
    0.8884744933053332,
    0.8691302612020358,
    0.8506545886288638,
    0.8334341915131556,
    0.8174922826156383,
    0.8025466243462961,
    0.7881513366088438,
    0.7739274703074042,
    0.7597598596965892,
    0.745807520020045,
    0.7323528706928921,
    0.7196466595527321,
    0.7078397477681508,
    0.6969868858767628,
    0.6870774645954415,
    0.6780654284930001,
    0.6698898655304535,
    0.6624868790449892,
    0.6557955718729983,
    0.6497606125421592,
    0.6443330037017079,
    0.6394699866795341,
    0.6351345802861156,
    0.6312950040648657,
    0.6279241038452479,
    0.6249988299434002,
    0.6224997853521731,
    0.620410846004348,
    0.6187188488094804,
    0.6174133410930718,
    0.6164863850090891,
    0.6159324113220861,
    0.6157481181241001,
    0.6159324113220863,
    0.616486385009089,
    0.6174133410930717,
    0.6187188488094802,
    0.6204108460043479,
    0.6224997853521732,
    0.6249988299434002,
    0.6279241038452479,
    0.6312950040648656,
    0.6351345802861157,
    0.6394699866795339,
    0.6443330037017079,
    0.6497606125421592,
    0.6557955718729982,
    0.662486879044989,
    0.6698898655304535,
    0.6780654284929997,
    0.6870774645954413,
    0.6969868858767629,
    0.7078397477681507,
    0.7196466595527319,
    0.7323528706928922,
    0.7458075200200448,
    0.759759859696589,
    0.773927470307404,
    0.7881513366088435,
    0.802546624346296,
    0.8174922826156382,
    0.8334341915131551,
    0.8506545886288638,
    0.8691302612020358,
    0.8884744933053331,
    0.9079423679903118,
    0.9265533167524257,
    0.9433972813401275,
    0.9580314672657181,
    0.9706825240992735,
    0.9820767469904224,
    0.9930425427499744,
    1.004140032052924,
    1.0154900443754122,
    1.0268482615024979,
    1.037786293111498,
    1.0477531195307213,
    1.0559794354229488,
    1.0614656436377206,
    1.06327092548133,
    1.0609986547015184,
    1.0550965909522478,
    1.0466543209100305,
    1.0368497592833643,
    1.02656490962405,
    1.0164081519378656,
    1.0068851088884954,
    0.9984339416270985,
    0.9913499746223284,
    0.9857496402739179,
    0.9816107712370878,
    0.9788377181619352,
    0.9773100243438574
  ],