{
  "bias_mev": [
    -20.0,
    -19.666666666666668,
    -19.333333333333332,
    -19.0,
    -18.666666666666668,
    -18.333333333333332,
    -18.0,
    -17.666666666666668,
    -17.333333333333332,
    -17.0,
    -16.666666666666668,
    -16.333333333333332,
    -16.0,
    -15.666666666666668,
    -15.333333333333334,
    -15.0,
    -14.666666666666668,
    -14.333333333333334,
    -14.0,
    -13.666666666666668,
    -13.333333333333334,
    -13.0,
    -12.666666666666668,
    -12.333333333333334,
    -12.0,
    -11.666666666666668,
    -11.333333333333334,
    -11.0,
    -10.666666666666668,
    -10.333333333333334,
    -10.0,
    -9.666666666666668,
    -9.333333333333334,
    -9.0,
    -8.666666666666668,
    -8.333333333333334,
    -8.0,
    -7.666666666666668,
    -7.333333333333334,
    -7.0,
    -6.666666666666668,
    -6.333333333333334,
    -6.0,
    -5.666666666666668,
    -5.333333333333334,
    -5.0,
    -4.666666666666668,
    -4.333333333333334,
    -4.0,
    -3.666666666666668,
    -3.3333333333333357,
    -3.0,
    -2.666666666666668,
    -2.3333333333333357,
    -2.0,
    -1.6666666666666679,
    -1.3333333333333357,
    -1.0,
    -0.6666666666666679,
    -0.3333333333333357,
    0.0,
    0.33333333333333215,
    0.6666666666666643,
    1.0,
    1.3333333333333321,
    1.6666666666666643,
    2.0,
    2.333333333333332,
    2.6666666666666643,
    3.0,
    3.333333333333332,
    3.6666666666666643,
    4.0,
    4.333333333333332,
    4.666666666666664,
    5.0,
    5.333333333333332,
    5.666666666666664,
    6.0,
    6.333333333333332,
    6.666666666666664,
    7.0,
    7.333333333333332,
    7.666666666666664,
    8.0,
    8.333333333333332,
    8.666666666666664,
    9.0,
    9.333333333333332,
    9.666666666666664,
    10.0,
    10.333333333333332,
    10.666666666666664,
    11.0,
    11.333333333333332,
    11.666666666666664,
    12.0,
    12.333333333333329,
    12.666666666666664,
    13.0,
    13.333333333333329,
    13.666666666666664,
    14.0,
    14.333333333333329,
    14.666666666666664,
    15.0,
    15.333333333333329,
    15.666666666666664,
    16.0,
    16.33333333333333,
    16.666666666666664,
    17.0,
    17.33333333333333,
    17.666666666666664,
    18.0,
    18.33333333333333,
    18.666666666666664,
    19.0,
    19.33333333333333,
    19.666666666666664,
    20.0
  ],
  "conductance": [
    0.9753192215955234,
    0.9784326493654174,
    0.9823199515668829,
    0.9870764939347497,
    0.9927860964745364,
    0.9995067562801555,
    1.0072522622529967,
    1.0159753429355791,
    1.025554737279455,
    1.0357764883147036,
    1.046296890942306,
    1.0566054511389795,
    1.0660494639812754,
    1.0739668370822257,
    1.0798795311176304,
    1.0836242376786065,
    1.0853404490392806,
    1.0853500958462476,
    1.0840241182442418,
    1.0816998736539842,
    1.0786438395202145,
    1.0750211665989664,
    1.0708600359703897,
    1.0660395799499252,
    1.060334941929114,
    1.0535191996541116,
    1.0454796311500263,
    1.036286935505823,
    1.026181691709232,
    1.0154964938806075,
    1.0045626563850942,
    0.993637372689124,
    0.982863142377226,
    0.9722636242884077,
    0.961780154418428,
    0.9513394266613959,
    0.9409184066880429,
    0.9305695913206913,
    0.9204009423526577,
    0.9105362624962883,
    0.9010833044252191,
    0.8921194462961982,
    0.8836911109049714,
    0.8758197275621482,
    0.8685090990133001,
    0.8617517796029066,
    0.855533816255628,
    0.8498379824887144,
    0.8446458633707963,
    0.839939142251761,
    0.8357003623507465,
    0.8319133550681361,
    0.8285634626022944,
    0.8256376370297551,
    0.8231244677374847,
    0.8210141695781118,
    0.8192985517739204,
    0.8179709798744268,
    0.8170263382745018,
    0.8164609978278329,
    0.8162727912472844,
    0.8164609978278329,
    0.8170263382745018,
    0.8179709798744268,
    0.8192985517739205,
    0.8210141695781118,
    0.8231244677374847,
    0.8256376370297551,
    0.8285634626022943,
    0.8319133550681361,
    0.8357003623507465,
    0.8399391422517608,
    0.8446458633707964,
    0.8498379824887144,
    0.8555338162556277,
    0.8617517796029064,
    0.8685090990133,
    0.8758197275621482,
    0.8836911109049714,
    0.8921194462961983,
    0.9010833044252191,
    0.9105362624962883,
    0.9204009423526577,
    0.9305695913206913,
    0.9409184066880432,
    0.9513394266613959,
    0.961780154418428,
    0.9722636242884077,
    0.982863142377226,
    0.993637372689124,
    1.0045626563850942,
    1.0154964938806075,
    1.026181691709232,
    1.036286935505823,
    1.0454796311500263,
    1.0535191996541113,
    1.060334941929114,
    1.0660395799499252,
    1.0708600359703897,
    1.0750211665989662,
    1.0786438395202143,
    1.0816998736539842,
    1.0840241182442418,
    1.0853500958462476,
    1.0853404490392806,
    1.0836242376786065,
    1.0798795311176304,
    1.0739668370822257,
    1.0660494639812754,
    1.0566054511389797,
    1.046296890942306,
    1.0357764883147036,
    1.0255547372794551,
    1.0159753429355791,
    1.0072522622529967,
    0.9995067562801555,
    0.9927860964745365,
    0.9870764939347497,
    0.982319951566883,
    0.9784326493654174,
    0.9753192215955233
  ],