{
  "bias_mev": [
    -20.0,
    -19.666666666666668,
    -19.333333333333332,
    -19.0,
    -18.666666666666668,
    -18.333333333333332,
    -18.0,
    -17.666666666666668,
    -17.333333333333332,
    -17.0,
    -16.666666666666668,
    -16.333333333333332,
    -16.0,
    -15.666666666666668,
    -15.333333333333334,
    -15.0,
    -14.666666666666668,
    -14.333333333333334,
    -14.0,
    -13.666666666666668,
    -13.333333333333334,
    -13.0,
    -12.666666666666668,
    -12.333333333333334,
    -12.0,
    -11.666666666666668,
    -11.333333333333334,
    -11.0,
    -10.666666666666668,
    -10.333333333333334,
    -10.0,
    -9.666666666666668,
    -9.333333333333334,
    -9.0,
    -8.666666666666668,
    -8.333333333333334,
    -8.0,
    -7.666666666666668,
    -7.333333333333334,
    -7.0,
    -6.666666666666668,
    -6.333333333333334,
    -6.0,
    -5.666666666666668,
    -5.333333333333334,
    -5.0,
    -4.666666666666668,
    -4.333333333333334,
    -4.0,
    -3.666666666666668,
    -3.3333333333333357,
    -3.0,
    -2.666666666666668,
    -2.3333333333333357,
    -2.0,
    -1.6666666666666679,
    -1.3333333333333357,
    -1.0,
    -0.6666666666666679,
    -0.3333333333333357,
    0.0,
    0.33333333333333215,
    0.6666666666666643,
    1.0,
    1.3333333333333321,
    1.6666666666666643,
    2.0,
    2.333333333333332,
    2.6666666666666643,
    3.0,
    3.333333333333332,
    3.6666666666666643,
    4.0,
    4.333333333333332,
    4.666666666666664,
    5.0,
    5.333333333333332,
    5.666666666666664,
    6.0,
    6.333333333333332,
    6.666666666666664,
    7.0,
    7.333333333333332,
    7.666666666666664,
    8.0,
    8.333333333333332,
    8.666666666666664,
    9.0,
    9.333333333333332,
    9.666666666666664,
    10.0,
    10.333333333333332,
    10.666666666666664,
    11.0,
    11.333333333333332,
    11.666666666666664,
    12.0,
    12.333333333333329,
    12.666666666666664,
    13.0,
    13.333333333333329,
    13.666666666666664,
    14.0,
    14.333333333333329,
    14.666666666666664,
    15.0,
    15.333333333333329,
    15.666666666666664,
    16.0,
    16.33333333333333,
    16.666666666666664,
    17.0,
    17.33333333333333,
    17.666666666666664,
    18.0,
    18.33333333333333,
    18.666666666666664,
    19.0,
    19.33333333333333,
    19.666666666666664,
    20.0
  ],
  "conductance": [
    0.9762742373831337,
    0.9778100576031632,
    0.9805402997625863,
    0.9846232150713998,
    0.9902391269334083,
    0.9975545298278964,
    1.0066182698084989,
    1.0171912460194608,
    1.0286908528920877,
    1.0404581646983637,
    1.05187092161893,
    1.06174991808008,
    1.0681425770682524,
    1.069542064871879,
    1.0660420248459797,
    1.0589998999611006,
    1.0500210687100113,
    1.0401201479786848,
    1.0296270785163089,
    1.0188154613549487,
    1.0082816501607057,
    0.998548294252487,
    0.9895230000878746,
    0.9804383573848954,
    0.9701798513151999,
    0.9575711927389562,
    0.941978711978812,
    0.9239759297075043,
    0.9049420183638595,
    0.886182407328192,
    0.8685373865172433,
    0.8524145641540959,
    0.8378798408868569,
    0.8246429115997596,
    0.81202677086641,
    0.7992427569427933,
    0.7859720843801817,
    0.7725239121436017,
    0.7594177370988225,
    0.747032751721129,
    0.735547644025889,
    0.7250058152674919,
    0.7153816844522666,
    0.7066208919623763,
    0.6986606397703957,
    0.6914390161369898,
    0.6848988558351989,
    0.678989027032837,
    0.6736645572128668,
    0.6688862715765439,
    0.664620260213885,
    0.6608373190295422,
    0.657512427396123,
    0.6546242864979612,
    0.6521549241766779,
    0.6500893640966102,
    0.648415353988266,
    0.6471231470276995,
    0.6462053307985578,
    0.6456566991394338,
    0.6454741632056094,
    0.6456566991394346,
    0.6462053307985568,
    0.6471231470276996,
    0.6484153539882668,
    0.6500893640966094,
    0.6521549241766781,
    0.6546242864979618,
    0.6575124273961223,
    0.6608373190295422,
    0.6646202602138859,
    0.6688862715765431,
    0.6736645572128666,
    0.6789890270328378,
    0.6848988558351986,
    0.6914390161369894,
    0.6986606397703967,
    0.7066208919623758,
    0.7153816844522661,
    0.7250058152674927,
    0.7355476440258886,
    0.7470327517211287,
    0.7594177370988234,
    0.7725239121436012,
    0.7859720843801813,
    0.7992427569427943,
    0.8120267708664092,
    0.8246429115997589,
    0.837879840886858,
    0.8524145641540952,
    0.8685373865172428,
    0.8861824073281932,
    0.9049420183638589,
    0.9239759297075038,
    0.9419787119788131,
    0.9575711927389552,
    0.9701798513152001,
    0.9804383573848963,
    0.9895230000878726,
    0.9985482942524877,
    1.008281650160707,
    1.0188154613549467,
    1.0296270785163095,
    1.0401201479786857,
    1.050021068710009,
    1.0589998999611008,
    1.0660420248459805,
    1.0695420648718772,
    1.0681425770682524,
    1.061749918080082,
    1.0518709216189288,
    1.0404581646983637,
    1.0286908528920888,
    1.0171912460194596,
    1.0066182698084987,
    0.9975545298278977,
    0.9902391269334072,
    0.9846232150714002,
    0.9805402997625877,
    0.9778100576031626,
    0.9762742373831333
  ],