{
  "bias_mev": [
    -20.0,
    -19.666666666666668,
    -19.333333333333332,
    -19.0,
    -18.666666666666668,
    -18.333333333333332,
    -18.0,
    -17.666666666666668,
    -17.333333333333332,
    -17.0,
    -16.666666666666668,
    -16.333333333333332,
    -16.0,
    -15.666666666666668,
    -15.333333333333334,
    -15.0,
    -14.666666666666668,
    -14.333333333333334,
    -14.0,
    -13.666666666666668,
    -13.333333333333334,
    -13.0,
    -12.666666666666668,
    -12.333333333333334,
    -12.0,
    -11.666666666666668,
    -11.333333333333334,
    -11.0,
    -10.666666666666668,
    -10.333333333333334,
    -10.0,
    -9.666666666666668,
    -9.333333333333334,
    -9.0,
    -8.666666666666668,
    -8.333333333333334,
    -8.0,
    -7.666666666666668,
    -7.333333333333334,
    -7.0,
    -6.666666666666668,
    -6.333333333333334,
    -6.0,
    -5.666666666666668,
    -5.333333333333334,
    -5.0,
    -4.666666666666668,
    -4.333333333333334,
    -4.0,
    -3.666666666666668,
    -3.3333333333333357,
    -3.0,
    -2.666666666666668,
    -2.3333333333333357,
    -2.0,
    -1.6666666666666679,
    -1.3333333333333357,
    -1.0,
    -0.6666666666666679,
    -0.3333333333333357,
    0.0,
    0.33333333333333215,
    0.6666666666666643,
    1.0,
    1.3333333333333321,
    1.6666666666666643,
    2.0,
    2.333333333333332,
    2.6666666666666643,
    3.0,
    3.333333333333332,
    3.6666666666666643,
    4.0,
    4.333333333333332,
    4.666666666666664,
    5.0,
    5.333333333333332,
    5.666666666666664,
    6.0,
    6.333333333333332,
    6.666666666666664,
    7.0,
    7.333333333333332,
    7.666666666666664,
    8.0,
    8.333333333333332,
    8.666666666666664,
    9.0,
    9.333333333333332,
    9.666666666666664,
    10.0,
    10.333333333333332,
    10.666666666666664,
    11.0,
    11.333333333333332,
    11.666666666666664,
    12.0,
    12.333333333333329,
    12.666666666666664,
    13.0,
    13.333333333333329,
    13.666666666666664,
    14.0,
    14.333333333333329,
    14.666666666666664,
    15.0,
    15.333333333333329,
    15.666666666666664,
    16.0,
    16.33333333333333,
    16.666666666666664,
    17.0,
    17.33333333333333,
    17.666666666666664,
    18.0,
    18.33333333333333,
    18.666666666666664,
    19.0,
    19.33333333333333,
    19.666666666666664,
    20.0
  ],
  "conductance": [
    0.975148990938201,
    0.9788239464834086,
    0.9830666034979358,
    0.9879638708861272,
    0.9936008971972514,
    1.000050329536743,
    1.007355612361836,
    1.0155121092767754,
    1.0244512689211014,
    1.0340263709006194,
    1.0439923786228484,
    1.0539901286237028,
    1.0635755418653072,
    1.072318824306322,
    1.0799273334581907,
    1.086308385368471,
    1.09153940627344,
    1.0957864206732333,
    1.0992333410864197,
    1.1020506086844368,
    1.1043845502930298,
    1.1063362263425602,
    1.1079271757304479,
    1.1090785182478278,
    1.1096284267277332,
    1.1093908257221858,
    1.1082344292782411,
    1.1061430541433326,
    1.1032235254409826,
    1.099664032332988,
    1.095675111825341,
    1.0914398397337757,
    1.0870807609628916,
    1.0826447398126804,
    1.0781116403004376,
    1.0734301017075416,
    1.0685652663836518,
    1.0635294338062662,
    1.058380588744152,
    1.05320023973174,
    1.048070587429041,
    1.0430612934499446,
    1.0382255150444435,
    1.033601148125782,
    1.0292139138504648,
    1.0250805299091716,
    1.0212113286451006,
    1.017612225416668,
    1.0142861346386107,
    1.0112339688058394,
    1.008455338895799,
    1.005949045808855,
    1.0037134266705119,
    1.0017466002106254,
    1.0000466415524678,
    0.9986117072062333,
    0.9974401245728295,
    0.9965304558418097,
    0.9958815431240705,
    0.9954925395296561,
    0.995362929370952,
    0.9954925395296562,
    0.9958815431240704,
    0.9965304558418095,
    0.9974401245728295,
    0.9986117072062332,
    1.0000466415524678,
    1.0017466002106254,
    1.0037134266705119,
    1.005949045808855,
    1.008455338895799,
    1.0112339688058392,
    1.0142861346386105,
    1.017612225416668,
    1.0212113286451006,
    1.0250805299091714,
    1.029213913850465,
    1.0336011481257819,
    1.0382255150444433,
    1.043061293449945,
    1.048070587429041,
    1.0532002397317397,
    1.0583805887441522,
    1.063529433806266,
    1.0685652663836516,
    1.0734301017075414,
    1.0781116403004374,
    1.0826447398126802,
    1.0870807609628919,
    1.0914398397337752,
    1.0956751118253407,
    1.099664032332988,
    1.1032235254409823,
    1.1061430541433326,
    1.1082344292782411,
    1.1093908257221856,
    1.1096284267277334,
    1.1090785182478278,
    1.1079271757304476,
    1.1063362263425605,
    1.10438455029303,
    1.1020506086844364,
    1.09923334108642,
    1.0957864206732335,
    1.0915394062734398,
    1.086308385368471,
    1.079927333458191,
    1.072318824306322,
    1.063575541865307,
    1.053990128623703,
    1.0439923786228484,
    1.0340263709006197,
    1.0244512689211016,
    1.0155121092767754,
    1.007355612361836,
    1.0000503295367433,
    0.9936008971972513,
    0.9879638708861272,
    0.9830666034979361,
    0.9788239464834084,
    0.9751489909382007
  ],