{
  "bias_mev": [
    -20.0,
    -19.666666666666668,
    -19.333333333333332,
    -19.0,
    -18.666666666666668,
    -18.333333333333332,
    -18.0,
    -17.666666666666668,
    -17.333333333333332,
    -17.0,
    -16.666666666666668,
    -16.333333333333332,
    -16.0,
    -15.666666666666668,
    -15.333333333333334,
    -15.0,
    -14.666666666666668,
    -14.333333333333334,
    -14.0,
    -13.666666666666668,
    -13.333333333333334,
    -13.0,
    -12.666666666666668,
    -12.333333333333334,
    -12.0,
    -11.666666666666668,
    -11.333333333333334,
    -11.0,
    -10.666666666666668,
    -10.333333333333334,
    -10.0,
    -9.666666666666668,
    -9.333333333333334,
    -9.0,
    -8.666666666666668,
    -8.333333333333334,
    -8.0,
    -7.666666666666668,
    -7.333333333333334,
    -7.0,
    -6.666666666666668,
    -6.333333333333334,
    -6.0,
    -5.666666666666668,
    -5.333333333333334,
    -5.0,
    -4.666666666666668,
    -4.333333333333334,
    -4.0,
    -3.666666666666668,
    -3.3333333333333357,
    -3.0,
    -2.666666666666668,
    -2.3333333333333357,
    -2.0,
    -1.6666666666666679,
    -1.3333333333333357,
    -1.0,
    -0.6666666666666679,
    -0.3333333333333357,
    0.0,
    0.33333333333333215,
    0.6666666666666643,
    1.0,
    1.3333333333333321,
    1.6666666666666643,
    2.0,
    2.333333333333332,
    2.6666666666666643,
    3.0,
    3.333333333333332,
    3.6666666666666643,
    4.0,
    4.333333333333332,
    4.666666666666664,
    5.0,
    5.333333333333332,
    5.666666666666664,
    6.0,
    6.333333333333332,
    6.666666666666664,
    7.0,
    7.333333333333332,
    7.666666666666664,
    8.0,
    8.333333333333332,
    8.666666666666664,
    9.0,
    9.333333333333332,
    9.666666666666664,
    10.0,
    10.333333333333332,
    10.666666666666664,
    11.0,
    11.333333333333332,
    11.666666666666664,
    12.0,
    12.333333333333329,
    12.666666666666664,
    13.0,
    13.333333333333329,
    13.666666666666664,
    14.0,
    14.333333333333329,
    14.666666666666664,
    15.0,
    15.333333333333329,
    15.666666666666664,
    16.0,
    16.33333333333333,
    16.666666666666664,
    17.0,
    17.33333333333333,
    17.666666666666664,
    18.0,
    18.33333333333333,
    18.666666666666664,
    19.0,
    19.33333333333333,
    19.666666666666664,
    20.0
  ],
  "conductance": [
    0.9744634468294122,
    0.9777654096631077,
    0.9818224594208829,
    0.9867381722327503,
    0.9926089688755981,
    0.9995080834849377,
    1.0074635092761512,
    1.016437700868295,
    1.026314119994271,
    1.036878129354593,
    1.047772863429421,
    1.058454552260832,
    1.068231316859875,
    1.0764356481981374,
    1.082644255072483,
    1.0867868108502499,
    1.0890826904381095,
    1.0898854525592765,
    1.0895523310595103,
    1.0883895849696872,
    1.0866383228501997,
    1.0844447094085037,
    1.0818111058956503,
    1.0785761185165612,
    1.0744661488427478,
    1.0692141502961814,
    1.0626920074786002,
    1.0549815772001325,
    1.046345833114079,
    1.0371331733667042,
    1.0276770741943022,
    1.0182249421897211,
    1.0089000319779957,
    0.9996993195859141,
    0.9905366866974565,
    0.9813223352667922,
    0.9720344529309011,
    0.9627384718953719,
    0.9535550325278439,
    0.9446136302986253,
    0.936021520947413,
    0.927853250757899,
    0.9201531452717651,
    0.9129425472344099,
    0.9062271857418266,
    0.9000030101007833,
    0.8942603027925501,
    0.8889863994762115,
    0.8841674182180298,
    0.8797893284430125,
    0.8758385954074818,
    0.8723025575409985,
    0.8691696381242782,
    0.8664294556277209,
    0.864072873190744,
    0.8620920126694392,
    0.8604802492392954,
    0.8592321966204326,
    0.8583436892673704,
    0.8578117655033721,
    0.8576346540624586,
    0.857811765503372,
    0.8583436892673704,
    0.8592321966204327,
    0.8604802492392954,
    0.8620920126694391,
    0.8640728731907441,
    0.8664294556277209,
    0.8691696381242782,
    0.8723025575409984,
    0.8758385954074817,
    0.8797893284430125,
    0.8841674182180297,
    0.888986399476211,
    0.89426030279255,
    0.9000030101007831,
    0.9062271857418263,
    0.9129425472344098,
    0.920153145271765,
    0.9278532507578989,
    0.9360215209474128,
    0.9446136302986253,
    0.9535550325278438,
    0.9627384718953717,
    0.9720344529309008,
    0.9813223352667921,
    0.9905366866974563,
    0.9996993195859141,
    1.0089000319779955,
    1.0182249421897211,
    1.0276770741943022,
    1.0371331733667042,
    1.0463458331140787,
    1.0549815772001327,
    1.0626920074785997,
    1.0692141502961814,
    1.0744661488427476,
    1.078576118516561,
    1.08181110589565,
    1.0844447094085032,
    1.0866383228501992,
    1.0883895849696872,
    1.0895523310595103,
    1.0898854525592765,
    1.0890826904381095,
    1.0867868108502496,
    1.0826442550724833,
    1.0764356481981372,
    1.0682313168598752,
    1.0584545522608322,
    1.047772863429421,
    1.036878129354593,
    1.0263141199942711,
    1.016437700868295,
    1.0074635092761512,
    0.9995080834849379,
    0.9926089688755982,
    0.9867381722327503,
    0.981822459420883,
    0.9777654096631079,
    0.9744634468294121
  ],