{
  "bias_mev": [
    -20.0,
    -19.666666666666668,
    -19.333333333333332,
    -19.0,
    -18.666666666666668,
    -18.333333333333332,
    -18.0,
    -17.666666666666668,
    -17.333333333333332,
    -17.0,
    -16.666666666666668,
    -16.333333333333332,
    -16.0,
    -15.666666666666668,
    -15.333333333333334,
    -15.0,
    -14.666666666666668,
    -14.333333333333334,
    -14.0,
    -13.666666666666668,
    -13.333333333333334,
    -13.0,
    -12.666666666666668,
    -12.333333333333334,
    -12.0,
    -11.666666666666668,
    -11.333333333333334,
    -11.0,
    -10.666666666666668,
    -10.333333333333334,
    -10.0,
    -9.666666666666668,
    -9.333333333333334,
    -9.0,
    -8.666666666666668,
    -8.333333333333334,
    -8.0,
    -7.666666666666668,
    -7.333333333333334,
    -7.0,
    -6.666666666666668,
    -6.333333333333334,
    -6.0,
    -5.666666666666668,
    -5.333333333333334,
    -5.0,
    -4.666666666666668,
    -4.333333333333334,
    -4.0,
    -3.666666666666668,
    -3.3333333333333357,
    -3.0,
    -2.666666666666668,
    -2.3333333333333357,
    -2.0,
    -1.6666666666666679,
    -1.3333333333333357,
    -1.0,
    -0.6666666666666679,
    -0.3333333333333357,
    0.0,
    0.33333333333333215,
    0.6666666666666643,
    1.0,
    1.3333333333333321,
    1.6666666666666643,
    2.0,
    2.333333333333332,
    2.6666666666666643,
    3.0,
    3.333333333333332,
    3.6666666666666643,
    4.0,
    4.333333333333332,
    4.666666666666664,
    5.0,
    5.333333333333332,
    5.666666666666664,
    6.0,
    6.333333333333332,
    6.666666666666664,
    7.0,
    7.333333333333332,
    7.666666666666664,
    8.0,
    8.333333333333332,
    8.666666666666664,
    9.0,
    9.333333333333332,
    9.666666666666664,
    10.0,
    10.333333333333332,
    10.666666666666664,
    11.0,
    11.333333333333332,
    11.666666666666664,
    12.0,
    12.333333333333329,
    12.666666666666664,
    13.0,
    13.333333333333329,
    13.666666666666664,
    14.0,
    14.333333333333329,
    14.666666666666664,
    15.0,
    15.333333333333329,
    15.666666666666664,
    16.0,
    16.33333333333333,
    16.666666666666664,
    17.0,
    17.33333333333333,
    17.666666666666664,
    18.0,
    18.33333333333333,
    18.666666666666664,
    19.0,
    19.33333333333333,
    19.666666666666664,
    20.0
  ],
  "conductance": [
    0.9840766991619806,
    0.984756014073172,
    0.9863754102867062,
    0.9890453586990369,
    0.9928797575175218,
    0.997968700132249,
    1.00431799542083,
    1.011773568351361,
    1.0200300305468157,
    1.0287764658103276,
    1.0376983250154308,
    1.0461046371582199,
    1.052673060957682,
    1.0559940295754644,
    1.0555030073120637,
    1.0516798438494779,
    1.0455232256766178,
    1.0379367418310126,
    1.0294542923980285,
    1.0204168277622023,
    1.0112234197631724,
    1.002255867009035,
    0.9936122202454724,
    0.9849723608500613,
    0.9756940177914201,
    0.9650524459190973,
    0.9526483869485306,
    0.9387395521569255,
    0.9240419791995045,
    0.9092941374045783,
    0.8950274151042894,
    0.8815416245600556,
    0.8689341298341768,
    0.8571091823055196,
    0.8458040413103107,
    0.8347320801005417,
    0.823788944015501,
    0.8130823676897941,
    0.8027909149751905,
    0.7930521439123392,
    0.7839377814946682,
    0.7754695412773016,
    0.7676395056364906,
    0.7604246151586109,
    0.7537952959317535,
    0.7477202063313807,
    0.7421687147288972,
    0.7371121139078634,
    0.7325241493917805,
    0.7283811832075086,
    0.724662170362871,
    0.7213485453553203,
    0.718424071831288,
    0.7158746840394529,
    0.7136883351433982,
    0.7118548599440411,
    0.7103658554452756,
    0.7092145804965148,
    0.7083958746328767,
    0.7079060957378788,
    0.7077430760068208,
    0.7079060957378795,
    0.7083958746328759,
    0.7092145804965148,
    0.7103658554452763,
    0.7118548599440402,
    0.7136883351433981,
    0.7158746840394538,
    0.7184240718312871,
    0.7213485453553206,
    0.7246621703628718,
    0.7283811832075078,
    0.7325241493917801,
    0.7371121139078641,
    0.7421687147288968,
    0.7477202063313803,
    0.7537952959317543,
    0.7604246151586106,
    0.7676395056364904,
    0.7754695412773024,
    0.7839377814946678,
    0.7930521439123389,
    0.8027909149751914,
    0.8130823676897935,
    0.8237889440155004,
    0.8347320801005426,
    0.8458040413103102,
    0.8571091823055194,
    0.8689341298341778,
    0.8815416245600547,
    0.8950274151042892,
    0.9092941374045792,
    0.9240419791995037,
    0.9387395521569252,
    0.9526483869485315,
    0.9650524459190962,
    0.9756940177914204,
    0.9849723608500622,
    0.9936122202454711,
    1.0022558670090354,
    1.011223419763173,
    1.0204168277622006,
    1.0294542923980294,
    1.0379367418310137,
    1.045523225676616,
    1.0516798438494785,
    1.0555030073120644,
    1.055994029575463,
    1.0526730609576822,
    1.0461046371582212,
    1.0376983250154297,
    1.0287764658103276,
    1.020030030546817,
    1.0117735683513598,
    1.0043179954208303,
    0.9979687001322503,
    0.992879757517521,
    0.9890453586990368,
    0.9863754102867072,
    0.9847560140731716,
    0.9840766991619806
  ],