{
  "bias_mev": [
    -20.0,
    -19.666666666666668,
    -19.333333333333332,
    -19.0,
    -18.666666666666668,
    -18.333333333333332,
    -18.0,
    -17.666666666666668,
    -17.333333333333332,
    -17.0,
    -16.666666666666668,
    -16.333333333333332,
    -16.0,
    -15.666666666666668,
    -15.333333333333334,
    -15.0,
    -14.666666666666668,
    -14.333333333333334,
    -14.0,
    -13.666666666666668,
    -13.333333333333334,
    -13.0,
    -12.666666666666668,
    -12.333333333333334,
    -12.0,
    -11.666666666666668,
    -11.333333333333334,
    -11.0,
    -10.666666666666668,
    -10.333333333333334,
    -10.0,
    -9.666666666666668,
    -9.333333333333334,
    -9.0,
    -8.666666666666668,
    -8.333333333333334,
    -8.0,
    -7.666666666666668,
    -7.333333333333334,
    -7.0,
    -6.666666666666668,
    -6.333333333333334,
    -6.0,
    -5.666666666666668,
    -5.333333333333334,
    -5.0,
    -4.666666666666668,
    -4.333333333333334,
    -4.0,
    -3.666666666666668,
    -3.3333333333333357,
    -3.0,
    -2.666666666666668,
    -2.3333333333333357,
    -2.0,
    -1.6666666666666679,
    -1.3333333333333357,
    -1.0,
    -0.6666666666666679,
    -0.3333333333333357,
    0.0,
    0.33333333333333215,
    0.6666666666666643,
    1.0,
    1.3333333333333321,
    1.6666666666666643,
    2.0,
    2.333333333333332,
    2.6666666666666643,
    3.0,
    3.333333333333332,
    3.6666666666666643,
    4.0,
    4.333333333333332,
    4.666666666666664,
    5.0,
    5.333333333333332,
    5.666666666666664,
    6.0,
    6.333333333333332,
    6.666666666666664,
    7.0,
    7.333333333333332,
    7.666666666666664,
    8.0,
    8.333333333333332,
    8.666666666666664,
    9.0,
    9.333333333333332,
    9.666666666666664,
    10.0,
    10.333333333333332,
    10.666666666666664,
    11.0,
    11.333333333333332,
    11.666666666666664,
    12.0,
    12.333333333333329,
    12.666666666666664,
    13.0,
    13.333333333333329,
    13.666666666666664,
    14.0,
    14.333333333333329,
    14.666666666666664,
    15.0,
    15.333333333333329,
    15.666666666666664,
    16.0,
    16.33333333333333,
    16.666666666666664,
    17.0,
    17.33333333333333,
    17.666666666666664,
    18.0,
    18.33333333333333,
    18.666666666666664,
    19.0,
    19.33333333333333,
    19.666666666666664,
    20.0
  ],
  "conductance": [
    0.9771700390850738,
    0.9804199576129693,
    0.9841688597064986,
    0.9885221390843096,
    0.9936091384331486,
    0.9995745858656311,
    1.0065288085004354,
    1.0144392319587625,
    1.023109297958301,
    1.0324579417948705,
    1.0426468017839727,
    1.0536302556748394,
    1.0646622376083323,
    1.0746409443951819,
    1.0830332042452104,
    1.0900032974070233,
    1.0960527118796226,
    1.1015868981939863,
    1.106682728540367,
    1.1113387495952178,
    1.115802740303735,
    1.1204450027338588,
    1.1254339924517796,
    1.1305602649812576,
    1.1353209068089227,
    1.1390254842045722,
    1.1411766502867193,
    1.1418948271941665,
    1.1416454037699597,
    1.1408726277132402,
    1.1399045560992487,
    1.138976635930463,
    1.1382386732885843,
    1.1376851086370094,
    1.1370597257634238,
    1.1360049521223623,
    1.1344076910359573,
    1.1323977590827992,
    1.1301493171199561,
    1.1277920596563273,
    1.125409235056021,
    1.1230532773952608,
    1.120757909012704,
    1.1185454370115955,
    1.1164309918056499,
    1.1144250375999611,
    1.112534911308465,
    1.1107658003474625,
    1.109121384820827,
    1.1076042718029175,
    1.1062162965482674,
    1.1049587359599475,
    1.1038324626394234,
    1.1028380577129069,
    1.1019758944140707,
    1.1012462004799712,
    1.1006491048743667,
    1.100184672661519,
    1.0998529306991824,
    1.0996538860086924,
    1.0995875380908198,
    1.0996538860086937,
    1.0998529306991816,
    1.100184672661519,
    1.1006491048743678,
    1.10124620047997,
    1.101975894414071,
    1.1028380577129082,
    1.103832462639422,
    1.1049587359599475,
    1.1062162965482683,
    1.1076042718029162,
    1.1091213848208266,
    1.1107658003474639,
    1.1125349113084646,
    1.1144250375999607,
    1.116430991805651,
    1.1185454370115948,
    1.1207579090127033,
    1.1230532773952624,
    1.1254092350560205,
    1.1277920596563267,
    1.1301493171199575,
    1.1323977590827985,
    1.1344076910359568,
    1.1360049521223636,
    1.1370597257634234,
    1.1376851086370088,
    1.1382386732885856,
    1.1389766359304625,
    1.1399045560992478,
    1.1408726277132413,
    1.141645403769959,
    1.1418948271941658,
    1.1411766502867204,
    1.139025484204571,
    1.1353209068089232,
    1.130560264981259,
    1.1254339924517776,
    1.1204450027338593,
    1.115802740303736,
    1.1113387495952158,
    1.1066827285403675,
    1.1015868981939876,
    1.096052711879621,
    1.090003297407024,
    1.0830332042452118,
    1.0746409443951803,
    1.0646622376083326,
    1.0536302556748405,
    1.0426468017839716,
    1.0324579417948703,
    1.023109297958302,
    1.0144392319587612,
    1.0065288085004351,
    0.9995745858656321,
    0.9936091384331477,
    0.9885221390843095,
    0.9841688597064998,
    0.980419957612969,
    0.9771700390850738
  ],