{
  "bias_mev": [
    -20.0,
    -19.666666666666668,
    -19.333333333333332,
    -19.0,
    -18.666666666666668,
    -18.333333333333332,
    -18.0,
    -17.666666666666668,
    -17.333333333333332,
    -17.0,
    -16.666666666666668,
    -16.333333333333332,
    -16.0,
    -15.666666666666668,
    -15.333333333333334,
    -15.0,
    -14.666666666666668,
    -14.333333333333334,
    -14.0,
    -13.666666666666668,
    -13.333333333333334,
    -13.0,
    -12.666666666666668,
    -12.333333333333334,
    -12.0,
    -11.666666666666668,
    -11.333333333333334,
    -11.0,
    -10.666666666666668,
    -10.333333333333334,
    -10.0,
    -9.666666666666668,
    -9.333333333333334,
    -9.0,
    -8.666666666666668,
    -8.333333333333334,
    -8.0,
    -7.666666666666668,
    -7.333333333333334,
    -7.0,
    -6.666666666666668,
    -6.333333333333334,
    -6.0,
    -5.666666666666668,
    -5.333333333333334,
    -5.0,
    -4.666666666666668,
    -4.333333333333334,
    -4.0,
    -3.666666666666668,
    -3.3333333333333357,
    -3.0,
    -2.666666666666668,
    -2.3333333333333357,
    -2.0,
    -1.6666666666666679,
    -1.3333333333333357,
    -1.0,
    -0.6666666666666679,
    -0.3333333333333357,
    0.0,
    0.33333333333333215,
    0.6666666666666643,
    1.0,
    1.3333333333333321,
    1.6666666666666643,
    2.0,
    2.333333333333332,
    2.6666666666666643,
    3.0,
    3.333333333333332,
    3.6666666666666643,
    4.0,
    4.333333333333332,
    4.666666666666664,
    5.0,
    5.333333333333332,
    5.666666666666664,
    6.0,
    6.333333333333332,
    6.666666666666664,
    7.0,
    7.333333333333332,
    7.666666666666664,
    8.0,
    8.333333333333332,
    8.666666666666664,
    9.0,
    9.333333333333332,
    9.666666666666664,
    10.0,
    10.333333333333332,
    10.666666666666664,
    11.0,
    11.333333333333332,
    11.666666666666664,
    12.0,
    12.333333333333329,
    12.666666666666664,
    13.0,
    13.333333333333329,
    13.666666666666664,
    14.0,
    14.333333333333329,
    14.666666666666664,
    15.0,
    15.333333333333329,
    15.666666666666664,
    16.0,
    16.33333333333333,
    16.666666666666664,
    17.0,
    17.33333333333333,
    17.666666666666664,
    18.0,
    18.33333333333333,
    18.666666666666664,
    19.0,
    19.33333333333333,
    19.666666666666664,
    20.0
  ],
  "conductance": [
    0.984813393447566,
    0.9853499254585631,
    0.9868912453516885,
    0.9895243340364157,
    0.9933158016785026,
    0.9982843172472634,
    1.0043648888513343,
    1.0113831665752901,
    1.019058294020669,
    1.0270146333327084,
    1.034743601150123,
    1.0415200789502606,
    1.0464165678024782,
    1.0485473760987567,
    1.0474297256105685,
    1.0431682750180895,
    1.0363263513140197,
    1.0276301448418632,
    1.0177372611465438,
    1.0071672386727195,
    0.9963140271377666,
    0.9854200849932858,
    0.974502327159092,
    0.9633190274125092,
    0.9514515433167263,
    0.9384963972322219,
    0.9242858007111737,
    0.9090035629300199,
    0.8931139250169116,
    0.8771702021632528,
    0.861640312243359,
    0.8468176030088811,
    0.8328043512946038,
    0.8195408237712285,
    0.8068732575807257,
    0.794651337072067,
    0.7828105347607589,
    0.771388543784198,
    0.7604799443691049,
    0.7501791410018057,
    0.7405481484667384,
    0.7316113193713693,
    0.7233637421307549,
    0.7157823179133879,
    0.708834706733116,
    0.7024852440016266,
    0.696698404688679,
    0.691440633074567,
    0.6866811895417199,
    0.6823924457308037,
    0.6785498889937727,
    0.6751319858735528,
    0.6721199874109601,
    0.6694977205559429,
    0.6672513883985824,
    0.6653693901288126,
    0.6638421653240905,
    0.6626620639156181,
    0.6618232416265035,
    0.6613215800458545,
    0.6611546303774517,
    0.6613215800458548,
    0.6618232416265032,
    0.6626620639156181,
    0.6638421653240907,
    0.6653693901288125,
    0.6672513883985824,
    0.669497720555943,
    0.67211998741096,
    0.6751319858735529,
    0.6785498889937728,
    0.6823924457308034,
    0.6866811895417199,
    0.6914406330745672,
    0.6966984046886789,
    0.7024852440016265,
    0.708834706733116,
    0.7157823179133875,
    0.7233637421307548,
    0.7316113193713695,
    0.7405481484667383,
    0.7501791410018056,
    0.760479944369105,
    0.7713885437841977,
    0.7828105347607589,
    0.7946513370720673,
    0.8068732575807254,
    0.8195408237712285,
    0.8328043512946038,
    0.8468176030088809,
    0.861640312243359,
    0.8771702021632529,
    0.8931139250169116,
    0.9090035629300199,
    0.9242858007111737,
    0.9384963972322216,
    0.9514515433167263,
    0.9633190274125092,
    0.9745023271590917,
    0.985420084993286,
    0.996314027137767,
    1.0071672386727193,
    1.0177372611465443,
    1.0276301448418634,
    1.0363263513140193,
    1.0431682750180895,
    1.0474297256105687,
    1.0485473760987563,
    1.0464165678024782,
    1.041520078950261,
    1.034743601150123,
    1.0270146333327086,
    1.0190582940206694,
    1.01138316657529,
    1.0043648888513343,
    0.9982843172472639,
    0.9933158016785026,
    0.9895243340364157,
    0.9868912453516888,
    0.985349925458563,
    0.9848133934475659
  ],