{
  "bias_mev": [
    -20.0,
    -19.666666666666668,
    -19.333333333333332,
    -19.0,
    -18.666666666666668,
    -18.333333333333332,
    -18.0,
    -17.666666666666668,
    -17.333333333333332,
    -17.0,
    -16.666666666666668,
    -16.333333333333332,
    -16.0,
    -15.666666666666668,
    -15.333333333333334,
    -15.0,
    -14.666666666666668,
    -14.333333333333334,
    -14.0,
    -13.666666666666668,
    -13.333333333333334,
    -13.0,
    -12.666666666666668,
    -12.333333333333334,
    -12.0,
    -11.666666666666668,
    -11.333333333333334,
    -11.0,
    -10.666666666666668,
    -10.333333333333334,
    -10.0,
    -9.666666666666668,
    -9.333333333333334,
    -9.0,
    -8.666666666666668,
    -8.333333333333334,
    -8.0,
    -7.666666666666668,
    -7.333333333333334,
    -7.0,
    -6.666666666666668,
    -6.333333333333334,
    -6.0,
    -5.666666666666668,
    -5.333333333333334,
    -5.0,
    -4.666666666666668,
    -4.333333333333334,
    -4.0,
    -3.666666666666668,
    -3.3333333333333357,
    -3.0,
    -2.666666666666668,
    -2.3333333333333357,
    -2.0,
    -1.6666666666666679,
    -1.3333333333333357,
    -1.0,
    -0.6666666666666679,
    -0.3333333333333357,
    0.0,
    0.33333333333333215,
    0.6666666666666643,
    1.0,
    1.3333333333333321,
    1.6666666666666643,
    2.0,
    2.333333333333332,
    2.6666666666666643,
    3.0,
    3.333333333333332,
    3.6666666666666643,
    4.0,
    4.333333333333332,
    4.666666666666664,
    5.0,
    5.333333333333332,
    5.666666666666664,
    6.0,
    6.333333333333332,
    6.666666666666664,
    7.0,
    7.333333333333332,
    7.666666666666664,
    8.0,
    8.333333333333332,
    8.666666666666664,
    9.0,
    9.333333333333332,
    9.666666666666664,
    10.0,
    10.333333333333332,
    10.666666666666664,
    11.0,
    11.333333333333332,
    11.666666666666664,
    12.0,
    12.333333333333329,
    12.666666666666664,
    13.0,
    13.333333333333329,
    13.666666666666664,
    14.0,
    14.333333333333329,
    14.666666666666664,
    15.0,
    15.333333333333329,
    15.666666666666664,
    16.0,
    16.33333333333333,
    16.666666666666664,
    17.0,
    17.33333333333333,
    17.666666666666664,
    18.0,
    18.33333333333333,
    18.666666666666664,
    19.0,
    19.33333333333333,
    19.666666666666664,
    20.0
  ],
  "conductance": [
    0.977149161915228,
    0.9802329440506553,
    0.9839765126609963,
    0.9884577471130908,
    0.9937427361991835,
    0.9998742285378014,
    1.0068558443397142,
    1.014634717753669,
    1.0230849562512085,
    1.0319911511784527,
    1.041032453507139,
    1.0497817221625931,
    1.057747941177712,
    1.0644725319850765,
    1.0696419444647611,
    1.073152201458754,
    1.0750925922689494,
    1.0756720920024891,
    1.0751387056293922,
    1.0737251858582744,
    1.071620193663347,
    1.0689462789861524,
    1.0657374962524946,
    1.0619307095521207,
    1.0573896789728006,
    1.0519645802505424,
    1.0455655745334644,
    1.0382152831198215,
    1.0300543232376063,
    1.021302173077466,
    1.0121981898232437,
    1.0029480525759797,
    0.9936891283545014,
    0.9844803450316325,
    0.9753189760074156,
    0.9661791025192653,
    0.9570536989329657,
    0.9479781117803031,
    0.939026317420675,
    0.9302900774875891,
    0.9218572067771127,
    0.9137983449874733,
    0.9061629280595149,
    0.8989809773457447,
    0.8922672468536604,
    0.88602559972604,
    0.8802526935495852,
    0.8749407596660649,
    0.8700795696605588,
    0.8656577712494768,
    0.8616637701211343,
    0.8580862986486713,
    0.8549147744023275,
    0.8521395201765469,
    0.8497518942073651,
    0.8477443631426095,
    0.8461105393800368,
    0.8448451970590716,
    0.8439442761108066,
    0.8434048805126714,
    0.8432252746939208,
    0.8434048805126716,
    0.8439442761108064,
    0.8448451970590716,
    0.8461105393800368,
    0.8477443631426094,
    0.8497518942073651,
    0.852139520176547,
    0.8549147744023273,
    0.8580862986486713,
    0.8616637701211344,
    0.8656577712494764,
    0.8700795696605588,
    0.8749407596660649,
    0.8802526935495849,
    0.88602559972604,
    0.8922672468536605,
    0.8989809773457446,
    0.9061629280595147,
    0.9137983449874733,
    0.9218572067771124,
    0.9302900774875892,
    0.9390263174206749,
    0.947978111780303,
    0.9570536989329657,
    0.9661791025192655,
    0.9753189760074151,
    0.9844803450316323,
    0.9936891283545014,
    1.0029480525759797,
    1.0121981898232437,
    1.021302173077466,
    1.0300543232376058,
    1.0382152831198213,
    1.0455655745334644,
    1.0519645802505422,
    1.0573896789728003,
    1.0619307095521204,
    1.0657374962524941,
    1.0689462789861521,
    1.071620193663347,
    1.0737251858582741,
    1.0751387056293922,
    1.0756720920024891,
    1.0750925922689492,
    1.0731522014587538,
    1.0696419444647611,
    1.0644725319850763,
    1.057747941177712,
    1.0497817221625931,
    1.041032453507139,
    1.0319911511784525,
    1.0230849562512085,
    1.014634717753669,
    1.006855844339714,
    0.9998742285378014,
    0.9937427361991835,
    0.9884577471130906,
    0.9839765126609964,
    0.9802329440506552,
    0.9771491619152279
  ],