{
  "bias_mev": [
    -20.0,
    -19.666666666666668,
    -19.333333333333332,
    -19.0,
    -18.666666666666668,
    -18.333333333333332,
    -18.0,
    -17.666666666666668,
    -17.333333333333332,
    -17.0,
    -16.666666666666668,
    -16.333333333333332,
    -16.0,
    -15.666666666666668,
    -15.333333333333334,
    -15.0,
    -14.666666666666668,
    -14.333333333333334,
    -14.0,
    -13.666666666666668,
    -13.333333333333334,
    -13.0,
    -12.666666666666668,
    -12.333333333333334,
    -12.0,
    -11.666666666666668,
    -11.333333333333334,
    -11.0,
    -10.666666666666668,
    -10.333333333333334,
    -10.0,
    -9.666666666666668,
    -9.333333333333334,
    -9.0,
    -8.666666666666668,
    -8.333333333333334,
    -8.0,
    -7.666666666666668,
    -7.333333333333334,
    -7.0,
    -6.666666666666668,
    -6.333333333333334,
    -6.0,
    -5.666666666666668,
    -5.333333333333334,
    -5.0,
    -4.666666666666668,
    -4.333333333333334,
    -4.0,
    -3.666666666666668,
    -3.3333333333333357,
    -3.0,
    -2.666666666666668,
    -2.3333333333333357,
    -2.0,
    -1.6666666666666679,
    -1.3333333333333357,
    -1.0,
    -0.6666666666666679,
    -0.3333333333333357,
    0.0,
    0.33333333333333215,
    0.6666666666666643,
    1.0,
    1.3333333333333321,
    1.6666666666666643,
    2.0,
    2.333333333333332,
    2.6666666666666643,
    3.0,
    3.333333333333332,
    3.6666666666666643,
    4.0,
    4.333333333333332,
    4.666666666666664,
    5.0,
    5.333333333333332,
    5.666666666666664,
    6.0,
    6.333333333333332,
    6.666666666666664,
    7.0,
    7.333333333333332,
    7.666666666666664,
    8.0,
    8.333333333333332,
    8.666666666666664,
    9.0,
    9.333333333333332,
    9.666666666666664,
    10.0,
    10.333333333333332,
    10.666666666666664,
    11.0,
    11.333333333333332,
    11.666666666666664,
    12.0,
    12.333333333333329,
    12.666666666666664,
    13.0,
    13.333333333333329,
    13.666666666666664,
    14.0,
    14.333333333333329,
    14.666666666666664,
    15.0,
    15.333333333333329,
    15.666666666666664,
    16.0,
    16.33333333333333,
    16.666666666666664,
    17.0,
    17.33333333333333,
    17.666666666666664,
    18.0,
    18.33333333333333,
    18.666666666666664,
    19.0,
    19.33333333333333,
    19.666666666666664,
    20.0
  ],
  "conductance": [
    0.9720203480708084,
    0.9745790323442739,
    0.9786203764142498,
    0.9842094027980999,
    0.991346553845412,
    0.9999159578368472,
    1.009626843598378,
    1.0199725290063117,
    1.030228116377852,
    1.0394808397077655,
    1.0466784539672418,
    1.050733966801569,
    1.0507538068049544,
    1.0463377908888412,
    1.037747074777621,
    1.0257909673571777,
    1.0115098857865314,
    0.9958707901247192,
    0.9796230004495096,
    0.9632877693366461,
    0.9471577774214992,
    0.9312481016433695,
    0.9152615480633469,
    0.8986577823073655,
    0.8808434747232465,
    0.8614245290647689,
    0.8404166362895646,
    0.8182963575984069,
    0.7958467257510579,
    0.7738891451384089,
    0.7530507211307975,
    0.7336470435447272,
    0.7156739519865726,
    0.6988781675849466,
    0.6828899229759605,
    0.6673899192564744,
    0.65224169546785,
    0.6375170203968166,
    0.6234146590714413,
    0.610146555670202,
    0.5978616755148761,
    0.5866248786012298,
    0.5764311233104016,
    0.5672307853301704,
    0.5589521658497367,
    0.5515169042353247,
    0.5448488656028528,
    0.5388784660679153,
    0.5335442571853481,
    0.5287930475134986,
    0.5245793406077582,
    0.5208645212706327,
    0.5176160094773793,
    0.5148064820038993,
    0.5124131991214752,
    0.5104174431790877,
    0.5088040625478563,
    0.5075611098020202,
    0.5066795626018991,
    0.5061531171797644,
    0.5059780464626131,
    0.5061531171797644,
    0.5066795626018992,
    0.5075611098020202,
    0.5088040625478564,
    0.5104174431790877,
    0.5124131991214753,
    0.5148064820038996,
    0.5176160094773792,
    0.5208645212706328,
    0.5245793406077582,
    0.5287930475134985,
    0.533544257185348,
    0.5388784660679153,
    0.5448488656028528,
    0.5515169042353247,
    0.5589521658497366,
    0.5672307853301702,
    0.5764311233104016,
    0.5866248786012297,
    0.5978616755148759,
    0.610146555670202,
    0.6234146590714414,
    0.6375170203968163,
    0.65224169546785,
    0.6673899192564743,
    0.6828899229759604,
    0.6988781675849466,
    0.7156739519865726,
    0.733647043544727,
    0.7530507211307976,
    0.773889145138409,
    0.7958467257510576,
    0.8182963575984069,
    0.840416636289565,
    0.8614245290647689,
    0.8808434747232465,
    0.8986577823073653,
    0.9152615480633465,
    0.9312481016433695,
    0.947157777421499,
    0.9632877693366461,
    0.9796230004495096,
    0.9958707901247195,
    1.011509885786531,
    1.0257909673571775,
    1.0377470747776207,
    1.046337790888841,
    1.0507538068049542,
    1.0507339668015687,
    1.0466784539672416,
    1.0394808397077653,
    1.0302281163778522,
    1.0199725290063117,
    1.0096268435983777,
    0.9999159578368472,
    0.991346553845412,
    0.9842094027980999,
    0.9786203764142498,
    0.9745790323442737,
    0.9720203480708084
  ],