{
  "bias_mev": [
    -20.0,
    -19.666666666666668,
    -19.333333333333332,
    -19.0,
    -18.666666666666668,
    -18.333333333333332,
    -18.0,
    -17.666666666666668,
    -17.333333333333332,
    -17.0,
    -16.666666666666668,
    -16.333333333333332,
    -16.0,
    -15.666666666666668,
    -15.333333333333334,
    -15.0,
    -14.666666666666668,
    -14.333333333333334,
    -14.0,
    -13.666666666666668,
    -13.333333333333334,
    -13.0,
    -12.666666666666668,
    -12.333333333333334,
    -12.0,
    -11.666666666666668,
    -11.333333333333334,
    -11.0,
    -10.666666666666668,
    -10.333333333333334,
    -10.0,
    -9.666666666666668,
    -9.333333333333334,
    -9.0,
    -8.666666666666668,
    -8.333333333333334,
    -8.0,
    -7.666666666666668,
    -7.333333333333334,
    -7.0,
    -6.666666666666668,
    -6.333333333333334,
    -6.0,
    -5.666666666666668,
    -5.333333333333334,
    -5.0,
    -4.666666666666668,
    -4.333333333333334,
    -4.0,
    -3.666666666666668,
    -3.3333333333333357,
    -3.0,
    -2.666666666666668,
    -2.3333333333333357,
    -2.0,
    -1.6666666666666679,
    -1.3333333333333357,
    -1.0,
    -0.6666666666666679,
    -0.3333333333333357,
    0.0,
    0.33333333333333215,
    0.6666666666666643,
    1.0,
    1.3333333333333321,
    1.6666666666666643,
    2.0,
    2.333333333333332,
    2.6666666666666643,
    3.0,
    3.333333333333332,
    3.6666666666666643,
    4.0,
    4.333333333333332,
    4.666666666666664,
    5.0,
    5.333333333333332,
    5.666666666666664,
    6.0,
    6.333333333333332,
    6.666666666666664,
    7.0,
    7.333333333333332,
    7.666666666666664,
    8.0,
    8.333333333333332,
    8.666666666666664,
    9.0,
    9.333333333333332,
    9.666666666666664,
    10.0,
    10.333333333333332,
    10.666666666666664,
    11.0,
    11.333333333333332,
    11.666666666666664,
    12.0,
    12.333333333333329,
    12.666666666666664,
    13.0,
    13.333333333333329,
    13.666666666666664,
    14.0,
    14.333333333333329,
    14.666666666666664,
    15.0,
    15.333333333333329,
    15.666666666666664,
    16.0,
    16.33333333333333,
    16.666666666666664,
    17.0,
    17.33333333333333,
    17.666666666666664,
    18.0,
    18.33333333333333,
    18.666666666666664,
    19.0,
    19.33333333333333,
    19.666666666666664,
    20.0
  ],
  "conductance": [
    0.9745474161580313,
    0.9785067494963301,
    0.9829766614746648,
    0.9880402187459706,
    0.9937810166218628,
    1.0002726070186423,
    1.007563010529283,
    1.01566146049571,
    1.0245359748581944,
    1.0341148846013102,
    1.0442663300670443,
    1.0547505407307618,
    1.0651979643220455,
    1.0751781199382127,
    1.0843398363710302,
    1.0925181593617963,
    1.0997349713239264,
    1.1061200163288571,
    1.1118293075068666,
    1.117009976103643,
    1.1217970484983275,
    1.126296969040385,
    1.1305442417240152,
    1.1344631910987393,
    1.1378740487859362,
    1.140554995683095,
    1.1423364817171342,
    1.1431758854279783,
    1.143167186902995,
    1.142491789736042,
    1.1413535291661567,
    1.139927883945898,
    1.1383291742128137,
    1.1365941227637628,
    1.1346897894548207,
    1.1325525180742473,
    1.130140184429449,
    1.127462523180081,
    1.1245750693479755,
    1.121554094098245,
    1.1184746595569344,
    1.1153997609897368,
    1.11237801963111,
    1.1094453880635582,
    1.1066279268165966,
    1.1039443817275627,
    1.1014082100539355,
    1.099029069197221,
    1.0968138821983757,
    1.0947675957648346,
    1.0928937218367745,
    1.0911947279865593,
    1.0896723218262871,
    1.0883276603252188,
    1.0871615051958003,
    1.0861743389339718,
    1.0853664516545285,
    1.084738005824003,
    1.0842890838815982,
    1.08401972223727,
    1.0839299340359654,
    1.0840197222372703,
    1.084289083881598,
    1.084738005824003,
    1.0853664516545287,
    1.0861743389339713,
    1.0871615051958003,
    1.0883276603252188,
    1.089672321826287,
    1.0911947279865593,
    1.0928937218367747,
    1.0947675957648344,
    1.0968138821983755,
    1.099029069197221,
    1.1014082100539355,
    1.1039443817275625,
    1.1066279268165966,
    1.109445388063558,
    1.11237801963111,
    1.1153997609897368,
    1.118474659556934,
    1.1215540940982445,
    1.1245750693479755,
    1.127462523180081,
    1.1301401844294487,
    1.132552518074247,
    1.1346897894548205,
    1.1365941227637628,
    1.1383291742128137,
    1.139927883945898,
    1.1413535291661567,
    1.142491789736042,
    1.1431671869029947,
    1.143175885427978,
    1.1423364817171342,
    1.140554995683095,
    1.1378740487859362,
    1.1344631910987393,
    1.1305442417240148,
    1.126296969040385,
    1.1217970484983277,
    1.1170099761036425,
    1.111829307506867,
    1.1061200163288574,
    1.099734971323926,
    1.0925181593617967,
    1.0843398363710306,
    1.0751781199382124,
    1.0651979643220457,
    1.054750540730762,
    1.0442663300670443,
    1.0341148846013104,
    1.0245359748581948,
    1.01566146049571,
    1.0075630105292832,
    1.0002726070186427,
    0.9937810166218628,
    0.9880402187459708,
    0.9829766614746652,
    0.9785067494963301,
    0.9745474161580313
  ],