{
  "bias_mev": [
    -20.0,
    -19.666666666666668,
    -19.333333333333332,
    -19.0,
    -18.666666666666668,
    -18.333333333333332,
    -18.0,
    -17.666666666666668,
    -17.333333333333332,
    -17.0,
    -16.666666666666668,
    -16.333333333333332,
    -16.0,
    -15.666666666666668,
    -15.333333333333334,
    -15.0,
    -14.666666666666668,
    -14.333333333333334,
    -14.0,
    -13.666666666666668,
    -13.333333333333334,
    -13.0,
    -12.666666666666668,
    -12.333333333333334,
    -12.0,
    -11.666666666666668,
    -11.333333333333334,
    -11.0,
    -10.666666666666668,
    -10.333333333333334,
    -10.0,
    -9.666666666666668,
    -9.333333333333334,
    -9.0,
    -8.666666666666668,
    -8.333333333333334,
    -8.0,
    -7.666666666666668,
    -7.333333333333334,
    -7.0,
    -6.666666666666668,
    -6.333333333333334,
    -6.0,
    -5.666666666666668,
    -5.333333333333334,
    -5.0,
    -4.666666666666668,
    -4.333333333333334,
    -4.0,
    -3.666666666666668,
    -3.3333333333333357,
    -3.0,
    -2.666666666666668,
    -2.3333333333333357,
    -2.0,
    -1.6666666666666679,
    -1.3333333333333357,
    -1.0,
    -0.6666666666666679,
    -0.3333333333333357,
    0.0,
    0.33333333333333215,
    0.6666666666666643,
    1.0,
    1.3333333333333321,
    1.6666666666666643,
    2.0,
    2.333333333333332,
    2.6666666666666643,
    3.0,
    3.333333333333332,
    3.6666666666666643,
    4.0,
    4.333333333333332,
    4.666666666666664,
    5.0,
    5.333333333333332,
    5.666666666666664,
    6.0,
    6.333333333333332,
    6.666666666666664,
    7.0,
    7.333333333333332,
    7.666666666666664,
    8.0,
    8.333333333333332,
    8.666666666666664,
    9.0,
    9.333333333333332,
    9.666666666666664,
    10.0,
    10.333333333333332,
    10.666666666666664,
    11.0,
    11.333333333333332,
    11.666666666666664,
    12.0,
    12.333333333333329,
    12.666666666666664,
    13.0,
    13.333333333333329,
    13.666666666666664,
    14.0,
    14.333333333333329,
    14.666666666666664,
    15.0,
    15.333333333333329,
    15.666666666666664,
    16.0,
    16.33333333333333,
    16.666666666666664,
    17.0,
    17.33333333333333,
    17.666666666666664,
    18.0,
    18.33333333333333,
    18.666666666666664,
    19.0,
    19.33333333333333,
    19.666666666666664,
    20.0
  ],
  "conductance": [
    0.9667640604426926,
    0.9708611922801333,
    0.9761482449568771,
    0.9827101522340531,
    0.9906054222452509,
    0.99984293989748,
    1.0103494346554396,
    1.0219300156528326,
    1.034215771711764,
    1.046572765923476,
    1.057963389844771,
    1.0668672089884916,
    1.0714923823971936,
    1.0703714747382027,
    1.0630082091932516,
    1.0500521724127976,
    1.0328929645813452,
    1.0130566506580598,
    0.9917994442982271,
    0.9699937194728394,
    0.9481675364826884,
    0.9265413989772336,
    0.905033934312931,
    0.883311877590568,
    0.8609482498480057,
    0.8376611967749144,
    0.8135120800304987,
    0.7889261097394882,
    0.7645189373056032,
    0.7408647186792031,
    0.7183458878648978,
    0.6971150881001117,
    0.6771292882642411,
    0.6582234798739418,
    0.6402133149202465,
    0.6229992001721858,
    0.6066128676195625,
    0.5911758962984375,
    0.5768153867882317,
    0.563604182487286,
    0.551548024134486,
    0.5406017846374559,
    0.5306921244293876,
    0.5217352584133054,
    0.5136477728465336,
    0.5063520900168879,
    0.49977864828270246,
    0.49386632423099147,
    0.48856202150946254,
    0.4838199287561068,
    0.4796006989070418,
    0.4758706664012518,
    0.472601149267635,
    0.4697678492768359,
    0.46735034800472464,
    0.4653316905552235,
    0.4636980470514231,
    0.46243844241169396,
    0.46154454619083884,
    0.4610105158183523,
    0.46083288815476653,
    0.4610105158183525,
    0.46154454619083857,
    0.46243844241169396,
    0.46369804705142326,
    0.46533169055522333,
    0.4673503480047247,
    0.46976784927683607,
    0.47260114926763486,
    0.47587066640125175,
    0.47960069890704193,
    0.4838199287561066,
    0.4885620215094625,
    0.4938663242309917,
    0.49977864828270235,
    0.5063520900168877,
    0.5136477728465337,
    0.5217352584133051,
    0.5306921244293875,
    0.5406017846374561,
    0.5515480241344858,
    0.563604182487286,
    0.576815386788232,
    0.591175896298437,
    0.6066128676195625,
    0.6229992001721859,
    0.640213314920246,
    0.6582234798739416,
    0.6771292882642413,
    0.6971150881001115,
    0.7183458878648978,
    0.7408647186792033,
    0.7645189373056028,
    0.7889261097394882,
    0.8135120800304989,
    0.8376611967749138,
    0.860948249848006,
    0.883311877590568,
    0.9050339343129301,
    0.926541398977234,
    0.9481675364826884,
    0.9699937194728387,
    0.9917994442982275,
    1.01305665065806,
    1.0328929645813443,
    1.0500521724127982,
    1.0630082091932522,
    1.0703714747382023,
    1.0714923823971936,
    1.066867208988492,
    1.0579633898447705,
    1.046572765923476,
    1.0342157717117644,
    1.0219300156528321,
    1.0103494346554398,
    0.9998429398974806,
    0.9906054222452507,
    0.9827101522340531,
    0.9761482449568781,
    0.970861192280133,
    0.9667640604426923
  ],