{
  "bias_mev": [
    -20.0,
    -19.666666666666668,
    -19.333333333333332,
    -19.0,
    -18.666666666666668,
    -18.333333333333332,
    -18.0,
    -17.666666666666668,
    -17.333333333333332,
    -17.0,
    -16.666666666666668,
    -16.333333333333332,
    -16.0,
    -15.666666666666668,
    -15.333333333333334,
    -15.0,
    -14.666666666666668,
    -14.333333333333334,
    -14.0,
    -13.666666666666668,
    -13.333333333333334,
    -13.0,
    -12.666666666666668,
    -12.333333333333334,
    -12.0,
    -11.666666666666668,
    -11.333333333333334,
    -11.0,
    -10.666666666666668,
    -10.333333333333334,
    -10.0,
    -9.666666666666668,
    -9.333333333333334,
    -9.0,
    -8.666666666666668,
    -8.333333333333334,
    -8.0,
    -7.666666666666668,
    -7.333333333333334,
    -7.0,
    -6.666666666666668,
    -6.333333333333334,
    -6.0,
    -5.666666666666668,
    -5.333333333333334,
    -5.0,
    -4.666666666666668,
    -4.333333333333334,
    -4.0,
    -3.666666666666668,
    -3.3333333333333357,
    -3.0,
    -2.666666666666668,
    -2.3333333333333357,
    -2.0,
    -1.6666666666666679,
    -1.3333333333333357,
    -1.0,
    -0.6666666666666679,
    -0.3333333333333357,
    0.0,
    0.33333333333333215,
    0.6666666666666643,
    1.0,
    1.3333333333333321,
    1.6666666666666643,
    2.0,
    2.333333333333332,
    2.6666666666666643,
    3.0,
    3.333333333333332,
    3.6666666666666643,
    4.0,
    4.333333333333332,
    4.666666666666664,
    5.0,
    5.333333333333332,
    5.666666666666664,
    6.0,
    6.333333333333332,
    6.666666666666664,
    7.0,
    7.333333333333332,
    7.666666666666664,
    8.0,
    8.333333333333332,
    8.666666666666664,
    9.0,
    9.333333333333332,
    9.666666666666664,
    10.0,
    10.333333333333332,
    10.666666666666664,
    11.0,
    11.333333333333332,
    11.666666666666664,
    12.0,
    12.333333333333329,
    12.666666666666664,
    13.0,
    13.333333333333329,
    13.666666666666664,
    14.0,
    14.333333333333329,
    14.666666666666664,
    15.0,
    15.333333333333329,
    15.666666666666664,
    16.0,
    16.33333333333333,
    16.666666666666664,
    17.0,
    17.33333333333333,
    17.666666666666664,
    18.0,
    18.33333333333333,
    18.666666666666664,
    19.0,
    19.33333333333333,
    19.666666666666664,
    20.0
  ],
  "conductance": [
    0.9749422234359042,
    0.9769719573904682,
    0.9803701259508103,
    0.9852176795517369,
    0.9915454434902587,
    0.9992882935617129,
    1.0082329078085133,
    1.0179844313406659,
    1.027972169129152,
    1.0374747683407763,
    1.045623751629141,
    1.0514185187720362,
    1.0538752776193054,
    1.0523389325175752,
    1.046761543800834,
    1.0377114100413019,
    1.0261062118688078,
    1.0128811688253045,
    0.9987953175993638,
    0.984400963450748,
    0.9700512501065809,
    0.955848207941694,
    0.9415749762396294,
    0.9267244451625067,
    0.9106741164181218,
    0.8929574398105844,
    0.8735129271487279,
    0.8527674769762394,
    0.8314897337749254,
    0.8105112151579963,
    0.7904816978840816,
    0.7717452672082074,
    0.7543266051096648,
    0.7379954677407667,
    0.7223967214667586,
    0.7072215043905058,
    0.6923449243376629,
    0.677850098583066,
    0.6639415823045849,
    0.6508303197575871,
    0.6386614750700353,
    0.6274978336659509,
    0.6173359464987155,
    0.6081310050064387,
    0.599817938628301,
    0.5923254859062228,
    0.5855841924456465,
    0.579530292993561,
    0.5741071634874279,
    0.5692654852506479,
    0.5649628044734228,
    0.5611628620144419,
    0.5578348841289703,
    0.5549529222056173,
    0.5524952759348568,
    0.5504440079980946,
    0.5487845465940115,
    0.5475053677759177,
    0.5465977488391949,
    0.5460555849012646,
    0.5458752623851142,
    0.5460555849012646,
    0.5465977488391948,
    0.5475053677759179,
    0.5487845465940113,
    0.5504440079980946,
    0.5524952759348567,
    0.5549529222056172,
    0.5578348841289703,
    0.5611628620144419,
    0.5649628044734227,
    0.5692654852506479,
    0.5741071634874279,
    0.579530292993561,
    0.5855841924456463,
    0.5923254859062229,
    0.5998179386283009,
    0.6081310050064385,
    0.6173359464987153,
    0.6274978336659508,
    0.638661475070035,
    0.650830319757587,
    0.6639415823045849,
    0.6778500985830657,
    0.6923449243376628,
    0.7072215043905055,
    0.7223967214667583,
    0.7379954677407666,
    0.7543266051096648,
    0.771745267208207,
    0.7904816978840815,
    0.8105112151579964,
    0.8314897337749252,
    0.8527674769762394,
    0.8735129271487277,
    0.8929574398105838,
    0.910674116418122,
    0.9267244451625064,
    0.9415749762396293,
    0.9558482079416939,
    0.9700512501065808,
    0.9844009634507476,
    0.9987953175993638,
    1.0128811688253043,
    1.0261062118688078,
    1.0377114100413019,
    1.0467615438008335,
    1.0523389325175752,
    1.0538752776193054,
    1.0514185187720362,
    1.045623751629141,
    1.0374747683407761,
    1.027972169129152,
    1.0179844313406656,
    1.0082329078085133,
    0.9992882935617129,
    0.9915454434902592,
    0.9852176795517371,
    0.9803701259508106,
    0.9769719573904683,
    0.974942223435904
  ],