{
  "bias_mev": [
    -20.0,
    -19.666666666666668,
    -19.333333333333332,
    -19.0,
    -18.666666666666668,
    -18.333333333333332,
    -18.0,
    -17.666666666666668,
    -17.333333333333332,
    -17.0,
    -16.666666666666668,
    -16.333333333333332,
    -16.0,
    -15.666666666666668,
    -15.333333333333334,
    -15.0,
    -14.666666666666668,
    -14.333333333333334,
    -14.0,
    -13.666666666666668,
    -13.333333333333334,
    -13.0,
    -12.666666666666668,
    -12.333333333333334,
    -12.0,
    -11.666666666666668,
    -11.333333333333334,
    -11.0,
    -10.666666666666668,
    -10.333333333333334,
    -10.0,
    -9.666666666666668,
    -9.333333333333334,
    -9.0,
    -8.666666666666668,
    -8.333333333333334,
    -8.0,
    -7.666666666666668,
    -7.333333333333334,
    -7.0,
    -6.666666666666668,
    -6.333333333333334,
    -6.0,
    -5.666666666666668,
    -5.333333333333334,
    -5.0,
    -4.666666666666668,
    -4.333333333333334,
    -4.0,
    -3.666666666666668,
    -3.3333333333333357,
    -3.0,
    -2.666666666666668,
    -2.3333333333333357,
    -2.0,
    -1.6666666666666679,
    -1.3333333333333357,
    -1.0,
    -0.6666666666666679,
    -0.3333333333333357,
    0.0,
    0.33333333333333215,
    0.6666666666666643,
    1.0,
    1.3333333333333321,
    1.6666666666666643,
    2.0,
    2.333333333333332,
    2.6666666666666643,
    3.0,
    3.333333333333332,
    3.6666666666666643,
    4.0,
    4.333333333333332,
    4.666666666666664,
    5.0,
    5.333333333333332,
    5.666666666666664,
    6.0,
    6.333333333333332,
    6.666666666666664,
    7.0,
    7.333333333333332,
    7.666666666666664,
    8.0,
    8.333333333333332,
    8.666666666666664,
    9.0,
    9.333333333333332,
    9.666666666666664,
    10.0,
    10.333333333333332,
    10.666666666666664,
    11.0,
    11.333333333333332,
    11.666666666666664,
    12.0,
    12.333333333333329,
    12.666666666666664,
    13.0,
    13.333333333333329,
    13.666666666666664,
    14.0,
    14.333333333333329,
    14.666666666666664,
    15.0,
    15.333333333333329,
    15.666666666666664,
    16.0,
    16.33333333333333,
    16.666666666666664,
    17.0,
    17.33333333333333,
    17.666666666666664,
    18.0,
    18.33333333333333,
    18.666666666666664,
    19.0,
    19.33333333333333,
    19.666666666666664,
    20.0
  ],
  "conductance": [
    0.9683209750541949,
    0.972365564730183,
    0.9775101154113837,
    0.9838319055589824,
    0.9913762507562256,
    1.0001351663085298,
    1.01001875966689,
    1.020818991761683,
    1.0321633785246422,
    1.0434588922272845,
    1.0538473731577247,
    1.0622310494142093,
    1.0674353228943563,
    1.068501574147215,
    1.064978057013399,
    1.0570353986351242,
    1.0453460425897512,
    1.030824584335974,
    1.0143786862096538,
    0.9967551419215773,
    0.9784762929455342,
    0.9598257395708518,
    0.9408628133505171,
    0.9214758194123858,
    0.9014843397484613,
    0.8807698754769159,
    0.8593812837006796,
    0.8375614400035378,
    0.8156846748372508,
    0.7941473857661331,
    0.7732704960370538,
    0.7532481025306323,
    0.7341455483302476,
    0.7159351048755755,
    0.6985530266679658,
    0.6819562337123979,
    0.6661541223974814,
    0.6512035218951199,
    0.6371780992249565,
    0.6241359529751414,
    0.6121017398428814,
    0.6010650538941837,
    0.5909884188363739,
    0.5818178700911976,
    0.5734920899942763,
    0.5659488077670297,
    0.5591286523566056,
    0.5529771334344783,
    0.5474454219220569,
    0.5424904370940105,
    0.5380745747502268,
    0.5341652785717017,
    0.530734568405832,
    0.5277585849221148,
    0.5252171786586306,
    0.5230935542609776,
    0.5213739718609016,
    0.5200475034207468,
    0.5191058403337584,
    0.5185431483947509,
    0.518355966765447,
    0.5185431483947509,
    0.5191058403337584,
    0.5200475034207468,
    0.5213739718609016,
    0.5230935542609776,
    0.5252171786586307,
    0.5277585849221148,
    0.530734568405832,
    0.5341652785717017,
    0.5380745747502267,
    0.5424904370940103,
    0.5474454219220568,
    0.5529771334344784,
    0.5591286523566056,
    0.5659488077670296,
    0.5734920899942761,
    0.5818178700911973,
    0.5909884188363739,
    0.6010650538941837,
    0.6121017398428812,
    0.6241359529751414,
    0.6371780992249564,
    0.6512035218951198,
    0.6661541223974815,
    0.6819562337123978,
    0.6985530266679656,
    0.7159351048755755,
    0.7341455483302474,
    0.7532481025306321,
    0.7732704960370538,
    0.7941473857661331,
    0.8156846748372505,
    0.8375614400035378,
    0.8593812837006796,
    0.8807698754769159,
    0.9014843397484614,
    0.9214758194123855,
    0.9408628133505169,
    0.9598257395708517,
    0.9784762929455337,
    0.9967551419215771,
    1.0143786862096538,
    1.0308245843359738,
    1.045346042589751,
    1.0570353986351242,
    1.064978057013399,
    1.0685015741472148,
    1.0674353228943563,
    1.0622310494142098,
    1.0538473731577247,
    1.0434588922272845,
    1.0321633785246422,
    1.020818991761683,
    1.01001875966689,
    1.0001351663085298,
    0.9913762507562258,
    0.9838319055589824,
    0.9775101154113837,
    0.9723655647301832,
    0.9683209750541949
  ],