{
  "bias_mev": [
    -20.0,
    -19.666666666666668,
    -19.333333333333332,
    -19.0,
    -18.666666666666668,
    -18.333333333333332,
    -18.0,
    -17.666666666666668,
    -17.333333333333332,
    -17.0,
    -16.666666666666668,
    -16.333333333333332,
    -16.0,
    -15.666666666666668,
    -15.333333333333334,
    -15.0,
    -14.666666666666668,
    -14.333333333333334,
    -14.0,
    -13.666666666666668,
    -13.333333333333334,
    -13.0,
    -12.666666666666668,
    -12.333333333333334,
    -12.0,
    -11.666666666666668,
    -11.333333333333334,
    -11.0,
    -10.666666666666668,
    -10.333333333333334,
    -10.0,
    -9.666666666666668,
    -9.333333333333334,
    -9.0,
    -8.666666666666668,
    -8.333333333333334,
    -8.0,
    -7.666666666666668,
    -7.333333333333334,
    -7.0,
    -6.666666666666668,
    -6.333333333333334,
    -6.0,
    -5.666666666666668,
    -5.333333333333334,
    -5.0,
    -4.666666666666668,
    -4.333333333333334,
    -4.0,
    -3.666666666666668,
    -3.3333333333333357,
    -3.0,
    -2.666666666666668,
    -2.3333333333333357,
    -2.0,
    -1.6666666666666679,
    -1.3333333333333357,
    -1.0,
    -0.6666666666666679,
    -0.3333333333333357,
    0.0,
    0.33333333333333215,
    0.6666666666666643,
    1.0,
    1.3333333333333321,
    1.6666666666666643,
    2.0,
    2.333333333333332,
    2.6666666666666643,
    3.0,
    3.333333333333332,
    3.6666666666666643,
    4.0,
    4.333333333333332,
    4.666666666666664,
    5.0,
    5.333333333333332,
    5.666666666666664,
    6.0,
    6.333333333333332,
    6.666666666666664,
    7.0,
    7.333333333333332,
    7.666666666666664,
    8.0,
    8.333333333333332,
    8.666666666666664,
    9.0,
    9.333333333333332,
    9.666666666666664,
    10.0,
    10.333333333333332,
    10.666666666666664,
    11.0,
    11.333333333333332,
    11.666666666666664,
    12.0,
    12.333333333333329,
    12.666666666666664,
    13.0,
    13.333333333333329,
    13.666666666666664,
    14.0,
    14.333333333333329,
    14.666666666666664,
    15.0,
    15.333333333333329,
    15.666666666666664,
    16.0,
    16.33333333333333,
    16.666666666666664,
    17.0,
    17.33333333333333,
    17.666666666666664,
    18.0,
    18.33333333333333,
    18.666666666666664,
    19.0,
    19.33333333333333,
    19.666666666666664,
    20.0
  ],
  "conductance": [
    0.9776904155937846,
    0.980688267379668,
    0.9843349307847589,
    0.9887052036246595,
    0.9938620714328966,
    0.9998463306505523,
    1.0066634480283523,
    1.0142706715185803,
    1.0225657252797582,
    1.0313729357069896,
    1.040422239157568,
    1.0493322068019117,
    1.057629342235534,
    1.064828574446599,
    1.0705520515230027,
    1.0746198582240352,
    1.0770609129876525,
    1.078051649252056,
    1.0778319766842248,
    1.076640355183454,
    1.0746746365290174,
    1.0720637186507156,
    1.0688438681831889,
    1.0649532538365003,
    1.0602616588632632,
    1.0546344589538312,
    1.0480058960767544,
    1.040425628026922,
    1.032056194932367,
    1.0231286420349774,
    1.0138829871424526,
    1.004517294103027,
    0.9951570561391526,
    0.9858498291692739,
    0.9765866879084811,
    0.9673430731967088,
    0.9581190894278602,
    0.9489582270301901,
    0.9399394970322559,
    0.9311553897064646,
    0.9226913079366001,
    0.9146141438183549,
    0.9069695836405116,
    0.8997845381154503,
    0.8930714425485389,
    0.8868325481887384,
    0.8810634479600579,
    0.8757557001053112,
    0.8708986697826556,
    0.866480773718259,
    0.862490298800038,
    0.8589159283042004,
    0.8557470724279937,
    0.8529740701348636,
    0.8505883076740973,
    0.8485822840910909,
    0.8469496438520687,
    0.8456851898909863,
    0.8447848858473108,
    0.8442458532312792,
    0.8440663672033384,
    0.8442458532312794,
    0.8447848858473107,
    0.8456851898909863,
    0.8469496438520688,
    0.8485822840910909,
    0.8505883076740972,
    0.8529740701348637,
    0.8557470724279936,
    0.8589159283042003,
    0.8624902988000382,
    0.8664807737182589,
    0.8708986697826555,
    0.8757557001053112,
    0.8810634479600579,
    0.8868325481887384,
    0.8930714425485389,
    0.8997845381154501,
    0.9069695836405114,
    0.9146141438183547,
    0.9226913079365999,
    0.9311553897064646,
    0.9399394970322559,
    0.9489582270301897,
    0.95811908942786,
    0.9673430731967088,
    0.976586687908481,
    0.9858498291692738,
    0.9951570561391525,
    1.0045172941030265,
    1.0138829871424524,
    1.0231286420349774,
    1.0320561949323668,
    1.0404256280269217,
    1.0480058960767542,
    1.054634458953831,
    1.0602616588632627,
    1.0649532538365003,
    1.0688438681831882,
    1.0720637186507154,
    1.0746746365290174,
    1.0766403551834534,
    1.0778319766842248,
    1.0780516492520562,
    1.0770609129876523,
    1.074619858224035,
    1.070552051523003,
    1.064828574446599,
    1.0576293422355338,
    1.0493322068019117,
    1.040422239157568,
    1.0313729357069896,
    1.0225657252797582,
    1.0142706715185803,
    1.006663448028352,
    0.9998463306505523,
    0.9938620714328966,
    0.9887052036246595,
    0.9843349307847591,
    0.9806882673796679,
    0.9776904155937844
  ],