{
  "bias_mev": [
    -20.0,
    -19.666666666666668,
    -19.333333333333332,
    -19.0,
    -18.666666666666668,
    -18.333333333333332,
    -18.0,
    -17.666666666666668,
    -17.333333333333332,
    -17.0,
    -16.666666666666668,
    -16.333333333333332,
    -16.0,
    -15.666666666666668,
    -15.333333333333334,
    -15.0,
    -14.666666666666668,
    -14.333333333333334,
    -14.0,
    -13.666666666666668,
    -13.333333333333334,
    -13.0,
    -12.666666666666668,
    -12.333333333333334,
    -12.0,
    -11.666666666666668,
    -11.333333333333334,
    -11.0,
    -10.666666666666668,
    -10.333333333333334,
    -10.0,
    -9.666666666666668,
    -9.333333333333334,
    -9.0,
    -8.666666666666668,
    -8.333333333333334,
    -8.0,
    -7.666666666666668,
    -7.333333333333334,
    -7.0,
    -6.666666666666668,
    -6.333333333333334,
    -6.0,
    -5.666666666666668,
    -5.333333333333334,
    -5.0,
    -4.666666666666668,
    -4.333333333333334,
    -4.0,
    -3.666666666666668,
    -3.3333333333333357,
    -3.0,
    -2.666666666666668,
    -2.3333333333333357,
    -2.0,
    -1.6666666666666679,
    -1.3333333333333357,
    -1.0,
    -0.6666666666666679,
    -0.3333333333333357,
    0.0,
    0.33333333333333215,
    0.6666666666666643,
    1.0,
    1.3333333333333321,
    1.6666666666666643,
    2.0,
    2.333333333333332,
    2.6666666666666643,
    3.0,
    3.333333333333332,
    3.6666666666666643,
    4.0,
    4.333333333333332,
    4.666666666666664,
    5.0,
    5.333333333333332,
    5.666666666666664,
    6.0,
    6.333333333333332,
    6.666666666666664,
    7.0,
    7.333333333333332,
    7.666666666666664,
    8.0,
    8.333333333333332,
    8.666666666666664,
    9.0,
    9.333333333333332,
    9.666666666666664,
    10.0,
    10.333333333333332,
    10.666666666666664,
    11.0,
    11.333333333333332,
    11.666666666666664,
    12.0,
    12.333333333333329,
    12.666666666666664,
    13.0,
    13.333333333333329,
    13.666666666666664,
    14.0,
    14.333333333333329,
    14.666666666666664,
    15.0,
    15.333333333333329,
    15.666666666666664,
    16.0,
    16.33333333333333,
    16.666666666666664,
    17.0,
    17.33333333333333,
    17.666666666666664,
    18.0,
    18.33333333333333,
    18.666666666666664,
    19.0,
    19.33333333333333,
    19.666666666666664,
    20.0
  ],
  "conductance": [
    0.9811511634962335,
    0.9830639941232271,
    0.9857597350081094,
    0.9893235168851299,
    0.9938193414617479,
    0.9992695106680027,
    1.0056325541674533,
    1.0127902509768385,
    1.0205488218290493,
    1.0286411113842087,
    1.0367114396654615,
    1.0443000003190532,
    1.0508831391219344,
    1.055995683574293,
    1.0593727255167678,
    1.0610108766980535,
    1.061114982678969,
    1.059985990630453,
    1.0579287734714136,
    1.0552095409854974,
    1.0520331034369121,
    1.0485047271575705,
    1.0445860617013951,
    1.0400887477200391,
    1.0347363241173402,
    1.0282824473800118,
    1.0206324453008269,
    1.0119014663236023,
    1.002378181585657,
    0.992425550930251,
    0.9823776049629127,
    0.972469217229494,
    0.9628062275364339,
    0.9533742807164802,
    0.9440852982154504,
    0.9348482758417069,
    0.9256301416404148,
    0.9164743037150219,
    0.9074769546325517,
    0.8987483325463662,
    0.8903835994715859,
    0.8824505467984368,
    0.8749895801074872,
    0.868019246893761,
    0.8615427982937869,
    0.8555537774416309,
    0.8500401351743478,
    0.844987021247897,
    0.840378576794376,
    0.8361990374236803,
    0.8324333846821502,
    0.8290677116953215,
    0.826089412777949,
    0.8234872675018614,
    0.8212514636480751,
    0.819373586714642,
    0.8178465930765033,
    0.8166647772901041,
    0.8158237399373215,
    0.8153203598674185,
    0.8151527731249136,
    0.8153203598674186,
    0.8158237399373215,
    0.8166647772901041,
    0.8178465930765034,
    0.819373586714642,
    0.8212514636480751,
    0.8234872675018612,
    0.826089412777949,
    0.8290677116953213,
    0.8324333846821499,
    0.8361990374236803,
    0.8403785767943762,
    0.844987021247897,
    0.8500401351743478,
    0.8555537774416311,
    0.8615427982937869,
    0.868019246893761,
    0.8749895801074875,
    0.8824505467984368,
    0.8903835994715859,
    0.8987483325463662,
    0.9074769546325517,
    0.9164743037150218,
    0.9256301416404146,
    0.9348482758417069,
    0.9440852982154503,
    0.9533742807164802,
    0.9628062275364337,
    0.972469217229494,
    0.9823776049629125,
    0.992425550930251,
    1.002378181585657,
    1.0119014663236021,
    1.0206324453008269,
    1.0282824473800118,
    1.0347363241173404,
    1.0400887477200391,
    1.0445860617013951,
    1.0485047271575703,
    1.0520331034369124,
    1.0552095409854974,
    1.0579287734714136,
    1.059985990630453,
    1.061114982678969,
    1.0610108766980535,
    1.0593727255167678,
    1.055995683574293,
    1.0508831391219342,
    1.0443000003190535,
    1.0367114396654618,
    1.0286411113842084,
    1.0205488218290495,
    1.0127902509768385,
    1.0056325541674533,
    0.9992695106680028,
    0.9938193414617478,
    0.9893235168851302,
    0.9857597350081098,
    0.9830639941232271,
    0.9811511634962335
  ],