{
  "bias_mev": [
    -20.0,
    -19.666666666666668,
    -19.333333333333332,
    -19.0,
    -18.666666666666668,
    -18.333333333333332,
    -18.0,
    -17.666666666666668,
    -17.333333333333332,
    -17.0,
    -16.666666666666668,
    -16.333333333333332,
    -16.0,
    -15.666666666666668,
    -15.333333333333334,
    -15.0,
    -14.666666666666668,
    -14.333333333333334,
    -14.0,
    -13.666666666666668,
    -13.333333333333334,
    -13.0,
    -12.666666666666668,
    -12.333333333333334,
    -12.0,
    -11.666666666666668,
    -11.333333333333334,
    -11.0,
    -10.666666666666668,
    -10.333333333333334,
    -10.0,
    -9.666666666666668,
    -9.333333333333334,
    -9.0,
    -8.666666666666668,
    -8.333333333333334,
    -8.0,
    -7.666666666666668,
    -7.333333333333334,
    -7.0,
    -6.666666666666668,
    -6.333333333333334,
    -6.0,
    -5.666666666666668,
    -5.333333333333334,
    -5.0,
    -4.666666666666668,
    -4.333333333333334,
    -4.0,
    -3.666666666666668,
    -3.3333333333333357,
    -3.0,
    -2.666666666666668,
    -2.3333333333333357,
    -2.0,
    -1.6666666666666679,
    -1.3333333333333357,
    -1.0,
    -0.6666666666666679,
    -0.3333333333333357,
    0.0,
    0.33333333333333215,
    0.6666666666666643,
    1.0,
    1.3333333333333321,
    1.6666666666666643,
    2.0,
    2.333333333333332,
    2.6666666666666643,
    3.0,
    3.333333333333332,
    3.6666666666666643,
    4.0,
    4.333333333333332,
    4.666666666666664,
    5.0,
    5.333333333333332,
    5.666666666666664,
    6.0,
    6.333333333333332,
    6.666666666666664,
    7.0,
    7.333333333333332,
    7.666666666666664,
    8.0,
    8.333333333333332,
    8.666666666666664,
    9.0,
    9.333333333333332,
    9.666666666666664,
    10.0,
    10.333333333333332,
    10.666666666666664,
    11.0,
    11.333333333333332,
    11.666666666666664,
    12.0,
    12.333333333333329,
    12.666666666666664,
    13.0,
    13.333333333333329,
    13.666666666666664,
    14.0,
    14.333333333333329,
    14.666666666666664,
    15.0,
    15.333333333333329,
    15.666666666666664,
    16.0,
    16.33333333333333,
    16.666666666666664,
    17.0,
    17.33333333333333,
    17.666666666666664,
    18.0,
    18.33333333333333,
    18.666666666666664,
    19.0,
    19.33333333333333,
    19.666666666666664,
    20.0
  ],
  "conductance": [
    0.9769488342038258,
    0.9783315298403605,
    0.980892600393395,
    0.9847878241749385,
    0.9901985401713432,
    0.997304873682343,
    1.0061981044362684,
    1.0167141548003213,
    1.0283204687913072,
    1.0403030695058975,
    1.0519555822814,
    1.0621137268016532,
    1.0688605547263013,
    1.070622708957772,
    1.0673900949039294,
    1.0604733626051888,
    1.051502631197988,
    1.0415548805382722,
    1.0309944624208711,
    1.0200758798682785,
    1.0093774811323752,
    0.9994514218906885,
    0.9902719747365821,
    0.9811478392016227,
    0.9710459894599922,
    0.9588267813791641,
    0.9437200046617,
    0.926070713865842,
    0.9071594720070585,
    0.8883327828094475,
    0.8705087137488554,
    0.8541605689757268,
    0.8394161933171581,
    0.8260653330889531,
    0.8135068682069817,
    0.8009272472546606,
    0.7878607034464725,
    0.7745027111796273,
    0.7613697471528323,
    0.7488882675467259,
    0.7372787866562976,
    0.7266087239537876,
    0.7168636156999949,
    0.7079932687543433,
    0.6999357661486791,
    0.6926286678316058,
    0.686013760300628,
    0.68003874565805,
    0.6746575389821108,
    0.6698299712755156,
    0.6655212728889687,
    0.661701509982567,
    0.6583450498752232,
    0.6554300851450199,
    0.6529382248732899,
    0.6508541518641947,
    0.6491653408879973,
    0.6478618319806673,
    0.6469360531028061,
    0.6463826872916592,
    0.6461985804842757,
    0.6463826872916599,
    0.6469360531028051,
    0.6478618319806672,
    0.649165340887998,
    0.6508541518641938,
    0.6529382248732898,
    0.6554300851450208,
    0.6583450498752226,
    0.6617015099825669,
    0.6655212728889693,
    0.6698299712755148,
    0.6746575389821106,
    0.6800387456580508,
    0.6860137603006276,
    0.6926286678316054,
    0.6999357661486801,
    0.7079932687543428,
    0.7168636156999946,
    0.7266087239537884,
    0.7372787866562969,
    0.7488882675467256,
    0.7613697471528332,
    0.7745027111796268,
    0.787860703446472,
    0.8009272472546614,
    0.8135068682069809,
    0.8260653330889526,
    0.8394161933171589,
    0.8541605689757259,
    0.8705087137488549,
    0.8883327828094485,
    0.9071594720070579,
    0.9260707138658417,
    0.943720004661701,
    0.9588267813791634,
    0.9710459894599923,
    0.9811478392016236,
    0.9902719747365801,
    0.9994514218906893,
    1.0093774811323766,
    1.0200758798682767,
    1.030994462420872,
    1.041554880538273,
    1.051502631197986,
    1.060473362605189,
    1.0673900949039306,
    1.0706227089577702,
    1.0688605547263015,
    1.0621137268016547,
    1.0519555822813988,
    1.0403030695058975,
    1.0283204687913083,
    1.0167141548003202,
    1.0061981044362684,
    0.9973048736823446,
    0.9901985401713421,
    0.9847878241749383,
    0.9808926003933964,
    0.9783315298403596,
    0.9769488342038255
  ],