{
  "bias_mev": [
    -20.0,
    -19.666666666666668,
    -19.333333333333332,
    -19.0,
    -18.666666666666668,
    -18.333333333333332,
    -18.0,
    -17.666666666666668,
    -17.333333333333332,
    -17.0,
    -16.666666666666668,
    -16.333333333333332,
    -16.0,
    -15.666666666666668,
    -15.333333333333334,
    -15.0,
    -14.666666666666668,
    -14.333333333333334,
    -14.0,
    -13.666666666666668,
    -13.333333333333334,
    -13.0,
    -12.666666666666668,
    -12.333333333333334,
    -12.0,
    -11.666666666666668,
    -11.333333333333334,
    -11.0,
    -10.666666666666668,
    -10.333333333333334,
    -10.0,
    -9.666666666666668,
    -9.333333333333334,
    -9.0,
    -8.666666666666668,
    -8.333333333333334,
    -8.0,
    -7.666666666666668,
    -7.333333333333334,
    -7.0,
    -6.666666666666668,
    -6.333333333333334,
    -6.0,
    -5.666666666666668,
    -5.333333333333334,
    -5.0,
    -4.666666666666668,
    -4.333333333333334,
    -4.0,
    -3.666666666666668,
    -3.3333333333333357,
    -3.0,
    -2.666666666666668,
    -2.3333333333333357,
    -2.0,
    -1.6666666666666679,
    -1.3333333333333357,
    -1.0,
    -0.6666666666666679,
    -0.3333333333333357,
    0.0,
    0.33333333333333215,
    0.6666666666666643,
    1.0,
    1.3333333333333321,
    1.6666666666666643,
    2.0,
    2.333333333333332,
    2.6666666666666643,
    3.0,
    3.333333333333332,
    3.6666666666666643,
    4.0,
    4.333333333333332,
    4.666666666666664,
    5.0,
    5.333333333333332,
    5.666666666666664,
    6.0,
    6.333333333333332,
    6.666666666666664,
    7.0,
    7.333333333333332,
    7.666666666666664,
    8.0,
    8.333333333333332,
    8.666666666666664,
    9.0,
    9.333333333333332,
    9.666666666666664,
    10.0,
    10.333333333333332,
    10.666666666666664,
    11.0,
    11.333333333333332,
    11.666666666666664,
    12.0,
    12.333333333333329,
    12.666666666666664,
    13.0,
    13.333333333333329,
    13.666666666666664,
    14.0,
    14.333333333333329,
    14.666666666666664,
    15.0,
    15.333333333333329,
    15.666666666666664,
    16.0,
    16.33333333333333,
    16.666666666666664,
    17.0,
    17.33333333333333,
    17.666666666666664,
    18.0,
    18.33333333333333,
    18.666666666666664,
    19.0,
    19.33333333333333,
    19.666666666666664,
    20.0
  ],
  "conductance": [
    0.9766609791591861,
    0.9785704591707116,
    0.9817713723868866,
    0.986328782061732,
    0.9922653751880319,
    0.9995122452177007,
    1.0078450847876055,
    1.0168410873694804,
    1.0259001948297912,
    1.034304419828874,
    1.041209045586401,
    1.0455830756111686,
    1.046343743460605,
    1.0427916872021747,
    1.0350049255107403,
    1.023794906606107,
    1.0102790919176723,
    0.9954438071763115,
    0.9799818650616842,
    0.9643746113030146,
    0.9489630838211411,
    0.9338601546819079,
    0.9188232861144826,
    0.9032746006694262,
    0.8865061309589753,
    0.867989849771441,
    0.8476778709689221,
    0.826105689147357,
    0.8041786209853495,
    0.7828035798117355,
    0.7626232901605404,
    0.7439293612186128,
    0.7266830576179961,
    0.710583950170283,
    0.695197422464519,
    0.6801534781984242,
    0.6653260837215486,
    0.6508531905412137,
    0.6369988899662732,
    0.6239993160157735,
    0.6119908761424923,
    0.6010131048277296,
    0.5910405694536219,
    0.5820139190256858,
    0.5738609121503608,
    0.5665082306562907,
    0.559887210940464,
    0.5539361322908692,
    0.5486007419650232,
    0.5438339601445805,
    0.5395952568089744,
    0.5358499429230975,
    0.532568487677805,
    0.5297259077546159,
    0.5273012427490256,
    0.5252771163415583,
    0.5236393768888387,
    0.5223768093886431,
    0.5214809110193794,
    0.5209457235591258,
    0.5207677174208083,
    0.5209457235591262,
    0.5214809110193791,
    0.5223768093886432,
    0.5236393768888389,
    0.5252771163415579,
    0.5273012427490255,
    0.5297259077546161,
    0.5325684876778047,
    0.5358499429230974,
    0.5395952568089747,
    0.5438339601445801,
    0.5486007419650231,
    0.5539361322908698,
    0.5598872109404638,
    0.5665082306562904,
    0.5738609121503612,
    0.5820139190256856,
    0.5910405694536217,
    0.6010131048277302,
    0.611990876142492,
    0.6239993160157735,
    0.6369988899662736,
    0.6508531905412133,
    0.6653260837215486,
    0.6801534781984248,
    0.6951974224645189,
    0.710583950170283,
    0.7266830576179967,
    0.7439293612186125,
    0.7626232901605402,
    0.7828035798117359,
    0.804178620985349,
    0.8261056891473567,
    0.8476778709689224,
    0.8679898497714404,
    0.8865061309589758,
    0.9032746006694267,
    0.9188232861144817,
    0.9338601546819083,
    0.9489630838211418,
    0.9643746113030136,
    0.9799818650616844,
    0.9954438071763119,
    1.0102790919176712,
    1.0237949066061072,
    1.035004925510741,
    1.0427916872021736,
    1.046343743460605,
    1.0455830756111695,
    1.0412090455864003,
    1.034304419828874,
    1.0259001948297917,
    1.0168410873694802,
    1.0078450847876055,
    0.9995122452177014,
    0.9922653751880315,
    0.9863287820617318,
    0.9817713723868876,
    0.9785704591707111,
    0.9766609791591858
  ],