{
  "bias_mev": [
    -20.0,
    -19.666666666666668,
    -19.333333333333332,
    -19.0,
    -18.666666666666668,
    -18.333333333333332,
    -18.0,
    -17.666666666666668,
    -17.333333333333332,
    -17.0,
    -16.666666666666668,
    -16.333333333333332,
    -16.0,
    -15.666666666666668,
    -15.333333333333334,
    -15.0,
    -14.666666666666668,
    -14.333333333333334,
    -14.0,
    -13.666666666666668,
    -13.333333333333334,
    -13.0,
    -12.666666666666668,
    -12.333333333333334,
    -12.0,
    -11.666666666666668,
    -11.333333333333334,
    -11.0,
    -10.666666666666668,
    -10.333333333333334,
    -10.0,
    -9.666666666666668,
    -9.333333333333334,
    -9.0,
    -8.666666666666668,
    -8.333333333333334,
    -8.0,
    -7.666666666666668,
    -7.333333333333334,
    -7.0,
    -6.666666666666668,
    -6.333333333333334,
    -6.0,
    -5.666666666666668,
    -5.333333333333334,
    -5.0,
    -4.666666666666668,
    -4.333333333333334,
    -4.0,
    -3.666666666666668,
    -3.3333333333333357,
    -3.0,
    -2.666666666666668,
    -2.3333333333333357,
    -2.0,
    -1.6666666666666679,
    -1.3333333333333357,
    -1.0,
    -0.6666666666666679,
    -0.3333333333333357,
    0.0,
    0.33333333333333215,
    0.6666666666666643,
    1.0,
    1.3333333333333321,
    1.6666666666666643,
    2.0,
    2.333333333333332,
    2.6666666666666643,
    3.0,
    3.333333333333332,
    3.6666666666666643,
    4.0,
    4.333333333333332,
    4.666666666666664,
    5.0,
    5.333333333333332,
    5.666666666666664,
    6.0,
    6.333333333333332,
    6.666666666666664,
    7.0,
    7.333333333333332,
    7.666666666666664,
    8.0,
    8.333333333333332,
    8.666666666666664,
    9.0,
    9.333333333333332,
    9.666666666666664,
    10.0,
    10.333333333333332,
    10.666666666666664,
    11.0,
    11.333333333333332,
    11.666666666666664,
    12.0,
    12.333333333333329,
    12.666666666666664,
    13.0,
    13.333333333333329,
    13.666666666666664,
    14.0,
    14.333333333333329,
    14.666666666666664,
    15.0,
    15.333333333333329,
    15.666666666666664,
    16.0,
    16.33333333333333,
    16.666666666666664,
    17.0,
    17.33333333333333,
    17.666666666666664,
    18.0,
    18.33333333333333,
    18.666666666666664,
    19.0,
    19.33333333333333,
    19.666666666666664,
    20.0
  ],
  "conductance": [
    0.9788577062723068,
    0.9821143803132681,
    0.9857761354551794,
    0.9899206295972024,
    0.9946356952535346,
    1.0000135726856823,
    1.006132066975782,
    1.0130203330330079,
    1.02063521471439,
    1.0288942656996487,
    1.0377208916544907,
    1.046971127938088,
    1.056299800453702,
    1.0652135675410146,
    1.0733333336815079,
    1.0805591312907246,
    1.0870177839374866,
    1.0929100176494835,
    1.0983777810227582,
    1.1034958247315798,
    1.1083621162050932,
    1.1131288955691359,
    1.117917686226226,
    1.1227122870984019,
    1.1273242910924273,
    1.1314418049584418,
    1.1347477878588907,
    1.1370926057059978,
    1.1385597046536953,
    1.139367232437777,
    1.1397511188704972,
    1.1399092624585379,
    1.1399821928980445,
    1.140032707387182,
    1.140020617779965,
    1.1398195625159675,
    1.1393109829893726,
    1.138468882019771,
    1.1373490065405139,
    1.1360340802740607,
    1.1345990787873654,
    1.1331018288658752,
    1.131584610479285,
    1.1300780416352056,
    1.1286044617874564,
    1.1271803836048586,
    1.1258181814229622,
    1.124527245747006,
    1.1233147801472076,
    1.1221863598896613,
    1.1211463302392248,
    1.1201980951370927,
    1.1193443295370453,
    1.1185871375599998,
    1.1179281714513623,
    1.117368721627094,
    1.1169097849621894,
    1.1165521163453103,
    1.116296267042648,
    1.1161426123580638,
    1.1160913702987252,
    1.1161426123580651,
    1.1162962670426466,
    1.1165521163453105,
    1.1169097849621907,
    1.1173687216270924,
    1.1179281714513623,
    1.1185871375600012,
    1.1193443295370435,
    1.1201980951370927,
    1.1211463302392262,
    1.12218635988966,
    1.1233147801472074,
    1.1245272457470075,
    1.1258181814229613,
    1.1271803836048584,
    1.1286044617874582,
    1.130078041635205,
    1.1315846104792848,
    1.133101828865877,
    1.134599078787365,
    1.13603408027406,
    1.1373490065405154,
    1.1384688820197701,
    1.1393109829893717,
    1.1398195625159688,
    1.140020617779964,
    1.1400327073871814,
    1.139982192898046,
    1.139909262458537,
    1.1397511188704965,
    1.1393672324377782,
    1.1385597046536946,
    1.1370926057059971,
    1.134747787858892,
    1.1314418049584405,
    1.1273242910924275,
    1.1227122870984032,
    1.117917686226224,
    1.1131288955691365,
    1.1083621162050947,
    1.1034958247315778,
    1.0983777810227586,
    1.092910017649485,
    1.0870177839374844,
    1.0805591312907252,
    1.0733333336815096,
    1.065213567541013,
    1.0562998004537025,
    1.0469711279380893,
    1.037720891654489,
    1.0288942656996485,
    1.0206352147143913,
    1.0130203330330068,
    1.006132066975782,
    1.0000135726856836,
    0.9946356952535332,
    0.9899206295972023,
    0.9857761354551808,
    0.9821143803132673,
    0.9788577062723064
  ],