{
  "bias_mev": [
    -20.0,
    -19.666666666666668,
    -19.333333333333332,
    -19.0,
    -18.666666666666668,
    -18.333333333333332,
    -18.0,
    -17.666666666666668,
    -17.333333333333332,
    -17.0,
    -16.666666666666668,
    -16.333333333333332,
    -16.0,
    -15.666666666666668,
    -15.333333333333334,
    -15.0,
    -14.666666666666668,
    -14.333333333333334,
    -14.0,
    -13.666666666666668,
    -13.333333333333334,
    -13.0,
    -12.666666666666668,
    -12.333333333333334,
    -12.0,
    -11.666666666666668,
    -11.333333333333334,
    -11.0,
    -10.666666666666668,
    -10.333333333333334,
    -10.0,
    -9.666666666666668,
    -9.333333333333334,
    -9.0,
    -8.666666666666668,
    -8.333333333333334,
    -8.0,
    -7.666666666666668,
    -7.333333333333334,
    -7.0,
    -6.666666666666668,
    -6.333333333333334,
    -6.0,
    -5.666666666666668,
    -5.333333333333334,
    -5.0,
    -4.666666666666668,
    -4.333333333333334,
    -4.0,
    -3.666666666666668,
    -3.3333333333333357,
    -3.0,
    -2.666666666666668,
    -2.3333333333333357,
    -2.0,
    -1.6666666666666679,
    -1.3333333333333357,
    -1.0,
    -0.6666666666666679,
    -0.3333333333333357,
    0.0,
    0.33333333333333215,
    0.6666666666666643,
    1.0,
    1.3333333333333321,
    1.6666666666666643,
    2.0,
    2.333333333333332,
    2.6666666666666643,
    3.0,
    3.333333333333332,
    3.6666666666666643,
    4.0,
    4.333333333333332,
    4.666666666666664,
    5.0,
    5.333333333333332,
    5.666666666666664,
    6.0,
    6.333333333333332,
    6.666666666666664,
    7.0,
    7.333333333333332,
    7.666666666666664,
    8.0,
    8.333333333333332,
    8.666666666666664,
    9.0,
    9.333333333333332,
    9.666666666666664,
    10.0,
    10.333333333333332,
    10.666666666666664,
    11.0,
    11.333333333333332,
    11.666666666666664,
    12.0,
    12.333333333333329,
    12.666666666666664,
    13.0,
    13.333333333333329,
    13.666666666666664,
    14.0,
    14.333333333333329,
    14.666666666666664,
    15.0,
    15.333333333333329,
    15.666666666666664,
    16.0,
    16.33333333333333,
    16.666666666666664,
    17.0,
    17.33333333333333,
    17.666666666666664,
    18.0,
    18.33333333333333,
    18.666666666666664,
    19.0,
    19.33333333333333,
    19.666666666666664,
    20.0
  ],
  "conductance": [
    0.9720566879186827,
    0.9759994271685866,
    0.9806746266041257,
    0.9861790984809554,
    0.9926008772390834,
    1.0000041567435924,
    1.0084067242947437,
    1.017750795813366,
    1.0278699681410313,
    1.0384576375958319,
    1.049050596747715,
    1.059055211015068,
    1.067840733981898,
    1.0748822634741901,
    1.0798839406250071,
    1.082815150732515,
    1.0838539217668888,
    1.0832879551593873,
    1.0814287708196337,
    1.0785608615238391,
    1.0749143487440302,
    1.070643181386359,
    1.0658074507230169,
    1.0603738024636389,
    1.0542462006616988,
    1.0473236526792133,
    1.0395633874013712,
    1.0310195052194555,
    1.0218388470248914,
    1.0122219573618085,
    1.0023739786512598,
    0.9924662641107194,
    0.9826162726632995,
    0.9728852856284936,
    0.9632919243693228,
    0.9538372360472817,
    0.9445311723842909,
    0.9354075560182286,
    0.926522027092242,
    0.9179389639982247,
    0.9097176936103673,
    0.9019042223122693,
    0.894529037023398,
    0.8876087420886487,
    0.8811492030045206,
    0.8751487603859495,
    0.8696009018228475,
    0.8644962617108337,
    0.8598240278176447,
    0.8555728910766109,
    0.8517316680174739,
    0.8482896982382597,
    0.8452370913887355,
    0.8425648754314494,
    0.8402650812720103,
    0.8383307872210154,
    0.836756138860121,
    0.8355363546055427,
    0.8346677237468946,
    0.8341476013921377,
    0.833974403163816,
    0.8341476013921381,
    0.8346677237468945,
    0.8355363546055425,
    0.8367561388601212,
    0.8383307872210153,
    0.8402650812720102,
    0.8425648754314494,
    0.8452370913887354,
    0.8482896982382596,
    0.851731668017474,
    0.8555728910766107,
    0.8598240278176446,
    0.8644962617108338,
    0.8696009018228473,
    0.8751487603859495,
    0.8811492030045205,
    0.8876087420886483,
    0.8945290370233979,
    0.9019042223122692,
    0.9097176936103669,
    0.9179389639982246,
    0.9265220270922421,
    0.9354075560182284,
    0.9445311723842906,
    0.9538372360472817,
    0.9632919243693224,
    0.9728852856284934,
    0.9826162726632997,
    0.9924662641107191,
    1.0023739786512598,
    1.012221957361808,
    1.0218388470248911,
    1.031019505219455,
    1.0395633874013712,
    1.0473236526792131,
    1.0542462006616984,
    1.0603738024636389,
    1.0658074507230162,
    1.0706431813863588,
    1.0749143487440298,
    1.0785608615238387,
    1.0814287708196337,
    1.083287955159387,
    1.0838539217668886,
    1.0828151507325148,
    1.0798839406250071,
    1.07488226347419,
    1.067840733981898,
    1.059055211015068,
    1.049050596747715,
    1.0384576375958319,
    1.0278699681410315,
    1.017750795813366,
    1.0084067242947437,
    1.0000041567435924,
    0.9926008772390834,
    0.9861790984809554,
    0.9806746266041257,
    0.9759994271685863,
    0.9720566879186825
  ],