{
  "bias_mev": [
    -20.0,
    -19.666666666666668,
    -19.333333333333332,
    -19.0,
    -18.666666666666668,
    -18.333333333333332,
    -18.0,
    -17.666666666666668,
    -17.333333333333332,
    -17.0,
    -16.666666666666668,
    -16.333333333333332,
    -16.0,
    -15.666666666666668,
    -15.333333333333334,
    -15.0,
    -14.666666666666668,
    -14.333333333333334,
    -14.0,
    -13.666666666666668,
    -13.333333333333334,
    -13.0,
    -12.666666666666668,
    -12.333333333333334,
    -12.0,
    -11.666666666666668,
    -11.333333333333334,
    -11.0,
    -10.666666666666668,
    -10.333333333333334,
    -10.0,
    -9.666666666666668,
    -9.333333333333334,
    -9.0,
    -8.666666666666668,
    -8.333333333333334,
    -8.0,
    -7.666666666666668,
    -7.333333333333334,
    -7.0,
    -6.666666666666668,
    -6.333333333333334,
    -6.0,
    -5.666666666666668,
    -5.333333333333334,
    -5.0,
    -4.666666666666668,
    -4.333333333333334,
    -4.0,
    -3.666666666666668,
    -3.3333333333333357,
    -3.0,
    -2.666666666666668,
    -2.3333333333333357,
    -2.0,
    -1.6666666666666679,
    -1.3333333333333357,
    -1.0,
    -0.6666666666666679,
    -0.3333333333333357,
    0.0,
    0.33333333333333215,
    0.6666666666666643,
    1.0,
    1.3333333333333321,
    1.6666666666666643,
    2.0,
    2.333333333333332,
    2.6666666666666643,
    3.0,
    3.333333333333332,
    3.6666666666666643,
    4.0,
    4.333333333333332,
    4.666666666666664,
    5.0,
    5.333333333333332,
    5.666666666666664,
    6.0,
    6.333333333333332,
    6.666666666666664,
    7.0,
    7.333333333333332,
    7.666666666666664,
    8.0,
    8.333333333333332,
    8.666666666666664,
    9.0,
    9.333333333333332,
    9.666666666666664,
    10.0,
    10.333333333333332,
    10.666666666666664,
    11.0,
    11.333333333333332,
    11.666666666666664,
    12.0,
    12.333333333333329,
    12.666666666666664,
    13.0,
    13.333333333333329,
    13.666666666666664,
    14.0,
    14.333333333333329,
    14.666666666666664,
    15.0,
    15.333333333333329,
    15.666666666666664,
    16.0,
    16.33333333333333,
    16.666666666666664,
    17.0,
    17.33333333333333,
    17.666666666666664,
    18.0,
    18.33333333333333,
    18.666666666666664,
    19.0,
    19.33333333333333,
    19.666666666666664,
    20.0
  ],
  "conductance": [
    0.9787907392075342,
    0.9800451394240182,
    0.9824016920624967,
    0.9860139465640854,
    0.9910611979341205,
    0.9977117381070767,
    1.0060001119312227,
    1.0156149453939938,
    1.0259015954781376,
    1.0364588938973143,
    1.0474787393778973,
    1.058833402134477,
    1.0689315092212812,
    1.0751703323614066,
    1.0761319532817955,
    1.0724893014843453,
    1.065999221869464,
    1.058174902911805,
    1.0495899368709596,
    1.0403786198447371,
    1.0310909799744676,
    1.022517533029744,
    1.0148910905180182,
    1.0074802032496424,
    0.9988889909709704,
    0.9875873374984664,
    0.972791189444511,
    0.9552960589965787,
    0.9367369487935705,
    0.9184950293307123,
    0.9013922541821077,
    0.8858166324347932,
    0.8718238734208879,
    0.8590696533857729,
    0.8467372599021149,
    0.8339646455739048,
    0.8206024337386214,
    0.8071511077338455,
    0.7941604549444352,
    0.7819533759228565,
    0.7706547549537935,
    0.7602790719420839,
    0.7507903587811242,
    0.7421335044254015,
    0.7342490224250844,
    0.7270795808711303,
    0.7205726211075817,
    0.7146811613587891,
    0.7093637839818382,
    0.7045842813328793,
    0.7003111851259656,
    0.6965172836773789,
    0.6931791730149856,
    0.6902768595839245,
    0.6877934188811983,
    0.6857147083200112,
    0.6840291302473136,
    0.6827274404519765,
    0.6818025977674987,
    0.6812496510217197,
    0.6810656603860548,
    0.6812496510217206,
    0.6818025977674979,
    0.6827274404519765,
    0.6840291302473144,
    0.6857147083200102,
    0.6877934188811983,
    0.6902768595839253,
    0.6931791730149847,
    0.6965172836773789,
    0.7003111851259665,
    0.7045842813328783,
    0.7093637839818379,
    0.7146811613587902,
    0.7205726211075812,
    0.7270795808711299,
    0.7342490224250856,
    0.7421335044254009,
    0.7507903587811235,
    0.7602790719420848,
    0.770654754953793,
    0.7819533759228563,
    0.7941604549444363,
    0.8071511077338448,
    0.8206024337386211,
    0.833964645573906,
    0.8467372599021143,
    0.8590696533857726,
    0.8718238734208893,
    0.8858166324347926,
    0.9013922541821071,
    0.9184950293307137,
    0.9367369487935698,
    0.9552960589965782,
    0.9727911894445124,
    0.9875873374984654,
    0.998888990970971,
    1.0074802032496435,
    1.0148910905180162,
    1.022517533029745,
    1.0310909799744687,
    1.0403786198447353,
    1.0495899368709602,
    1.0581749029118064,
    1.065999221869462,
    1.072489301484346,
    1.076131953281797,
    1.0751703323614048,
    1.068931509221281,
    1.0588334021344783,
    1.047478739377896,
    1.0364588938973145,
    1.025901595478139,
    1.0156149453939927,
    1.006000111931223,
    0.997711738107078,
    0.9910611979341195,
    0.9860139465640854,
    0.9824016920624982,
    0.9800451394240173,
    0.9787907392075336
  ],