{
  "bias_mev": [
    -20.0,
    -19.666666666666668,
    -19.333333333333332,
    -19.0,
    -18.666666666666668,
    -18.333333333333332,
    -18.0,
    -17.666666666666668,
    -17.333333333333332,
    -17.0,
    -16.666666666666668,
    -16.333333333333332,
    -16.0,
    -15.666666666666668,
    -15.333333333333334,
    -15.0,
    -14.666666666666668,
    -14.333333333333334,
    -14.0,
    -13.666666666666668,
    -13.333333333333334,
    -13.0,
    -12.666666666666668,
    -12.333333333333334,
    -12.0,
    -11.666666666666668,
    -11.333333333333334,
    -11.0,
    -10.666666666666668,
    -10.333333333333334,
    -10.0,
    -9.666666666666668,
    -9.333333333333334,
    -9.0,
    -8.666666666666668,
    -8.333333333333334,
    -8.0,
    -7.666666666666668,
    -7.333333333333334,
    -7.0,
    -6.666666666666668,
    -6.333333333333334,
    -6.0,
    -5.666666666666668,
    -5.333333333333334,
    -5.0,
    -4.666666666666668,
    -4.333333333333334,
    -4.0,
    -3.666666666666668,
    -3.3333333333333357,
    -3.0,
    -2.666666666666668,
    -2.3333333333333357,
    -2.0,
    -1.6666666666666679,
    -1.3333333333333357,
    -1.0,
    -0.6666666666666679,
    -0.3333333333333357,
    0.0,
    0.33333333333333215,
    0.6666666666666643,
    1.0,
    1.3333333333333321,
    1.6666666666666643,
    2.0,
    2.333333333333332,
    2.6666666666666643,
    3.0,
    3.333333333333332,
    3.6666666666666643,
    4.0,
    4.333333333333332,
    4.666666666666664,
    5.0,
    5.333333333333332,
    5.666666666666664,
    6.0,
    6.333333333333332,
    6.666666666666664,
    7.0,
    7.333333333333332,
    7.666666666666664,
    8.0,
    8.333333333333332,
    8.666666666666664,
    9.0,
    9.333333333333332,
    9.666666666666664,
    10.0,
    10.333333333333332,
    10.666666666666664,
    11.0,
    11.333333333333332,
    11.666666666666664,
    12.0,
    12.333333333333329,
    12.666666666666664,
    13.0,
    13.333333333333329,
    13.666666666666664,
    14.0,
    14.333333333333329,
    14.666666666666664,
    15.0,
    15.333333333333329,
    15.666666666666664,
    16.0,
    16.33333333333333,
    16.666666666666664,
    17.0,
    17.33333333333333,
    17.666666666666664,
    18.0,
    18.33333333333333,
    18.666666666666664,
    19.0,
    19.33333333333333,
    19.666666666666664,
    20.0
  ],
  "conductance": [
    0.9711862624600541,
    0.9755689423749545,
    0.9805309030819905,
    0.9861755634941394,
    0.9926173343648484,
    0.9999716957306239,
    1.008332875156521,
    1.0177465985573515,
    1.0282052246661668,
    1.0396646001133487,
    1.0519929219725261,
    1.0648068071426224,
    1.0773833222757188,
    1.0888922839186772,
    1.0988015749751423,
    1.1070377461590812,
    1.1138375686819564,
    1.1195098561854477,
    1.124293884339163,
    1.1283751711307723,
    1.1319537253999938,
    1.1352262090753698,
    1.1382890819426799,
    1.1410618058070374,
    1.1432943613628295,
    1.1446636514461273,
    1.1449431017594462,
    1.1441338480990069,
    1.1424306740310015,
    1.1400963805496445,
    1.1373709990348122,
    1.1344369052461405,
    1.1314055936198208,
    1.128305263547015,
    1.1250860608303122,
    1.121674468600496,
    1.1180474515569465,
    1.1142516850524347,
    1.110368436985754,
    1.1064774905889225,
    1.10264222376863,
    1.09890868150179,
    1.0953091686578487,
    1.09186608361503,
    1.0885948915047174,
    1.085506226097975,
    1.082607338425758,
    1.0799030954268802,
    1.0773966755200286,
    1.075090059759993,
    1.0729843835907968,
    1.071080192118452,
    1.06937762754313,
    1.0678765681264366,
    1.0665767319921506,
    1.065477755011163,
    1.0645792492790607,
    1.0638808468017058,
    1.0633822316699248,
    1.063083163041098,
    1.062983490528212,
    1.063083163041099,
    1.0633822316699235,
    1.0638808468017058,
    1.064579249279062,
    1.0654777550111614,
    1.0665767319921506,
    1.0678765681264377,
    1.0693776275431284,
    1.071080192118452,
    1.0729843835907982,
    1.075090059759992,
    1.0773966755200282,
    1.0799030954268818,
    1.0826073384257575,
    1.0855062260979744,
    1.0885948915047188,
    1.0918660836150291,
    1.095309168657848,
    1.0989086815017917,
    1.1026422237686293,
    1.106477490588922,
    1.1103684369857556,
    1.114251685052434,
    1.1180474515569458,
    1.1216744686004978,
    1.1250860608303113,
    1.1283052635470143,
    1.1314055936198224,
    1.13443690524614,
    1.1373709990348118,
    1.140096380549646,
    1.1424306740310008,
    1.1441338480990062,
    1.144943101759448,
    1.1446636514461261,
    1.1432943613628297,
    1.141061805807039,
    1.1382890819426774,
    1.1352262090753706,
    1.1319537253999956,
    1.1283751711307703,
    1.1242938843391639,
    1.1195098561854493,
    1.1138375686819544,
    1.1070377461590821,
    1.098801574975144,
    1.0888922839186752,
    1.077383322275719,
    1.0648068071426238,
    1.051992921972525,
    1.0396646001133487,
    1.0282052246661681,
    1.0177465985573502,
    1.008332875156521,
    0.9999716957306254,
    0.9926173343648472,
    0.9861755634941394,
    0.9805309030819922,
    0.9755689423749538,
    0.9711862624600537
  ],