{
  "bias_mev": [
    -20.0,
    -19.666666666666668,
    -19.333333333333332,
    -19.0,
    -18.666666666666668,
    -18.333333333333332,
    -18.0,
    -17.666666666666668,
    -17.333333333333332,
    -17.0,
    -16.666666666666668,
    -16.333333333333332,
    -16.0,
    -15.666666666666668,
    -15.333333333333334,
    -15.0,
    -14.666666666666668,
    -14.333333333333334,
    -14.0,
    -13.666666666666668,
    -13.333333333333334,
    -13.0,
    -12.666666666666668,
    -12.333333333333334,
    -12.0,
    -11.666666666666668,
    -11.333333333333334,
    -11.0,
    -10.666666666666668,
    -10.333333333333334,
    -10.0,
    -9.666666666666668,
    -9.333333333333334,
    -9.0,
    -8.666666666666668,
    -8.333333333333334,
    -8.0,
    -7.666666666666668,
    -7.333333333333334,
    -7.0,
    -6.666666666666668,
    -6.333333333333334,
    -6.0,
    -5.666666666666668,
    -5.333333333333334,
    -5.0,
    -4.666666666666668,
    -4.333333333333334,
    -4.0,
    -3.666666666666668,
    -3.3333333333333357,
    -3.0,
    -2.666666666666668,
    -2.3333333333333357,
    -2.0,
    -1.6666666666666679,
    -1.3333333333333357,
    -1.0,
    -0.6666666666666679,
    -0.3333333333333357,
    0.0,
    0.33333333333333215,
    0.6666666666666643,
    1.0,
    1.3333333333333321,
    1.6666666666666643,
    2.0,
    2.333333333333332,
    2.6666666666666643,
    3.0,
    3.333333333333332,
    3.6666666666666643,
    4.0,
    4.333333333333332,
    4.666666666666664,
    5.0,
    5.333333333333332,
    5.666666666666664,
    6.0,
    6.333333333333332,
    6.666666666666664,
    7.0,
    7.333333333333332,
    7.666666666666664,
    8.0,
    8.333333333333332,
    8.666666666666664,
    9.0,
    9.333333333333332,
    9.666666666666664,
    10.0,
    10.333333333333332,
    10.666666666666664,
    11.0,
    11.333333333333332,
    11.666666666666664,
    12.0,
    12.333333333333329,
    12.666666666666664,
    13.0,
    13.333333333333329,
    13.666666666666664,
    14.0,
    14.333333333333329,
    14.666666666666664,
    15.0,
    15.333333333333329,
    15.666666666666664,
    16.0,
    16.33333333333333,
    16.666666666666664,
    17.0,
    17.33333333333333,
    17.666666666666664,
    18.0,
    18.33333333333333,
    18.666666666666664,
    19.0,
    19.33333333333333,
    19.666666666666664,
    20.0
  ],
  "conductance": [
    0.9724283437922512,
    0.9756077492087378,
    0.9798004071087101,
    0.9851067386959675,
    0.9916113574576936,
    0.9993613403575682,
    1.0083300351043016,
    1.018371716965037,
    1.0291743845491226,
    1.0402079267606086,
    1.0506722345551198,
    1.0595181102645732,
    1.06565802964888,
    1.0683362234498348,
    1.0674040152553819,
    1.0632885131039838,
    1.0567189705101538,
    1.0484346673879756,
    1.0390327011437746,
    1.0289541734750516,
    1.018500858024206,
    1.0078054200564313,
    0.9967857023193645,
    0.9851612915098431,
    0.9725637977400191,
    0.958705945773841,
    0.9435365138743744,
    0.9272952482103747,
    0.910432721926848,
    0.89345855974821,
    0.8768098104637975,
    0.8607738045423353,
    0.8454528646866009,
    0.830766942187074,
    0.8165153112838295,
    0.8025000050051952,
    0.7886484173710704,
    0.7750483016551625,
    0.7618839035116816,
    0.7493437642529012,
    0.7375634807130085,
    0.7266132250859328,
    0.7165102319795238,
    0.7072373453745824,
    0.6987586078290167,
    0.6910298366197695,
    0.6840049665091944,
    0.6776395101473521,
    0.671892258355147,
    0.6667259775565015,
    0.6621075676729391,
    0.6580079486372709,
    0.6544018251133474,
    0.6512674103323647,
    0.648586151310636,
    0.6463424764203313,
    0.6445235747992866,
    0.6431192110770382,
    0.6421215759199866,
    0.6415251715951904,
    0.6413267313612797,
    0.6415251715951905,
    0.6421215759199865,
    0.6431192110770382,
    0.6445235747992867,
    0.6463424764203312,
    0.648586151310636,
    0.6512674103323647,
    0.6544018251133473,
    0.6580079486372709,
    0.6621075676729391,
    0.6667259775565013,
    0.6718922583551468,
    0.6776395101473521,
    0.6840049665091943,
    0.6910298366197694,
    0.6987586078290168,
    0.7072373453745824,
    0.7165102319795236,
    0.7266132250859328,
    0.7375634807130083,
    0.749343764252901,
    0.7618839035116817,
    0.7750483016551623,
    0.7886484173710703,
    0.8025000050051952,
    0.8165153112838293,
    0.8307669421870739,
    0.8454528646866012,
    0.8607738045423351,
    0.8768098104637975,
    0.8934585597482102,
    0.9104327219268479,
    0.9272952482103745,
    0.9435365138743744,
    0.9587059457738407,
    0.9725637977400191,
    0.9851612915098429,
    0.9967857023193638,
    1.0078054200564313,
    1.018500858024206,
    1.0289541734750511,
    1.0390327011437748,
    1.0484346673879756,
    1.0567189705101534,
    1.0632885131039838,
    1.067404015255382,
    1.0683362234498344,
    1.0656580296488802,
    1.0595181102645734,
    1.0506722345551198,
    1.0402079267606086,
    1.029174384549123,
    1.0183717169650368,
    1.0083300351043016,
    0.9993613403575685,
    0.9916113574576934,
    0.9851067386959677,
    0.9798004071087105,
    0.9756077492087376,
    0.9724283437922511
  ],