{
  "bias_mev": [
    -20.0,
    -19.666666666666668,
    -19.333333333333332,
    -19.0,
    -18.666666666666668,
    -18.333333333333332,
    -18.0,
    -17.666666666666668,
    -17.333333333333332,
    -17.0,
    -16.666666666666668,
    -16.333333333333332,
    -16.0,
    -15.666666666666668,
    -15.333333333333334,
    -15.0,
    -14.666666666666668,
    -14.333333333333334,
    -14.0,
    -13.666666666666668,
    -13.333333333333334,
    -13.0,
    -12.666666666666668,
    -12.333333333333334,
    -12.0,
    -11.666666666666668,
    -11.333333333333334,
    -11.0,
    -10.666666666666668,
    -10.333333333333334,
    -10.0,
    -9.666666666666668,
    -9.333333333333334,
    -9.0,
    -8.666666666666668,
    -8.333333333333334,
    -8.0,
    -7.666666666666668,
    -7.333333333333334,
    -7.0,
    -6.666666666666668,
    -6.333333333333334,
    -6.0,
    -5.666666666666668,
    -5.333333333333334,
    -5.0,
    -4.666666666666668,
    -4.333333333333334,
    -4.0,
    -3.666666666666668,
    -3.3333333333333357,
    -3.0,
    -2.666666666666668,
    -2.3333333333333357,
    -2.0,
    -1.6666666666666679,
    -1.3333333333333357,
    -1.0,
    -0.6666666666666679,
    -0.3333333333333357,
    0.0,
    0.33333333333333215,
    0.6666666666666643,
    1.0,
    1.3333333333333321,
    1.6666666666666643,
    2.0,
    2.333333333333332,
    2.6666666666666643,
    3.0,
    3.333333333333332,
    3.6666666666666643,
    4.0,
    4.333333333333332,
    4.666666666666664,
    5.0,
    5.333333333333332,
    5.666666666666664,
    6.0,
    6.333333333333332,
    6.666666666666664,
    7.0,
    7.333333333333332,
    7.666666666666664,
    8.0,
    8.333333333333332,
    8.666666666666664,
    9.0,
    9.333333333333332,
    9.666666666666664,
    10.0,
    10.333333333333332,
    10.666666666666664,
    11.0,
    11.333333333333332,
    11.666666666666664,
    12.0,
    12.333333333333329,
    12.666666666666664,
    13.0,
    13.333333333333329,
    13.666666666666664,
    14.0,
    14.333333333333329,
    14.666666666666664,
    15.0,
    15.333333333333329,
    15.666666666666664,
    16.0,
    16.33333333333333,
    16.666666666666664,
    17.0,
    17.33333333333333,
    17.666666666666664,
    18.0,
    18.33333333333333,
    18.666666666666664,
    19.0,
    19.33333333333333,
    19.666666666666664,
    20.0
  ],
  "conductance": [
    0.9740716371639901,
    0.977378010826645,
    0.9814428118212124,
    0.9863808831123364,
    0.9923057255236923,
    0.9993149552226758,
    1.0074641097332235,
    1.0167314726327445,
    1.026981247230219,
    1.0379291467332599,
    1.0491111633169992,
    1.0598817580357438,
    1.0695030320566268,
    1.0773401998432273,
    1.0830566502071328,
    1.0866706026544126,
    1.0884542987016408,
    1.0887758413677378,
    1.087988959587372,
    1.086396125675515,
    1.0842371379280507,
    1.0816573942488235,
    1.0786664674626993,
    1.07512993720594,
    1.0708170373596515,
    1.0654929951093972,
    1.0590247387501415,
    1.0514520247405947,
    1.0429834501990694,
    1.033926553086566,
    1.0246003606843253,
    1.0152667452942794,
    1.0060869389097982,
    0.9971017824592059,
    0.9882457803875434,
    0.9794048458822615,
    0.970497333844997,
    0.9615282331933475,
    0.9525853236232388,
    0.9437959694950501,
    0.9352833862748982,
    0.9271430176997338,
    0.919437687119047,
    0.9122025278585408,
    0.9054525961642491,
    0.8991897590350126,
    0.8934078707228413,
    0.888096317848925,
    0.8832423205586384,
    0.8788323753146605,
    0.8748531357956836,
    0.8712919368696597,
    0.8681370960823183,
    0.8653780784796057,
    0.8630055788231781,
    0.8610115550700029,
    0.8593892343160787,
    0.8581331044832253,
    0.857238900068261,
    0.8567035871489898,
    0.8565253508477519,
    0.8567035871489896,
    0.8572389000682609,
    0.8581331044832253,
    0.8593892343160787,
    0.8610115550700027,
    0.8630055788231781,
    0.8653780784796057,
    0.8681370960823181,
    0.8712919368696596,
    0.8748531357956836,
    0.8788323753146604,
    0.8832423205586382,
    0.8880963178489248,
    0.8934078707228411,
    0.8991897590350126,
    0.9054525961642491,
    0.9122025278585408,
    0.9194376871190469,
    0.9271430176997337,
    0.935283386274898,
    0.94379596949505,
    0.9525853236232387,
    0.961528233193347,
    0.970497333844997,
    0.9794048458822615,
    0.9882457803875433,
    0.9971017824592058,
    1.0060869389097977,
    1.0152667452942792,
    1.0246003606843248,
    1.0339265530865656,
    1.0429834501990691,
    1.0514520247405947,
    1.0590247387501415,
    1.065492995109397,
    1.0708170373596515,
    1.0751299372059397,
    1.0786664674626993,
    1.0816573942488232,
    1.0842371379280502,
    1.086396125675515,
    1.087988959587372,
    1.0887758413677378,
    1.0884542987016408,
    1.0866706026544126,
    1.0830566502071328,
    1.077340199843227,
    1.0695030320566268,
    1.0598817580357442,
    1.0491111633169992,
    1.0379291467332599,
    1.0269812472302193,
    1.0167314726327448,
    1.0074641097332235,
    0.999314955222676,
    0.9923057255236926,
    0.9863808831123365,
    0.9814428118212126,
    0.9773780108266448,
    0.9740716371639899
  ],