{
  "bias_mev": [
    -20.0,
    -19.666666666666668,
    -19.333333333333332,
    -19.0,
    -18.666666666666668,
    -18.333333333333332,
    -18.0,
    -17.666666666666668,
    -17.333333333333332,
    -17.0,
    -16.666666666666668,
    -16.333333333333332,
    -16.0,
    -15.666666666666668,
    -15.333333333333334,
    -15.0,
    -14.666666666666668,
    -14.333333333333334,
    -14.0,
    -13.666666666666668,
    -13.333333333333334,
    -13.0,
    -12.666666666666668,
    -12.333333333333334,
    -12.0,
    -11.666666666666668,
    -11.333333333333334,
    -11.0,
    -10.666666666666668,
    -10.333333333333334,
    -10.0,
    -9.666666666666668,
    -9.333333333333334,
    -9.0,
    -8.666666666666668,
    -8.333333333333334,
    -8.0,
    -7.666666666666668,
    -7.333333333333334,
    -7.0,
    -6.666666666666668,
    -6.333333333333334,
    -6.0,
    -5.666666666666668,
    -5.333333333333334,
    -5.0,
    -4.666666666666668,
    -4.333333333333334,
    -4.0,
    -3.666666666666668,
    -3.3333333333333357,
    -3.0,
    -2.666666666666668,
    -2.3333333333333357,
    -2.0,
    -1.6666666666666679,
    -1.3333333333333357,
    -1.0,
    -0.6666666666666679,
    -0.3333333333333357,
    0.0,
    0.33333333333333215,
    0.6666666666666643,
    1.0,
    1.3333333333333321,
    1.6666666666666643,
    2.0,
    2.333333333333332,
    2.6666666666666643,
    3.0,
    3.333333333333332,
    3.6666666666666643,
    4.0,
    4.333333333333332,
    4.666666666666664,
    5.0,
    5.333333333333332,
    5.666666666666664,
    6.0,
    6.333333333333332,
    6.666666666666664,
    7.0,
    7.333333333333332,
    7.666666666666664,
    8.0,
    8.333333333333332,
    8.666666666666664,
    9.0,
    9.333333333333332,
    9.666666666666664,
    10.0,
    10.333333333333332,
    10.666666666666664,
    11.0,
    11.333333333333332,
    11.666666666666664,
    12.0,
    12.333333333333329,
    12.666666666666664,
    13.0,
    13.333333333333329,
    13.666666666666664,
    14.0,
    14.333333333333329,
    14.666666666666664,
    15.0,
    15.333333333333329,
    15.666666666666664,
    16.0,
    16.33333333333333,
    16.666666666666664,
    17.0,
    17.33333333333333,
    17.666666666666664,
    18.0,
    18.33333333333333,
    18.666666666666664,
    19.0,
    19.33333333333333,
    19.666666666666664,
    20.0
  ],
  "conductance": [
    0.9725777245084445,
    0.9766603861563753,
    0.9813258486579839,
    0.9866748864285011,
    0.9928171816520241,
    0.9998616013389776,
    1.0078962086106718,
    1.016965246463463,
    1.0270647464595084,
    1.0381561697240502,
    1.0501286634198734,
    1.0626598479069322,
    1.0750999627549789,
    1.0866051039727798,
    1.096506689531334,
    1.104572374893343,
    1.1109546440174733,
    1.115967615863432,
    1.1199049481969838,
    1.1230002326399662,
    1.1254727239237912,
    1.1275295792993816,
    1.1292910741933102,
    1.130712908758752,
    1.131580137195412,
    1.1315927408897086,
    1.1305211333562812,
    1.1283394621876808,
    1.1252219546452364,
    1.1214340879641926,
    1.1172329362085218,
    1.1128197564339017,
    1.1083227600196341,
    1.1037875057932776,
    1.09918266558276,
    1.0944452042776904,
    1.089548342514366,
    1.0845309320500571,
    1.0794728563384255,
    1.074458433506062,
    1.0695568194134957,
    1.0648183154894233,
    1.0602773970535067,
    1.0559569227399102,
    1.0518716513021462,
    1.0480307942351246,
    1.0444397839982935,
    1.0411014857488807,
    1.038017031122293,
    1.035186397631133,
    1.032608815946028,
    1.030283059416719,
    1.0282076519598973,
    1.0263810185925255,
    1.024801595137715,
    1.023467908495014,
    1.0223786354127737,
    1.0215326453364886,
    1.0209290312579422,
    1.0205671313129459,
    1.0204465430102945,
    1.020567131312947,
    1.020929031257941,
    1.0215326453364886,
    1.0223786354127748,
    1.023467908495013,
    1.024801595137715,
    1.0263810185925268,
    1.028207651959896,
    1.030283059416719,
    1.0326088159460294,
    1.035186397631132,
    1.0380170311222927,
    1.0411014857488818,
    1.044439783998293,
    1.048030794235124,
    1.0518716513021475,
    1.0559569227399097,
    1.0602773970535062,
    1.0648183154894246,
    1.0695568194134952,
    1.0744584335060614,
    1.0794728563384266,
    1.0845309320500565,
    1.0895483425143655,
    1.0944452042776918,
    1.0991826655827592,
    1.1037875057932767,
    1.1083227600196357,
    1.112819756433901,
    1.1172329362085212,
    1.1214340879641942,
    1.1252219546452358,
    1.12833946218768,
    1.130521133356283,
    1.1315927408897075,
    1.131580137195412,
    1.1307129087587535,
    1.1292910741933087,
    1.1275295792993822,
    1.1254727239237927,
    1.1230002326399642,
    1.1199049481969845,
    1.1159676158634333,
    1.1109546440174713,
    1.1045723748933436,
    1.0965066895313356,
    1.086605103972778,
    1.0750999627549789,
    1.0626598479069336,
    1.050128663419872,
    1.0381561697240502,
    1.0270647464595097,
    1.0169652464634615,
    1.0078962086106715,
    0.9998616013389786,
    0.992817181652023,
    0.9866748864285011,
    0.981325848657985,
    0.9766603861563747,
    0.9725777245084439
  ],