{
  "bias_mev": [
    -20.0,
    -19.666666666666668,
    -19.333333333333332,
    -19.0,
    -18.666666666666668,
    -18.333333333333332,
    -18.0,
    -17.666666666666668,
    -17.333333333333332,
    -17.0,
    -16.666666666666668,
    -16.333333333333332,
    -16.0,
    -15.666666666666668,
    -15.333333333333334,
    -15.0,
    -14.666666666666668,
    -14.333333333333334,
    -14.0,
    -13.666666666666668,
    -13.333333333333334,
    -13.0,
    -12.666666666666668,
    -12.333333333333334,
    -12.0,
    -11.666666666666668,
    -11.333333333333334,
    -11.0,
    -10.666666666666668,
    -10.333333333333334,
    -10.0,
    -9.666666666666668,
    -9.333333333333334,
    -9.0,
    -8.666666666666668,
    -8.333333333333334,
    -8.0,
    -7.666666666666668,
    -7.333333333333334,
    -7.0,
    -6.666666666666668,
    -6.333333333333334,
    -6.0,
    -5.666666666666668,
    -5.333333333333334,
    -5.0,
    -4.666666666666668,
    -4.333333333333334,
    -4.0,
    -3.666666666666668,
    -3.3333333333333357,
    -3.0,
    -2.666666666666668,
    -2.3333333333333357,
    -2.0,
    -1.6666666666666679,
    -1.3333333333333357,
    -1.0,
    -0.6666666666666679,
    -0.3333333333333357,
    0.0,
    0.33333333333333215,
    0.6666666666666643,
    1.0,
    1.3333333333333321,
    1.6666666666666643,
    2.0,
    2.333333333333332,
    2.6666666666666643,
    3.0,
    3.333333333333332,
    3.6666666666666643,
    4.0,
    4.333333333333332,
    4.666666666666664,
    5.0,
    5.333333333333332,
    5.666666666666664,
    6.0,
    6.333333333333332,
    6.666666666666664,
    7.0,
    7.333333333333332,
    7.666666666666664,
    8.0,
    8.333333333333332,
    8.666666666666664,
    9.0,
    9.333333333333332,
    9.666666666666664,
    10.0,
    10.333333333333332,
    10.666666666666664,
    11.0,
    11.333333333333332,
    11.666666666666664,
    12.0,
    12.333333333333329,
    12.666666666666664,
    13.0,
    13.333333333333329,
    13.666666666666664,
    14.0,
    14.333333333333329,
    14.666666666666664,
    15.0,
    15.333333333333329,
    15.666666666666664,
    16.0,
    16.33333333333333,
    16.666666666666664,
    17.0,
    17.33333333333333,
    17.666666666666664,
    18.0,
    18.33333333333333,
    18.666666666666664,
    19.0,
    19.33333333333333,
    19.666666666666664,
    20.0
  ],
  "conductance": [
    0.9772057900051041,
    0.9785608321755422,
    0.9813014384757482,
    0.9855251042982837,
    0.9912921789787061,
    0.9985821121407779,
    1.0072329922320031,
    1.016880788223864,
    1.0269207389248756,
    1.0364980245450939,
    1.0445254153731998,
    1.0497738514020507,
    1.051121768878876,
    1.047925260230452,
    1.0402721472525926,
    1.0289130323978284,
    1.0149271062099494,
    0.9993663333269369,
    0.9830684980893476,
    0.9666406292631263,
    0.9504814733640083,
    0.9347491475230987,
    0.9193087882816456,
    0.9037519078980512,
    0.887529991703343,
    0.8701741324231725,
    0.8515204645900916,
    0.8318215718152295,
    0.8116628170179656,
    0.7917397166809396,
    0.772639739136227,
    0.7547212746582935,
    0.7380903685634481,
    0.7226407410712498,
    0.7081371329366256,
    0.6943299001047728,
    0.6810633514638424,
    0.6683213241821477,
    0.6561914373396874,
    0.6447905825773254,
    0.6342066170578555,
    0.6244769640738467,
    0.6155940207492562,
    0.6075204831491965,
    0.6002039974698907,
    0.5935874987182649,
    0.5876152945125317,
    0.5822360997492286,
    0.5774042127274348,
    0.5730796840188515,
    0.5692280024047313,
    0.5658195913202836,
    0.5628292672779678,
    0.5602357314757896,
    0.5580211232551349,
    0.5561706429446365,
    0.5546722420307549,
    0.5535163749348032,
    0.5526958059245525,
    0.5522054652746293,
    0.5520423499319199,
    0.5522054652746295,
    0.5526958059245525,
    0.5535163749348032,
    0.554672242030755,
    0.5561706429446365,
    0.5580211232551348,
    0.5602357314757896,
    0.5628292672779677,
    0.5658195913202837,
    0.5692280024047313,
    0.5730796840188515,
    0.5774042127274348,
    0.5822360997492285,
    0.5876152945125316,
    0.5935874987182649,
    0.6002039974698906,
    0.6075204831491963,
    0.6155940207492562,
    0.6244769640738467,
    0.6342066170578554,
    0.6447905825773252,
    0.6561914373396873,
    0.6683213241821475,
    0.6810633514638423,
    0.6943299001047727,
    0.7081371329366254,
    0.7226407410712496,
    0.7380903685634481,
    0.7547212746582935,
    0.7726397391362269,
    0.7917397166809393,
    0.8116628170179653,
    0.8318215718152294,
    0.8515204645900912,
    0.8701741324231722,
    0.8875299917033429,
    0.9037519078980509,
    0.9193087882816451,
    0.9347491475230986,
    0.9504814733640081,
    0.9666406292631261,
    0.9830684980893476,
    0.9993663333269367,
    1.0149271062099494,
    1.0289130323978284,
    1.0402721472525924,
    1.0479252602304518,
    1.051121768878876,
    1.0497738514020507,
    1.0445254153731995,
    1.0364980245450937,
    1.0269207389248756,
    1.016880788223864,
    1.007232992232003,
    0.9985821121407779,
    0.9912921789787064,
    0.9855251042982837,
    0.9813014384757482,
    0.9785608321755422,
    0.9772057900051037
  ],