{
  "bias_mev": [
    -20.0,
    -19.666666666666668,
    -19.333333333333332,
    -19.0,
    -18.666666666666668,
    -18.333333333333332,
    -18.0,
    -17.666666666666668,
    -17.333333333333332,
    -17.0,
    -16.666666666666668,
    -16.333333333333332,
    -16.0,
    -15.666666666666668,
    -15.333333333333334,
    -15.0,
    -14.666666666666668,
    -14.333333333333334,
    -14.0,
    -13.666666666666668,
    -13.333333333333334,
    -13.0,
    -12.666666666666668,
    -12.333333333333334,
    -12.0,
    -11.666666666666668,
    -11.333333333333334,
    -11.0,
    -10.666666666666668,
    -10.333333333333334,
    -10.0,
    -9.666666666666668,
    -9.333333333333334,
    -9.0,
    -8.666666666666668,
    -8.333333333333334,
    -8.0,
    -7.666666666666668,
    -7.333333333333334,
    -7.0,
    -6.666666666666668,
    -6.333333333333334,
    -6.0,
    -5.666666666666668,
    -5.333333333333334,
    -5.0,
    -4.666666666666668,
    -4.333333333333334,
    -4.0,
    -3.666666666666668,
    -3.3333333333333357,
    -3.0,
    -2.666666666666668,
    -2.3333333333333357,
    -2.0,
    -1.6666666666666679,
    -1.3333333333333357,
    -1.0,
    -0.6666666666666679,
    -0.3333333333333357,
    0.0,
    0.33333333333333215,
    0.6666666666666643,
    1.0,
    1.3333333333333321,
    1.6666666666666643,
    2.0,
    2.333333333333332,
    2.6666666666666643,
    3.0,
    3.333333333333332,
    3.6666666666666643,
    4.0,
    4.333333333333332,
    4.666666666666664,
    5.0,
    5.333333333333332,
    5.666666666666664,
    6.0,
    6.333333333333332,
    6.666666666666664,
    7.0,
    7.333333333333332,
    7.666666666666664,
    8.0,
    8.333333333333332,
    8.666666666666664,
    9.0,
    9.333333333333332,
    9.666666666666664,
    10.0,
    10.333333333333332,
    10.666666666666664,
    11.0,
    11.333333333333332,
    11.666666666666664,
    12.0,
    12.333333333333329,
    12.666666666666664,
    13.0,
    13.333333333333329,
    13.666666666666664,
    14.0,
    14.333333333333329,
    14.666666666666664,
    15.0,
    15.333333333333329,
    15.666666666666664,
    16.0,
    16.33333333333333,
    16.666666666666664,
    17.0,
    17.33333333333333,
    17.666666666666664,
    18.0,
    18.33333333333333,
    18.666666666666664,
    19.0,
    19.33333333333333,
    19.666666666666664,
    20.0
  ],
  "conductance": [
    0.9737392038824069,
    0.9774969592185097,
    0.9818314648129911,
    0.9868543429189327,
    0.9926992854786751,
    0.9995143287888273,
    1.0074236198548896,
    1.016452082876917,
    1.026498745542107,
    1.0374899666257429,
    1.0494913910399786,
    1.0624076304687993,
    1.0755249085760379,
    1.0876268365788782,
    1.0978360270361354,
    1.1060751101793178,
    1.1128028484908814,
    1.1185486611442952,
    1.1235910792370067,
    1.1280295173584662,
    1.1320735832966147,
    1.1360653671620369,
    1.1402247253981836,
    1.1444267797414351,
    1.1482038518016384,
    1.150898897817176,
    1.1519806695988104,
    1.151423171143523,
    1.149623001033297,
    1.1470656972237516,
    1.1441559221760342,
    1.1411988255071606,
    1.1383927591102025,
    1.1357650144252949,
    1.1331040303614255,
    1.1300735847925607,
    1.1265084916459736,
    1.1225017895891194,
    1.1182471717982265,
    1.1139133020895429,
    1.109615514940036,
    1.105426914440593,
    1.1013931641554995,
    1.097542875915078,
    1.0938940130863237,
    1.090457762408613,
    1.0872409139182464,
    1.0842473633077607,
    1.081479086815204,
    1.0789367900332258,
    1.0766203493480613,
    1.074529117989828,
    1.0726621415747006,
    1.071018311853829,
    1.069596477470304,
    1.0683955242838508,
    1.0674144337940414,
    1.0666523255285454,
    1.066108487457496,
    1.0657823972384655,
    1.065673736193083,
    1.0657823972384668,
    1.0661084874574944,
    1.0666523255285454,
    1.0674144337940428,
    1.0683955242838494,
    1.069596477470304,
    1.0710183118538306,
    1.0726621415746993,
    1.074529117989828,
    1.0766203493480628,
    1.0789367900332247,
    1.0814790868152038,
    1.084247363307762,
    1.0872409139182457,
    1.0904577624086123,
    1.0938940130863253,
    1.0975428759150774,
    1.1013931641554986,
    1.1054269144405944,
    1.109615514940035,
    1.1139133020895422,
    1.118247171798228,
    1.1225017895891185,
    1.1265084916459729,
    1.1300735847925623,
    1.1331040303614248,
    1.135765014425294,
    1.1383927591102043,
    1.1411988255071597,
    1.1441559221760333,
    1.1470656972237534,
    1.1496230010332964,
    1.151423171143522,
    1.151980669598812,
    1.150898897817175,
    1.1482038518016389,
    1.1444267797414367,
    1.1402247253981814,
    1.1360653671620375,
    1.1320735832966164,
    1.1280295173584642,
    1.1235910792370074,
    1.1185486611442972,
    1.1128028484908792,
    1.1060751101793187,
    1.097836027036137,
    1.0876268365788766,
    1.075524908576038,
    1.062407630468801,
    1.0494913910399775,
    1.0374899666257429,
    1.0264987455421086,
    1.016452082876916,
    1.0074236198548896,
    0.9995143287888285,
    0.9926992854786738,
    0.9868543429189327,
    0.9818314648129927,
    0.977496959218509,
    0.9737392038824064
  ],