{
  "bias_mev": [
    -20.0,
    -19.666666666666668,
    -19.333333333333332,
    -19.0,
    -18.666666666666668,
    -18.333333333333332,
    -18.0,
    -17.666666666666668,
    -17.333333333333332,
    -17.0,
    -16.666666666666668,
    -16.333333333333332,
    -16.0,
    -15.666666666666668,
    -15.333333333333334,
    -15.0,
    -14.666666666666668,
    -14.333333333333334,
    -14.0,
    -13.666666666666668,
    -13.333333333333334,
    -13.0,
    -12.666666666666668,
    -12.333333333333334,
    -12.0,
    -11.666666666666668,
    -11.333333333333334,
    -11.0,
    -10.666666666666668,
    -10.333333333333334,
    -10.0,
    -9.666666666666668,
    -9.333333333333334,
    -9.0,
    -8.666666666666668,
    -8.333333333333334,
    -8.0,
    -7.666666666666668,
    -7.333333333333334,
    -7.0,
    -6.666666666666668,
    -6.333333333333334,
    -6.0,
    -5.666666666666668,
    -5.333333333333334,
    -5.0,
    -4.666666666666668,
    -4.333333333333334,
    -4.0,
    -3.666666666666668,
    -3.3333333333333357,
    -3.0,
    -2.666666666666668,
    -2.3333333333333357,
    -2.0,
    -1.6666666666666679,
    -1.3333333333333357,
    -1.0,
    -0.6666666666666679,
    -0.3333333333333357,
    0.0,
    0.33333333333333215,
    0.6666666666666643,
    1.0,
    1.3333333333333321,
    1.6666666666666643,
    2.0,
    2.333333333333332,
    2.6666666666666643,
    3.0,
    3.333333333333332,
    3.6666666666666643,
    4.0,
    4.333333333333332,
    4.666666666666664,
    5.0,
    5.333333333333332,
    5.666666666666664,
    6.0,
    6.333333333333332,
    6.666666666666664,
    7.0,
    7.333333333333332,
    7.666666666666664,
    8.0,
    8.333333333333332,
    8.666666666666664,
    9.0,
    9.333333333333332,
    9.666666666666664,
    10.0,
    10.333333333333332,
    10.666666666666664,
    11.0,
    11.333333333333332,
    11.666666666666664,
    12.0,
    12.333333333333329,
    12.666666666666664,
    13.0,
    13.333333333333329,
    13.666666666666664,
    14.0,
    14.333333333333329,
    14.666666666666664,
    15.0,
    15.333333333333329,
    15.666666666666664,
    16.0,
    16.33333333333333,
    16.666666666666664,
    17.0,
    17.33333333333333,
    17.666666666666664,
    18.0,
    18.33333333333333,
    18.666666666666664,
    19.0,
    19.33333333333333,
    19.666666666666664,
    20.0
  ],
  "conductance": [
    0.9875225852546802,
    0.988416435477687,
    0.9899999337769395,
    0.9923204112528523,
    0.9954021219030961,
    0.9992349643795062,
    1.0037626787637848,
    1.0088731540821674,
    1.0143917277028691,
    1.020075987406418,
    1.0256128841937535,
    1.0306278718612423,
    1.0347213634647159,
    1.0375358515282995,
    1.0388310979534003,
    1.038530151019246,
    1.0367139002355312,
    1.0335733874512927,
    1.0293483644598547,
    1.0242752072318722,
    1.0185498062722707,
    1.0123012996314114,
    1.0055767572391239,
    0.9983447462357758,
    0.9905247027158397,
    0.9820374929558725,
    0.9728586647615215,
    0.963050661039819,
    0.9527598986601632,
    0.9421834596481395,
    0.9315238261158983,
    0.9209503940312631,
    0.9105782207388539,
    0.9004661881995735,
    0.8906313934831694,
    0.8810724585934776,
    0.8717915891010535,
    0.8628066260189685,
    0.8541507449631636,
    0.8458642325284148,
    0.8379849817348326,
    0.8305420640596557,
    0.8235533524929479,
    0.8170261350601623,
    0.8109592135441146,
    0.8053453571451386,
    0.8001735052224123,
    0.7954304997289808,
    0.7911023391994965,
    0.7871750331659405,
    0.7836351552093446,
    0.7804701827358822,
    0.7776686925560619,
    0.7752204626313229,
    0.7731165150989374,
    0.7713491243355121,
    0.7699118058036737,
    0.7687992959482309,
    0.7680075297426572,
    0.7675336200659182,
    0.767375841498003,
    0.7675336200659182,
    0.7680075297426572,
    0.7687992959482309,
    0.7699118058036739,
    0.7713491243355121,
    0.7731165150989373,
    0.7752204626313233,
    0.7776686925560619,
    0.7804701827358823,
    0.7836351552093446,
    0.7871750331659403,
    0.7911023391994965,
    0.7954304997289807,
    0.800173505222412,
    0.8053453571451383,
    0.8109592135441145,
    0.8170261350601621,
    0.8235533524929479,
    0.8305420640596555,
    0.8379849817348323,
    0.8458642325284148,
    0.8541507449631635,
    0.8628066260189685,
    0.8717915891010533,
    0.8810724585934775,
    0.8906313934831697,
    0.900466188199573,
    0.9105782207388536,
    0.920950394031263,
    0.9315238261158986,
    0.9421834596481395,
    0.9527598986601629,
    0.9630506610398191,
    0.9728586647615215,
    0.9820374929558725,
    0.9905247027158395,
    0.9983447462357757,
    1.0055767572391237,
    1.0123012996314114,
    1.0185498062722704,
    1.024275207231872,
    1.0293483644598547,
    1.0335733874512927,
    1.0367139002355312,
    1.038530151019246,
    1.0388310979533997,
    1.0375358515282993,
    1.034721363464716,
    1.0306278718612423,
    1.0256128841937535,
    1.020075987406418,
    1.014391727702869,
    1.0088731540821676,
    1.003762678763785,
    0.9992349643795064,
    0.995402121903096,
    0.9923204112528524,
    0.9899999337769397,
    0.9884164354776871,
    0.9875225852546798
  ],