{
  "bias_mev": [
    -20.0,
    -19.666666666666668,
    -19.333333333333332,
    -19.0,
    -18.666666666666668,
    -18.333333333333332,
    -18.0,
    -17.666666666666668,
    -17.333333333333332,
    -17.0,
    -16.666666666666668,
    -16.333333333333332,
    -16.0,
    -15.666666666666668,
    -15.333333333333334,
    -15.0,
    -14.666666666666668,
    -14.333333333333334,
    -14.0,
    -13.666666666666668,
    -13.333333333333334,
    -13.0,
    -12.666666666666668,
    -12.333333333333334,
    -12.0,
    -11.666666666666668,
    -11.333333333333334,
    -11.0,
    -10.666666666666668,
    -10.333333333333334,
    -10.0,
    -9.666666666666668,
    -9.333333333333334,
    -9.0,
    -8.666666666666668,
    -8.333333333333334,
    -8.0,
    -7.666666666666668,
    -7.333333333333334,
    -7.0,
    -6.666666666666668,
    -6.333333333333334,
    -6.0,
    -5.666666666666668,
    -5.333333333333334,
    -5.0,
    -4.666666666666668,
    -4.333333333333334,
    -4.0,
    -3.666666666666668,
    -3.3333333333333357,
    -3.0,
    -2.666666666666668,
    -2.3333333333333357,
    -2.0,
    -1.6666666666666679,
    -1.3333333333333357,
    -1.0,
    -0.6666666666666679,
    -0.3333333333333357,
    0.0,
    0.33333333333333215,
    0.6666666666666643,
    1.0,
    1.3333333333333321,
    1.6666666666666643,
    2.0,
    2.333333333333332,
    2.6666666666666643,
    3.0,
    3.333333333333332,
    3.6666666666666643,
    4.0,
    4.333333333333332,
    4.666666666666664,
    5.0,
    5.333333333333332,
    5.666666666666664,
    6.0,
    6.333333333333332,
    6.666666666666664,
    7.0,
    7.333333333333332,
    7.666666666666664,
    8.0,
    8.333333333333332,
    8.666666666666664,
    9.0,
    9.333333333333332,
    9.666666666666664,
    10.0,
    10.333333333333332,
    10.666666666666664,
    11.0,
    11.333333333333332,
    11.666666666666664,
    12.0,
    12.333333333333329,
    12.666666666666664,
    13.0,
    13.333333333333329,
    13.666666666666664,
    14.0,
    14.333333333333329,
    14.666666666666664,
    15.0,
    15.333333333333329,
    15.666666666666664,
    16.0,
    16.33333333333333,
    16.666666666666664,
    17.0,
    17.33333333333333,
    17.666666666666664,
    18.0,
    18.33333333333333,
    18.666666666666664,
    19.0,
    19.33333333333333,
    19.666666666666664,
    20.0
  ],
  "conductance": [
    0.9775456164605956,
    0.9806836725415825,
    0.9843268939832831,
    0.9885795951987547,
    0.9935637134601619,
    0.999410964472396,
    1.0062366139309245,
    1.0140933882678407,
    1.0229345330983841,
    1.0326250085860762,
    1.0429505621484823,
    1.0535322922405619,
    1.0637729653571015,
    1.0730544433445708,
    1.081047600377411,
    1.0878031449631052,
    1.0935888662236704,
    1.0986677720870777,
    1.1032084881360442,
    1.1073585153090464,
    1.1113151936998267,
    1.1152647130815594,
    1.1192613711714,
    1.1231768426917552,
    1.12673127142129,
    1.129555684668491,
    1.131327091696578,
    1.1319476657828285,
    1.1315853092623294,
    1.130549599923525,
    1.1291553865739175,
    1.1276559705201241,
    1.1262185568580234,
    1.1248987731975304,
    1.1236151523098559,
    1.1221807633974479,
    1.1204226037338596,
    1.1182909565370247,
    1.1158552276955847,
    1.1132311458334438,
    1.1105252083413022,
    1.1078165679216203,
    1.1051589879331989,
    1.1025878382926402,
    1.10012629121134,
    1.0977896333386006,
    1.0955880377746068,
    1.0935283119203172,
    1.0916150083476106,
    1.0898511451283426,
    1.0882386843444063,
    1.0867788576895283,
    1.085472392908957,
    1.0843196742401788,
    1.0833208578120892,
    1.0824759555642174,
    1.0817848966506547,
    1.0812475723573103,
    1.0808638686317864,
    1.0806336890175885,
    1.0805569698654014,
    1.080633689017589,
    1.080863868631786,
    1.08124757235731,
    1.081784896650655,
    1.0824759555642172,
    1.0833208578120892,
    1.0843196742401793,
    1.0854723929089565,
    1.0867788576895283,
    1.0882386843444063,
    1.0898511451283421,
    1.0916150083476104,
    1.0935283119203179,
    1.0955880377746068,
    1.0977896333386006,
    1.1001262912113405,
    1.1025878382926402,
    1.1051589879331987,
    1.1078165679216208,
    1.1105252083413018,
    1.1132311458334436,
    1.115855227695585,
    1.1182909565370247,
    1.1204226037338596,
    1.1221807633974485,
    1.1236151523098556,
    1.1248987731975302,
    1.1262185568580236,
    1.1276559705201241,
    1.1291553865739175,
    1.1305495999235258,
    1.131585309262329,
    1.1319476657828282,
    1.1313270916965785,
    1.1295556846684909,
    1.12673127142129,
    1.1231768426917557,
    1.1192613711713992,
    1.1152647130815596,
    1.1113151936998271,
    1.1073585153090462,
    1.1032084881360444,
    1.098667772087078,
    1.09358886622367,
    1.0878031449631054,
    1.0810476003774112,
    1.0730544433445701,
    1.0637729653571015,
    1.0535322922405623,
    1.0429505621484823,
    1.0326250085860762,
    1.0229345330983846,
    1.0140933882678407,
    1.0062366139309245,
    0.9994109644723961,
    0.9935637134601616,
    0.9885795951987547,
    0.9843268939832835,
    0.9806836725415824,
    0.9775456164605953
  ],