{
  "bias_mev": [
    -20.0,
    -19.666666666666668,
    -19.333333333333332,
    -19.0,
    -18.666666666666668,
    -18.333333333333332,
    -18.0,
    -17.666666666666668,
    -17.333333333333332,
    -17.0,
    -16.666666666666668,
    -16.333333333333332,
    -16.0,
    -15.666666666666668,
    -15.333333333333334,
    -15.0,
    -14.666666666666668,
    -14.333333333333334,
    -14.0,
    -13.666666666666668,
    -13.333333333333334,
    -13.0,
    -12.666666666666668,
    -12.333333333333334,
    -12.0,
    -11.666666666666668,
    -11.333333333333334,
    -11.0,
    -10.666666666666668,
    -10.333333333333334,
    -10.0,
    -9.666666666666668,
    -9.333333333333334,
    -9.0,
    -8.666666666666668,
    -8.333333333333334,
    -8.0,
    -7.666666666666668,
    -7.333333333333334,
    -7.0,
    -6.666666666666668,
    -6.333333333333334,
    -6.0,
    -5.666666666666668,
    -5.333333333333334,
    -5.0,
    -4.666666666666668,
    -4.333333333333334,
    -4.0,
    -3.666666666666668,
    -3.3333333333333357,
    -3.0,
    -2.666666666666668,
    -2.3333333333333357,
    -2.0,
    -1.6666666666666679,
    -1.3333333333333357,
    -1.0,
    -0.6666666666666679,
    -0.3333333333333357,
    0.0,
    0.33333333333333215,
    0.6666666666666643,
    1.0,
    1.3333333333333321,
    1.6666666666666643,
    2.0,
    2.333333333333332,
    2.6666666666666643,
    3.0,
    3.333333333333332,
    3.6666666666666643,
    4.0,
    4.333333333333332,
    4.666666666666664,
    5.0,
    5.333333333333332,
    5.666666666666664,
    6.0,
    6.333333333333332,
    6.666666666666664,
    7.0,
    7.333333333333332,
    7.666666666666664,
    8.0,
    8.333333333333332,
    8.666666666666664,
    9.0,
    9.333333333333332,
    9.666666666666664,
    10.0,
    10.333333333333332,
    10.666666666666664,
    11.0,
    11.333333333333332,
    11.666666666666664,
    12.0,
    12.333333333333329,
    12.666666666666664,
    13.0,
    13.333333333333329,
    13.666666666666664,
    14.0,
    14.333333333333329,
    14.666666666666664,
    15.0,
    15.333333333333329,
    15.666666666666664,
    16.0,
    16.33333333333333,
    16.666666666666664,
    17.0,
    17.33333333333333,
    17.666666666666664,
    18.0,
    18.33333333333333,
    18.666666666666664,
    19.0,
    19.33333333333333,
    19.666666666666664,
    20.0
  ],
  "conductance": [
    0.9648287562765685,
    0.9693245728709804,
    0.9751806225514812,
    0.9824261351604482,
    0.9910354306726263,
    1.0009021442339696,
    1.0118071538002444,
    1.0233821160011676,
    1.0350650119366231,
    1.0460480564958905,
    1.0552531677674253,
    1.0614186859464874,
    1.063362776933719,
    1.0603536842067791,
    1.0523736597995499,
    1.0400963088687798,
    1.0246023469740997,
    1.0070247069224814,
    0.9882994382248387,
    0.9690661654084327,
    0.9496554223559889,
    0.9300994929024772,
    0.9101695160309573,
    0.8894795595505323,
    0.8676651781141858,
    0.8445778231784091,
    0.8204009144434843,
    0.7956241917008455,
    0.7708942030194037,
    0.7468244537976738,
    0.7238470871999515,
    0.7021429066191769,
    0.6816529450685092,
    0.6621637193586782,
    0.6434415500166927,
    0.6253597422882298,
    0.6079530464314195,
    0.591378752930728,
    0.5758275348254887,
    0.5614462873361943,
    0.5483042667457393,
    0.5363969407901581,
    0.525667643269097,
    0.5160311102548776,
    0.5073916052228562,
    0.4996543707258934,
    0.49273172730654535,
    0.4865456394518542,
    0.4810282406665826,
    0.47612132125976075,
    0.4717753785472119,
    0.4679485557495361,
    0.46460563015612866,
    0.4617171183731286,
    0.4592585182442688,
    0.4572096841467442,
    0.45555432309879335,
    0.4542795967559897,
    0.4533758152622267,
    0.4528362111655347,
    0.4526567842891747,
    0.4528362111655347,
    0.4533758152622267,
    0.4542795967559897,
    0.4555543230987934,
    0.4572096841467441,
    0.4592585182442689,
    0.4617171183731286,
    0.4646056301561286,
    0.46794855574953614,
    0.47177537854721185,
    0.47612132125976075,
    0.4810282406665826,
    0.48654563945185403,
    0.4927317273065452,
    0.49965437072589336,
    0.5073916052228561,
    0.5160311102548774,
    0.525667643269097,
    0.536396940790158,
    0.5483042667457391,
    0.5614462873361943,
    0.5758275348254884,
    0.5913787529307277,
    0.6079530464314193,
    0.6253597422882297,
    0.6434415500166925,
    0.6621637193586782,
    0.681652945068509,
    0.7021429066191764,
    0.7238470871999514,
    0.7468244537976737,
    0.7708942030194035,
    0.7956241917008454,
    0.8204009144434841,
    0.8445778231784088,
    0.8676651781141858,
    0.8894795595505317,
    0.9101695160309569,
    0.9300994929024772,
    0.9496554223559883,
    0.9690661654084324,
    0.9882994382248386,
    1.0070247069224805,
    1.0246023469740995,
    1.04009630886878,
    1.0523736597995497,
    1.0603536842067791,
    1.063362776933719,
    1.0614186859464874,
    1.0552531677674253,
    1.0460480564958903,
    1.0350650119366231,
    1.0233821160011678,
    1.0118071538002442,
    1.0009021442339696,
    0.9910354306726266,
    0.982426135160448,
    0.9751806225514814,
    0.9693245728709806,
    0.9648287562765683
  ],