{
  "bias_mev": [
    -20.0,
    -19.666666666666668,
    -19.333333333333332,
    -19.0,
    -18.666666666666668,
    -18.333333333333332,
    -18.0,
    -17.666666666666668,
    -17.333333333333332,
    -17.0,
    -16.666666666666668,
    -16.333333333333332,
    -16.0,
    -15.666666666666668,
    -15.333333333333334,
    -15.0,
    -14.666666666666668,
    -14.333333333333334,
    -14.0,
    -13.666666666666668,
    -13.333333333333334,
    -13.0,
    -12.666666666666668,
    -12.333333333333334,
    -12.0,
    -11.666666666666668,
    -11.333333333333334,
    -11.0,
    -10.666666666666668,
    -10.333333333333334,
    -10.0,
    -9.666666666666668,
    -9.333333333333334,
    -9.0,
    -8.666666666666668,
    -8.333333333333334,
    -8.0,
    -7.666666666666668,
    -7.333333333333334,
    -7.0,
    -6.666666666666668,
    -6.333333333333334,
    -6.0,
    -5.666666666666668,
    -5.333333333333334,
    -5.0,
    -4.666666666666668,
    -4.333333333333334,
    -4.0,
    -3.666666666666668,
    -3.3333333333333357,
    -3.0,
    -2.666666666666668,
    -2.3333333333333357,
    -2.0,
    -1.6666666666666679,
    -1.3333333333333357,
    -1.0,
    -0.6666666666666679,
    -0.3333333333333357,
    0.0,
    0.33333333333333215,
    0.6666666666666643,
    1.0,
    1.3333333333333321,
    1.6666666666666643,
    2.0,
    2.333333333333332,
    2.6666666666666643,
    3.0,
    3.333333333333332,
    3.6666666666666643,
    4.0,
    4.333333333333332,
    4.666666666666664,
    5.0,
    5.333333333333332,
    5.666666666666664,
    6.0,
    6.333333333333332,
    6.666666666666664,
    7.0,
    7.333333333333332,
    7.666666666666664,
    8.0,
    8.333333333333332,
    8.666666666666664,
    9.0,
    9.333333333333332,
    9.666666666666664,
    10.0,
    10.333333333333332,
    10.666666666666664,
    11.0,
    11.333333333333332,
    11.666666666666664,
    12.0,
    12.333333333333329,
    12.666666666666664,
    13.0,
    13.333333333333329,
    13.666666666666664,
    14.0,
    14.333333333333329,
    14.666666666666664,
    15.0,
    15.333333333333329,
    15.666666666666664,
    16.0,
    16.33333333333333,
    16.666666666666664,
    17.0,
    17.33333333333333,
    17.666666666666664,
    18.0,
    18.33333333333333,
    18.666666666666664,
    19.0,
    19.33333333333333,
    19.666666666666664,
    20.0
  ],
  "conductance": [
    0.9632960952445639,
    0.9673610231280085,
    0.9727519573242028,
    0.9796215799866925,
    0.9881218289073772,
    0.9983782976985629,
    1.0104455449505263,
    1.024260643213511,
    1.0396229637237007,
    1.0561400658228541,
    1.072933390131599,
    1.0881148798837728,
    1.0987141224912516,
    1.101830108031248,
    1.0963598690887109,
    1.083494381142739,
    1.0656482074578109,
    1.0451331768353869,
    1.0235286367685708,
    1.0017645314158756,
    0.980424783107845,
    0.9598210831418095,
    0.9398407499671613,
    0.9198640692967176,
    0.8989653152134779,
    0.8763817509997699,
    0.8520180985487955,
    0.8265696395695626,
    0.8011063266734708,
    0.7765508903101869,
    0.7534432764567661,
    0.7319528289401498,
    0.7119573676253134,
    0.6931246672080635,
    0.6750572896136414,
    0.6575243556539826,
    0.6406035695117771,
    0.6245702079570729,
    0.6096794995314443,
    0.5960545557376576,
    0.5836960171970956,
    0.5725330948262448,
    0.562466190610304,
    0.5533913159751422,
    0.5452112871834679,
    0.537839702235745,
    0.531201539599212,
    0.5252323787969178,
    0.5198771786371276,
    0.5150890159184212,
    0.5108279396092913,
    0.507059986215011,
    0.5037563568205266,
    0.5008927397383921,
    0.49844875850791315,
    0.4964075258366507,
    0.4947552867004555,
    0.493481136839597,
    0.49257680576272644,
    0.4920364959260256,
    0.4918567719802519,
    0.492036495926026,
    0.4925768057627261,
    0.493481136839597,
    0.4947552867004558,
    0.4964075258366503,
    0.49844875850791304,
    0.5008927397383925,
    0.5037563568205261,
    0.5070599862150109,
    0.5108279396092916,
    0.5150890159184207,
    0.5198771786371275,
    0.5252323787969182,
    0.5312015395992119,
    0.5378397022357446,
    0.5452112871834683,
    0.5533913159751419,
    0.5624661906103038,
    0.5725330948262453,
    0.5836960171970953,
    0.5960545557376575,
    0.6096794995314445,
    0.6245702079570723,
    0.6406035695117769,
    0.657524355653983,
    0.6750572896136409,
    0.6931246672080631,
    0.7119573676253139,
    0.731952828940149,
    0.7534432764567659,
    0.7765508903101873,
    0.8011063266734703,
    0.8265696395695624,
    0.8520180985487961,
    0.876381750999769,
    0.898965315213478,
    0.9198640692967178,
    0.9398407499671598,
    0.9598210831418099,
    0.9804247831078454,
    1.0017645314158743,
    1.023528636768571,
    1.0451331768353873,
    1.0656482074578093,
    1.0834943811427398,
    1.0963598690887115,
    1.101830108031247,
    1.0987141224912516,
    1.0881148798837739,
    1.0729333901315985,
    1.0561400658228541,
    1.0396229637237016,
    1.0242606432135102,
    1.0104455449505263,
    0.9983782976985638,
    0.9881218289073765,
    0.9796215799866925,
    0.9727519573242037,
    0.9673610231280078,
    0.9632960952445634
  ],