{
  "bias_mev": [
    -20.0,
    -19.666666666666668,
    -19.333333333333332,
    -19.0,
    -18.666666666666668,
    -18.333333333333332,
    -18.0,
    -17.666666666666668,
    -17.333333333333332,
    -17.0,
    -16.666666666666668,
    -16.333333333333332,
    -16.0,
    -15.666666666666668,
    -15.333333333333334,
    -15.0,
    -14.666666666666668,
    -14.333333333333334,
    -14.0,
    -13.666666666666668,
    -13.333333333333334,
    -13.0,
    -12.666666666666668,
    -12.333333333333334,
    -12.0,
    -11.666666666666668,
    -11.333333333333334,
    -11.0,
    -10.666666666666668,
    -10.333333333333334,
    -10.0,
    -9.666666666666668,
    -9.333333333333334,
    -9.0,
    -8.666666666666668,
    -8.333333333333334,
    -8.0,
    -7.666666666666668,
    -7.333333333333334,
    -7.0,
    -6.666666666666668,
    -6.333333333333334,
    -6.0,
    -5.666666666666668,
    -5.333333333333334,
    -5.0,
    -4.666666666666668,
    -4.333333333333334,
    -4.0,
    -3.666666666666668,
    -3.3333333333333357,
    -3.0,
    -2.666666666666668,
    -2.3333333333333357,
    -2.0,
    -1.6666666666666679,
    -1.3333333333333357,
    -1.0,
    -0.6666666666666679,
    -0.3333333333333357,
    0.0,
    0.33333333333333215,
    0.6666666666666643,
    1.0,
    1.3333333333333321,
    1.6666666666666643,
    2.0,
    2.333333333333332,
    2.6666666666666643,
    3.0,
    3.333333333333332,
    3.6666666666666643,
    4.0,
    4.333333333333332,
    4.666666666666664,
    5.0,
    5.333333333333332,
    5.666666666666664,
    6.0,
    6.333333333333332,
    6.666666666666664,
    7.0,
    7.333333333333332,
    7.666666666666664,
    8.0,
    8.333333333333332,
    8.666666666666664,
    9.0,
    9.333333333333332,
    9.666666666666664,
    10.0,
    10.333333333333332,
    10.666666666666664,
    11.0,
    11.333333333333332,
    11.666666666666664,
    12.0,
    12.333333333333329,
    12.666666666666664,
    13.0,
    13.333333333333329,
    13.666666666666664,
    14.0,
    14.333333333333329,
    14.666666666666664,
    15.0,
    15.333333333333329,
    15.666666666666664,
    16.0,
    16.33333333333333,
    16.666666666666664,
    17.0,
    17.33333333333333,
    17.666666666666664,
    18.0,
    18.33333333333333,
    18.666666666666664,
    19.0,
    19.33333333333333,
    19.666666666666664,
    20.0
  ],
  "conductance": [
    0.9841689406836879,
    0.9858360820534843,
    0.9881322614785643,
    0.9911263913677356,
    0.9948722274033076,
    0.9993952513554889,
    1.0046768736172174,
    1.0106412996076153,
    1.0171498803253112,
    1.0240007921075893,
    1.0309263476322037,
    1.0375907447052881,
    1.0436113801582296,
    1.0486234845635107,
    1.0523685494193404,
    1.0547539874467187,
    1.055848062843731,
    1.055822716477697,
    1.0548867617540774,
    1.0532405728752914,
    1.0510506853382493,
    1.0484255042775528,
    1.0453869577457968,
    1.0418561702158182,
    1.0376756061340573,
    1.0326715429099613,
    1.026734522757625,
    1.0198789331850333,
    1.0122506139313925,
    1.0040827354762254,
    0.9956285009313437,
    0.9871015219225182,
    0.9786395963248679,
    0.9702955275144665,
    0.9620546075183526,
    0.9538733035120546,
    0.945722958226181,
    0.937616875563932,
    0.9296103323070356,
    0.9217816597121506,
    0.9142103884983915,
    0.9069628300628485,
    0.9000867267286234,
    0.8936120115963185,
    0.8875542711241531,
    0.8819186988658703,
    0.8767035267628136,
    0.8719026519095455,
    0.867507510441193,
    0.8635083566211034,
    0.8598951097829649,
    0.8566579018886554,
    0.8537874236716919,
    0.8512751379533819,
    0.8491134067656122,
    0.8472955634762394,
    0.8458159506019766,
    0.8446699369556169,
    0.8438539230929474,
    0.8433653409059256,
    0.8432026511080667,
    0.8433653409059256,
    0.843853923092947,
    0.8446699369556171,
    0.8458159506019768,
    0.8472955634762392,
    0.849113406765612,
    0.8512751379533819,
    0.8537874236716918,
    0.8566579018886555,
    0.8598951097829651,
    0.8635083566211033,
    0.867507510441193,
    0.8719026519095455,
    0.8767035267628134,
    0.8819186988658703,
    0.887554271124153,
    0.893612011596318,
    0.9000867267286234,
    0.9069628300628485,
    0.9142103884983913,
    0.9217816597121503,
    0.9296103323070358,
    0.9376168755639317,
    0.9457229582261809,
    0.9538733035120543,
    0.9620546075183524,
    0.9702955275144663,
    0.9786395963248676,
    0.987101521922518,
    0.9956285009313437,
    1.0040827354762252,
    1.0122506139313923,
    1.019878933185033,
    1.0267345227576252,
    1.0326715429099613,
    1.0376756061340573,
    1.041856170215818,
    1.0453869577457966,
    1.0484255042775525,
    1.051050685338249,
    1.0532405728752907,
    1.0548867617540774,
    1.0558227164776968,
    1.055848062843731,
    1.054753987446718,
    1.0523685494193404,
    1.0486234845635105,
    1.0436113801582296,
    1.0375907447052881,
    1.0309263476322037,
    1.0240007921075893,
    1.0171498803253112,
    1.010641299607615,
    1.0046768736172174,
    0.999395251355489,
    0.9948722274033074,
    0.9911263913677356,
    0.9881322614785646,
    0.9858360820534842,
    0.9841689406836875
  ],