{
  "bias_mev": [
    -20.0,
    -19.666666666666668,
    -19.333333333333332,
    -19.0,
    -18.666666666666668,
    -18.333333333333332,
    -18.0,
    -17.666666666666668,
    -17.333333333333332,
    -17.0,
    -16.666666666666668,
    -16.333333333333332,
    -16.0,
    -15.666666666666668,
    -15.333333333333334,
    -15.0,
    -14.666666666666668,
    -14.333333333333334,
    -14.0,
    -13.666666666666668,
    -13.333333333333334,
    -13.0,
    -12.666666666666668,
    -12.333333333333334,
    -12.0,
    -11.666666666666668,
    -11.333333333333334,
    -11.0,
    -10.666666666666668,
    -10.333333333333334,
    -10.0,
    -9.666666666666668,
    -9.333333333333334,
    -9.0,
    -8.666666666666668,
    -8.333333333333334,
    -8.0,
    -7.666666666666668,
    -7.333333333333334,
    -7.0,
    -6.666666666666668,
    -6.333333333333334,
    -6.0,
    -5.666666666666668,
    -5.333333333333334,
    -5.0,
    -4.666666666666668,
    -4.333333333333334,
    -4.0,
    -3.666666666666668,
    -3.3333333333333357,
    -3.0,
    -2.666666666666668,
    -2.3333333333333357,
    -2.0,
    -1.6666666666666679,
    -1.3333333333333357,
    -1.0,
    -0.6666666666666679,
    -0.3333333333333357,
    0.0,
    0.33333333333333215,
    0.6666666666666643,
    1.0,
    1.3333333333333321,
    1.6666666666666643,
    2.0,
    2.333333333333332,
    2.6666666666666643,
    3.0,
    3.333333333333332,
    3.6666666666666643,
    4.0,
    4.333333333333332,
    4.666666666666664,
    5.0,
    5.333333333333332,
    5.666666666666664,
    6.0,
    6.333333333333332,
    6.666666666666664,
    7.0,
    7.333333333333332,
    7.666666666666664,
    8.0,
    8.333333333333332,
    8.666666666666664,
    9.0,
    9.333333333333332,
    9.666666666666664,
    10.0,
    10.333333333333332,
    10.666666666666664,
    11.0,
    11.333333333333332,
    11.666666666666664,
    12.0,
    12.333333333333329,
    12.666666666666664,
    13.0,
    13.333333333333329,
    13.666666666666664,
    14.0,
    14.333333333333329,
    14.666666666666664,
    15.0,
    15.333333333333329,
    15.666666666666664,
    16.0,
    16.33333333333333,
    16.666666666666664,
    17.0,
    17.33333333333333,
    17.666666666666664,
    18.0,
    18.33333333333333,
    18.666666666666664,
    19.0,
    19.33333333333333,
    19.666666666666664,
    20.0
  ],
  "conductance": [
    0.9805582237158159,
    0.9832370836982401,
    0.9864477236968489,
    0.9902621837076606,
    0.9947431671111044,
    0.9999305309856027,
    1.0058261513624778,
    1.012385184257916,
    1.0195180130099557,
    1.0270917384543776,
    1.0349139791808255,
    1.0427097906510532,
    1.0501369761429433,
    1.0568652226558848,
    1.062676491146726,
    1.0675138028947178,
    1.0714527340129492,
    1.0746333246955644,
    1.0772060727749566,
    1.0793111911385764,
    1.0810679010109994,
    1.0825470355870719,
    1.083733614696033,
    1.0845113904817867,
    1.0846934013378755,
    1.0840947606576206,
    1.0826153289988434,
    1.080285990170829,
    1.0772537140469263,
    1.073724345410586,
    1.0699008224131206,
    1.0659388011691058,
    1.0619229004638655,
    1.0578637824128585,
    1.0537198006230055,
    1.049439214688502,
    1.0450012542474334,
    1.0404319232516477,
    1.0357921858787795,
    1.0311554922652295,
    1.026590242913716,
    1.0221516854705788,
    1.0178807085271127,
    1.01380586153778,
    1.0099462064242504,
    1.0063139261285623,
    1.0029163773389274,
    0.9997575991301935,
    0.9968393870468645,
    0.9941620480533844,
    0.9917249298128339,
    0.9895267927966293,
    0.9875660732747219,
    0.9858410702793309,
    0.9843500792220893,
    0.9830914877387568,
    0.9820638445089505,
    0.981265908503787,
    0.9806966838392607,
    0.9803554438135146,
    0.9802417465514072,
    0.9803554438135146,
    0.9806966838392605,
    0.981265908503787,
    0.9820638445089507,
    0.9830914877387563,
    0.9843500792220893,
    0.9858410702793309,
    0.9875660732747218,
    0.989526792796629,
    0.9917249298128339,
    0.994162048053384,
    0.9968393870468643,
    0.9997575991301934,
    1.0029163773389271,
    1.0063139261285623,
    1.0099462064242504,
    1.01380586153778,
    1.0178807085271127,
    1.022151685470579,
    1.0265902429137157,
    1.0311554922652297,
    1.0357921858787795,
    1.0404319232516475,
    1.0450012542474334,
    1.0494392146885023,
    1.0537198006230053,
    1.0578637824128583,
    1.0619229004638657,
    1.0659388011691056,
    1.0699008224131206,
    1.0737243454105863,
    1.0772537140469263,
    1.0802859901708286,
    1.0826153289988434,
    1.0840947606576206,
    1.0846934013378757,
    1.0845113904817867,
    1.0837336146960326,
    1.0825470355870719,
    1.0810679010109998,
    1.079311191138576,
    1.0772060727749568,
    1.0746333246955646,
    1.0714527340129492,
    1.0675138028947178,
    1.0626764911467264,
    1.0568652226558848,
    1.0501369761429433,
    1.0427097906510534,
    1.0349139791808255,
    1.0270917384543776,
    1.0195180130099561,
    1.012385184257916,
    1.0058261513624778,
    0.9999305309856028,
    0.9947431671111042,
    0.9902621837076606,
    0.9864477236968491,
    0.9832370836982401,
    0.9805582237158155
  ],