{
  "bias_mev": [
    -20.0,
    -19.666666666666668,
    -19.333333333333332,
    -19.0,
    -18.666666666666668,
    -18.333333333333332,
    -18.0,
    -17.666666666666668,
    -17.333333333333332,
    -17.0,
    -16.666666666666668,
    -16.333333333333332,
    -16.0,
    -15.666666666666668,
    -15.333333333333334,
    -15.0,
    -14.666666666666668,
    -14.333333333333334,
    -14.0,
    -13.666666666666668,
    -13.333333333333334,
    -13.0,
    -12.666666666666668,
    -12.333333333333334,
    -12.0,
    -11.666666666666668,
    -11.333333333333334,
    -11.0,
    -10.666666666666668,
    -10.333333333333334,
    -10.0,
    -9.666666666666668,
    -9.333333333333334,
    -9.0,
    -8.666666666666668,
    -8.333333333333334,
    -8.0,
    -7.666666666666668,
    -7.333333333333334,
    -7.0,
    -6.666666666666668,
    -6.333333333333334,
    -6.0,
    -5.666666666666668,
    -5.333333333333334,
    -5.0,
    -4.666666666666668,
    -4.333333333333334,
    -4.0,
    -3.666666666666668,
    -3.3333333333333357,
    -3.0,
    -2.666666666666668,
    -2.3333333333333357,
    -2.0,
    -1.6666666666666679,
    -1.3333333333333357,
    -1.0,
    -0.6666666666666679,
    -0.3333333333333357,
    0.0,
    0.33333333333333215,
    0.6666666666666643,
    1.0,
    1.3333333333333321,
    1.6666666666666643,
    2.0,
    2.333333333333332,
    2.6666666666666643,
    3.0,
    3.333333333333332,
    3.6666666666666643,
    4.0,
    4.333333333333332,
    4.666666666666664,
    5.0,
    5.333333333333332,
    5.666666666666664,
    6.0,
    6.333333333333332,
    6.666666666666664,
    7.0,
    7.333333333333332,
    7.666666666666664,
    8.0,
    8.333333333333332,
    8.666666666666664,
    9.0,
    9.333333333333332,
    9.666666666666664,
    10.0,
    10.333333333333332,
    10.666666666666664,
    11.0,
    11.333333333333332,
    11.666666666666664,
    12.0,
    12.333333333333329,
    12.666666666666664,
    13.0,
    13.333333333333329,
    13.666666666666664,
    14.0,
    14.333333333333329,
    14.666666666666664,
    15.0,
    15.333333333333329,
    15.666666666666664,
    16.0,
    16.33333333333333,
    16.666666666666664,
    17.0,
    17.33333333333333,
    17.666666666666664,
    18.0,
    18.33333333333333,
    18.666666666666664,
    19.0,
    19.33333333333333,
    19.666666666666664,
    20.0
  ],
  "conductance": [
    0.9673305980799056,
    0.9707668563338399,
    0.9754968800248713,
    0.9816379463903292,
    0.9893083472188109,
    0.9986020528669438,
    1.0095323194255772,
    1.0219617496960072,
    1.0355652366508674,
    1.0497980133128462,
    1.0636789569641432,
    1.075432377294193,
    1.0826838027305734,
    1.0836374113479592,
    1.0781877451385062,
    1.0677535539989593,
    1.0542458581191527,
    1.0391849632494303,
    1.0234549368226638,
    1.0075783470922228,
    0.9919769151619504,
    0.9768696900112721,
    0.9620217002714141,
    0.946719049545828,
    0.9300479981580347,
    0.9113088852898861,
    0.8904192517486633,
    0.8680302604557407,
    0.8451793861551448,
    0.8228331994580771,
    0.8016681785607926,
    0.7820414088646087,
    0.7639746663287312,
    0.7471181622867765,
    0.7308391040417073,
    0.7145649175357053,
    0.698173172798188,
    0.682008114988051,
    0.6665520322909754,
    0.652150984761507,
    0.6389551037337581,
    0.6269742672251446,
    0.6161454832508658,
    0.6063776607732739,
    0.5975750488397523,
    0.5896476762680785,
    0.5825151340454827,
    0.5761072852875853,
    0.5703636952812973,
    0.5652326191773873,
    0.5606699172017136,
    0.5566380480032843,
    0.5531051912792171,
    0.5500445075721593,
    0.5474335258517085,
    0.5452536439519106,
    0.5434897265159301,
    0.5421297867382586,
    0.541164740513934,
    0.540588224011398,
    0.540396467957924,
    0.5405882240113985,
    0.5411647405139335,
    0.5421297867382586,
    0.5434897265159305,
    0.54525364395191,
    0.5474335258517083,
    0.5500445075721598,
    0.5531051912792166,
    0.5566380480032843,
    0.560669917201714,
    0.5652326191773868,
    0.5703636952812972,
    0.5761072852875857,
    0.5825151340454824,
    0.5896476762680782,
    0.5975750488397528,
    0.6063776607732736,
    0.6161454832508656,
    0.6269742672251448,
    0.6389551037337577,
    0.6521509847615069,
    0.6665520322909757,
    0.6820081149880504,
    0.6981731727981879,
    0.7145649175357057,
    0.7308391040417068,
    0.7471181622867762,
    0.7639746663287316,
    0.7820414088646082,
    0.8016681785607924,
    0.8228331994580778,
    0.8451793861551442,
    0.8680302604557404,
    0.890419251748664,
    0.9113088852898853,
    0.9300479981580351,
    0.9467190495458282,
    0.9620217002714129,
    0.9768696900112724,
    0.991976915161951,
    1.0075783470922215,
    1.0234549368226642,
    1.0391849632494308,
    1.0542458581191512,
    1.0677535539989593,
    1.0781877451385067,
    1.0836374113479577,
    1.0826838027305734,
    1.075432377294194,
    1.0636789569641425,
    1.049798013312846,
    1.0355652366508685,
    1.0219617496960067,
    1.0095323194255772,
    0.9986020528669445,
    0.9893083472188104,
    0.9816379463903292,
    0.9754968800248722,
    0.9707668563338394,
    0.9673305980799052
  ],