{
  "bias_mev": [
    -20.0,
    -19.666666666666668,
    -19.333333333333332,
    -19.0,
    -18.666666666666668,
    -18.333333333333332,
    -18.0,
    -17.666666666666668,
    -17.333333333333332,
    -17.0,
    -16.666666666666668,
    -16.333333333333332,
    -16.0,
    -15.666666666666668,
    -15.333333333333334,
    -15.0,
    -14.666666666666668,
    -14.333333333333334,
    -14.0,
    -13.666666666666668,
    -13.333333333333334,
    -13.0,
    -12.666666666666668,
    -12.333333333333334,
    -12.0,
    -11.666666666666668,
    -11.333333333333334,
    -11.0,
    -10.666666666666668,
    -10.333333333333334,
    -10.0,
    -9.666666666666668,
    -9.333333333333334,
    -9.0,
    -8.666666666666668,
    -8.333333333333334,
    -8.0,
    -7.666666666666668,
    -7.333333333333334,
    -7.0,
    -6.666666666666668,
    -6.333333333333334,
    -6.0,
    -5.666666666666668,
    -5.333333333333334,
    -5.0,
    -4.666666666666668,
    -4.333333333333334,
    -4.0,
    -3.666666666666668,
    -3.3333333333333357,
    -3.0,
    -2.666666666666668,
    -2.3333333333333357,
    -2.0,
    -1.6666666666666679,
    -1.3333333333333357,
    -1.0,
    -0.6666666666666679,
    -0.3333333333333357,
    0.0,
    0.33333333333333215,
    0.6666666666666643,
    1.0,
    1.3333333333333321,
    1.6666666666666643,
    2.0,
    2.333333333333332,
    2.6666666666666643,
    3.0,
    3.333333333333332,
    3.6666666666666643,
    4.0,
    4.333333333333332,
    4.666666666666664,
    5.0,
    5.333333333333332,
    5.666666666666664,
    6.0,
    6.333333333333332,
    6.666666666666664,
    7.0,
    7.333333333333332,
    7.666666666666664,
    8.0,
    8.333333333333332,
    8.666666666666664,
    9.0,
    9.333333333333332,
    9.666666666666664,
    10.0,
    10.333333333333332,
    10.666666666666664,
    11.0,
    11.333333333333332,
    11.666666666666664,
    12.0,
    12.333333333333329,
    12.666666666666664,
    13.0,
    13.333333333333329,
    13.666666666666664,
    14.0,
    14.333333333333329,
    14.666666666666664,
    15.0,
    15.333333333333329,
    15.666666666666664,
    16.0,
    16.33333333333333,
    16.666666666666664,
    17.0,
    17.33333333333333,
    17.666666666666664,
    18.0,
    18.33333333333333,
    18.666666666666664,
    19.0,
    19.33333333333333,
    19.666666666666664,
    20.0
  ],
  "conductance": [
    0.9736183193619997,
    0.9774933990392203,
    0.9819033352671753,
    0.9869552860586526,
    0.9927804123345039,
    0.9995329784812763,
    1.0073658498521658,
    1.016360263116918,
    1.0264541165137497,
    1.0375360399743379,
    1.0496258315084654,
    1.062659722553131,
    1.0759916850953688,
    1.0884400435566257,
    1.099141487387609,
    1.1080107506481742,
    1.115479189712636,
    1.1220728925133914,
    1.128071383174824,
    1.133524223129361,
    1.1385738375048318,
    1.1435551703830826,
    1.1487567594351296,
    1.1541578955413507,
    1.15937813499679,
    1.163795219491397,
    1.166767534893226,
    1.1680844756548316,
    1.168049476222999,
    1.167137384712994,
    1.1657628822840211,
    1.164243353696252,
    1.1628062907837673,
    1.1615442800606823,
    1.1603217279393347,
    1.1588006791820311,
    1.1567281982971702,
    1.1541297210359802,
    1.151182091361793,
    1.1480586801097832,
    1.144882443704177,
    1.1417328746343058,
    1.1386608180784725,
    1.1356992976033504,
    1.1328701820536038,
    1.1301881844702875,
    1.1276633022737692,
    1.125302350997928,
    1.1231099586848146,
    1.1210892294117243,
    1.1192421974287314,
    1.117570144858132,
    1.1160738280909337,
    1.114753641589902,
    1.1136097378207808,
    1.1126421157877846,
    1.1118506866390485,
    1.1112353221650833,
    1.1107958902258768,
    1.1105322798984987,
    1.1104444182414865,
    1.1105322798985002,
    1.1107958902258754,
    1.1112353221650833,
    1.11185068663905,
    1.112642115787783,
    1.1136097378207808,
    1.1147536415899033,
    1.116073828090932,
    1.1175701448581317,
    1.1192421974287328,
    1.1210892294117232,
    1.1231099586848141,
    1.1253023509979296,
    1.1276633022737688,
    1.1301881844702868,
    1.1328701820536056,
    1.1356992976033498,
    1.1386608180784719,
    1.1417328746343074,
    1.1448824437041762,
    1.1480586801097827,
    1.1511820913617945,
    1.1541297210359793,
    1.1567281982971693,
    1.1588006791820327,
    1.1603217279393339,
    1.1615442800606814,
    1.162806290783769,
    1.164243353696251,
    1.1657628822840205,
    1.1671373847129958,
    1.1680494762229985,
    1.168084475654831,
    1.1667675348932276,
    1.1637952194913959,
    1.1593781349967902,
    1.1541578955413523,
    1.1487567594351273,
    1.143555170383083,
    1.1385738375048333,
    1.133524223129359,
    1.1280713831748244,
    1.122072892513393,
    1.115479189712634,
    1.1080107506481751,
    1.0991414873876106,
    1.088440043556624,
    1.0759916850953688,
    1.0626597225531322,
    1.0496258315084641,
    1.0375360399743374,
    1.026454116513751,
    1.0163602631169166,
    1.0073658498521656,
    0.9995329784812774,
    0.9927804123345024,
    0.9869552860586523,
    0.9819033352671769,
    0.9774933990392194,
    0.9736183193619992
  ],