{
  "bias_mev": [
    -20.0,
    -19.666666666666668,
    -19.333333333333332,
    -19.0,
    -18.666666666666668,
    -18.333333333333332,
    -18.0,
    -17.666666666666668,
    -17.333333333333332,
    -17.0,
    -16.666666666666668,
    -16.333333333333332,
    -16.0,
    -15.666666666666668,
    -15.333333333333334,
    -15.0,
    -14.666666666666668,
    -14.333333333333334,
    -14.0,
    -13.666666666666668,
    -13.333333333333334,
    -13.0,
    -12.666666666666668,
    -12.333333333333334,
    -12.0,
    -11.666666666666668,
    -11.333333333333334,
    -11.0,
    -10.666666666666668,
    -10.333333333333334,
    -10.0,
    -9.666666666666668,
    -9.333333333333334,
    -9.0,
    -8.666666666666668,
    -8.333333333333334,
    -8.0,
    -7.666666666666668,
    -7.333333333333334,
    -7.0,
    -6.666666666666668,
    -6.333333333333334,
    -6.0,
    -5.666666666666668,
    -5.333333333333334,
    -5.0,
    -4.666666666666668,
    -4.333333333333334,
    -4.0,
    -3.666666666666668,
    -3.3333333333333357,
    -3.0,
    -2.666666666666668,
    -2.3333333333333357,
    -2.0,
    -1.6666666666666679,
    -1.3333333333333357,
    -1.0,
    -0.6666666666666679,
    -0.3333333333333357,
    0.0,
    0.33333333333333215,
    0.6666666666666643,
    1.0,
    1.3333333333333321,
    1.6666666666666643,
    2.0,
    2.333333333333332,
    2.6666666666666643,
    3.0,
    3.333333333333332,
    3.6666666666666643,
    4.0,
    4.333333333333332,
    4.666666666666664,
    5.0,
    5.333333333333332,
    5.666666666666664,
    6.0,
    6.333333333333332,
    6.666666666666664,
    7.0,
    7.333333333333332,
    7.666666666666664,
    8.0,
    8.333333333333332,
    8.666666666666664,
    9.0,
    9.333333333333332,
    9.666666666666664,
    10.0,
    10.333333333333332,
    10.666666666666664,
    11.0,
    11.333333333333332,
    11.666666666666664,
    12.0,
    12.333333333333329,
    12.666666666666664,
    13.0,
    13.333333333333329,
    13.666666666666664,
    14.0,
    14.333333333333329,
    14.666666666666664,
    15.0,
    15.333333333333329,
    15.666666666666664,
    16.0,
    16.33333333333333,
    16.666666666666664,
    17.0,
    17.33333333333333,
    17.666666666666664,
    18.0,
    18.33333333333333,
    18.666666666666664,
    19.0,
    19.33333333333333,
    19.666666666666664,
    20.0
  ],
  "conductance": [
    0.9734599022111446,
    0.9753654356673408,
    0.9786613587370238,
    0.9834893001319115,
    0.9899870965693673,
    0.9982312193135157,
    1.0081249094505538,
    1.0192727536629274,
    1.0309813676483084,
    1.042426656607908,
    1.0526525845781214,
    1.0602564859433452,
    1.0634970756082662,
    1.0612583200275294,
    1.0538426478070293,
    1.0426840469167424,
    1.029436224159986,
    1.0152419260735541,
    1.0006604978665115,
    0.9861029024638257,
    0.9720726978045346,
    0.9588816967731075,
    0.9462665134339509,
    0.9333682829348146,
    0.9190404218422491,
    0.9022655135574341,
    0.882713100632554,
    0.8610975539190382,
    0.8387971584478453,
    0.8171308135198808,
    0.7969567239118022,
    0.7786403658031137,
    0.7621296475547532,
    0.7469976014370102,
    0.7325350785318093,
    0.718065310093082,
    0.7033574984134231,
    0.6886956247432513,
    0.6745571253773367,
    0.6613103282556921,
    0.6491314712589601,
    0.6380520619708934,
    0.6280256653780958,
    0.6189739703807559,
    0.6108114094737388,
    0.6034563647993294,
    0.5968354159510706,
    0.590884342006567,
    0.5855477485757593,
    0.5807781984539159,
    0.576535236451488,
    0.5727844697559321,
    0.5694967609516962,
    0.5666475452675533,
    0.5642162651377945,
    0.5621859089398277,
    0.5605426399126052,
    0.5592755025901778,
    0.5583761961666809,
    0.5578389064240186,
    0.5576601899633328,
    0.5578389064240191,
    0.5583761961666804,
    0.5592755025901777,
    0.5605426399126057,
    0.562185908939827,
    0.5642162651377948,
    0.5666475452675539,
    0.5694967609516958,
    0.5727844697559322,
    0.5765352364514885,
    0.5807781984539155,
    0.5855477485757592,
    0.5908843420065675,
    0.5968354159510701,
    0.603456364799329,
    0.6108114094737392,
    0.6189739703807555,
    0.6280256653780953,
    0.6380520619708939,
    0.6491314712589594,
    0.6613103282556918,
    0.6745571253773373,
    0.6886956247432506,
    0.7033574984134228,
    0.7180653100930824,
    0.7325350785318089,
    0.7469976014370099,
    0.7621296475547535,
    0.7786403658031131,
    0.796956723911802,
    0.8171308135198814,
    0.8387971584478446,
    0.8610975539190376,
    0.8827131006325544,
    0.9022655135574333,
    0.9190404218422493,
    0.9333682829348151,
    0.9462665134339497,
    0.9588816967731082,
    0.972072697804535,
    0.9861029024638244,
    1.000660497866512,
    1.0152419260735543,
    1.0294362241599841,
    1.0426840469167427,
    1.0538426478070295,
    1.061258320027528,
    1.0634970756082662,
    1.0602564859433463,
    1.0526525845781212,
    1.042426656607908,
    1.0309813676483093,
    1.0192727536629267,
    1.0081249094505538,
    0.9982312193135165,
    0.9899870965693668,
    0.9834893001319113,
    0.9786613587370249,
    0.9753654356673402,
    0.9734599022111442
  ],