{
  "bias_mev": [
    -20.0,
    -19.666666666666668,
    -19.333333333333332,
    -19.0,
    -18.666666666666668,
    -18.333333333333332,
    -18.0,
    -17.666666666666668,
    -17.333333333333332,
    -17.0,
    -16.666666666666668,
    -16.333333333333332,
    -16.0,
    -15.666666666666668,
    -15.333333333333334,
    -15.0,
    -14.666666666666668,
    -14.333333333333334,
    -14.0,
    -13.666666666666668,
    -13.333333333333334,
    -13.0,
    -12.666666666666668,
    -12.333333333333334,
    -12.0,
    -11.666666666666668,
    -11.333333333333334,
    -11.0,
    -10.666666666666668,
    -10.333333333333334,
    -10.0,
    -9.666666666666668,
    -9.333333333333334,
    -9.0,
    -8.666666666666668,
    -8.333333333333334,
    -8.0,
    -7.666666666666668,
    -7.333333333333334,
    -7.0,
    -6.666666666666668,
    -6.333333333333334,
    -6.0,
    -5.666666666666668,
    -5.333333333333334,
    -5.0,
    -4.666666666666668,
    -4.333333333333334,
    -4.0,
    -3.666666666666668,
    -3.3333333333333357,
    -3.0,
    -2.666666666666668,
    -2.3333333333333357,
    -2.0,
    -1.6666666666666679,
    -1.3333333333333357,
    -1.0,
    -0.6666666666666679,
    -0.3333333333333357,
    0.0,
    0.33333333333333215,
    0.6666666666666643,
    1.0,
    1.3333333333333321,
    1.6666666666666643,
    2.0,
    2.333333333333332,
    2.6666666666666643,
    3.0,
    3.333333333333332,
    3.6666666666666643,
    4.0,
    4.333333333333332,
    4.666666666666664,
    5.0,
    5.333333333333332,
    5.666666666666664,
    6.0,
    6.333333333333332,
    6.666666666666664,
    7.0,
    7.333333333333332,
    7.666666666666664,
    8.0,
    8.333333333333332,
    8.666666666666664,
    9.0,
    9.333333333333332,
    9.666666666666664,
    10.0,
    10.333333333333332,
    10.666666666666664,
    11.0,
    11.333333333333332,
    11.666666666666664,
    12.0,
    12.333333333333329,
    12.666666666666664,
    13.0,
    13.333333333333329,
    13.666666666666664,
    14.0,
    14.333333333333329,
    14.666666666666664,
    15.0,
    15.333333333333329,
    15.666666666666664,
    16.0,
    16.33333333333333,
    16.666666666666664,
    17.0,
    17.33333333333333,
    17.666666666666664,
    18.0,
    18.33333333333333,
    18.666666666666664,
    19.0,
    19.33333333333333,
    19.666666666666664,
    20.0
  ],
  "conductance": [
    0.976937553800946,
    0.9801998238779724,
    0.9839583300825955,
    0.9883182245866088,
    0.9934103643241559,
    0.9993896776057263,
    1.0064035006489505,
    1.0144977192513316,
    1.02353278449471,
    1.0333520213270029,
    1.04396589071053,
    1.0551542942183016,
    1.0660395011913422,
    1.0756267585749324,
    1.083595024084432,
    1.0902239520409573,
    1.096028912254705,
    1.1013571563794529,
    1.1062329249021712,
    1.1106685654469175,
    1.1149377235724969,
    1.1193941947175197,
    1.1241673807743888,
    1.1290587746744825,
    1.1336747808572378,
    1.1374162587420817,
    1.1397137225643545,
    1.1405616085945371,
    1.1403792057038256,
    1.1396151535981278,
    1.1386087558017046,
    1.1376049839122833,
    1.136775097888593,
    1.1361737618748455,
    1.1356297539372175,
    1.1347757879649065,
    1.1333865166631172,
    1.1315283659711497,
    1.12937664241214,
    1.1270788877070652,
    1.1247325864757833,
    1.1223990141672762,
    1.1201171566426373,
    1.1179125033831336,
    1.1158021674663914,
    1.1137978867273368,
    1.1119078387628736,
    1.1101377787283784,
    1.1084917773900071,
    1.1069727147132598,
    1.1055826188415516,
    1.104322904244562,
    1.103194542261134,
    1.1021981851617833,
    1.101334257510164,
    1.1006030240125653,
    1.1000046400970842,
    1.099539189521027,
    1.0992067119896372,
    1.0990072228526717,
    1.0989407262842037,
    1.0990072228526726,
    1.099206711989636,
    1.0995391895210267,
    1.1000046400970853,
    1.100603024012564,
    1.1013342575101637,
    1.1021981851617844,
    1.1031945422611327,
    1.1043229042445617,
    1.105582618841553,
    1.1069727147132586,
    1.108491777390007,
    1.1101377787283795,
    1.1119078387628727,
    1.1137978867273362,
    1.1158021674663925,
    1.1179125033831334,
    1.120117156642637,
    1.1223990141672775,
    1.1247325864757827,
    1.1270788877070645,
    1.1293766424121416,
    1.131528365971149,
    1.1333865166631165,
    1.134775787964908,
    1.135629753937217,
    1.1361737618748449,
    1.1367750978885944,
    1.1376049839122826,
    1.1386087558017042,
    1.1396151535981291,
    1.1403792057038247,
    1.1405616085945365,
    1.1397137225643557,
    1.1374162587420806,
    1.133674780857238,
    1.1290587746744838,
    1.1241673807743873,
    1.1193941947175203,
    1.1149377235724982,
    1.1106685654469157,
    1.1062329249021718,
    1.1013571563794542,
    1.0960289122547036,
    1.090223952040958,
    1.0835950240844339,
    1.075626758574931,
    1.0660395011913422,
    1.055154294218303,
    1.0439658907105287,
    1.0333520213270029,
    1.0235327844947113,
    1.0144977192513305,
    1.0064035006489505,
    0.9993896776057274,
    0.9934103643241549,
    0.9883182245866088,
    0.9839583300825964,
    0.9801998238779718,
    0.976937553800946
  ],