{
  "bias_mev": [
    -20.0,
    -19.666666666666668,
    -19.333333333333332,
    -19.0,
    -18.666666666666668,
    -18.333333333333332,
    -18.0,
    -17.666666666666668,
    -17.333333333333332,
    -17.0,
    -16.666666666666668,
    -16.333333333333332,
    -16.0,
    -15.666666666666668,
    -15.333333333333334,
    -15.0,
    -14.666666666666668,
    -14.333333333333334,
    -14.0,
    -13.666666666666668,
    -13.333333333333334,
    -13.0,
    -12.666666666666668,
    -12.333333333333334,
    -12.0,
    -11.666666666666668,
    -11.333333333333334,
    -11.0,
    -10.666666666666668,
    -10.333333333333334,
    -10.0,
    -9.666666666666668,
    -9.333333333333334,
    -9.0,
    -8.666666666666668,
    -8.333333333333334,
    -8.0,
    -7.666666666666668,
    -7.333333333333334,
    -7.0,
    -6.666666666666668,
    -6.333333333333334,
    -6.0,
    -5.666666666666668,
    -5.333333333333334,
    -5.0,
    -4.666666666666668,
    -4.333333333333334,
    -4.0,
    -3.666666666666668,
    -3.3333333333333357,
    -3.0,
    -2.666666666666668,
    -2.3333333333333357,
    -2.0,
    -1.6666666666666679,
    -1.3333333333333357,
    -1.0,
    -0.6666666666666679,
    -0.3333333333333357,
    0.0,
    0.33333333333333215,
    0.6666666666666643,
    1.0,
    1.3333333333333321,
    1.6666666666666643,
    2.0,
    2.333333333333332,
    2.6666666666666643,
    3.0,
    3.333333333333332,
    3.6666666666666643,
    4.0,
    4.333333333333332,
    4.666666666666664,
    5.0,
    5.333333333333332,
    5.666666666666664,
    6.0,
    6.333333333333332,
    6.666666666666664,
    7.0,
    7.333333333333332,
    7.666666666666664,
    8.0,
    8.333333333333332,
    8.666666666666664,
    9.0,
    9.333333333333332,
    9.666666666666664,
    10.0,
    10.333333333333332,
    10.666666666666664,
    11.0,
    11.333333333333332,
    11.666666666666664,
    12.0,
    12.333333333333329,
    12.666666666666664,
    13.0,
    13.333333333333329,
    13.666666666666664,
    14.0,
    14.333333333333329,
    14.666666666666664,
    15.0,
    15.333333333333329,
    15.666666666666664,
    16.0,
    16.33333333333333,
    16.666666666666664,
    17.0,
    17.33333333333333,
    17.666666666666664,
    18.0,
    18.33333333333333,
    18.666666666666664,
    19.0,
    19.33333333333333,
    19.666666666666664,
    20.0
  ],
  "conductance": [
    0.9724344318398295,
    0.9760805576538827,
    0.9804369052183994,
    0.9856293742975959,
    0.9917986588918833,
    0.9990885128701035,
    1.0076173047259063,
    1.0174417729271124,
    1.0285532520179275,
    1.0409192295573593,
    1.0544417960374197,
    1.0687012926040855,
    1.0826842943389314,
    1.0949670444751642,
    1.1044273627062386,
    1.1107781433006747,
    1.1144406280079042,
    1.1160783598312731,
    1.1162468163268024,
    1.1153411740408619,
    1.1137128263619755,
    1.1116939867530409,
    1.109470818691344,
    1.106952919827913,
    1.1037736378194478,
    1.0994474450493505,
    1.0936451677410373,
    1.0864120586988144,
    1.0781119266124335,
    1.0692022687493732,
    1.060071983753901,
    1.050990562777054,
    1.042102612878903,
    1.033422171874466,
    1.0248473338532875,
    1.0162472590726122,
    1.0075833322223111,
    0.9989391919945778,
    0.9904523855483587,
    0.9822458134053439,
    0.9744033108423531,
    0.9669731983375071,
    0.9599790100569707,
    0.9534287742088755,
    0.9473213365965663,
    0.9416503318344924,
    0.9364066135536755,
    0.9315797353697454,
    0.9271588555717889,
    0.923133290585144,
    0.9194928522345686,
    0.9162280505914915,
    0.9133302126888099,
    0.9107915485201479,
    0.908605184251758,
    0.9067651754561267,
    0.9052665086900737,
    0.9041050968677506,
    0.9032777720113935,
    0.902782277728432,
    0.9026172629304248,
    0.9027822777284329,
    0.9032777720113927,
    0.9041050968677506,
    0.9052665086900745,
    0.9067651754561257,
    0.908605184251758,
    0.9107915485201485,
    0.913330212688809,
    0.9162280505914916,
    0.9194928522345694,
    0.9231332905851434,
    0.9271588555717885,
    0.9315797353697459,
    0.9364066135536747,
    0.941650331834492,
    0.9473213365965671,
    0.9534287742088747,
    0.9599790100569702,
    0.9669731983375079,
    0.9744033108423528,
    0.9822458134053433,
    0.9904523855483593,
    0.9989391919945771,
    1.0075833322223107,
    1.016247259072613,
    1.0248473338532866,
    1.0334221718744654,
    1.0421026128789037,
    1.0509905627770533,
    1.0600719837539005,
    1.069202268749374,
    1.0781119266124328,
    1.0864120586988135,
    1.0936451677410381,
    1.0994474450493497,
    1.103773637819448,
    1.1069529198279138,
    1.1094708186913425,
    1.111693986753041,
    1.1137128263619764,
    1.11534117404086,
    1.1162468163268027,
    1.1160783598312742,
    1.1144406280079027,
    1.110778143300675,
    1.10442736270624,
    1.0949670444751627,
    1.0826842943389317,
    1.0687012926040869,
    1.0544417960374193,
    1.040919229557359,
    1.0285532520179284,
    1.0174417729271115,
    1.007617304725906,
    0.9990885128701046,
    0.9917986588918825,
    0.9856293742975956,
    0.9804369052184004,
    0.9760805576538821,
    0.9724344318398289
  ],