{
  "bias_mev": [
    -20.0,
    -19.666666666666668,
    -19.333333333333332,
    -19.0,
    -18.666666666666668,
    -18.333333333333332,
    -18.0,
    -17.666666666666668,
    -17.333333333333332,
    -17.0,
    -16.666666666666668,
    -16.333333333333332,
    -16.0,
    -15.666666666666668,
    -15.333333333333334,
    -15.0,
    -14.666666666666668,
    -14.333333333333334,
    -14.0,
    -13.666666666666668,
    -13.333333333333334,
    -13.0,
    -12.666666666666668,
    -12.333333333333334,
    -12.0,
    -11.666666666666668,
    -11.333333333333334,
    -11.0,
    -10.666666666666668,
    -10.333333333333334,
    -10.0,
    -9.666666666666668,
    -9.333333333333334,
    -9.0,
    -8.666666666666668,
    -8.333333333333334,
    -8.0,
    -7.666666666666668,
    -7.333333333333334,
    -7.0,
    -6.666666666666668,
    -6.333333333333334,
    -6.0,
    -5.666666666666668,
    -5.333333333333334,
    -5.0,
    -4.666666666666668,
    -4.333333333333334,
    -4.0,
    -3.666666666666668,
    -3.3333333333333357,
    -3.0,
    -2.666666666666668,
    -2.3333333333333357,
    -2.0,
    -1.6666666666666679,
    -1.3333333333333357,
    -1.0,
    -0.6666666666666679,
    -0.3333333333333357,
    0.0,
    0.33333333333333215,
    0.6666666666666643,
    1.0,
    1.3333333333333321,
    1.6666666666666643,
    2.0,
    2.333333333333332,
    2.6666666666666643,
    3.0,
    3.333333333333332,
    3.6666666666666643,
    4.0,
    4.333333333333332,
    4.666666666666664,
    5.0,
    5.333333333333332,
    5.666666666666664,
    6.0,
    6.333333333333332,
    6.666666666666664,
    7.0,
    7.333333333333332,
    7.666666666666664,
    8.0,
    8.333333333333332,
    8.666666666666664,
    9.0,
    9.333333333333332,
    9.666666666666664,
    10.0,
    10.333333333333332,
    10.666666666666664,
    11.0,
    11.333333333333332,
    11.666666666666664,
    12.0,
    12.333333333333329,
    12.666666666666664,
    13.0,
    13.333333333333329,
    13.666666666666664,
    14.0,
    14.333333333333329,
    14.666666666666664,
    15.0,
    15.333333333333329,
    15.666666666666664,
    16.0,
    16.33333333333333,
    16.666666666666664,
    17.0,
    17.33333333333333,
    17.666666666666664,
    18.0,
    18.33333333333333,
    18.666666666666664,
    19.0,
    19.33333333333333,
    19.666666666666664,
    20.0
  ],
  "conductance": [
    0.9842297165178807,
    0.9861919790456508,
    0.9886325550455604,
    0.9916221646329147,
    0.9952290070607821,
    0.9995094481323618,
    1.0044947918617708,
    1.010178882775152,
    1.0165122195499163,
    1.0233992353780088,
    1.030683781440818,
    1.0381198367111883,
    1.0453618435894325,
    1.0520198215876213,
    1.0577702006744203,
    1.0624492079275079,
    1.066066543287691,
    1.0687477037109316,
    1.0706609303997594,
    1.0719734186545524,
    1.0728367268057215,
    1.0733725567034613,
    1.0736435272489266,
    1.073624740824666,
    1.0732034477511356,
    1.0722201570205192,
    1.070539636290736,
    1.068116450350155,
    1.0650166024423635,
    1.0613881600118313,
    1.057408506207464,
    1.0532382805167793,
    1.0489933470339772,
    1.0447338669407824,
    1.0404697155125995,
    1.0361822780361685,
    1.0318545486868609,
    1.027492760602151,
    1.023128968671799,
    1.0188097496005508,
    1.014582955169769,
    1.0104895170079373,
    1.0065607353449713,
    1.0028188216753564,
    0.9992786661892499,
    0.9959497214958137,
    0.9928375814922301,
    0.9899451780542399,
    0.987273646188657,
    0.9848229364226082,
    0.9825922451861451,
    0.9805803173793346,
    0.9787856599338419,
    0.9772066933555852,
    0.975841859810036,
    0.9746897005011039,
    0.9737489111315866,
    0.9730183815270943,
    0.9724972236396298,
    0.9721847908384933,
    0.9720806904544269,
    0.9721847908384933,
    0.9724972236396296,
    0.9730183815270944,
    0.9737489111315866,
    0.9746897005011039,
    0.975841859810036,
    0.9772066933555854,
    0.9787856599338419,
    0.9805803173793346,
    0.9825922451861453,
    0.9848229364226079,
    0.9872736461886568,
    0.9899451780542399,
    0.9928375814922298,
    0.9959497214958137,
    0.9992786661892502,
    1.0028188216753564,
    1.0065607353449713,
    1.0104895170079373,
    1.014582955169769,
    1.0188097496005508,
    1.0231289686717993,
    1.0274927606021507,
    1.0318545486868609,
    1.0361822780361685,
    1.0404697155125995,
    1.0447338669407824,
    1.0489933470339774,
    1.0532382805167788,
    1.0574085062074638,
    1.0613881600118313,
    1.0650166024423633,
    1.0681164503501548,
    1.0705396362907362,
    1.0722201570205192,
    1.0732034477511356,
    1.073624740824666,
    1.0736435272489264,
    1.0733725567034613,
    1.0728367268057215,
    1.0719734186545522,
    1.0706609303997592,
    1.0687477037109316,
    1.066066543287691,
    1.062449207927508,
    1.0577702006744207,
    1.052019821587621,
    1.0453618435894323,
    1.0381198367111886,
    1.0306837814408183,
    1.0233992353780088,
    1.0165122195499166,
    1.0101788827751523,
    1.004494791861771,
    0.9995094481323619,
    0.9952290070607824,
    0.9916221646329149,
    0.9886325550455605,
    0.9861919790456508,
    0.9842297165178805
  ],