{
  "bias_mev": [
    -20.0,
    -19.666666666666668,
    -19.333333333333332,
    -19.0,
    -18.666666666666668,
    -18.333333333333332,
    -18.0,
    -17.666666666666668,
    -17.333333333333332,
    -17.0,
    -16.666666666666668,
    -16.333333333333332,
    -16.0,
    -15.666666666666668,
    -15.333333333333334,
    -15.0,
    -14.666666666666668,
    -14.333333333333334,
    -14.0,
    -13.666666666666668,
    -13.333333333333334,
    -13.0,
    -12.666666666666668,
    -12.333333333333334,
    -12.0,
    -11.666666666666668,
    -11.333333333333334,
    -11.0,
    -10.666666666666668,
    -10.333333333333334,
    -10.0,
    -9.666666666666668,
    -9.333333333333334,
    -9.0,
    -8.666666666666668,
    -8.333333333333334,
    -8.0,
    -7.666666666666668,
    -7.333333333333334,
    -7.0,
    -6.666666666666668,
    -6.333333333333334,
    -6.0,
    -5.666666666666668,
    -5.333333333333334,
    -5.0,
    -4.666666666666668,
    -4.333333333333334,
    -4.0,
    -3.666666666666668,
    -3.3333333333333357,
    -3.0,
    -2.666666666666668,
    -2.3333333333333357,
    -2.0,
    -1.6666666666666679,
    -1.3333333333333357,
    -1.0,
    -0.6666666666666679,
    -0.3333333333333357,
    0.0,
    0.33333333333333215,
    0.6666666666666643,
    1.0,
    1.3333333333333321,
    1.6666666666666643,
    2.0,
    2.333333333333332,
    2.6666666666666643,
    3.0,
    3.333333333333332,
    3.6666666666666643,
    4.0,
    4.333333333333332,
    4.666666666666664,
    5.0,
    5.333333333333332,
    5.666666666666664,
    6.0,
    6.333333333333332,
    6.666666666666664,
    7.0,
    7.333333333333332,
    7.666666666666664,
    8.0,
    8.333333333333332,
    8.666666666666664,
    9.0,
    9.333333333333332,
    9.666666666666664,
    10.0,
    10.333333333333332,
    10.666666666666664,
    11.0,
    11.333333333333332,
    11.666666666666664,
    12.0,
    12.333333333333329,
    12.666666666666664,
    13.0,
    13.333333333333329,
    13.666666666666664,
    14.0,
    14.333333333333329,
    14.666666666666664,
    15.0,
    15.333333333333329,
    15.666666666666664,
    16.0,
    16.33333333333333,
    16.666666666666664,
    17.0,
    17.33333333333333,
    17.666666666666664,
    18.0,
    18.33333333333333,
    18.666666666666664,
    19.0,
    19.33333333333333,
    19.666666666666664,
    20.0
  ],
  "conductance": [
    0.9727066286310586,
    0.9760096247781382,
    0.9803923556736568,
    0.9858986859873902,
    0.9925327057372181,
    1.0002402887802546,
    1.0088850075746993,
    1.0182209015953674,
    1.0278624073382157,
    1.0372513939040005,
    1.045636253925455,
    1.0521082366972188,
    1.0557455115926446,
    1.055850198113213,
    1.052163921531156,
    1.044927300235544,
    1.0347515964679088,
    1.0223947604558425,
    1.0085650186425628,
    0.9938120075612854,
    0.9784879911343332,
    0.962738007850599,
    0.946508636641013,
    0.9295977248479211,
    0.9117599514256131,
    0.8928433779701085,
    0.8728981413954299,
    0.8522018654300181,
    0.8311907595777743,
    0.8103375059941417,
    0.7900343244768214,
    0.7705191147677598,
    0.7518566704257896,
    0.7339744514794599,
    0.716742078519856,
    0.7000636952292514,
    0.6839379630813907,
    0.6684576434296962,
    0.6537619111339903,
    0.6399800934589751,
    0.6271964907267371,
    0.6154419651371031,
    0.6047028290904022,
    0.5949356801834174,
    0.5860811640095717,
    0.5780740739564376,
    0.5708497282130559,
    0.5643474958484639,
    0.558512437894613,
    0.5532958236971341,
    0.5486550366639411,
    0.5445531864596048,
    0.540958610064649,
    0.537844360018911,
    0.5351877287650386,
    0.532969830442635,
    0.5311752469210824,
    0.5297917377321166,
    0.5288100105458944,
    0.5282235480141989,
    0.5280284871165087,
    0.5282235480141989,
    0.5288100105458944,
    0.5297917377321167,
    0.5311752469210824,
    0.532969830442635,
    0.5351877287650385,
    0.5378443600189109,
    0.5409586100646488,
    0.5445531864596047,
    0.5486550366639411,
    0.5532958236971341,
    0.5585124378946129,
    0.5643474958484639,
    0.5708497282130559,
    0.5780740739564376,
    0.5860811640095716,
    0.5949356801834172,
    0.6047028290904022,
    0.6154419651371031,
    0.6271964907267371,
    0.6399800934589751,
    0.6537619111339902,
    0.6684576434296962,
    0.6839379630813907,
    0.7000636952292513,
    0.7167420785198559,
    0.7339744514794598,
    0.7518566704257895,
    0.7705191147677595,
    0.7900343244768214,
    0.8103375059941416,
    0.8311907595777741,
    0.8522018654300181,
    0.8728981413954299,
    0.8928433779701085,
    0.9117599514256131,
    0.9295977248479207,
    0.9465086366410126,
    0.9627380078505992,
    0.9784879911343329,
    0.993812007561285,
    1.0085650186425628,
    1.0223947604558423,
    1.0347515964679088,
    1.0449273002355441,
    1.052163921531156,
    1.0558501981132127,
    1.0557455115926446,
    1.0521082366972188,
    1.0456362539254551,
    1.0372513939040005,
    1.0278624073382157,
    1.0182209015953672,
    1.0088850075746993,
    1.0002402887802546,
    0.9925327057372182,
    0.9858986859873902,
    0.9803923556736568,
    0.9760096247781382,
    0.9727066286310586
  ],