{
  "bias_mev": [
    -20.0,
    -19.666666666666668,
    -19.333333333333332,
    -19.0,
    -18.666666666666668,
    -18.333333333333332,
    -18.0,
    -17.666666666666668,
    -17.333333333333332,
    -17.0,
    -16.666666666666668,
    -16.333333333333332,
    -16.0,
    -15.666666666666668,
    -15.333333333333334,
    -15.0,
    -14.666666666666668,
    -14.333333333333334,
    -14.0,
    -13.666666666666668,
    -13.333333333333334,
    -13.0,
    -12.666666666666668,
    -12.333333333333334,
    -12.0,
    -11.666666666666668,
    -11.333333333333334,
    -11.0,
    -10.666666666666668,
    -10.333333333333334,
    -10.0,
    -9.666666666666668,
    -9.333333333333334,
    -9.0,
    -8.666666666666668,
    -8.333333333333334,
    -8.0,
    -7.666666666666668,
    -7.333333333333334,
    -7.0,
    -6.666666666666668,
    -6.333333333333334,
    -6.0,
    -5.666666666666668,
    -5.333333333333334,
    -5.0,
    -4.666666666666668,
    -4.333333333333334,
    -4.0,
    -3.666666666666668,
    -3.3333333333333357,
    -3.0,
    -2.666666666666668,
    -2.3333333333333357,
    -2.0,
    -1.6666666666666679,
    -1.3333333333333357,
    -1.0,
    -0.6666666666666679,
    -0.3333333333333357,
    0.0,
    0.33333333333333215,
    0.6666666666666643,
    1.0,
    1.3333333333333321,
    1.6666666666666643,
    2.0,
    2.333333333333332,
    2.6666666666666643,
    3.0,
    3.333333333333332,
    3.6666666666666643,
    4.0,
    4.333333333333332,
    4.666666666666664,
    5.0,
    5.333333333333332,
    5.666666666666664,
    6.0,
    6.333333333333332,
    6.666666666666664,
    7.0,
    7.333333333333332,
    7.666666666666664,
    8.0,
    8.333333333333332,
    8.666666666666664,
    9.0,
    9.333333333333332,
    9.666666666666664,
    10.0,
    10.333333333333332,
    10.666666666666664,
    11.0,
    11.333333333333332,
    11.666666666666664,
    12.0,
    12.333333333333329,
    12.666666666666664,
    13.0,
    13.333333333333329,
    13.666666666666664,
    14.0,
    14.333333333333329,
    14.666666666666664,
    15.0,
    15.333333333333329,
    15.666666666666664,
    16.0,
    16.33333333333333,
    16.666666666666664,
    17.0,
    17.33333333333333,
    17.666666666666664,
    18.0,
    18.33333333333333,
    18.666666666666664,
    19.0,
    19.33333333333333,
    19.666666666666664,
    20.0
  ],
  "conductance": [
    0.9759851543186888,
    0.9792416080221309,
    0.983215962483407,
    0.9879826399999851,
    0.9935976332562071,
    1.0000840885168845,
    1.0074126984604068,
    1.015479350850801,
    1.0240840787434786,
    1.0329167853480101,
    1.041559394221318,
    1.0495199407551514,
    1.0563087061868202,
    1.0615395229244116,
    1.0650105266266878,
    1.0667231335548681,
    1.0668370175923731,
    1.0655949188916245,
    1.0632551929670824,
    1.060047821527545,
    1.0561472029982406,
    1.0516517712236753,
    1.0465726388547587,
    1.0408425760849362,
    1.0343518322090322,
    1.0270034011083626,
    1.0187676554353462,
    1.0097129002243195,
    0.9999989615234632,
    0.9898400691880507,
    0.9794560235838415,
    0.969029411677496,
    0.9586788604256506,
    0.9484530988485785,
    0.9383474756398745,
    0.9283378277196789,
    0.9184168430481989,
    0.9086151478745541,
    0.898999498594276,
    0.8896551727671175,
    0.8806658440154492,
    0.8720999886073434,
    0.8640056919028352,
    0.8564114749091895,
    0.8493299997206197,
    0.8427624194740366,
    0.8367022454864688,
    0.8311383601856207,
    0.8260571879801718,
    0.8214441791702118,
    0.817284784407607,
    0.8135650722574385,
    0.8102721060724931,
    0.807394163178949,
    0.8049208534286911,
    0.8028431754169357,
    0.8011535356792451,
    0.7998457474204846,
    0.7989150195018352,
    0.7983579425611967,
    0.7981724765893825,
    0.7983579425611969,
    0.798915019501835,
    0.7998457474204845,
    0.8011535356792453,
    0.8028431754169356,
    0.8049208534286911,
    0.807394163178949,
    0.810272106072493,
    0.8135650722574386,
    0.817284784407607,
    0.8214441791702118,
    0.8260571879801717,
    0.8311383601856206,
    0.8367022454864688,
    0.8427624194740366,
    0.8493299997206196,
    0.8564114749091892,
    0.8640056919028352,
    0.8720999886073434,
    0.8806658440154491,
    0.8896551727671175,
    0.8989994985942761,
    0.9086151478745539,
    0.9184168430481991,
    0.9283378277196792,
    0.9383474756398743,
    0.9484530988485784,
    0.9586788604256509,
    0.969029411677496,
    0.9794560235838415,
    0.9898400691880507,
    0.9999989615234631,
    1.0097129002243195,
    1.0187676554353462,
    1.0270034011083626,
    1.0343518322090322,
    1.040842576084936,
    1.0465726388547587,
    1.0516517712236753,
    1.0561472029982406,
    1.060047821527545,
    1.0632551929670822,
    1.0655949188916245,
    1.0668370175923727,
    1.0667231335548681,
    1.0650105266266878,
    1.0615395229244116,
    1.05630870618682,
    1.0495199407551512,
    1.0415593942213177,
    1.0329167853480101,
    1.0240840787434786,
    1.0154793508508013,
    1.0074126984604068,
    1.0000840885168845,
    0.9935976332562071,
    0.987982639999985,
    0.983215962483407,
    0.9792416080221309,
    0.9759851543186885
  ],