{
  "bias_mev": [
    -20.0,
    -19.666666666666668,
    -19.333333333333332,
    -19.0,
    -18.666666666666668,
    -18.333333333333332,
    -18.0,
    -17.666666666666668,
    -17.333333333333332,
    -17.0,
    -16.666666666666668,
    -16.333333333333332,
    -16.0,
    -15.666666666666668,
    -15.333333333333334,
    -15.0,
    -14.666666666666668,
    -14.333333333333334,
    -14.0,
    -13.666666666666668,
    -13.333333333333334,
    -13.0,
    -12.666666666666668,
    -12.333333333333334,
    -12.0,
    -11.666666666666668,
    -11.333333333333334,
    -11.0,
    -10.666666666666668,
    -10.333333333333334,
    -10.0,
    -9.666666666666668,
    -9.333333333333334,
    -9.0,
    -8.666666666666668,
    -8.333333333333334,
    -8.0,
    -7.666666666666668,
    -7.333333333333334,
    -7.0,
    -6.666666666666668,
    -6.333333333333334,
    -6.0,
    -5.666666666666668,
    -5.333333333333334,
    -5.0,
    -4.666666666666668,
    -4.333333333333334,
    -4.0,
    -3.666666666666668,
    -3.3333333333333357,
    -3.0,
    -2.666666666666668,
    -2.3333333333333357,
    -2.0,
    -1.6666666666666679,
    -1.3333333333333357,
    -1.0,
    -0.6666666666666679,
    -0.3333333333333357,
    0.0,
    0.33333333333333215,
    0.6666666666666643,
    1.0,
    1.3333333333333321,
    1.6666666666666643,
    2.0,
    2.333333333333332,
    2.6666666666666643,
    3.0,
    3.333333333333332,
    3.6666666666666643,
    4.0,
    4.333333333333332,
    4.666666666666664,
    5.0,
    5.333333333333332,
    5.666666666666664,
    6.0,
    6.333333333333332,
    6.666666666666664,
    7.0,
    7.333333333333332,
    7.666666666666664,
    8.0,
    8.333333333333332,
    8.666666666666664,
    9.0,
    9.333333333333332,
    9.666666666666664,
    10.0,
    10.333333333333332,
    10.666666666666664,
    11.0,
    11.333333333333332,
    11.666666666666664,
    12.0,
    12.333333333333329,
    12.666666666666664,
    13.0,
    13.333333333333329,
    13.666666666666664,
    14.0,
    14.333333333333329,
    14.666666666666664,
    15.0,
    15.333333333333329,
    15.666666666666664,
    16.0,
    16.33333333333333,
    16.666666666666664,
    17.0,
    17.33333333333333,
    17.666666666666664,
    18.0,
    18.33333333333333,
    18.666666666666664,
    19.0,
    19.33333333333333,
    19.666666666666664,
    20.0
  ],
  "conductance": [
    0.9791433931028078,
    0.981835295049998,
    0.9850688872852263,
    0.9889497496060836,
    0.9936032124547818,
    0.9991663160036504,
    1.0057518593121682,
    1.013374817534689,
    1.0219091151288526,
    1.0311973545217414,
    1.0411541993652629,
    1.0515268261774084,
    1.0615982787775469,
    1.070462250940175,
    1.0776480440801741,
    1.0832768498079148,
    1.0877862856317435,
    1.0915656435730925,
    1.094774439283349,
    1.097498379780575,
    1.0999666118424032,
    1.1024809046910897,
    1.1051764707740184,
    1.107891285613444,
    1.1102196728647609,
    1.1116038189278459,
    1.1115674950523526,
    1.11007101726679,
    1.107477425977286,
    1.1042506298124,
    1.1007761900020627,
    1.0973316623348062,
    1.094089746554107,
    1.0910833969003633,
    1.0881489308176429,
    1.0849877838256115,
    1.081404874707511,
    1.077436185659433,
    1.0732412886215785,
    1.068977267796364,
    1.0647565085987214,
    1.0606509055997833,
    1.0567048805827028,
    1.0529456128883603,
    1.0493895730043439,
    1.0460465061578992,
    1.0429218723044642,
    1.0400183726009289,
    1.037336928384468,
    1.0348773240746734,
    1.0326386383086732,
    1.030619538267849,
    1.0288184836037206,
    1.0272338694219554,
    1.0258641274529454,
    1.0247077980779764,
    1.0237635817417805,
    1.0230303755680017,
    1.0225072991710116,
    1.022193712400901,
    1.0220892268643833,
    1.0221937124009022,
    1.0225072991710102,
    1.0230303755680017,
    1.0237635817417818,
    1.024707798077975,
    1.0258641274529454,
    1.0272338694219565,
    1.0288184836037195,
    1.030619538267849,
    1.0326386383086745,
    1.0348773240746725,
    1.0373369283844676,
    1.0400183726009304,
    1.0429218723044635,
    1.0460465061578987,
    1.049389573004345,
    1.0529456128883594,
    1.0567048805827022,
    1.0606509055997848,
    1.064756508598721,
    1.0689772677963634,
    1.0732412886215799,
    1.077436185659432,
    1.0814048747075102,
    1.0849877838256128,
    1.0881489308176424,
    1.0910833969003628,
    1.0940897465541086,
    1.0973316623348053,
    1.1007761900020623,
    1.1042506298124013,
    1.1074774259772855,
    1.1100710172667894,
    1.111567495052354,
    1.1116038189278448,
    1.110219672864761,
    1.1078912856134455,
    1.1051764707740157,
    1.1024809046910906,
    1.0999666118424045,
    1.0974983797805729,
    1.0947744392833496,
    1.0915656435730938,
    1.0877862856317415,
    1.0832768498079155,
    1.0776480440801754,
    1.0704622509401733,
    1.061598278777547,
    1.0515268261774098,
    1.0411541993652618,
    1.031197354521741,
    1.0219091151288537,
    1.0133748175346877,
    1.0057518593121682,
    0.9991663160036516,
    0.9936032124547806,
    0.9889497496060836,
    0.9850688872852279,
    0.9818352950499972,
    0.9791433931028075
  ],