{
  "bias_mev": [
    -20.0,
    -19.666666666666668,
    -19.333333333333332,
    -19.0,
    -18.666666666666668,
    -18.333333333333332,
    -18.0,
    -17.666666666666668,
    -17.333333333333332,
    -17.0,
    -16.666666666666668,
    -16.333333333333332,
    -16.0,
    -15.666666666666668,
    -15.333333333333334,
    -15.0,
    -14.666666666666668,
    -14.333333333333334,
    -14.0,
    -13.666666666666668,
    -13.333333333333334,
    -13.0,
    -12.666666666666668,
    -12.333333333333334,
    -12.0,
    -11.666666666666668,
    -11.333333333333334,
    -11.0,
    -10.666666666666668,
    -10.333333333333334,
    -10.0,
    -9.666666666666668,
    -9.333333333333334,
    -9.0,
    -8.666666666666668,
    -8.333333333333334,
    -8.0,
    -7.666666666666668,
    -7.333333333333334,
    -7.0,
    -6.666666666666668,
    -6.333333333333334,
    -6.0,
    -5.666666666666668,
    -5.333333333333334,
    -5.0,
    -4.666666666666668,
    -4.333333333333334,
    -4.0,
    -3.666666666666668,
    -3.3333333333333357,
    -3.0,
    -2.666666666666668,
    -2.3333333333333357,
    -2.0,
    -1.6666666666666679,
    -1.3333333333333357,
    -1.0,
    -0.6666666666666679,
    -0.3333333333333357,
    0.0,
    0.33333333333333215,
    0.6666666666666643,
    1.0,
    1.3333333333333321,
    1.6666666666666643,
    2.0,
    2.333333333333332,
    2.6666666666666643,
    3.0,
    3.333333333333332,
    3.6666666666666643,
    4.0,
    4.333333333333332,
    4.666666666666664,
    5.0,
    5.333333333333332,
    5.666666666666664,
    6.0,
    6.333333333333332,
    6.666666666666664,
    7.0,
    7.333333333333332,
    7.666666666666664,
    8.0,
    8.333333333333332,
    8.666666666666664,
    9.0,
    9.333333333333332,
    9.666666666666664,
    10.0,
    10.333333333333332,
    10.666666666666664,
    11.0,
    11.333333333333332,
    11.666666666666664,
    12.0,
    12.333333333333329,
    12.666666666666664,
    13.0,
    13.333333333333329,
    13.666666666666664,
    14.0,
    14.333333333333329,
    14.666666666666664,
    15.0,
    15.333333333333329,
    15.666666666666664,
    16.0,
    16.33333333333333,
    16.666666666666664,
    17.0,
    17.33333333333333,
    17.666666666666664,
    18.0,
    18.33333333333333,
    18.666666666666664,
    19.0,
    19.33333333333333,
    19.666666666666664,
    20.0
  ],
  "conductance": [
    0.9778933329939283,
    0.9796549347744661,
    0.9827093645176515,
    0.98709441568218,
    0.9927971674340416,
    0.9997091689769251,
    1.0075769080520778,
    1.0159825054681657,
    1.0243866323424018,
    1.032195569758162,
    1.0387436138727943,
    1.0431812683615367,
    1.0444782415171256,
    1.041735418787139,
    1.0346428728822306,
    1.0236721821704773,
    1.0098309508515537,
    0.9942135301603627,
    0.9776881553741559,
    0.9608487407462387,
    0.9440847220419492,
    0.9275653509743915,
    0.9111320526335157,
    0.8942667660235049,
    0.8762601120885268,
    0.8565410772348677,
    0.8350064241848918,
    0.8121445701285662,
    0.7888502011009327,
    0.7660651822118884,
    0.7444865425498176,
    0.7244478491002151,
    0.7059311387554127,
    0.6886495074553776,
    0.6721904747413043,
    0.6562098635413746,
    0.6405903335412986,
    0.6254549705528663,
    0.6110442247974837,
    0.59757568241876,
    0.5851741425680194,
    0.5738706962472488,
    0.5636318659556532,
    0.5543900256027362,
    0.5460648138833832,
    0.5385754381514426,
    0.5318466868121443,
    0.525811288708046,
    0.5204103807554359,
    0.5155930985142368,
    0.5113158253115874,
    0.5075413637575326,
    0.5042381496554219,
    0.501379555859872,
    0.4989432988892805,
    0.49691094557957816,
    0.49526751106706507,
    0.494001137948362,
    0.4931028471000148,
    0.49256635213526484,
    0.4923879312616705,
    0.49256635213526506,
    0.4931028471000147,
    0.494001137948362,
    0.4952675110670653,
    0.4969109455795778,
    0.4989432988892804,
    0.5013795558598724,
    0.5042381496554216,
    0.5075413637575328,
    0.5113158253115875,
    0.5155930985142364,
    0.5204103807554357,
    0.5258112887080462,
    0.5318466868121441,
    0.5385754381514425,
    0.5460648138833835,
    0.5543900256027361,
    0.5636318659556531,
    0.573870696247249,
    0.5851741425680193,
    0.59757568241876,
    0.6110442247974838,
    0.6254549705528658,
    0.6405903335412985,
    0.6562098635413748,
    0.6721904747413041,
    0.6886495074553773,
    0.7059311387554129,
    0.7244478491002146,
    0.7444865425498175,
    0.7660651822118886,
    0.7888502011009323,
    0.8121445701285659,
    0.8350064241848921,
    0.8565410772348675,
    0.8762601120885268,
    0.8942667660235049,
    0.911132052633515,
    0.9275653509743917,
    0.9440847220419494,
    0.960848740746238,
    0.9776881553741564,
    0.9942135301603632,
    1.0098309508515533,
    1.0236721821704777,
    1.0346428728822314,
    1.0417354187871384,
    1.0444782415171259,
    1.0431812683615371,
    1.0387436138727937,
    1.0321955697581624,
    1.0243866323424022,
    1.0159825054681653,
    1.007576908052078,
    0.9997091689769257,
    0.9927971674340412,
    0.9870944156821798,
    0.9827093645176521,
    0.9796549347744656,
    0.9778933329939281
  ],