{
  "bias_mev": [
    -20.0,
    -19.666666666666668,
    -19.333333333333332,
    -19.0,
    -18.666666666666668,
    -18.333333333333332,
    -18.0,
    -17.666666666666668,
    -17.333333333333332,
    -17.0,
    -16.666666666666668,
    -16.333333333333332,
    -16.0,
    -15.666666666666668,
    -15.333333333333334,
    -15.0,
    -14.666666666666668,
    -14.333333333333334,
    -14.0,
    -13.666666666666668,
    -13.333333333333334,
    -13.0,
    -12.666666666666668,
    -12.333333333333334,
    -12.0,
    -11.666666666666668,
    -11.333333333333334,
    -11.0,
    -10.666666666666668,
    -10.333333333333334,
    -10.0,
    -9.666666666666668,
    -9.333333333333334,
    -9.0,
    -8.666666666666668,
    -8.333333333333334,
    -8.0,
    -7.666666666666668,
    -7.333333333333334,
    -7.0,
    -6.666666666666668,
    -6.333333333333334,
    -6.0,
    -5.666666666666668,
    -5.333333333333334,
    -5.0,
    -4.666666666666668,
    -4.333333333333334,
    -4.0,
    -3.666666666666668,
    -3.3333333333333357,
    -3.0,
    -2.666666666666668,
    -2.3333333333333357,
    -2.0,
    -1.6666666666666679,
    -1.3333333333333357,
    -1.0,
    -0.6666666666666679,
    -0.3333333333333357,
    0.0,
    0.33333333333333215,
    0.6666666666666643,
    1.0,
    1.3333333333333321,
    1.6666666666666643,
    2.0,
    2.333333333333332,
    2.6666666666666643,
    3.0,
    3.333333333333332,
    3.6666666666666643,
    4.0,
    4.333333333333332,
    4.666666666666664,
    5.0,
    5.333333333333332,
    5.666666666666664,
    6.0,
    6.333333333333332,
    6.666666666666664,
    7.0,
    7.333333333333332,
    7.666666666666664,
    8.0,
    8.333333333333332,
    8.666666666666664,
    9.0,
    9.333333333333332,
    9.666666666666664,
    10.0,
    10.333333333333332,
    10.666666666666664,
    11.0,
    11.333333333333332,
    11.666666666666664,
    12.0,
    12.333333333333329,
    12.666666666666664,
    13.0,
    13.333333333333329,
    13.666666666666664,
    14.0,
    14.333333333333329,
    14.666666666666664,
    15.0,
    15.333333333333329,
    15.666666666666664,
    16.0,
    16.33333333333333,
    16.666666666666664,
    17.0,
    17.33333333333333,
    17.666666666666664,
    18.0,
    18.33333333333333,
    18.666666666666664,
    19.0,
    19.33333333333333,
    19.666666666666664,
    20.0
  ],
  "conductance": [
    0.9754588018570809,
    0.9790616824852094,
    0.9832115960569839,
    0.9879999340914324,
    0.9935244650962384,
    0.9998789984090829,
    1.0071309134934099,
    1.0152935835907495,
    1.024319167851044,
    1.0341208570687679,
    1.044561015693287,
    1.0553479477454817,
    1.065950650628056,
    1.075721741459462,
    1.0841889496227362,
    1.0912311868716458,
    1.0970125656721914,
    1.1017970440682927,
    1.1058077203775687,
    1.1092137119900403,
    1.1121843971917988,
    1.11488536537218,
    1.1173935662756065,
    1.119617301313416,
    1.1212982263452982,
    1.1221052146060417,
    1.1217908160932077,
    1.1203231888490572,
    1.1178822375566841,
    1.1147500095917435,
    1.11120823496452,
    1.1074836291028753,
    1.1037163953408755,
    1.099934042941918,
    1.0960536457781138,
    1.091949056481297,
    1.087552878661492,
    1.08290027327212,
    1.0780925215825021,
    1.073242406532124,
    1.0684442680969268,
    1.0637674811314954,
    1.0592600531853376,
    1.054954209387458,
    1.0508711497332488,
    1.047024518740197,
    1.0434228078643717,
    1.0400709970314013,
    1.0369716793882677,
    1.034125839066775,
    1.031533395047701,
    1.0291935857239958,
    1.02710524358976,
    1.025266993143007,
    1.0236773944262527,
    1.0223350475880952,
    1.0212386691321242,
    1.0203871473067516,
    1.019779581859919,
    1.019415311800273,
    1.0192939336505298,
    1.0194153118002742,
    1.0197795818599178,
    1.0203871473067514,
    1.0212386691321251,
    1.0223350475880943,
    1.0236773944262525,
    1.0252669931430083,
    1.0271052435897585,
    1.0291935857239958,
    1.0315333950477021,
    1.0341258390667738,
    1.036971679388267,
    1.0400709970314028,
    1.043422807864371,
    1.0470245187401965,
    1.05087114973325,
    1.0549542093874575,
    1.0592600531853371,
    1.063767481131497,
    1.0684442680969264,
    1.0732424065321233,
    1.0780925215825037,
    1.0829002732721194,
    1.0875528786614916,
    1.0919490564812986,
    1.0960536457781132,
    1.0999340429419178,
    1.1037163953408768,
    1.107483629102875,
    1.1112082349645196,
    1.1147500095917449,
    1.1178822375566835,
    1.1203231888490568,
    1.121790816093209,
    1.1221052146060408,
    1.1212982263452986,
    1.1196173013134174,
    1.1173935662756047,
    1.1148853653721806,
    1.1121843971918004,
    1.1092137119900383,
    1.1058077203775694,
    1.1017970440682943,
    1.0970125656721896,
    1.0912311868716462,
    1.0841889496227377,
    1.0757217414594604,
    1.0659506506280563,
    1.055347947745483,
    1.0445610156932856,
    1.0341208570687677,
    1.0243191678510453,
    1.0152935835907484,
    1.0071309134934097,
    0.9998789984090841,
    0.9935244650962373,
    0.9879999340914324,
    0.983211596056985,
    0.9790616824852088,
    0.9754588018570802
  ],