{
  "bias_mev": [
    -20.0,
    -19.666666666666668,
    -19.333333333333332,
    -19.0,
    -18.666666666666668,
    -18.333333333333332,
    -18.0,
    -17.666666666666668,
    -17.333333333333332,
    -17.0,
    -16.666666666666668,
    -16.333333333333332,
    -16.0,
    -15.666666666666668,
    -15.333333333333334,
    -15.0,
    -14.666666666666668,
    -14.333333333333334,
    -14.0,
    -13.666666666666668,
    -13.333333333333334,
    -13.0,
    -12.666666666666668,
    -12.333333333333334,
    -12.0,
    -11.666666666666668,
    -11.333333333333334,
    -11.0,
    -10.666666666666668,
    -10.333333333333334,
    -10.0,
    -9.666666666666668,
    -9.333333333333334,
    -9.0,
    -8.666666666666668,
    -8.333333333333334,
    -8.0,
    -7.666666666666668,
    -7.333333333333334,
    -7.0,
    -6.666666666666668,
    -6.333333333333334,
    -6.0,
    -5.666666666666668,
    -5.333333333333334,
    -5.0,
    -4.666666666666668,
    -4.333333333333334,
    -4.0,
    -3.666666666666668,
    -3.3333333333333357,
    -3.0,
    -2.666666666666668,
    -2.3333333333333357,
    -2.0,
    -1.6666666666666679,
    -1.3333333333333357,
    -1.0,
    -0.6666666666666679,
    -0.3333333333333357,
    0.0,
    0.33333333333333215,
    0.6666666666666643,
    1.0,
    1.3333333333333321,
    1.6666666666666643,
    2.0,
    2.333333333333332,
    2.6666666666666643,
    3.0,
    3.333333333333332,
    3.6666666666666643,
    4.0,
    4.333333333333332,
    4.666666666666664,
    5.0,
    5.333333333333332,
    5.666666666666664,
    6.0,
    6.333333333333332,
    6.666666666666664,
    7.0,
    7.333333333333332,
    7.666666666666664,
    8.0,
    8.333333333333332,
    8.666666666666664,
    9.0,
    9.333333333333332,
    9.666666666666664,
    10.0,
    10.333333333333332,
    10.666666666666664,
    11.0,
    11.333333333333332,
    11.666666666666664,
    12.0,
    12.333333333333329,
    12.666666666666664,
    13.0,
    13.333333333333329,
    13.666666666666664,
    14.0,
    14.333333333333329,
    14.666666666666664,
    15.0,
    15.333333333333329,
    15.666666666666664,
    16.0,
    16.33333333333333,
    16.666666666666664,
    17.0,
    17.33333333333333,
    17.666666666666664,
    18.0,
    18.33333333333333,
    18.666666666666664,
    19.0,
    19.33333333333333,
    19.666666666666664,
    20.0
  ],
  "conductance": [
    0.9663450994291534,
    0.9704969522400747,
    0.9758495581323683,
    0.9824919323779717,
    0.9904872080109283,
    0.9998482586050933,
    1.0105015540963018,
    1.0222404105336254,
    1.0346630094152809,
    1.0470760171592015,
    1.0583649999130529,
    1.0669469564779033,
    1.0710291764419577,
    1.0692307350033714,
    1.0611934757581516,
    1.0476821076682403,
    1.030131833369327,
    1.0100531469192686,
    0.9886615994391004,
    0.9667917486287219,
    0.9449430269900123,
    0.9233119992291724,
    0.9017982411224474,
    0.8800617501821495,
    0.8576865227096682,
    0.8344145530708107,
    0.8103301308343379,
    0.785867009136842,
    0.761631910093449,
    0.7381807563154681,
    0.7158792570393503,
    0.6948706864976475,
    0.6751091574216296,
    0.6564273952456,
    0.6386325812235192,
    0.6216097213714854,
    0.6053762283800082,
    0.590049188093446,
    0.5757617043397041,
    0.5625974066342387,
    0.5505721502612487,
    0.5396479855200517,
    0.5297558718729333,
    0.5208142998622829,
    0.5127409296022127,
    0.5054586175121308,
    0.4988979253400429,
    0.4929977176642091,
    0.48770483774088963,
    0.4829734054789104,
    0.47876401314589684,
    0.4750429476649879,
    0.47178149274791564,
    0.4689553271118466,
    0.4665440180654452,
    0.46453060284362085,
    0.46290124804262106,
    0.46164497773535085,
    0.46075346203399026,
    0.46022085939289864,
    0.4600437075310995,
    0.46022085939289903,
    0.46075346203399004,
    0.46164497773535074,
    0.4629012480426213,
    0.46453060284362063,
    0.46654401806544515,
    0.46895532711184673,
    0.4717814927479153,
    0.4750429476649879,
    0.478764013145897,
    0.48297340547891005,
    0.4877048377408895,
    0.4929977176642092,
    0.4988979253400427,
    0.5054586175121307,
    0.512740929602213,
    0.5208142998622826,
    0.5297558718729332,
    0.5396479855200519,
    0.5505721502612485,
    0.5625974066342386,
    0.5757617043397043,
    0.5900491880934458,
    0.605376228380008,
    0.6216097213714856,
    0.6386325812235187,
    0.6564273952455999,
    0.6751091574216297,
    0.6948706864976473,
    0.7158792570393502,
    0.7381807563154683,
    0.7616319100934485,
    0.7858670091368419,
    0.8103301308343379,
    0.8344145530708102,
    0.8576865227096683,
    0.8800617501821496,
    0.9017982411224466,
    0.9233119992291726,
    0.9449430269900124,
    0.9667917486287211,
    0.9886615994391007,
    1.0100531469192688,
    1.030131833369326,
    1.0476821076682408,
    1.061193475758152,
    1.0692307350033707,
    1.0710291764419577,
    1.066946956477904,
    1.0583649999130527,
    1.0470760171592015,
    1.0346630094152816,
    1.0222404105336251,
    1.0105015540963018,
    0.9998482586050939,
    0.9904872080109278,
    0.9824919323779719,
    0.975849558132369,
    0.9704969522400744,
    0.9663450994291529
  ],