{
  "bias_mev": [
    -20.0,
    -19.666666666666668,
    -19.333333333333332,
    -19.0,
    -18.666666666666668,
    -18.333333333333332,
    -18.0,
    -17.666666666666668,
    -17.333333333333332,
    -17.0,
    -16.666666666666668,
    -16.333333333333332,
    -16.0,
    -15.666666666666668,
    -15.333333333333334,
    -15.0,
    -14.666666666666668,
    -14.333333333333334,
    -14.0,
    -13.666666666666668,
    -13.333333333333334,
    -13.0,
    -12.666666666666668,
    -12.333333333333334,
    -12.0,
    -11.666666666666668,
    -11.333333333333334,
    -11.0,
    -10.666666666666668,
    -10.333333333333334,
    -10.0,
    -9.666666666666668,
    -9.333333333333334,
    -9.0,
    -8.666666666666668,
    -8.333333333333334,
    -8.0,
    -7.666666666666668,
    -7.333333333333334,
    -7.0,
    -6.666666666666668,
    -6.333333333333334,
    -6.0,
    -5.666666666666668,
    -5.333333333333334,
    -5.0,
    -4.666666666666668,
    -4.333333333333334,
    -4.0,
    -3.666666666666668,
    -3.3333333333333357,
    -3.0,
    -2.666666666666668,
    -2.3333333333333357,
    -2.0,
    -1.6666666666666679,
    -1.3333333333333357,
    -1.0,
    -0.6666666666666679,
    -0.3333333333333357,
    0.0,
    0.33333333333333215,
    0.6666666666666643,
    1.0,
    1.3333333333333321,
    1.6666666666666643,
    2.0,
    2.333333333333332,
    2.6666666666666643,
    3.0,
    3.333333333333332,
    3.6666666666666643,
    4.0,
    4.333333333333332,
    4.666666666666664,
    5.0,
    5.333333333333332,
    5.666666666666664,
    6.0,
    6.333333333333332,
    6.666666666666664,
    7.0,
    7.333333333333332,
    7.666666666666664,
    8.0,
    8.333333333333332,
    8.666666666666664,
    9.0,
    9.333333333333332,
    9.666666666666664,
    10.0,
    10.333333333333332,
    10.666666666666664,
    11.0,
    11.333333333333332,
    11.666666666666664,
    12.0,
    12.333333333333329,
    12.666666666666664,
    13.0,
    13.333333333333329,
    13.666666666666664,
    14.0,
    14.333333333333329,
    14.666666666666664,
    15.0,
    15.333333333333329,
    15.666666666666664,
    16.0,
    16.33333333333333,
    16.666666666666664,
    17.0,
    17.33333333333333,
    17.666666666666664,
    18.0,
    18.33333333333333,
    18.666666666666664,
    19.0,
    19.33333333333333,
    19.666666666666664,
    20.0
  ],
  "conductance": [
    0.97221764127006,
    0.9758965637336523,
    0.9803751348520474,
    0.9857587025759932,
    0.9921476886868624,
    0.9996216908559405,
    1.0082129874081598,
    1.0178701673647261,
    1.0284141678771255,
    1.039485255375431,
    1.0504876784818682,
    1.0605876564357555,
    1.0688566390018202,
    1.0745527229050806,
    1.0773608754039425,
    1.0774194131840051,
    1.0751548184861415,
    1.0710755398840852,
    1.0656429479450855,
    1.0592356120189257,
    1.0521488590953616,
    1.0445756756791003,
    1.0365722152320616,
    1.0280495319081042,
    1.0188222223557775,
    1.0087090013394735,
    0.9976442615562151,
    0.9857364539060384,
    0.9732363411676631,
    0.9604482401322763,
    0.9476471515638277,
    0.9350328537533666,
    0.9227158909780575,
    0.9107237542202743,
    0.8990262638985491,
    0.887580933086195,
    0.8763805123898182,
    0.865471970882362,
    0.8549383228892729,
    0.844865980913269,
    0.8353218843759515,
    0.8263465166728835,
    0.8179570123425535,
    0.8101536157905675,
    0.8029258159609335,
    0.7962569864541886,
    0.7901275337930846,
    0.7845169044790922,
    0.7794048102830119,
    0.7747719468122674,
    0.7706003937390736,
    0.7668738193208083,
    0.7635775671325116,
    0.7606986739709357,
    0.7582258495391936,
    0.7561494369981121,
    0.7544613662546525,
    0.753155107340038,
    0.7522256284008343,
    0.7516693610541005,
    0.751484174746464,
    0.7516693610541011,
    0.7522256284008338,
    0.753155107340038,
    0.7544613662546528,
    0.7561494369981117,
    0.7582258495391935,
    0.760698673970936,
    0.7635775671325111,
    0.7668738193208084,
    0.770600393739074,
    0.7747719468122668,
    0.7794048102830118,
    0.7845169044790925,
    0.7901275337930844,
    0.7962569864541883,
    0.8029258159609339,
    0.8101536157905673,
    0.8179570123425531,
    0.8263465166728836,
    0.8353218843759512,
    0.8448659809132688,
    0.8549383228892731,
    0.8654719708823616,
    0.876380512389818,
    0.8875809330861955,
    0.8990262638985488,
    0.9107237542202742,
    0.922715890978058,
    0.9350328537533663,
    0.9476471515638274,
    0.9604482401322767,
    0.9732363411676629,
    0.9857364539060383,
    0.9976442615562152,
    1.008709001339473,
    1.0188222223557777,
    1.0280495319081044,
    1.0365722152320604,
    1.0445756756791005,
    1.0521488590953623,
    1.0592356120189248,
    1.065642947945086,
    1.0710755398840859,
    1.0751548184861408,
    1.0774194131840054,
    1.0773608754039434,
    1.07455272290508,
    1.0688566390018202,
    1.0605876564357561,
    1.0504876784818677,
    1.039485255375431,
    1.0284141678771261,
    1.0178701673647257,
    1.00821298740816,
    0.9996216908559411,
    0.9921476886868622,
    0.9857587025759933,
    0.9803751348520482,
    0.9758965637336521,
    0.9722176412700597
  ],