{
  "bias_mev": [
    -20.0,
    -19.666666666666668,
    -19.333333333333332,
    -19.0,
    -18.666666666666668,
    -18.333333333333332,
    -18.0,
    -17.666666666666668,
    -17.333333333333332,
    -17.0,
    -16.666666666666668,
    -16.333333333333332,
    -16.0,
    -15.666666666666668,
    -15.333333333333334,
    -15.0,
    -14.666666666666668,
    -14.333333333333334,
    -14.0,
    -13.666666666666668,
    -13.333333333333334,
    -13.0,
    -12.666666666666668,
    -12.333333333333334,
    -12.0,
    -11.666666666666668,
    -11.333333333333334,
    -11.0,
    -10.666666666666668,
    -10.333333333333334,
    -10.0,
    -9.666666666666668,
    -9.333333333333334,
    -9.0,
    -8.666666666666668,
    -8.333333333333334,
    -8.0,
    -7.666666666666668,
    -7.333333333333334,
    -7.0,
    -6.666666666666668,
    -6.333333333333334,
    -6.0,
    -5.666666666666668,
    -5.333333333333334,
    -5.0,
    -4.666666666666668,
    -4.333333333333334,
    -4.0,
    -3.666666666666668,
    -3.3333333333333357,
    -3.0,
    -2.666666666666668,
    -2.3333333333333357,
    -2.0,
    -1.6666666666666679,
    -1.3333333333333357,
    -1.0,
    -0.6666666666666679,
    -0.3333333333333357,
    0.0,
    0.33333333333333215,
    0.6666666666666643,
    1.0,
    1.3333333333333321,
    1.6666666666666643,
    2.0,
    2.333333333333332,
    2.6666666666666643,
    3.0,
    3.333333333333332,
    3.6666666666666643,
    4.0,
    4.333333333333332,
    4.666666666666664,
    5.0,
    5.333333333333332,
    5.666666666666664,
    6.0,
    6.333333333333332,
    6.666666666666664,
    7.0,
    7.333333333333332,
    7.666666666666664,
    8.0,
    8.333333333333332,
    8.666666666666664,
    9.0,
    9.333333333333332,
    9.666666666666664,
    10.0,
    10.333333333333332,
    10.666666666666664,
    11.0,
    11.333333333333332,
    11.666666666666664,
    12.0,
    12.333333333333329,
    12.666666666666664,
    13.0,
    13.333333333333329,
    13.666666666666664,
    14.0,
    14.333333333333329,
    14.666666666666664,
    15.0,
    15.333333333333329,
    15.666666666666664,
    16.0,
    16.33333333333333,
    16.666666666666664,
    17.0,
    17.33333333333333,
    17.666666666666664,
    18.0,
    18.33333333333333,
    18.666666666666664,
    19.0,
    19.33333333333333,
    19.666666666666664,
    20.0
  ],
  "conductance": [
    0.96883179687607,
    0.9725011559655957,
    0.9771894946341134,
    0.9830341869069267,
    0.9901770998579967,
    0.9987468117871905,
    1.0088219129288376,
    1.0203796377221763,
    1.033250911817421,
    1.0470669915036708,
    1.0610802132439,
    1.0738807744723669,
    1.0834938226067898,
    1.0882372742937723,
    1.0876387491993305,
    1.0824413827131911,
    1.0739207863570002,
    1.063247694307844,
    1.051242777967323,
    1.0384695038755773,
    1.0253756541130603,
    1.0122655067002169,
    0.9991675707945137,
    0.9857802908470092,
    0.9715867357155058,
    0.956108824881124,
    0.9392154665338623,
    0.9212518222143301,
    0.9028374177685505,
    0.8845676264363913,
    0.8668598922592818,
    0.8499376871161719,
    0.8338560088231625,
    0.8185216343210426,
    0.8037354088204174,
    0.789310637945241,
    0.7752153850192841,
    0.7615855508099655,
    0.7486094380700131,
    0.736427265323178,
    0.7251052399191364,
    0.7146520661289748,
    0.7050424661292947,
    0.6962346452762335,
    0.6881807983697963,
    0.6808327894861742,
    0.67414497753002,
    0.6680754692575654,
    0.6625865419806787,
    0.6576446459888019,
    0.6532202082405528,
    0.6492873552018642,
    0.6458236163498576,
    0.6428096393948782,
    0.6402289319113593,
    0.6380676354016401,
    0.6363143333597192,
    0.6349598927498391,
    0.6339973374222806,
    0.6334217517796584,
    0.6332302131636064,
    0.6334217517796592,
    0.6339973374222797,
    0.6349598927498391,
    0.63631433335972,
    0.6380676354016394,
    0.6402289319113593,
    0.6428096393948792,
    0.645823616349857,
    0.6492873552018642,
    0.6532202082405535,
    0.6576446459888012,
    0.6625865419806785,
    0.6680754692575664,
    0.6741449775300195,
    0.680832789486174,
    0.6881807983697972,
    0.6962346452762326,
    0.7050424661292942,
    0.7146520661289757,
    0.725105239919136,
    0.7364272653231777,
    0.7486094380700141,
    0.7615855508099647,
    0.7752153850192837,
    0.789310637945242,
    0.8037354088204165,
    0.8185216343210422,
    0.8338560088231635,
    0.849937687116171,
    0.8668598922592813,
    0.8845676264363924,
    0.9028374177685498,
    0.9212518222143297,
    0.9392154665338633,
    0.9561088248811226,
    0.9715867357155061,
    0.9857802908470102,
    0.9991675707945116,
    1.0122655067002178,
    1.0253756541130616,
    1.0384695038755751,
    1.051242777967324,
    1.0632476943078455,
    1.0739207863569982,
    1.0824413827131922,
    1.0876387491993318,
    1.0882372742937703,
    1.08349382260679,
    1.0738807744723686,
    1.0610802132438986,
    1.0470669915036708,
    1.0332509118174225,
    1.0203796377221754,
    1.0088219129288376,
    0.9987468117871919,
    0.9901770998579954,
    0.9830341869069268,
    0.9771894946341146,
    0.972501155965595,
    0.9688317968760697
  ],