{
  "bias_mev": [
    -20.0,
    -19.666666666666668,
    -19.333333333333332,
    -19.0,
    -18.666666666666668,
    -18.333333333333332,
    -18.0,
    -17.666666666666668,
    -17.333333333333332,
    -17.0,
    -16.666666666666668,
    -16.333333333333332,
    -16.0,
    -15.666666666666668,
    -15.333333333333334,
    -15.0,
    -14.666666666666668,
    -14.333333333333334,
    -14.0,
    -13.666666666666668,
    -13.333333333333334,
    -13.0,
    -12.666666666666668,
    -12.333333333333334,
    -12.0,
    -11.666666666666668,
    -11.333333333333334,
    -11.0,
    -10.666666666666668,
    -10.333333333333334,
    -10.0,
    -9.666666666666668,
    -9.333333333333334,
    -9.0,
    -8.666666666666668,
    -8.333333333333334,
    -8.0,
    -7.666666666666668,
    -7.333333333333334,
    -7.0,
    -6.666666666666668,
    -6.333333333333334,
    -6.0,
    -5.666666666666668,
    -5.333333333333334,
    -5.0,
    -4.666666666666668,
    -4.333333333333334,
    -4.0,
    -3.666666666666668,
    -3.3333333333333357,
    -3.0,
    -2.666666666666668,
    -2.3333333333333357,
    -2.0,
    -1.6666666666666679,
    -1.3333333333333357,
    -1.0,
    -0.6666666666666679,
    -0.3333333333333357,
    0.0,
    0.33333333333333215,
    0.6666666666666643,
    1.0,
    1.3333333333333321,
    1.6666666666666643,
    2.0,
    2.333333333333332,
    2.6666666666666643,
    3.0,
    3.333333333333332,
    3.6666666666666643,
    4.0,
    4.333333333333332,
    4.666666666666664,
    5.0,
    5.333333333333332,
    5.666666666666664,
    6.0,
    6.333333333333332,
    6.666666666666664,
    7.0,
    7.333333333333332,
    7.666666666666664,
    8.0,
    8.333333333333332,
    8.666666666666664,
    9.0,
    9.333333333333332,
    9.666666666666664,
    10.0,
    10.333333333333332,
    10.666666666666664,
    11.0,
    11.333333333333332,
    11.666666666666664,
    12.0,
    12.333333333333329,
    12.666666666666664,
    13.0,
    13.333333333333329,
    13.666666666666664,
    14.0,
    14.333333333333329,
    14.666666666666664,
    15.0,
    15.333333333333329,
    15.666666666666664,
    16.0,
    16.33333333333333,
    16.666666666666664,
    17.0,
    17.33333333333333,
    17.666666666666664,
    18.0,
    18.33333333333333,
    18.666666666666664,
    19.0,
    19.33333333333333,
    19.666666666666664,
    20.0
  ],
  "conductance": [
    0.978205109885527,
    0.9798884060365505,
    0.9828988170829939,
    0.9872653086519099,
    0.9929576014706581,
    0.9998399767907968,
    1.0076281611533304,
    1.0158810760324517,
    1.0240333100449124,
    1.03140223285087,
    1.0371058605803802,
    1.0400030361738033,
    1.0388995594505959,
    1.0330406949781907,
    1.0225177158543273,
    1.0082197532506871,
    0.9913966001710561,
    0.9731996279308261,
    0.9544752608332303,
    0.9357940044774228,
    0.9175066369563817,
    0.8996970759582092,
    0.882107774167862,
    0.8641856489487449,
    0.8453002710166533,
    0.8250582207400182,
    0.803548125017193,
    0.7813426880894717,
    0.7592484579158315,
    0.7379965969171435,
    0.7180559025153,
    0.6995929840489195,
    0.682518690115385,
    0.6665793938261944,
    0.6514848317697515,
    0.637041990487359,
    0.623221820216153,
    0.6101194416994719,
    0.5978600073193965,
    0.5865281963659114,
    0.5761479293006521,
    0.5666942143545346,
    0.5581134290825264,
    0.5503399460500322,
    0.5433065212582606,
    0.5369497089900787,
    0.5312121707606032,
    0.5260432952529009,
    0.5213989982038304,
    0.5172411791032564,
    0.513537076981098,
    0.5102586393855749,
    0.5073819525556098,
    0.5048867483314152,
    0.5027559883470946,
    0.5009755198260036,
    0.499533795350216,
    0.49842164901675307,
    0.4976321222933137,
    0.49716033410130267,
    0.4970033909376051,
    0.4971603341013029,
    0.49763212229331333,
    0.49842164901675307,
    0.4995337953502162,
    0.5009755198260034,
    0.5027559883470946,
    0.5048867483314153,
    0.5073819525556095,
    0.5102586393855748,
    0.513537076981098,
    0.5172411791032561,
    0.5213989982038303,
    0.5260432952529012,
    0.5312121707606031,
    0.5369497089900785,
    0.5433065212582608,
    0.550339946050032,
    0.5581134290825263,
    0.5666942143545348,
    0.5761479293006518,
    0.5865281963659111,
    0.5978600073193967,
    0.6101194416994716,
    0.6232218202161528,
    0.6370419904873591,
    0.6514848317697511,
    0.6665793938261944,
    0.6825186901153852,
    0.6995929840489189,
    0.7180559025152997,
    0.7379965969171437,
    0.7592484579158311,
    0.7813426880894714,
    0.8035481250171931,
    0.8250582207400178,
    0.8453002710166538,
    0.8641856489487452,
    0.8821077741678611,
    0.8996970759582096,
    0.9175066369563819,
    0.9357940044774222,
    0.9544752608332305,
    0.9731996279308264,
    0.9913966001710556,
    1.0082197532506871,
    1.0225177158543273,
    1.03304069497819,
    1.0388995594505959,
    1.0400030361738037,
    1.0371058605803798,
    1.03140223285087,
    1.0240333100449128,
    1.0158810760324513,
    1.0076281611533306,
    0.9998399767907972,
    0.9929576014706579,
    0.9872653086519101,
    0.9828988170829945,
    0.97988840603655,
    0.9782051098855267
  ],