{
  "bias_mev": [
    -20.0,
    -19.666666666666668,
    -19.333333333333332,
    -19.0,
    -18.666666666666668,
    -18.333333333333332,
    -18.0,
    -17.666666666666668,
    -17.333333333333332,
    -17.0,
    -16.666666666666668,
    -16.333333333333332,
    -16.0,
    -15.666666666666668,
    -15.333333333333334,
    -15.0,
    -14.666666666666668,
    -14.333333333333334,
    -14.0,
    -13.666666666666668,
    -13.333333333333334,
    -13.0,
    -12.666666666666668,
    -12.333333333333334,
    -12.0,
    -11.666666666666668,
    -11.333333333333334,
    -11.0,
    -10.666666666666668,
    -10.333333333333334,
    -10.0,
    -9.666666666666668,
    -9.333333333333334,
    -9.0,
    -8.666666666666668,
    -8.333333333333334,
    -8.0,
    -7.666666666666668,
    -7.333333333333334,
    -7.0,
    -6.666666666666668,
    -6.333333333333334,
    -6.0,
    -5.666666666666668,
    -5.333333333333334,
    -5.0,
    -4.666666666666668,
    -4.333333333333334,
    -4.0,
    -3.666666666666668,
    -3.3333333333333357,
    -3.0,
    -2.666666666666668,
    -2.3333333333333357,
    -2.0,
    -1.6666666666666679,
    -1.3333333333333357,
    -1.0,
    -0.6666666666666679,
    -0.3333333333333357,
    0.0,
    0.33333333333333215,
    0.6666666666666643,
    1.0,
    1.3333333333333321,
    1.6666666666666643,
    2.0,
    2.333333333333332,
    2.6666666666666643,
    3.0,
    3.333333333333332,
    3.6666666666666643,
    4.0,
    4.333333333333332,
    4.666666666666664,
    5.0,
    5.333333333333332,
    5.666666666666664,
    6.0,
    6.333333333333332,
    6.666666666666664,
    7.0,
    7.333333333333332,
    7.666666666666664,
    8.0,
    8.333333333333332,
    8.666666666666664,
    9.0,
    9.333333333333332,
    9.666666666666664,
    10.0,
    10.333333333333332,
    10.666666666666664,
    11.0,
    11.333333333333332,
    11.666666666666664,
    12.0,
    12.333333333333329,
    12.666666666666664,
    13.0,
    13.333333333333329,
    13.666666666666664,
    14.0,
    14.333333333333329,
    14.666666666666664,
    15.0,
    15.333333333333329,
    15.666666666666664,
    16.0,
    16.33333333333333,
    16.666666666666664,
    17.0,
    17.33333333333333,
    17.666666666666664,
    18.0,
    18.33333333333333,
    18.666666666666664,
    19.0,
    19.33333333333333,
    19.666666666666664,
    20.0
  ],
  "conductance": [
    0.9740974810798109,
    0.976473594717385,
    0.980217725551143,
    0.9853874941730597,
    0.991974895815232,
    0.9998608924318834,
    1.0087782124655236,
    1.0183095302428644,
    1.027921106303805,
    1.0369790672192922,
    1.0447055155330554,
    1.0501528086259684,
    1.0523532558751263,
    1.0506554923308726,
    1.0450160124630683,
    1.0360027608595073,
    1.0245207199257649,
    1.0114828947568935,
    0.9976249253297353,
    0.9834741898520585,
    0.9693444635042977,
    0.9552726910038031,
    0.9409594867145664,
    0.9258317123619835,
    0.9092662165224279,
    0.8908931592285744,
    0.870819522616593,
    0.849630592626064,
    0.8281685095691234,
    0.8072388569514802,
    0.7873995002682432,
    0.7688785966574546,
    0.7515951467258147,
    0.7352559820013477,
    0.7195138895579923,
    0.7041375153002013,
    0.6891039040042134,
    0.6745651009520186,
    0.6607378127564483,
    0.6478041065784463,
    0.6358672968994297,
    0.6249541660751966,
    0.6150373309758507,
    0.6060590137996722,
    0.5979487634162812,
    0.5906343891019552,
    0.5840477648660057,
    0.5781273906087177,
    0.5728191305090184,
    0.5680760315012016,
    0.5638577405274136,
    0.56012979611554,
    0.5568629292938939,
    0.5540324327170209,
    0.5516176179954404,
    0.5496013627408354,
    0.5479697410408754,
    0.5467117286316685,
    0.5458189741247134,
    0.5452856288374087,
    0.5451082293780231,
    0.5452856288374088,
    0.5458189741247134,
    0.5467117286316685,
    0.5479697410408755,
    0.5496013627408353,
    0.5516176179954403,
    0.5540324327170209,
    0.5568629292938939,
    0.56012979611554,
    0.5638577405274136,
    0.5680760315012016,
    0.5728191305090184,
    0.5781273906087177,
    0.5840477648660057,
    0.5906343891019552,
    0.5979487634162812,
    0.6060590137996721,
    0.6150373309758507,
    0.6249541660751965,
    0.6358672968994297,
    0.6478041065784463,
    0.6607378127564483,
    0.6745651009520183,
    0.6891039040042134,
    0.7041375153002012,
    0.7195138895579922,
    0.7352559820013476,
    0.7515951467258146,
    0.7688785966574543,
    0.787399500268243,
    0.8072388569514802,
    0.828168509569123,
    0.8496305926260639,
    0.8708195226165928,
    0.8908931592285741,
    0.9092662165224279,
    0.9258317123619834,
    0.940959486714566,
    0.9552726910038031,
    0.9693444635042975,
    0.983474189852058,
    0.9976249253297356,
    1.0114828947568932,
    1.0245207199257649,
    1.0360027608595073,
    1.045016012463068,
    1.0506554923308726,
    1.052353255875126,
    1.0501528086259686,
    1.0447055155330554,
    1.0369790672192922,
    1.027921106303805,
    1.0183095302428644,
    1.0087782124655236,
    0.9998608924318835,
    0.9919748958152318,
    0.9853874941730595,
    0.9802177255511432,
    0.9764735947173848,
    0.9740974810798106
  ],