{
  "bias_mev": [
    -20.0,
    -19.666666666666668,
    -19.333333333333332,
    -19.0,
    -18.666666666666668,
    -18.333333333333332,
    -18.0,
    -17.666666666666668,
    -17.333333333333332,
    -17.0,
    -16.666666666666668,
    -16.333333333333332,
    -16.0,
    -15.666666666666668,
    -15.333333333333334,
    -15.0,
    -14.666666666666668,
    -14.333333333333334,
    -14.0,
    -13.666666666666668,
    -13.333333333333334,
    -13.0,
    -12.666666666666668,
    -12.333333333333334,
    -12.0,
    -11.666666666666668,
    -11.333333333333334,
    -11.0,
    -10.666666666666668,
    -10.333333333333334,
    -10.0,
    -9.666666666666668,
    -9.333333333333334,
    -9.0,
    -8.666666666666668,
    -8.333333333333334,
    -8.0,
    -7.666666666666668,
    -7.333333333333334,
    -7.0,
    -6.666666666666668,
    -6.333333333333334,
    -6.0,
    -5.666666666666668,
    -5.333333333333334,
    -5.0,
    -4.666666666666668,
    -4.333333333333334,
    -4.0,
    -3.666666666666668,
    -3.3333333333333357,
    -3.0,
    -2.666666666666668,
    -2.3333333333333357,
    -2.0,
    -1.6666666666666679,
    -1.3333333333333357,
    -1.0,
    -0.6666666666666679,
    -0.3333333333333357,
    0.0,
    0.33333333333333215,
    0.6666666666666643,
    1.0,
    1.3333333333333321,
    1.6666666666666643,
    2.0,
    2.333333333333332,
    2.6666666666666643,
    3.0,
    3.333333333333332,
    3.6666666666666643,
    4.0,
    4.333333333333332,
    4.666666666666664,
    5.0,
    5.333333333333332,
    5.666666666666664,
    6.0,
    6.333333333333332,
    6.666666666666664,
    7.0,
    7.333333333333332,
    7.666666666666664,
    8.0,
    8.333333333333332,
    8.666666666666664,
    9.0,
    9.333333333333332,
    9.666666666666664,
    10.0,
    10.333333333333332,
    10.666666666666664,
    11.0,
    11.333333333333332,
    11.666666666666664,
    12.0,
    12.333333333333329,
    12.666666666666664,
    13.0,
    13.333333333333329,
    13.666666666666664,
    14.0,
    14.333333333333329,
    14.666666666666664,
    15.0,
    15.333333333333329,
    15.666666666666664,
    16.0,
    16.33333333333333,
    16.666666666666664,
    17.0,
    17.33333333333333,
    17.666666666666664,
    18.0,
    18.33333333333333,
    18.666666666666664,
    19.0,
    19.33333333333333,
    19.666666666666664,
    20.0
  ],
  "conductance": [
    0.9807027071371405,
    0.9820215512306754,
    0.9842966438947004,
    0.9876482046592451,
    0.9922044861333027,
    0.9980795749750071,
    1.0053154669307582,
    1.0137845326953154,
    1.0231243071335752,
    1.0328225252102796,
    1.0423038656062917,
    1.0507174732912912,
    1.0568279664634135,
    1.0596037146263955,
    1.058892642304562,
    1.055359722776517,
    1.0499561295163677,
    1.0434085077902862,
    1.0360773788746258,
    1.0282298679582673,
    1.020260627086375,
    1.0125228924348388,
    1.0050310104443985,
    0.9973899258971701,
    0.9889601025454635,
    0.9790284112992189,
    0.9671085807447958,
    0.9533530744833109,
    0.9384951984026061,
    0.9233927661929788,
    0.9087100921420178,
    0.8948496570926903,
    0.8819745969089131,
    0.8700080617007089,
    0.858619051369317,
    0.8473370865414757,
    0.8358632954893441,
    0.8242648851245606,
    0.812827468978748,
    0.8018287097606162,
    0.7914454194967635,
    0.7817607362404554,
    0.7727968989206109,
    0.7645424792760986,
    0.7569695543215955,
    0.7500434503917763,
    0.7437279789525356,
    0.7379881238893163,
    0.7327913313464505,
    0.728108047582713,
    0.7239118610632923,
    0.7201794443660179,
    0.7168904029255785,
    0.7140270887841027,
    0.7115744104918307,
    0.7095196553448775,
    0.707852331911269,
    0.7065640363309773,
    0.705648343537774,
    0.7051007234171767,
    0.7049184814621512,
    0.7051007234171774,
    0.7056483435377732,
    0.7065640363309772,
    0.7078523319112696,
    0.7095196553448765,
    0.7115744104918307,
    0.7140270887841035,
    0.7168904029255776,
    0.7201794443660178,
    0.7239118610632933,
    0.7281080475827123,
    0.7327913313464502,
    0.7379881238893172,
    0.7437279789525352,
    0.7500434503917758,
    0.7569695543215964,
    0.764542479276098,
    0.7727968989206104,
    0.7817607362404563,
    0.7914454194967627,
    0.8018287097606156,
    0.8128274689787488,
    0.8242648851245602,
    0.8358632954893438,
    0.8473370865414767,
    0.8586190513693167,
    0.8700080617007085,
    0.8819745969089143,
    0.8948496570926898,
    0.9087100921420173,
    0.9233927661929799,
    0.9384951984026054,
    0.9533530744833107,
    0.9671085807447967,
    0.9790284112992177,
    0.9889601025454636,
    0.9973899258971712,
    1.0050310104443967,
    1.0125228924348397,
    1.0202606270863759,
    1.0282298679582655,
    1.0360773788746267,
    1.0434085077902875,
    1.0499561295163664,
    1.0553597227765177,
    1.058892642304563,
    1.0596037146263941,
    1.056827966463414,
    1.0507174732912925,
    1.0423038656062904,
    1.0328225252102794,
    1.0231243071335765,
    1.0137845326953145,
    1.005315466930758,
    0.9980795749750082,
    0.9922044861333017,
    0.9876482046592454,
    0.9842966438947018,
    0.9820215512306748,
    0.9807027071371405
  ],