{
  "bias_mev": [
    -20.0,
    -19.666666666666668,
    -19.333333333333332,
    -19.0,
    -18.666666666666668,
    -18.333333333333332,
    -18.0,
    -17.666666666666668,
    -17.333333333333332,
    -17.0,
    -16.666666666666668,
    -16.333333333333332,
    -16.0,
    -15.666666666666668,
    -15.333333333333334,
    -15.0,
    -14.666666666666668,
    -14.333333333333334,
    -14.0,
    -13.666666666666668,
    -13.333333333333334,
    -13.0,
    -12.666666666666668,
    -12.333333333333334,
    -12.0,
    -11.666666666666668,
    -11.333333333333334,
    -11.0,
    -10.666666666666668,
    -10.333333333333334,
    -10.0,
    -9.666666666666668,
    -9.333333333333334,
    -9.0,
    -8.666666666666668,
    -8.333333333333334,
    -8.0,
    -7.666666666666668,
    -7.333333333333334,
    -7.0,
    -6.666666666666668,
    -6.333333333333334,
    -6.0,
    -5.666666666666668,
    -5.333333333333334,
    -5.0,
    -4.666666666666668,
    -4.333333333333334,
    -4.0,
    -3.666666666666668,
    -3.3333333333333357,
    -3.0,
    -2.666666666666668,
    -2.3333333333333357,
    -2.0,
    -1.6666666666666679,
    -1.3333333333333357,
    -1.0,
    -0.6666666666666679,
    -0.3333333333333357,
    0.0,
    0.33333333333333215,
    0.6666666666666643,
    1.0,
    1.3333333333333321,
    1.6666666666666643,
    2.0,
    2.333333333333332,
    2.6666666666666643,
    3.0,
    3.333333333333332,
    3.6666666666666643,
    4.0,
    4.333333333333332,
    4.666666666666664,
    5.0,
    5.333333333333332,
    5.666666666666664,
    6.0,
    6.333333333333332,
    6.666666666666664,
    7.0,
    7.333333333333332,
    7.666666666666664,
    8.0,
    8.333333333333332,
    8.666666666666664,
    9.0,
    9.333333333333332,
    9.666666666666664,
    10.0,
    10.333333333333332,
    10.666666666666664,
    11.0,
    11.333333333333332,
    11.666666666666664,
    12.0,
    12.333333333333329,
    12.666666666666664,
    13.0,
    13.333333333333329,
    13.666666666666664,
    14.0,
    14.333333333333329,
    14.666666666666664,
    15.0,
    15.333333333333329,
    15.666666666666664,
    16.0,
    16.33333333333333,
    16.666666666666664,
    17.0,
    17.33333333333333,
    17.666666666666664,
    18.0,
    18.33333333333333,
    18.666666666666664,
    19.0,
    19.33333333333333,
    19.666666666666664,
    20.0
  ],
  "conductance": [
    0.978704009628084,
    0.9805211884314291,
    0.983532454408395,
    0.9877790945051751,
    0.9932476513015422,
    0.9998366202060468,
    1.0073183548662423,
    1.0153093611193968,
    1.0232628243162596,
    1.0304884412174293,
    1.036199584134587,
    1.0396006889742082,
    1.0400319366124509,
    1.0371411554738623,
    1.0309900405494135,
    1.0220165365978802,
    1.010872882786332,
    0.9982386068599415,
    0.9846966708213668,
    0.9706850450110796,
    0.9564772955527009,
    0.9421571819302742,
    0.927604221779593,
    0.9125314436145983,
    0.896591523132757,
    0.8795257054776828,
    0.8612995574538873,
    0.8421601871557507,
    0.822579241503276,
    0.8031110151084776,
    0.7842398550926966,
    0.7662774921669876,
    0.7493286229838406,
    0.7333165966167606,
    0.7180557984761526,
    0.7033509643601944,
    0.6890870086888748,
    0.6752683026673841,
    0.6619948256919835,
    0.6494028277249092,
    0.6376103221047674,
    0.6266891639370393,
    0.6166622476100742,
    0.6075142476107137,
    0.5992056538184893,
    0.5916847352886334,
    0.5848958882437582,
    0.5787847073514912,
    0.5733006835501996,
    0.568398389077377,
    0.5640377866291056,
    0.5601840780084536,
    0.5568073417940659,
    0.5538821004269787,
    0.5513868906554988,
    0.5493038730402883,
    0.5476184953198301,
    0.5463192136739109,
    0.5453972708736633,
    0.5448465283741571,
    0.5446633491186557,
    0.5448465283741571,
    0.5453972708736633,
    0.5463192136739109,
    0.5476184953198301,
    0.5493038730402883,
    0.5513868906554987,
    0.5538821004269786,
    0.5568073417940658,
    0.5601840780084535,
    0.5640377866291056,
    0.568398389077377,
    0.5733006835501996,
    0.5787847073514913,
    0.5848958882437582,
    0.5916847352886335,
    0.5992056538184893,
    0.6075142476107137,
    0.6166622476100742,
    0.6266891639370393,
    0.6376103221047673,
    0.6494028277249093,
    0.6619948256919835,
    0.6752683026673841,
    0.6890870086888748,
    0.7033509643601943,
    0.7180557984761525,
    0.7333165966167605,
    0.7493286229838405,
    0.7662774921669873,
    0.7842398550926964,
    0.8031110151084774,
    0.8225792415032757,
    0.8421601871557507,
    0.8612995574538873,
    0.8795257054776828,
    0.8965915231327569,
    0.9125314436145979,
    0.9276042217795928,
    0.9421571819302744,
    0.9564772955527007,
    0.9706850450110793,
    0.984696670821367,
    0.9982386068599413,
    1.010872882786332,
    1.0220165365978804,
    1.0309900405494135,
    1.0371411554738623,
    1.0400319366124509,
    1.0396006889742082,
    1.0361995841345872,
    1.0304884412174293,
    1.0232628243162596,
    1.0153093611193966,
    1.0073183548662423,
    0.999836620206047,
    0.9932476513015425,
    0.9877790945051751,
    0.9835324544083952,
    0.9805211884314291,
    0.978704009628084
  ],