{
  "bias_mev": [
    -20.0,
    -19.666666666666668,
    -19.333333333333332,
    -19.0,
    -18.666666666666668,
    -18.333333333333332,
    -18.0,
    -17.666666666666668,
    -17.333333333333332,
    -17.0,
    -16.666666666666668,
    -16.333333333333332,
    -16.0,
    -15.666666666666668,
    -15.333333333333334,
    -15.0,
    -14.666666666666668,
    -14.333333333333334,
    -14.0,
    -13.666666666666668,
    -13.333333333333334,
    -13.0,
    -12.666666666666668,
    -12.333333333333334,
    -12.0,
    -11.666666666666668,
    -11.333333333333334,
    -11.0,
    -10.666666666666668,
    -10.333333333333334,
    -10.0,
    -9.666666666666668,
    -9.333333333333334,
    -9.0,
    -8.666666666666668,
    -8.333333333333334,
    -8.0,
    -7.666666666666668,
    -7.333333333333334,
    -7.0,
    -6.666666666666668,
    -6.333333333333334,
    -6.0,
    -5.666666666666668,
    -5.333333333333334,
    -5.0,
    -4.666666666666668,
    -4.333333333333334,
    -4.0,
    -3.666666666666668,
    -3.3333333333333357,
    -3.0,
    -2.666666666666668,
    -2.3333333333333357,
    -2.0,
    -1.6666666666666679,
    -1.3333333333333357,
    -1.0,
    -0.6666666666666679,
    -0.3333333333333357,
    0.0,
    0.33333333333333215,
    0.6666666666666643,
    1.0,
    1.3333333333333321,
    1.6666666666666643,
    2.0,
    2.333333333333332,
    2.6666666666666643,
    3.0,
    3.333333333333332,
    3.6666666666666643,
    4.0,
    4.333333333333332,
    4.666666666666664,
    5.0,
    5.333333333333332,
    5.666666666666664,
    6.0,
    6.333333333333332,
    6.666666666666664,
    7.0,
    7.333333333333332,
    7.666666666666664,
    8.0,
    8.333333333333332,
    8.666666666666664,
    9.0,
    9.333333333333332,
    9.666666666666664,
    10.0,
    10.333333333333332,
    10.666666666666664,
    11.0,
    11.333333333333332,
    11.666666666666664,
    12.0,
    12.333333333333329,
    12.666666666666664,
    13.0,
    13.333333333333329,
    13.666666666666664,
    14.0,
    14.333333333333329,
    14.666666666666664,
    15.0,
    15.333333333333329,
    15.666666666666664,
    16.0,
    16.33333333333333,
    16.666666666666664,
    17.0,
    17.33333333333333,
    17.666666666666664,
    18.0,
    18.33333333333333,
    18.666666666666664,
    19.0,
    19.33333333333333,
    19.666666666666664,
    20.0
  ],
  "conductance": [
    0.9698304803833245,
    0.9734259376945795,
    0.9780608235916756,
    0.9838492402151058,
    0.9908914939188485,
    0.9992544421186149,
    1.0089417162387384,
    1.0198550181931085,
    1.0317453883244783,
    1.044145459321524,
    1.0562836947274563,
    1.0670427031625402,
    1.0750894602623,
    1.079233861634242,
    1.0788456358666676,
    1.0740388895135808,
    1.0655153124537722,
    1.0542263283992233,
    1.0410816619999037,
    1.0268091402686947,
    1.0119273970619034,
    0.9967436298640355,
    0.9813389614500068,
    0.9655748224747802,
    0.9491698661712595,
    0.9318523094946771,
    0.913527357232426,
    0.8943642948791292,
    0.8747489921241681,
    0.8551442558139547,
    0.8359518380754852,
    0.8174345062069829,
    0.7997002385132344,
    0.7827303605443058,
    0.7664393370703539,
    0.7507509062608935,
    0.7356567484205517,
    0.7212244163809932,
    0.7075586278557275,
    0.6947529086025718,
    0.6828616244853928,
    0.6718963092227562,
    0.6618355101828717,
    0.6526376237168892,
    0.6442514702051059,
    0.6366233799836374,
    0.6297013269870201,
    0.6234370414066975,
    0.6177868933928085,
    0.6127120915766017,
    0.6081785315607882,
    0.6041564873752114,
    0.6006202513258544,
    0.5975477768296007,
    0.5949203505152694,
    0.5927223046682392,
    0.5909407732774304,
    0.5895654911905259,
    0.5885886343262153,
    0.5880046984979261,
    0.5878104146103441,
    0.5880046984979261,
    0.5885886343262153,
    0.5895654911905259,
    0.5909407732774304,
    0.592722304668239,
    0.5949203505152694,
    0.5975477768296007,
    0.6006202513258542,
    0.6041564873752114,
    0.608178531560788,
    0.6127120915766017,
    0.6177868933928085,
    0.6234370414066975,
    0.6297013269870197,
    0.6366233799836372,
    0.6442514702051059,
    0.652637623716889,
    0.6618355101828717,
    0.6718963092227561,
    0.6828616244853927,
    0.6947529086025719,
    0.7075586278557274,
    0.7212244163809932,
    0.7356567484205515,
    0.7507509062608935,
    0.7664393370703537,
    0.7827303605443057,
    0.7997002385132341,
    0.8174345062069825,
    0.835951838075485,
    0.8551442558139547,
    0.8747489921241679,
    0.8943642948791292,
    0.913527357232426,
    0.9318523094946769,
    0.9491698661712595,
    0.9655748224747801,
    0.9813389614500062,
    0.9967436298640358,
    1.0119273970619032,
    1.0268091402686945,
    1.0410816619999037,
    1.054226328399223,
    1.0655153124537722,
    1.074038889513581,
    1.0788456358666676,
    1.0792338616342418,
    1.0750894602623002,
    1.0670427031625405,
    1.0562836947274565,
    1.044145459321524,
    1.0317453883244785,
    1.0198550181931088,
    1.0089417162387386,
    0.9992544421186154,
    0.9908914939188485,
    0.9838492402151059,
    0.9780608235916758,
    0.9734259376945795,
    0.9698304803833243
  ],