{
  "bias_mev": [
    -20.0,
    -19.666666666666668,
    -19.333333333333332,
    -19.0,
    -18.666666666666668,
    -18.333333333333332,
    -18.0,
    -17.666666666666668,
    -17.333333333333332,
    -17.0,
    -16.666666666666668,
    -16.333333333333332,
    -16.0,
    -15.666666666666668,
    -15.333333333333334,
    -15.0,
    -14.666666666666668,
    -14.333333333333334,
    -14.0,
    -13.666666666666668,
    -13.333333333333334,
    -13.0,
    -12.666666666666668,
    -12.333333333333334,
    -12.0,
    -11.666666666666668,
    -11.333333333333334,
    -11.0,
    -10.666666666666668,
    -10.333333333333334,
    -10.0,
    -9.666666666666668,
    -9.333333333333334,
    -9.0,
    -8.666666666666668,
    -8.333333333333334,
    -8.0,
    -7.666666666666668,
    -7.333333333333334,
    -7.0,
    -6.666666666666668,
    -6.333333333333334,
    -6.0,
    -5.666666666666668,
    -5.333333333333334,
    -5.0,
    -4.666666666666668,
    -4.333333333333334,
    -4.0,
    -3.666666666666668,
    -3.3333333333333357,
    -3.0,
    -2.666666666666668,
    -2.3333333333333357,
    -2.0,
    -1.6666666666666679,
    -1.3333333333333357,
    -1.0,
    -0.6666666666666679,
    -0.3333333333333357,
    0.0,
    0.33333333333333215,
    0.6666666666666643,
    1.0,
    1.3333333333333321,
    1.6666666666666643,
    2.0,
    2.333333333333332,
    2.6666666666666643,
    3.0,
    3.333333333333332,
    3.6666666666666643,
    4.0,
    4.333333333333332,
    4.666666666666664,
    5.0,
    5.333333333333332,
    5.666666666666664,
    6.0,
    6.333333333333332,
    6.666666666666664,
    7.0,
    7.333333333333332,
    7.666666666666664,
    8.0,
    8.333333333333332,
    8.666666666666664,
    9.0,
    9.333333333333332,
    9.666666666666664,
    10.0,
    10.333333333333332,
    10.666666666666664,
    11.0,
    11.333333333333332,
    11.666666666666664,
    12.0,
    12.333333333333329,
    12.666666666666664,
    13.0,
    13.333333333333329,
    13.666666666666664,
    14.0,
    14.333333333333329,
    14.666666666666664,
    15.0,
    15.333333333333329,
    15.666666666666664,
    16.0,
    16.33333333333333,
    16.666666666666664,
    17.0,
    17.33333333333333,
    17.666666666666664,
    18.0,
    18.33333333333333,
    18.666666666666664,
    19.0,
    19.33333333333333,
    19.666666666666664,
    20.0
  ],
  "conductance": [
    0.9772927063912293,
    0.9803681658566541,
    0.9841005030024289,
    0.9885636472624277,
    0.9938189307961833,
    0.9999041858227178,
    1.006820157682009,
    1.0145172564106706,
    1.0228836904357896,
    1.0317307563398888,
    1.0407721046330682,
    1.0496107963860168,
    1.0577669383823793,
    1.0647657251443572,
    1.0702555510308962,
    1.0740887114253381,
    1.0763203392202125,
    1.0771409725256005,
    1.0767935717716721,
    1.0755130482902153,
    1.0734909996625601,
    1.0708493403391273,
    1.067617436352095,
    1.0637272913077331,
    1.0590439897870838,
    1.0534301436000604,
    1.0468190122984562,
    1.0392603013204333,
    1.0309167354170057,
    1.0220191411814716,
    1.0128068452010452,
    1.0034769418651934,
    0.9941539063920475,
    0.9848843900199433,
    0.9756587534728213,
    0.9664519190078762,
    0.9572636267362091,
    0.9481371063740786,
    0.9391511774293625,
    0.9303981932171493,
    0.9219634690534659,
    0.9139138538686317,
    0.906295027540619,
    0.8991339219794076,
    0.8924430125090459,
    0.8862246019011426,
    0.8804743405577513,
    0.8751838462073501,
    0.8703425428205415,
    0.8659389035113125,
    0.8619612680299207,
    0.8583983683296599,
    0.8552396587315267,
    0.8524755175895262,
    0.8500973657482097,
    0.8480977320610021,
    0.8464702860611688,
    0.84520985107175,
    0.8443124065088757,
    0.8437750851056186,
    0.8435961687369622,
    0.8437750851056186,
    0.8443124065088756,
    0.84520985107175,
    0.8464702860611689,
    0.8480977320610021,
    0.8500973657482096,
    0.8524755175895262,
    0.8552396587315266,
    0.85839836832966,
    0.8619612680299209,
    0.8659389035113123,
    0.8703425428205414,
    0.8751838462073501,
    0.8804743405577512,
    0.8862246019011424,
    0.8924430125090459,
    0.8991339219794076,
    0.906295027540619,
    0.9139138538686316,
    0.9219634690534656,
    0.9303981932171493,
    0.9391511774293624,
    0.9481371063740786,
    0.9572636267362091,
    0.9664519190078762,
    0.975658753472821,
    0.9848843900199434,
    0.9941539063920474,
    1.003476941865193,
    1.012806845201045,
    1.0220191411814716,
    1.0309167354170055,
    1.0392603013204331,
    1.0468190122984562,
    1.0534301436000604,
    1.0590439897870836,
    1.063727291307733,
    1.0676174363520947,
    1.070849340339127,
    1.0734909996625601,
    1.0755130482902149,
    1.0767935717716721,
    1.0771409725256003,
    1.076320339220212,
    1.0740887114253381,
    1.0702555510308962,
    1.064765725144357,
    1.0577669383823793,
    1.049610796386017,
    1.0407721046330685,
    1.0317307563398885,
    1.0228836904357896,
    1.0145172564106706,
    1.006820157682009,
    0.999904185822718,
    0.9938189307961833,
    0.9885636472624277,
    0.9841005030024288,
    0.980368165856654,
    0.9772927063912293
  ],