{
  "bias_mev": [
    -20.0,
    -19.666666666666668,
    -19.333333333333332,
    -19.0,
    -18.666666666666668,
    -18.333333333333332,
    -18.0,
    -17.666666666666668,
    -17.333333333333332,
    -17.0,
    -16.666666666666668,
    -16.333333333333332,
    -16.0,
    -15.666666666666668,
    -15.333333333333334,
    -15.0,
    -14.666666666666668,
    -14.333333333333334,
    -14.0,
    -13.666666666666668,
    -13.333333333333334,
    -13.0,
    -12.666666666666668,
    -12.333333333333334,
    -12.0,
    -11.666666666666668,
    -11.333333333333334,
    -11.0,
    -10.666666666666668,
    -10.333333333333334,
    -10.0,
    -9.666666666666668,
    -9.333333333333334,
    -9.0,
    -8.666666666666668,
    -8.333333333333334,
    -8.0,
    -7.666666666666668,
    -7.333333333333334,
    -7.0,
    -6.666666666666668,
    -6.333333333333334,
    -6.0,
    -5.666666666666668,
    -5.333333333333334,
    -5.0,
    -4.666666666666668,
    -4.333333333333334,
    -4.0,
    -3.666666666666668,
    -3.3333333333333357,
    -3.0,
    -2.666666666666668,
    -2.3333333333333357,
    -2.0,
    -1.6666666666666679,
    -1.3333333333333357,
    -1.0,
    -0.6666666666666679,
    -0.3333333333333357,
    0.0,
    0.33333333333333215,
    0.6666666666666643,
    1.0,
    1.3333333333333321,
    1.6666666666666643,
    2.0,
    2.333333333333332,
    2.6666666666666643,
    3.0,
    3.333333333333332,
    3.6666666666666643,
    4.0,
    4.333333333333332,
    4.666666666666664,
    5.0,
    5.333333333333332,
    5.666666666666664,
    6.0,
    6.333333333333332,
    6.666666666666664,
    7.0,
    7.333333333333332,
    7.666666666666664,
    8.0,
    8.333333333333332,
    8.666666666666664,
    9.0,
    9.333333333333332,
    9.666666666666664,
    10.0,
    10.333333333333332,
    10.666666666666664,
    11.0,
    11.333333333333332,
    11.666666666666664,
    12.0,
    12.333333333333329,
    12.666666666666664,
    13.0,
    13.333333333333329,
    13.666666666666664,
    14.0,
    14.333333333333329,
    14.666666666666664,
    15.0,
    15.333333333333329,
    15.666666666666664,
    16.0,
    16.33333333333333,
    16.666666666666664,
    17.0,
    17.33333333333333,
    17.666666666666664,
    18.0,
    18.33333333333333,
    18.666666666666664,
    19.0,
    19.33333333333333,
    19.666666666666664,
    20.0
  ],
  "conductance": [
    0.9791165922350096,
    0.9809279428059855,
    0.9838506174929422,
    0.9879426190482924,
    0.9932136037755134,
    0.9995901622681579,
    1.006885239254222,
    1.0147932237572368,
    1.0229138826564128,
    1.030766116706227,
    1.0377537231480465,
    1.0431364078914105,
    1.0461296431301241,
    1.0461560827916272,
    1.0430811676003522,
    1.0372410211751406,
    1.0292550756300878,
    1.0197835009950276,
    1.009382248696237,
    0.9984728319175947,
    0.9873333085602555,
    0.9760436971529657,
    0.9644283935071798,
    0.9520870120730538,
    0.9385506772195022,
    0.9235107083610314,
    0.907002730365624,
    0.8894314961654288,
    0.8714222154853158,
    0.8536045110912167,
    0.8364467949561867,
    0.8201817442242765,
    0.8048071751286511,
    0.790146041390404,
    0.7759584697395975,
    0.7620725938250549,
    0.7484652068507194,
    0.7352479801296906,
    0.7225899480114213,
    0.7106421164962055,
    0.6995004781789274,
    0.6892037011768825,
    0.6797472404606022,
    0.6710999804765344,
    0.663217419625389,
    0.6560503558671492,
    0.6495499486023547,
    0.6436703544859327,
    0.6383699012163081,
    0.6336114454361457,
    0.6293623084095007,
    0.6255940152042279,
    0.6222819608723607,
    0.6194050680928704,
    0.6169454679014602,
    0.6148882174446245,
    0.6132210595226644,
    0.6119342242015058,
    0.6110202708253203,
    0.6104739681633609,
    0.6102922105283665,
    0.610473968163361,
    0.6110202708253203,
    0.6119342242015058,
    0.6132210595226645,
    0.6148882174446244,
    0.6169454679014602,
    0.6194050680928704,
    0.6222819608723604,
    0.6255940152042281,
    0.6293623084095008,
    0.6336114454361456,
    0.638369901216308,
    0.6436703544859326,
    0.6495499486023546,
    0.6560503558671491,
    0.663217419625389,
    0.6710999804765344,
    0.6797472404606022,
    0.6892037011768823,
    0.6995004781789274,
    0.7106421164962055,
    0.7225899480114212,
    0.7352479801296905,
    0.7484652068507194,
    0.7620725938250549,
    0.7759584697395974,
    0.7901460413904039,
    0.8048071751286512,
    0.8201817442242764,
    0.8364467949561868,
    0.8536045110912169,
    0.8714222154853153,
    0.8894314961654288,
    0.9070027303656242,
    0.9235107083610313,
    0.9385506772195022,
    0.9520870120730538,
    0.9644283935071798,
    0.9760436971529659,
    0.9873333085602556,
    0.9984728319175947,
    1.0093822486962372,
    1.0197835009950276,
    1.0292550756300878,
    1.037241021175141,
    1.0430811676003522,
    1.0461560827916272,
    1.0461296431301244,
    1.0431364078914105,
    1.0377537231480465,
    1.030766116706227,
    1.022913882656413,
    1.014793223757237,
    1.0068852392542222,
    0.999590162268158,
    0.9932136037755136,
    0.9879426190482926,
    0.9838506174929426,
    0.9809279428059855,
    0.9791165922350092
  ],