{
  "bias_mev": [
    -20.0,
    -19.666666666666668,
    -19.333333333333332,
    -19.0,
    -18.666666666666668,
    -18.333333333333332,
    -18.0,
    -17.666666666666668,
    -17.333333333333332,
    -17.0,
    -16.666666666666668,
    -16.333333333333332,
    -16.0,
    -15.666666666666668,
    -15.333333333333334,
    -15.0,
    -14.666666666666668,
    -14.333333333333334,
    -14.0,
    -13.666666666666668,
    -13.333333333333334,
    -13.0,
    -12.666666666666668,
    -12.333333333333334,
    -12.0,
    -11.666666666666668,
    -11.333333333333334,
    -11.0,
    -10.666666666666668,
    -10.333333333333334,
    -10.0,
    -9.666666666666668,
    -9.333333333333334,
    -9.0,
    -8.666666666666668,
    -8.333333333333334,
    -8.0,
    -7.666666666666668,
    -7.333333333333334,
    -7.0,
    -6.666666666666668,
    -6.333333333333334,
    -6.0,
    -5.666666666666668,
    -5.333333333333334,
    -5.0,
    -4.666666666666668,
    -4.333333333333334,
    -4.0,
    -3.666666666666668,
    -3.3333333333333357,
    -3.0,
    -2.666666666666668,
    -2.3333333333333357,
    -2.0,
    -1.6666666666666679,
    -1.3333333333333357,
    -1.0,
    -0.6666666666666679,
    -0.3333333333333357,
    0.0,
    0.33333333333333215,
    0.6666666666666643,
    1.0,
    1.3333333333333321,
    1.6666666666666643,
    2.0,
    2.333333333333332,
    2.6666666666666643,
    3.0,
    3.333333333333332,
    3.6666666666666643,
    4.0,
    4.333333333333332,
    4.666666666666664,
    5.0,
    5.333333333333332,
    5.666666666666664,
    6.0,
    6.333333333333332,
    6.666666666666664,
    7.0,
    7.333333333333332,
    7.666666666666664,
    8.0,
    8.333333333333332,
    8.666666666666664,
    9.0,
    9.333333333333332,
    9.666666666666664,
    10.0,
    10.333333333333332,
    10.666666666666664,
    11.0,
    11.333333333333332,
    11.666666666666664,
    12.0,
    12.333333333333329,
    12.666666666666664,
    13.0,
    13.333333333333329,
    13.666666666666664,
    14.0,
    14.333333333333329,
    14.666666666666664,
    15.0,
    15.333333333333329,
    15.666666666666664,
    16.0,
    16.33333333333333,
    16.666666666666664,
    17.0,
    17.33333333333333,
    17.666666666666664,
    18.0,
    18.33333333333333,
    18.666666666666664,
    19.0,
    19.33333333333333,
    19.666666666666664,
    20.0
  ],
  "conductance": [
    0.974580320272264,
    0.9774449391069773,
    0.9812743031227857,
    0.9861545702625524,
    0.9921545326164765,
    0.9993073836174108,
    1.0075860623575257,
    1.0168828685985947,
    1.0269985046810959,
    1.0376165153643155,
    1.048225363507699,
    1.0580220121121466,
    1.065945253857409,
    1.0709572859271494,
    1.0724472308378716,
    1.0704465682081363,
    1.0655056391787512,
    1.0583793603573066,
    1.0497637404153053,
    1.0401952165138684,
    1.0300513552102837,
    1.019538336022563,
    1.0086409760874535,
    0.9971099960050405,
    0.9845571427143028,
    0.970646334922008,
    0.955288255486259,
    0.9387205971324711,
    0.9214259701068366,
    0.9039598838662659,
    0.8867970888818467,
    0.8702410288803626,
    0.8543879400983121,
    0.839143563533397,
    0.8243081080507153,
    0.8097133246399787,
    0.795332433280589,
    0.7812875122476604,
    0.7677708045259938,
    0.7549582834227817,
    0.7429655790748608,
    0.7318445855780428,
    0.7215991214489009,
    0.7122032749341751,
    0.703615736096371,
    0.6957891552301502,
    0.6886756075755366,
    0.6822294971412045,
    0.6764089278177758,
    0.6711762140256129,
    0.6664979354847536,
    0.6623447679976178,
    0.6586912186803304,
    0.6555153346023782,
    0.6527984204716201,
    0.6505247827047964,
    0.6486815073998703,
    0.6472582746306454,
    0.6462472090080448,
    0.6456427654185831,
    0.6454416486035911,
    0.6456427654185832,
    0.6462472090080444,
    0.6472582746306454,
    0.6486815073998704,
    0.6505247827047964,
    0.6527984204716201,
    0.6555153346023783,
    0.6586912186803303,
    0.6623447679976178,
    0.6664979354847536,
    0.6711762140256127,
    0.6764089278177756,
    0.6822294971412046,
    0.6886756075755366,
    0.6957891552301501,
    0.7036157360963711,
    0.712203274934175,
    0.721599121448901,
    0.731844585578043,
    0.7429655790748605,
    0.7549582834227816,
    0.7677708045259938,
    0.7812875122476601,
    0.7953324332805889,
    0.8097133246399787,
    0.8243081080507152,
    0.839143563533397,
    0.8543879400983123,
    0.8702410288803621,
    0.8867970888818467,
    0.9039598838662659,
    0.9214259701068361,
    0.9387205971324708,
    0.9552882554862588,
    0.9706463349220077,
    0.9845571427143028,
    0.9971099960050402,
    1.0086409760874533,
    1.0195383360225632,
    1.030051355210284,
    1.0401952165138677,
    1.0497637404153053,
    1.0583793603573066,
    1.0655056391787507,
    1.0704465682081366,
    1.0724472308378719,
    1.070957285927149,
    1.065945253857409,
    1.0580220121121469,
    1.048225363507699,
    1.0376165153643155,
    1.0269985046810963,
    1.0168828685985947,
    1.007586062357526,
    0.9993073836174111,
    0.9921545326164763,
    0.9861545702625525,
    0.981274303122786,
    0.9774449391069772,
    0.9745803202722637
  ],