{
  "bias_mev": [
    -20.0,
    -19.666666666666668,
    -19.333333333333332,
    -19.0,
    -18.666666666666668,
    -18.333333333333332,
    -18.0,
    -17.666666666666668,
    -17.333333333333332,
    -17.0,
    -16.666666666666668,
    -16.333333333333332,
    -16.0,
    -15.666666666666668,
    -15.333333333333334,
    -15.0,
    -14.666666666666668,
    -14.333333333333334,
    -14.0,
    -13.666666666666668,
    -13.333333333333334,
    -13.0,
    -12.666666666666668,
    -12.333333333333334,
    -12.0,
    -11.666666666666668,
    -11.333333333333334,
    -11.0,
    -10.666666666666668,
    -10.333333333333334,
    -10.0,
    -9.666666666666668,
    -9.333333333333334,
    -9.0,
    -8.666666666666668,
    -8.333333333333334,
    -8.0,
    -7.666666666666668,
    -7.333333333333334,
    -7.0,
    -6.666666666666668,
    -6.333333333333334,
    -6.0,
    -5.666666666666668,
    -5.333333333333334,
    -5.0,
    -4.666666666666668,
    -4.333333333333334,
    -4.0,
    -3.666666666666668,
    -3.3333333333333357,
    -3.0,
    -2.666666666666668,
    -2.3333333333333357,
    -2.0,
    -1.6666666666666679,
    -1.3333333333333357,
    -1.0,
    -0.6666666666666679,
    -0.3333333333333357,
    0.0,
    0.33333333333333215,
    0.6666666666666643,
    1.0,
    1.3333333333333321,
    1.6666666666666643,
    2.0,
    2.333333333333332,
    2.6666666666666643,
    3.0,
    3.333333333333332,
    3.6666666666666643,
    4.0,
    4.333333333333332,
    4.666666666666664,
    5.0,
    5.333333333333332,
    5.666666666666664,
    6.0,
    6.333333333333332,
    6.666666666666664,
    7.0,
    7.333333333333332,
    7.666666666666664,
    8.0,
    8.333333333333332,
    8.666666666666664,
    9.0,
    9.333333333333332,
    9.666666666666664,
    10.0,
    10.333333333333332,
    10.666666666666664,
    11.0,
    11.333333333333332,
    11.666666666666664,
    12.0,
    12.333333333333329,
    12.666666666666664,
    13.0,
    13.333333333333329,
    13.666666666666664,
    14.0,
    14.333333333333329,
    14.666666666666664,
    15.0,
    15.333333333333329,
    15.666666666666664,
    16.0,
    16.33333333333333,
    16.666666666666664,
    17.0,
    17.33333333333333,
    17.666666666666664,
    18.0,
    18.33333333333333,
    18.666666666666664,
    19.0,
    19.33333333333333,
    19.666666666666664,
    20.0
  ],
  "conductance": [
    0.9827067229244509,
    0.9840280460811645,
    0.9861622411042479,
    0.9892173134356244,
    0.9932999679909015,
    0.9984914956602664,
    1.004803818772014,
    1.0121329712925367,
    1.0202577204483179,
    1.0288997022904762,
    1.037741125380046,
    1.0462993593078453,
    1.0538144294789014,
    1.0594270667833257,
    1.0625899252859312,
    1.0633114611251888,
    1.062033431905702,
    1.0593173913978264,
    1.055612397983367,
    1.0512413563875769,
    1.0464993403929155,
    1.0416502738549,
    1.0367841726624356,
    1.0316904039716328,
    1.0258841777079633,
    1.018795827950844,
    1.010053674104872,
    0.9997084162202896,
    0.9882109494572991,
    0.9761789492433801,
    0.9641686434292297,
    0.9525618707344808,
    0.9415326321192822,
    0.9310423771273992,
    0.9208766168975299,
    0.9107684860013067,
    0.9005692931997696,
    0.890325195504631,
    0.8802096416121047,
    0.8704124080111604,
    0.8610757516467246,
    0.8522831471067349,
    0.844071971708679,
    0.8364498027547157,
    0.8294070749326821,
    0.8229253435036363,
    0.8169822531559102,
    0.8115543896499607,
    0.806618858241212,
    0.8021541199825164,
    0.7981404028116292,
    0.794559872606515,
    0.7913966717495294,
    0.7886368876415804,
    0.7862684874562286,
    0.7842812402046707,
    0.7826666382837527,
    0.7814178254607452,
    0.7805295351924365,
    0.7799980414004741,
    0.7798211228107047,
    0.7799980414004745,
    0.7805295351924362,
    0.7814178254607453,
    0.7826666382837532,
    0.7842812402046702,
    0.7862684874562288,
    0.7886368876415809,
    0.7913966717495291,
    0.794559872606515,
    0.7981404028116295,
    0.8021541199825161,
    0.8066188582412118,
    0.8115543896499611,
    0.81698225315591,
    0.822925343503636,
    0.8294070749326822,
    0.8364498027547155,
    0.8440719717086786,
    0.8522831471067353,
    0.8610757516467245,
    0.8704124080111602,
    0.8802096416121048,
    0.8903251955046309,
    0.9005692931997696,
    0.910768486001307,
    0.9208766168975295,
    0.931042377127399,
    0.941532632119283,
    0.9525618707344805,
    0.9641686434292296,
    0.9761789492433806,
    0.9882109494572988,
    0.9997084162202893,
    1.0100536741048725,
    1.0187958279508438,
    1.0258841777079637,
    1.0316904039716333,
    1.036784172662435,
    1.0416502738549005,
    1.046499340392916,
    1.0512413563875762,
    1.0556123979833676,
    1.059317391397827,
    1.0620334319057017,
    1.0633114611251893,
    1.062589925285932,
    1.0594270667833248,
    1.0538144294789014,
    1.0462993593078465,
    1.0377411253800457,
    1.0288997022904762,
    1.0202577204483185,
    1.0121329712925364,
    1.0048038187720139,
    0.9984914956602671,
    0.9932999679909008,
    0.9892173134356246,
    0.9861622411042485,
    0.9840280460811641,
    0.9827067229244506
  ],