{
  "bias_mev": [
    -20.0,
    -19.666666666666668,
    -19.333333333333332,
    -19.0,
    -18.666666666666668,
    -18.333333333333332,
    -18.0,
    -17.666666666666668,
    -17.333333333333332,
    -17.0,
    -16.666666666666668,
    -16.333333333333332,
    -16.0,
    -15.666666666666668,
    -15.333333333333334,
    -15.0,
    -14.666666666666668,
    -14.333333333333334,
    -14.0,
    -13.666666666666668,
    -13.333333333333334,
    -13.0,
    -12.666666666666668,
    -12.333333333333334,
    -12.0,
    -11.666666666666668,
    -11.333333333333334,
    -11.0,
    -10.666666666666668,
    -10.333333333333334,
    -10.0,
    -9.666666666666668,
    -9.333333333333334,
    -9.0,
    -8.666666666666668,
    -8.333333333333334,
    -8.0,
    -7.666666666666668,
    -7.333333333333334,
    -7.0,
    -6.666666666666668,
    -6.333333333333334,
    -6.0,
    -5.666666666666668,
    -5.333333333333334,
    -5.0,
    -4.666666666666668,
    -4.333333333333334,
    -4.0,
    -3.666666666666668,
    -3.3333333333333357,
    -3.0,
    -2.666666666666668,
    -2.3333333333333357,
    -2.0,
    -1.6666666666666679,
    -1.3333333333333357,
    -1.0,
    -0.6666666666666679,
    -0.3333333333333357,
    0.0,
    0.33333333333333215,
    0.6666666666666643,
    1.0,
    1.3333333333333321,
    1.6666666666666643,
    2.0,
    2.333333333333332,
    2.6666666666666643,
    3.0,
    3.333333333333332,
    3.6666666666666643,
    4.0,
    4.333333333333332,
    4.666666666666664,
    5.0,
    5.333333333333332,
    5.666666666666664,
    6.0,
    6.333333333333332,
    6.666666666666664,
    7.0,
    7.333333333333332,
    7.666666666666664,
    8.0,
    8.333333333333332,
    8.666666666666664,
    9.0,
    9.333333333333332,
    9.666666666666664,
    10.0,
    10.333333333333332,
    10.666666666666664,
    11.0,
    11.333333333333332,
    11.666666666666664,
    12.0,
    12.333333333333329,
    12.666666666666664,
    13.0,
    13.333333333333329,
    13.666666666666664,
    14.0,
    14.333333333333329,
    14.666666666666664,
    15.0,
    15.333333333333329,
    15.666666666666664,
    16.0,
    16.33333333333333,
    16.666666666666664,
    17.0,
    17.33333333333333,
    17.666666666666664,
    18.0,
    18.33333333333333,
    18.666666666666664,
    19.0,
    19.33333333333333,
    19.666666666666664,
    20.0
  ],
  "conductance": [
    0.966397982984316,
    0.9711293362916082,
    0.977007072381654,
    0.9840638012542263,
    0.9922753410285003,
    1.0015312222554273,
    1.011596687227158,
    1.0220697458845527,
    1.0323425399371213,
    1.041586270755435,
    1.0487909739383101,
    1.0528912398863004,
    1.0529753948442377,
    1.0485123905452833,
    1.03948915490619,
    1.0263856107064526,
    1.010007081820088,
    0.9912647540561562,
    0.9709935063153099,
    0.9498453276986325,
    0.928249540716092,
    0.9064176657148363,
    0.8843817534247128,
    0.8620645456991674,
    0.8393732360822547,
    0.8162918477699677,
    0.7929377365926137,
    0.7695589460771257,
    0.7464777879556116,
    0.7240117129728257,
    0.7024068626049305,
    0.6818047509472688,
    0.6622444477949143,
    0.6436920264658894,
    0.6260845089154676,
    0.6093725526589384,
    0.5935460204109821,
    0.5786341764593934,
    0.5646857477847729,
    0.5517434470604546,
    0.5398260509984968,
    0.5289226820710062,
    0.5189966282516185,
    0.509993551723243,
    0.5018499913371969,
    0.4945001087130607,
    0.4878801952693134,
    0.4819312488661272,
    0.47660016529315147,
    0.47184005223410985,
    0.4676100464229819,
    0.46387488682709144,
    0.460604397650844,
    0.45777296754584257,
    0.4553590692112969,
    0.45334483884890225,
    0.45171572139241817,
    0.45046018063684057,
    0.44956947048814466,
    0.4490374627999708,
    0.44886052764308204,
    0.4490374627999708,
    0.4495694704881448,
    0.45046018063684057,
    0.45171572139241806,
    0.4533448388489023,
    0.4553590692112969,
    0.45777296754584246,
    0.460604397650844,
    0.4638748868270915,
    0.4676100464229819,
    0.4718400522341098,
    0.47660016529315147,
    0.4819312488661271,
    0.48788019526931325,
    0.4945001087130607,
    0.5018499913371968,
    0.509993551723243,
    0.5189966282516185,
    0.528922682071006,
    0.5398260509984967,
    0.5517434470604546,
    0.5646857477847728,
    0.5786341764593933,
    0.593546020410982,
    0.6093725526589384,
    0.6260845089154674,
    0.6436920264658895,
    0.6622444477949142,
    0.6818047509472687,
    0.7024068626049302,
    0.7240117129728256,
    0.7464777879556114,
    0.7695589460771257,
    0.7929377365926136,
    0.8162918477699675,
    0.8393732360822548,
    0.8620645456991671,
    0.8843817534247125,
    0.9064176657148362,
    0.9282495407160914,
    0.9498453276986321,
    0.9709935063153098,
    0.9912647540561559,
    1.0100070818200875,
    1.0263856107064526,
    1.03948915490619,
    1.0485123905452833,
    1.0529753948442375,
    1.0528912398863004,
    1.0487909739383103,
    1.041586270755435,
    1.0323425399371213,
    1.0220697458845527,
    1.0115966872271578,
    1.0015312222554276,
    0.9922753410285003,
    0.9840638012542262,
    0.9770070723816541,
    0.9711293362916084,
    0.9663979829843157
  ],