{
  "bias_mev": [
    -20.0,
    -19.666666666666668,
    -19.333333333333332,
    -19.0,
    -18.666666666666668,
    -18.333333333333332,
    -18.0,
    -17.666666666666668,
    -17.333333333333332,
    -17.0,
    -16.666666666666668,
    -16.333333333333332,
    -16.0,
    -15.666666666666668,
    -15.333333333333334,
    -15.0,
    -14.666666666666668,
    -14.333333333333334,
    -14.0,
    -13.666666666666668,
    -13.333333333333334,
    -13.0,
    -12.666666666666668,
    -12.333333333333334,
    -12.0,
    -11.666666666666668,
    -11.333333333333334,
    -11.0,
    -10.666666666666668,
    -10.333333333333334,
    -10.0,
    -9.666666666666668,
    -9.333333333333334,
    -9.0,
    -8.666666666666668,
    -8.333333333333334,
    -8.0,
    -7.666666666666668,
    -7.333333333333334,
    -7.0,
    -6.666666666666668,
    -6.333333333333334,
    -6.0,
    -5.666666666666668,
    -5.333333333333334,
    -5.0,
    -4.666666666666668,
    -4.333333333333334,
    -4.0,
    -3.666666666666668,
    -3.3333333333333357,
    -3.0,
    -2.666666666666668,
    -2.3333333333333357,
    -2.0,
    -1.6666666666666679,
    -1.3333333333333357,
    -1.0,
    -0.6666666666666679,
    -0.3333333333333357,
    0.0,
    0.33333333333333215,
    0.6666666666666643,
    1.0,
    1.3333333333333321,
    1.6666666666666643,
    2.0,
    2.333333333333332,
    2.6666666666666643,
    3.0,
    3.333333333333332,
    3.6666666666666643,
    4.0,
    4.333333333333332,
    4.666666666666664,
    5.0,
    5.333333333333332,
    5.666666666666664,
    6.0,
    6.333333333333332,
    6.666666666666664,
    7.0,
    7.333333333333332,
    7.666666666666664,
    8.0,
    8.333333333333332,
    8.666666666666664,
    9.0,
    9.333333333333332,
    9.666666666666664,
    10.0,
    10.333333333333332,
    10.666666666666664,
    11.0,
    11.333333333333332,
    11.666666666666664,
    12.0,
    12.333333333333329,
    12.666666666666664,
    13.0,
    13.333333333333329,
    13.666666666666664,
    14.0,
    14.333333333333329,
    14.666666666666664,
    15.0,
    15.333333333333329,
    15.666666666666664,
    16.0,
    16.33333333333333,
    16.666666666666664,
    17.0,
    17.33333333333333,
    17.666666666666664,
    18.0,
    18.33333333333333,
    18.666666666666664,
    19.0,
    19.33333333333333,
    19.666666666666664,
    20.0
  ],
  "conductance": [
    0.964614526025579,
    0.9684597175056251,
    0.9737026752128469,
    0.980455549596779,
    0.9888261218795544,
    0.998888043877595,
    1.0106185274078028,
    1.023819390918523,
    1.038054450671288,
    1.052560996904407,
    1.0660001636583956,
    1.0762345683468424,
    1.0808364094046836,
    1.0784032757075048,
    1.0693951703650484,
    1.0556338089732922,
    1.0391791217168977,
    1.0215369995934627,
    1.0035429172144368,
    0.9856885437896561,
    0.9683441191654695,
    0.9516210731918671,
    0.9351476113463932,
    0.9181073838055467,
    0.8995657362543923,
    0.8788982331067008,
    0.8561593680096014,
    0.8321212258326799,
    0.8078819752792873,
    0.7844173887427004,
    0.7623797955259038,
    0.74207450130923,
    0.7234462494626029,
    0.7060614305348526,
    0.6892370947784633,
    0.6724139125908719,
    0.6555239456451792,
    0.6389595300596763,
    0.6232228523373152,
    0.6086557571134966,
    0.5953909204478098,
    0.5834165171182658,
    0.5726489663981474,
    0.5629799691235519,
    0.5543003365657946,
    0.546509983445591,
    0.5395210318421031,
    0.5332578779684533,
    0.5276560985565413,
    0.5226610400307664,
    0.5182264399279243,
    0.5143132066694774,
    0.5108883876325305,
    0.507924317069447,
    0.5053979225073304,
    0.5032901661279772,
    0.5015855997161576,
    0.5002720152024217,
    0.4993401764265653,
    0.49878362107161495,
    0.4985985246577082,
    0.4987836210716153,
    0.49934017642656486,
    0.5002720152024218,
    0.501585599716158,
    0.5032901661279767,
    0.5053979225073303,
    0.5079243170694472,
    0.5108883876325301,
    0.5143132066694776,
    0.5182264399279247,
    0.5226610400307661,
    0.5276560985565409,
    0.5332578779684537,
    0.5395210318421026,
    0.5465099834455907,
    0.5543003365657949,
    0.5629799691235515,
    0.5726489663981473,
    0.5834165171182663,
    0.5953909204478095,
    0.6086557571134963,
    0.6232228523373156,
    0.6389595300596758,
    0.655523945645179,
    0.6724139125908725,
    0.6892370947784628,
    0.7060614305348523,
    0.7234462494626035,
    0.7420745013092294,
    0.7623797955259035,
    0.7844173887427008,
    0.8078819752792868,
    0.8321212258326797,
    0.8561593680096018,
    0.8788982331067001,
    0.8995657362543924,
    0.9181073838055468,
    0.9351476113463919,
    0.9516210731918673,
    0.96834411916547,
    0.9856885437896549,
    1.0035429172144372,
    1.0215369995934631,
    1.0391791217168962,
    1.0556338089732926,
    1.0693951703650493,
    1.0784032757075037,
    1.0808364094046836,
    1.076234568346843,
    1.066000163658395,
    1.0525609969044067,
    1.038054450671289,
    1.0238193909185223,
    1.0106185274078028,
    0.9988880438775958,
    0.9888261218795537,
    0.9804555495967789,
    0.9737026752128477,
    0.9684597175056247,
    0.9646145260255783
  ],