{
  "bias_mev": [
    -20.0,
    -19.666666666666668,
    -19.333333333333332,
    -19.0,
    -18.666666666666668,
    -18.333333333333332,
    -18.0,
    -17.666666666666668,
    -17.333333333333332,
    -17.0,
    -16.666666666666668,
    -16.333333333333332,
    -16.0,
    -15.666666666666668,
    -15.333333333333334,
    -15.0,
    -14.666666666666668,
    -14.333333333333334,
    -14.0,
    -13.666666666666668,
    -13.333333333333334,
    -13.0,
    -12.666666666666668,
    -12.333333333333334,
    -12.0,
    -11.666666666666668,
    -11.333333333333334,
    -11.0,
    -10.666666666666668,
    -10.333333333333334,
    -10.0,
    -9.666666666666668,
    -9.333333333333334,
    -9.0,
    -8.666666666666668,
    -8.333333333333334,
    -8.0,
    -7.666666666666668,
    -7.333333333333334,
    -7.0,
    -6.666666666666668,
    -6.333333333333334,
    -6.0,
    -5.666666666666668,
    -5.333333333333334,
    -5.0,
    -4.666666666666668,
    -4.333333333333334,
    -4.0,
    -3.666666666666668,
    -3.3333333333333357,
    -3.0,
    -2.666666666666668,
    -2.3333333333333357,
    -2.0,
    -1.6666666666666679,
    -1.3333333333333357,
    -1.0,
    -0.6666666666666679,
    -0.3333333333333357,
    0.0,
    0.33333333333333215,
    0.6666666666666643,
    1.0,
    1.3333333333333321,
    1.6666666666666643,
    2.0,
    2.333333333333332,
    2.6666666666666643,
    3.0,
    3.333333333333332,
    3.6666666666666643,
    4.0,
    4.333333333333332,
    4.666666666666664,
    5.0,
    5.333333333333332,
    5.666666666666664,
    6.0,
    6.333333333333332,
    6.666666666666664,
    7.0,
    7.333333333333332,
    7.666666666666664,
    8.0,
    8.333333333333332,
    8.666666666666664,
    9.0,
    9.333333333333332,
    9.666666666666664,
    10.0,
    10.333333333333332,
    10.666666666666664,
    11.0,
    11.333333333333332,
    11.666666666666664,
    12.0,
    12.333333333333329,
    12.666666666666664,
    13.0,
    13.333333333333329,
    13.666666666666664,
    14.0,
    14.333333333333329,
    14.666666666666664,
    15.0,
    15.333333333333329,
    15.666666666666664,
    16.0,
    16.33333333333333,
    16.666666666666664,
    17.0,
    17.33333333333333,
    17.666666666666664,
    18.0,
    18.33333333333333,
    18.666666666666664,
    19.0,
    19.33333333333333,
    19.666666666666664,
    20.0
  ],
  "conductance": [
    0.9680071256195476,
    0.9717459935860263,
    0.9766244047989912,
    0.9827560441258972,
    0.9902421575933701,
    0.9991503830764273,
    1.0094809232359427,
    1.021124596924992,
    1.0338156718069873,
    1.0470526992318177,
    1.0599401682012437,
    1.071022593202911,
    1.07840775840942,
    1.0804018504343396,
    1.0763042403177898,
    1.0666632127158702,
    1.052830493343333,
    1.0362948671045884,
    1.018256203184487,
    0.9995395521065156,
    0.9806798183882426,
    0.9619697018227954,
    0.9434208228504863,
    0.9247409064308266,
    0.9054382675365282,
    0.8850660460683125,
    0.8634980888997522,
    0.8410498500142418,
    0.8183401210943584,
    0.7960192373850624,
    0.7745673739893513,
    0.7542289302931173,
    0.7350318702483104,
    0.7168436578769305,
    0.699461993393475,
    0.6827378640254111,
    0.6666671505625745,
    0.6513758483839307,
    0.6370245173765874,
    0.6237251417078545,
    0.6115155655213304,
    0.6003738667465753,
    0.5902430798257605,
    0.5810511471778913,
    0.5727232127564764,
    0.5651880116777326,
    0.5583806563126019,
    0.5522434827302216,
    0.5467259495999744,
    0.5417841268329646,
    0.5373800473325258,
    0.5334810530681536,
    0.5300591933941009,
    0.5270906970467393,
    0.5245555218564802,
    0.5224369785171327,
    0.5207214219021801,
    0.519398002911355,
    0.5184584744107223,
    0.5178970458687043,
    0.5177102824891868,
    0.5178970458687048,
    0.5184584744107219,
    0.5193980029113551,
    0.5207214219021803,
    0.5224369785171324,
    0.5245555218564802,
    0.5270906970467397,
    0.5300591933941005,
    0.5334810530681536,
    0.5373800473325262,
    0.5417841268329642,
    0.5467259495999743,
    0.5522434827302222,
    0.5583806563126016,
    0.5651880116777324,
    0.5727232127564768,
    0.5810511471778909,
    0.5902430798257604,
    0.6003738667465758,
    0.6115155655213299,
    0.6237251417078542,
    0.6370245173765879,
    0.6513758483839301,
    0.6666671505625743,
    0.6827378640254116,
    0.6994619933934745,
    0.7168436578769303,
    0.7350318702483108,
    0.7542289302931167,
    0.774567373989351,
    0.796019237385063,
    0.8183401210943579,
    0.8410498500142416,
    0.863498088899753,
    0.8850660460683119,
    0.9054382675365283,
    0.9247409064308268,
    0.943420822850485,
    0.9619697018227955,
    0.9806798183882429,
    0.9995395521065144,
    1.0182562031844875,
    1.036294867104589,
    1.0528304933433317,
    1.0666632127158706,
    1.0763042403177907,
    1.0804018504343385,
    1.07840775840942,
    1.0710225932029118,
    1.059940168201243,
    1.0470526992318174,
    1.0338156718069882,
    1.0211245969249914,
    1.0094809232359425,
    0.9991503830764282,
    0.9902421575933695,
    0.9827560441258971,
    0.9766244047989922,
    0.9717459935860258,
    0.968007125619547
  ],