{
  "bias_mev": [
    -20.0,
    -19.666666666666668,
    -19.333333333333332,
    -19.0,
    -18.666666666666668,
    -18.333333333333332,
    -18.0,
    -17.666666666666668,
    -17.333333333333332,
    -17.0,
    -16.666666666666668,
    -16.333333333333332,
    -16.0,
    -15.666666666666668,
    -15.333333333333334,
    -15.0,
    -14.666666666666668,
    -14.333333333333334,
    -14.0,
    -13.666666666666668,
    -13.333333333333334,
    -13.0,
    -12.666666666666668,
    -12.333333333333334,
    -12.0,
    -11.666666666666668,
    -11.333333333333334,
    -11.0,
    -10.666666666666668,
    -10.333333333333334,
    -10.0,
    -9.666666666666668,
    -9.333333333333334,
    -9.0,
    -8.666666666666668,
    -8.333333333333334,
    -8.0,
    -7.666666666666668,
    -7.333333333333334,
    -7.0,
    -6.666666666666668,
    -6.333333333333334,
    -6.0,
    -5.666666666666668,
    -5.333333333333334,
    -5.0,
    -4.666666666666668,
    -4.333333333333334,
    -4.0,
    -3.666666666666668,
    -3.3333333333333357,
    -3.0,
    -2.666666666666668,
    -2.3333333333333357,
    -2.0,
    -1.6666666666666679,
    -1.3333333333333357,
    -1.0,
    -0.6666666666666679,
    -0.3333333333333357,
    0.0,
    0.33333333333333215,
    0.6666666666666643,
    1.0,
    1.3333333333333321,
    1.6666666666666643,
    2.0,
    2.333333333333332,
    2.6666666666666643,
    3.0,
    3.333333333333332,
    3.6666666666666643,
    4.0,
    4.333333333333332,
    4.666666666666664,
    5.0,
    5.333333333333332,
    5.666666666666664,
    6.0,
    6.333333333333332,
    6.666666666666664,
    7.0,
    7.333333333333332,
    7.666666666666664,
    8.0,
    8.333333333333332,
    8.666666666666664,
    9.0,
    9.333333333333332,
    9.666666666666664,
    10.0,
    10.333333333333332,
    10.666666666666664,
    11.0,
    11.333333333333332,
    11.666666666666664,
    12.0,
    12.333333333333329,
    12.666666666666664,
    13.0,
    13.333333333333329,
    13.666666666666664,
    14.0,
    14.333333333333329,
    14.666666666666664,
    15.0,
    15.333333333333329,
    15.666666666666664,
    16.0,
    16.33333333333333,
    16.666666666666664,
    17.0,
    17.33333333333333,
    17.666666666666664,
    18.0,
    18.33333333333333,
    18.666666666666664,
    19.0,
    19.33333333333333,
    19.666666666666664,
    20.0
  ],
  "conductance": [
    0.978150544183692,
    0.9803887463481258,
    0.9838269279498566,
    0.988444671770756,
    0.9941501202041785,
    1.0007556495430365,
    1.0079610480745038,
    1.015352620276268,
    1.0224163691175243,
    1.0285533025320577,
    1.033095038506928,
    1.0353477293525775,
    1.0346998767171398,
    1.0307795498654362,
    1.0235782987556976,
    1.0134558045216642,
    1.0010173919088403,
    0.9869385849688508,
    0.9718218872783411,
    0.9561169461716151,
    0.9400821535146405,
    0.9237640350628175,
    0.9070059287389882,
    0.8895161257050255,
    0.8710008344142965,
    0.8513202109382781,
    0.8305957332635322,
    0.8092116235695179,
    0.7877093697438842,
    0.7666324947113239,
    0.7463933243625339,
    0.7272042821273892,
    0.7090797289082054,
    0.6918943983582979,
    0.6754749612729638,
    0.659691052422263,
    0.6445087670015596,
    0.6299882509491238,
    0.6162398377183788,
    0.6033720977926427,
    0.5914575288497783,
    0.5805220125903071,
    0.5705507991437694,
    0.5615011400922946,
    0.5533148513175973,
    0.5459279337141796,
    0.5392768389074046,
    0.5333020164751834,
    0.5279495953551117,
    0.5231719215988887,
    0.5189274629369311,
    0.5151804046686163,
    0.5119001276344947,
    0.5090606725442607,
    0.5066402428918862,
    0.5046207691690916,
    0.502987541341055,
    0.501728908823342,
    0.5008360439597709,
    0.5003027641721558,
    0.5001254083636348,
    0.5003027641721559,
    0.5008360439597708,
    0.5017289088233419,
    0.502987541341055,
    0.5046207691690915,
    0.5066402428918862,
    0.5090606725442607,
    0.5119001276344946,
    0.5151804046686163,
    0.5189274629369311,
    0.5231719215988887,
    0.5279495953551117,
    0.5333020164751836,
    0.5392768389074047,
    0.5459279337141797,
    0.5533148513175974,
    0.5615011400922945,
    0.5705507991437694,
    0.5805220125903072,
    0.5914575288497782,
    0.6033720977926426,
    0.6162398377183788,
    0.6299882509491237,
    0.6445087670015597,
    0.659691052422263,
    0.6754749612729637,
    0.6918943983582979,
    0.7090797289082053,
    0.727204282127389,
    0.746393324362534,
    0.766632494711324,
    0.7877093697438841,
    0.8092116235695181,
    0.830595733263532,
    0.8513202109382781,
    0.8710008344142965,
    0.8895161257050254,
    0.9070059287389878,
    0.9237640350628176,
    0.9400821535146403,
    0.9561169461716151,
    0.971821887278341,
    0.9869385849688506,
    1.0010173919088403,
    1.013455804521664,
    1.0235782987556976,
    1.0307795498654362,
    1.0346998767171398,
    1.0353477293525772,
    1.033095038506928,
    1.028553302532058,
    1.0224163691175243,
    1.015352620276268,
    1.007961048074504,
    1.0007556495430365,
    0.9941501202041785,
    0.9884446717707559,
    0.9838269279498566,
    0.980388746348126,
    0.9781505441836917
  ],