{
  "bias_mev": [
    -20.0,
    -19.666666666666668,
    -19.333333333333332,
    -19.0,
    -18.666666666666668,
    -18.333333333333332,
    -18.0,
    -17.666666666666668,
    -17.333333333333332,
    -17.0,
    -16.666666666666668,
    -16.333333333333332,
    -16.0,
    -15.666666666666668,
    -15.333333333333334,
    -15.0,
    -14.666666666666668,
    -14.333333333333334,
    -14.0,
    -13.666666666666668,
    -13.333333333333334,
    -13.0,
    -12.666666666666668,
    -12.333333333333334,
    -12.0,
    -11.666666666666668,
    -11.333333333333334,
    -11.0,
    -10.666666666666668,
    -10.333333333333334,
    -10.0,
    -9.666666666666668,
    -9.333333333333334,
    -9.0,
    -8.666666666666668,
    -8.333333333333334,
    -8.0,
    -7.666666666666668,
    -7.333333333333334,
    -7.0,
    -6.666666666666668,
    -6.333333333333334,
    -6.0,
    -5.666666666666668,
    -5.333333333333334,
    -5.0,
    -4.666666666666668,
    -4.333333333333334,
    -4.0,
    -3.666666666666668,
    -3.3333333333333357,
    -3.0,
    -2.666666666666668,
    -2.3333333333333357,
    -2.0,
    -1.6666666666666679,
    -1.3333333333333357,
    -1.0,
    -0.6666666666666679,
    -0.3333333333333357,
    0.0,
    0.33333333333333215,
    0.6666666666666643,
    1.0,
    1.3333333333333321,
    1.6666666666666643,
    2.0,
    2.333333333333332,
    2.6666666666666643,
    3.0,
    3.333333333333332,
    3.6666666666666643,
    4.0,
    4.333333333333332,
    4.666666666666664,
    5.0,
    5.333333333333332,
    5.666666666666664,
    6.0,
    6.333333333333332,
    6.666666666666664,
    7.0,
    7.333333333333332,
    7.666666666666664,
    8.0,
    8.333333333333332,
    8.666666666666664,
    9.0,
    9.333333333333332,
    9.666666666666664,
    10.0,
    10.333333333333332,
    10.666666666666664,
    11.0,
    11.333333333333332,
    11.666666666666664,
    12.0,
    12.333333333333329,
    12.666666666666664,
    13.0,
    13.333333333333329,
    13.666666666666664,
    14.0,
    14.333333333333329,
    14.666666666666664,
    15.0,
    15.333333333333329,
    15.666666666666664,
    16.0,
    16.33333333333333,
    16.666666666666664,
    17.0,
    17.33333333333333,
    17.666666666666664,
    18.0,
    18.33333333333333,
    18.666666666666664,
    19.0,
    19.33333333333333,
    19.666666666666664,
    20.0
  ],
  "conductance": [
    0.9723910233029004,
    0.9744981466219522,
    0.9781426917712746,
    0.9834274879824779,
    0.9904193485709887,
    0.9990725415389997,
    1.0091216850116336,
    1.0200279173436488,
    1.0311098672183345,
    1.0417892906377884,
    1.0515463641989893,
    1.0594261735187873,
    1.0637286052288413,
    1.062625121300698,
    1.0553617894805922,
    1.0427914651026229,
    1.0267421285104619,
    1.0089707401872665,
    0.9906101928236358,
    0.9723297254685119,
    0.9546574654338148,
    0.937889420626386,
    0.9217222557089878,
    0.9051371700541502,
    0.8867621318403452,
    0.8655427113704274,
    0.8413991568226895,
    0.8153912795149032,
    0.7891571495725681,
    0.7641448076210325,
    0.741212986405095,
    0.7206086072549773,
    0.7020697779431291,
    0.6849466779685391,
    0.6684325436896472,
    0.6519582522985531,
    0.6354905171913653,
    0.6194279001796312,
    0.6042475636239192,
    0.5902616085906667,
    0.5775805753251477,
    0.5661779158451575,
    0.5559603140222564,
    0.5468131506283045,
    0.5386234071146054,
    0.531288984271153,
    0.5247212592295996,
    0.5188447201802268,
    0.5135955513010769,
    0.5089199952723495,
    0.5047728213433232,
    0.501116004603142,
    0.49791762994348615,
    0.4951510001677147,
    0.4927939184368241,
    0.49082811583703073,
    0.48923879885415356,
    0.4880142962783611,
    0.4871457895317066,
    0.48662711431222266,
    0.4864546247739395,
    0.4866271143122228,
    0.4871457895317064,
    0.4880142962783611,
    0.48923879885415383,
    0.49082811583703045,
    0.4927939184368242,
    0.49515100016771485,
    0.4979176299434858,
    0.5011160046031419,
    0.5047728213433235,
    0.5089199952723493,
    0.5135955513010769,
    0.5188447201802269,
    0.5247212592295994,
    0.5312889842711529,
    0.5386234071146058,
    0.5468131506283043,
    0.5559603140222562,
    0.5661779158451578,
    0.5775805753251472,
    0.5902616085906666,
    0.6042475636239194,
    0.6194279001796308,
    0.6354905171913652,
    0.6519582522985532,
    0.6684325436896468,
    0.684946677968539,
    0.7020697779431294,
    0.7206086072549769,
    0.7412129864050949,
    0.7641448076210327,
    0.7891571495725677,
    0.815391279514903,
    0.8413991568226894,
    0.8655427113704268,
    0.8867621318403454,
    0.9051371700541502,
    0.921722255708987,
    0.9378894206263865,
    0.9546574654338151,
    0.9723297254685112,
    0.9906101928236365,
    1.0089707401872667,
    1.026742128510461,
    1.042791465102623,
    1.0553617894805927,
    1.0626251213006976,
    1.0637286052288417,
    1.0594261735187878,
    1.0515463641989888,
    1.0417892906377884,
    1.0311098672183348,
    1.0200279173436488,
    1.0091216850116336,
    0.9990725415390004,
    0.9904193485709881,
    0.9834274879824784,
    0.9781426917712753,
    0.9744981466219521,
    0.9723910233029
  ],