{
  "bias_mev": [
    -20.0,
    -19.666666666666668,
    -19.333333333333332,
    -19.0,
    -18.666666666666668,
    -18.333333333333332,
    -18.0,
    -17.666666666666668,
    -17.333333333333332,
    -17.0,
    -16.666666666666668,
    -16.333333333333332,
    -16.0,
    -15.666666666666668,
    -15.333333333333334,
    -15.0,
    -14.666666666666668,
    -14.333333333333334,
    -14.0,
    -13.666666666666668,
    -13.333333333333334,
    -13.0,
    -12.666666666666668,
    -12.333333333333334,
    -12.0,
    -11.666666666666668,
    -11.333333333333334,
    -11.0,
    -10.666666666666668,
    -10.333333333333334,
    -10.0,
    -9.666666666666668,
    -9.333333333333334,
    -9.0,
    -8.666666666666668,
    -8.333333333333334,
    -8.0,
    -7.666666666666668,
    -7.333333333333334,
    -7.0,
    -6.666666666666668,
    -6.333333333333334,
    -6.0,
    -5.666666666666668,
    -5.333333333333334,
    -5.0,
    -4.666666666666668,
    -4.333333333333334,
    -4.0,
    -3.666666666666668,
    -3.3333333333333357,
    -3.0,
    -2.666666666666668,
    -2.3333333333333357,
    -2.0,
    -1.6666666666666679,
    -1.3333333333333357,
    -1.0,
    -0.6666666666666679,
    -0.3333333333333357,
    0.0,
    0.33333333333333215,
    0.6666666666666643,
    1.0,
    1.3333333333333321,
    1.6666666666666643,
    2.0,
    2.333333333333332,
    2.6666666666666643,
    3.0,
    3.333333333333332,
    3.6666666666666643,
    4.0,
    4.333333333333332,
    4.666666666666664,
    5.0,
    5.333333333333332,
    5.666666666666664,
    6.0,
    6.333333333333332,
    6.666666666666664,
    7.0,
    7.333333333333332,
    7.666666666666664,
    8.0,
    8.333333333333332,
    8.666666666666664,
    9.0,
    9.333333333333332,
    9.666666666666664,
    10.0,
    10.333333333333332,
    10.666666666666664,
    11.0,
    11.333333333333332,
    11.666666666666664,
    12.0,
    12.333333333333329,
    12.666666666666664,
    13.0,
    13.333333333333329,
    13.666666666666664,
    14.0,
    14.333333333333329,
    14.666666666666664,
    15.0,
    15.333333333333329,
    15.666666666666664,
    16.0,
    16.33333333333333,
    16.666666666666664,
    17.0,
    17.33333333333333,
    17.666666666666664,
    18.0,
    18.33333333333333,
    18.666666666666664,
    19.0,
    19.33333333333333,
    19.666666666666664,
    20.0
  ],
  "conductance": [
    0.9729936923372767,
    0.9755092776008972,
    0.9794733264351507,
    0.9849286107503403,
    0.991846023773552,
    1.0000792552911182,
    1.0093263645507256,
    1.0191228785695265,
    1.0288691682290327,
    1.0378514024623815,
    1.0452211917852388,
    1.0499968939749085,
    1.0512176883435365,
    1.0482603913418511,
    1.0411148140267326,
    1.0303912266839284,
    1.0170557859053788,
    1.0020972102967944,
    0.9863203525193106,
    0.9702932793091156,
    0.9543374032954012,
    0.9384787482789839,
    0.9224069022984842,
    0.9055471460932604,
    0.8872834272538568,
    0.8672551087130689,
    0.8455755076115,
    0.8228373765499697,
    0.7998994484674837,
    0.77759185011653,
    0.756493943954362,
    0.7368434218396668,
    0.7185576342536206,
    0.7013370551241831,
    0.6848266588630362,
    0.6687838726609038,
    0.6531711888095462,
    0.6381283104935359,
    0.6238663507873055,
    0.6105670102791625,
    0.5983337267404415,
    0.5871905688603484,
    0.5771040402179443,
    0.5680079685498526,
    0.5598226964043478,
    0.5524671416563639,
    0.5458652381325916,
    0.5399487415529609,
    0.5346579704986638,
    0.529941506006967,
    0.5257554457554621,
    0.5220625305646581,
    0.5188312976566364,
    0.516035326089662,
    0.5136525944536746,
    0.5116649496896699,
    0.5100576773066412,
    0.5088191609522266,
    0.5079406198806411,
    0.5074159146516178,
    0.5072414135762429,
    0.507415914651618,
    0.5079406198806411,
    0.5088191609522266,
    0.5100576773066411,
    0.5116649496896698,
    0.5136525944536745,
    0.5160353260896618,
    0.5188312976566363,
    0.522062530564658,
    0.5257554457554621,
    0.529941506006967,
    0.5346579704986638,
    0.5399487415529611,
    0.5458652381325914,
    0.5524671416563638,
    0.5598226964043477,
    0.5680079685498525,
    0.5771040402179444,
    0.5871905688603484,
    0.5983337267404415,
    0.6105670102791625,
    0.6238663507873053,
    0.6381283104935357,
    0.653171188809546,
    0.6687838726609039,
    0.6848266588630358,
    0.7013370551241831,
    0.7185576342536206,
    0.7368434218396664,
    0.7564939439543619,
    0.77759185011653,
    0.7998994484674836,
    0.8228373765499698,
    0.8455755076114999,
    0.8672551087130688,
    0.887283427253857,
    0.9055471460932601,
    0.922406902298484,
    0.9384787482789839,
    0.954337403295401,
    0.9702932793091151,
    0.9863203525193108,
    1.0020972102967944,
    1.0170557859053786,
    1.0303912266839284,
    1.0411148140267326,
    1.048260391341851,
    1.0512176883435362,
    1.0499968939749083,
    1.0452211917852388,
    1.037851402462381,
    1.0288691682290327,
    1.0191228785695263,
    1.0093263645507253,
    1.000079255291118,
    0.9918460237735522,
    0.9849286107503403,
    0.9794733264351507,
    0.975509277600897,
    0.9729936923372765
  ],