{
  "bias_mev": [
    -20.0,
    -19.666666666666668,
    -19.333333333333332,
    -19.0,
    -18.666666666666668,
    -18.333333333333332,
    -18.0,
    -17.666666666666668,
    -17.333333333333332,
    -17.0,
    -16.666666666666668,
    -16.333333333333332,
    -16.0,
    -15.666666666666668,
    -15.333333333333334,
    -15.0,
    -14.666666666666668,
    -14.333333333333334,
    -14.0,
    -13.666666666666668,
    -13.333333333333334,
    -13.0,
    -12.666666666666668,
    -12.333333333333334,
    -12.0,
    -11.666666666666668,
    -11.333333333333334,
    -11.0,
    -10.666666666666668,
    -10.333333333333334,
    -10.0,
    -9.666666666666668,
    -9.333333333333334,
    -9.0,
    -8.666666666666668,
    -8.333333333333334,
    -8.0,
    -7.666666666666668,
    -7.333333333333334,
    -7.0,
    -6.666666666666668,
    -6.333333333333334,
    -6.0,
    -5.666666666666668,
    -5.333333333333334,
    -5.0,
    -4.666666666666668,
    -4.333333333333334,
    -4.0,
    -3.666666666666668,
    -3.3333333333333357,
    -3.0,
    -2.666666666666668,
    -2.3333333333333357,
    -2.0,
    -1.6666666666666679,
    -1.3333333333333357,
    -1.0,
    -0.6666666666666679,
    -0.3333333333333357,
    0.0,
    0.33333333333333215,
    0.6666666666666643,
    1.0,
    1.3333333333333321,
    1.6666666666666643,
    2.0,
    2.333333333333332,
    2.6666666666666643,
    3.0,
    3.333333333333332,
    3.6666666666666643,
    4.0,
    4.333333333333332,
    4.666666666666664,
    5.0,
    5.333333333333332,
    5.666666666666664,
    6.0,
    6.333333333333332,
    6.666666666666664,
    7.0,
    7.333333333333332,
    7.666666666666664,
    8.0,
    8.333333333333332,
    8.666666666666664,
    9.0,
    9.333333333333332,
    9.666666666666664,
    10.0,
    10.333333333333332,
    10.666666666666664,
    11.0,
    11.333333333333332,
    11.666666666666664,
    12.0,
    12.333333333333329,
    12.666666666666664,
    13.0,
    13.333333333333329,
    13.666666666666664,
    14.0,
    14.333333333333329,
    14.666666666666664,
    15.0,
    15.333333333333329,
    15.666666666666664,
    16.0,
    16.33333333333333,
    16.666666666666664,
    17.0,
    17.33333333333333,
    17.666666666666664,
    18.0,
    18.33333333333333,
    18.666666666666664,
    19.0,
    19.33333333333333,
    19.666666666666664,
    20.0
  ],
  "conductance": [
    0.9815343866895062,
    0.9829917301131076,
    0.985653743242631,
    0.9894959368980194,
    0.994428442260916,
    1.0002746993281753,
    1.0067535828026641,
    1.013470526332998,
    1.0199177043727932,
    1.0254792479591883,
    1.0294462361448375,
    1.0310658834167084,
    1.0296520421122541,
    1.0247445804198236,
    1.0162475676219687,
    1.0044635358063285,
    0.9899991090699544,
    0.9735950914570853,
    0.9559626286865129,
    0.9376739997020865,
    0.9191075578949802,
    0.9004281889506925,
    0.8816000298315764,
    0.8624439803669375,
    0.8427428517333312,
    0.8223674481537614,
    0.8013729980976843,
    0.7800202655721059,
    0.7587125500355187,
    0.7378839969568411,
    0.7178928988966384,
    0.6989582334127157,
    0.681149619510619,
    0.6644209464969417,
    0.6486688480696601,
    0.6337930347553813,
    0.6197363199902044,
    0.6064927523681497,
    0.5940894829580564,
    0.5825594784711985,
    0.5719205604074492,
    0.562166724506232,
    0.5532695419635812,
    0.5451845776582571,
    0.5378586747727693,
    0.5312359473670684,
    0.5252618756106467,
    0.5198857003497871,
    0.5150615737234767,
    0.5107489107545291,
    0.5069122819309505,
    0.503521075143098,
    0.5005490671636956,
    0.49797398420715755,
    0.495777092847368,
    0.493942840007122,
    0.492458548263557,
    0.4913141663738574,
    0.49050207213703195,
    0.4900169238917571,
    0.4898555571829277,
    0.4900169238917571,
    0.49050207213703184,
    0.49131416637385733,
    0.4924585482635569,
    0.4939428400071219,
    0.495777092847368,
    0.4979739842071573,
    0.5005490671636956,
    0.5035210751430981,
    0.5069122819309504,
    0.510748910754529,
    0.5150615737234767,
    0.5198857003497871,
    0.5252618756106465,
    0.5312359473670683,
    0.5378586747727693,
    0.5451845776582571,
    0.5532695419635812,
    0.562166724506232,
    0.5719205604074492,
    0.5825594784711985,
    0.5940894829580564,
    0.6064927523681496,
    0.6197363199902043,
    0.6337930347553813,
    0.64866884806966,
    0.6644209464969416,
    0.6811496195106188,
    0.6989582334127155,
    0.7178928988966384,
    0.7378839969568409,
    0.7587125500355185,
    0.7800202655721059,
    0.8013729980976841,
    0.8223674481537612,
    0.8427428517333311,
    0.8624439803669371,
    0.881600029831576,
    0.9004281889506925,
    0.9191075578949797,
    0.9376739997020864,
    0.9559626286865132,
    0.9735950914570851,
    0.9899991090699541,
    1.0044635358063285,
    1.0162475676219687,
    1.0247445804198234,
    1.0296520421122544,
    1.0310658834167081,
    1.0294462361448375,
    1.0254792479591885,
    1.0199177043727934,
    1.0134705263329977,
    1.0067535828026641,
    1.0002746993281753,
    0.994428442260916,
    0.9894959368980194,
    0.9856537432426312,
    0.9829917301131078,
    0.981534386689506
  ],