{
  "bias_mev": [
    -20.0,
    -19.666666666666668,
    -19.333333333333332,
    -19.0,
    -18.666666666666668,
    -18.333333333333332,
    -18.0,
    -17.666666666666668,
    -17.333333333333332,
    -17.0,
    -16.666666666666668,
    -16.333333333333332,
    -16.0,
    -15.666666666666668,
    -15.333333333333334,
    -15.0,
    -14.666666666666668,
    -14.333333333333334,
    -14.0,
    -13.666666666666668,
    -13.333333333333334,
    -13.0,
    -12.666666666666668,
    -12.333333333333334,
    -12.0,
    -11.666666666666668,
    -11.333333333333334,
    -11.0,
    -10.666666666666668,
    -10.333333333333334,
    -10.0,
    -9.666666666666668,
    -9.333333333333334,
    -9.0,
    -8.666666666666668,
    -8.333333333333334,
    -8.0,
    -7.666666666666668,
    -7.333333333333334,
    -7.0,
    -6.666666666666668,
    -6.333333333333334,
    -6.0,
    -5.666666666666668,
    -5.333333333333334,
    -5.0,
    -4.666666666666668,
    -4.333333333333334,
    -4.0,
    -3.666666666666668,
    -3.3333333333333357,
    -3.0,
    -2.666666666666668,
    -2.3333333333333357,
    -2.0,
    -1.6666666666666679,
    -1.3333333333333357,
    -1.0,
    -0.6666666666666679,
    -0.3333333333333357,
    0.0,
    0.33333333333333215,
    0.6666666666666643,
    1.0,
    1.3333333333333321,
    1.6666666666666643,
    2.0,
    2.333333333333332,
    2.6666666666666643,
    3.0,
    3.333333333333332,
    3.6666666666666643,
    4.0,
    4.333333333333332,
    4.666666666666664,
    5.0,
    5.333333333333332,
    5.666666666666664,
    6.0,
    6.333333333333332,
    6.666666666666664,
    7.0,
    7.333333333333332,
    7.666666666666664,
    8.0,
    8.333333333333332,
    8.666666666666664,
    9.0,
    9.333333333333332,
    9.666666666666664,
    10.0,
    10.333333333333332,
    10.666666666666664,
    11.0,
    11.333333333333332,
    11.666666666666664,
    12.0,
    12.333333333333329,
    12.666666666666664,
    13.0,
    13.333333333333329,
    13.666666666666664,
    14.0,
    14.333333333333329,
    14.666666666666664,
    15.0,
    15.333333333333329,
    15.666666666666664,
    16.0,
    16.33333333333333,
    16.666666666666664,
    17.0,
    17.33333333333333,
    17.666666666666664,
    18.0,
    18.33333333333333,
    18.666666666666664,
    19.0,
    19.33333333333333,
    19.666666666666664,
    20.0
  ],
  "conductance": [
    0.9773976562779811,
    0.979126353409326,
    0.9821127460313029,
    0.9864357141792689,
    0.992139787466951,
    0.99918744990653,
    1.0073927066451285,
    1.0163711448962125,
    1.0255585343968532,
    1.0342779067904448,
    1.0417298946142426,
    1.0469023414624232,
    1.048673590519415,
    1.046264038590749,
    1.039677539196759,
    1.029682540771245,
    1.017376899141899,
    1.0037297806133019,
    0.9894098903893076,
    0.9748837621820874,
    0.9605079218960242,
    0.946435656643256,
    0.9324607859028663,
    0.9180119402153116,
    0.9023510035779518,
    0.8848944457696595,
    0.8655420355513743,
    0.8448073324896811,
    0.8236020951266354,
    0.8028491153648968,
    0.7832070652337279,
    0.7649840371594889,
    0.7481569138507981,
    0.7324332250752308,
    0.7173745477175754,
    0.7026037876459417,
    0.6879977945932328,
    0.6737066960243714,
    0.660004807046414,
    0.647131568953517,
    0.6352230556086716,
    0.6243188907703601,
    0.6143955652023079,
    0.6053970684565526,
    0.5972550646781539,
    0.5899000639348837,
    0.5832668199520804,
    0.5772965054252455,
    0.5719372438179556,
    0.5671438727456185,
    0.562877393949518,
    0.5591043349834743,
    0.555796127731773,
    0.5529285482247367,
    0.5504812325514667,
    0.5484372698592584,
    0.5467828676042371,
    0.5455070823348918,
    0.5446016092933257,
    0.5440606249764357,
    0.5438806780058189,
    0.5440606249764363,
    0.5446016092933251,
    0.5455070823348919,
    0.5467828676042376,
    0.5484372698592581,
    0.5504812325514669,
    0.552928548224737,
    0.5557961277317723,
    0.5591043349834743,
    0.5628773939495183,
    0.567143872745618,
    0.5719372438179554,
    0.5772965054252458,
    0.5832668199520802,
    0.5899000639348836,
    0.5972550646781544,
    0.6053970684565525,
    0.6143955652023079,
    0.6243188907703605,
    0.6352230556086713,
    0.6471315689535169,
    0.6600048070464146,
    0.6737066960243712,
    0.6879977945932325,
    0.7026037876459423,
    0.7173745477175748,
    0.7324332250752307,
    0.7481569138507989,
    0.7649840371594885,
    0.7832070652337276,
    0.8028491153648977,
    0.823602095126635,
    0.8448073324896808,
    0.8655420355513749,
    0.8848944457696587,
    0.9023510035779521,
    0.9180119402153119,
    0.932460785902865,
    0.9464356566432562,
    0.960507921896025,
    0.9748837621820862,
    0.9894098903893083,
    1.0037297806133023,
    1.0173768991418979,
    1.0296825407712453,
    1.0396775391967599,
    1.046264038590748,
    1.0486735905194153,
    1.046902341462424,
    1.041729894614242,
    1.0342779067904448,
    1.0255585343968538,
    1.0163711448962114,
    1.0073927066451283,
    0.9991874499065311,
    0.9921397874669505,
    0.9864357141792688,
    0.9821127460313039,
    0.9791263534093255,
    0.9773976562779807
  ],