{
  "bias_mev": [
    -20.0,
    -19.666666666666668,
    -19.333333333333332,
    -19.0,
    -18.666666666666668,
    -18.333333333333332,
    -18.0,
    -17.666666666666668,
    -17.333333333333332,
    -17.0,
    -16.666666666666668,
    -16.333333333333332,
    -16.0,
    -15.666666666666668,
    -15.333333333333334,
    -15.0,
    -14.666666666666668,
    -14.333333333333334,
    -14.0,
    -13.666666666666668,
    -13.333333333333334,
    -13.0,
    -12.666666666666668,
    -12.333333333333334,
    -12.0,
    -11.666666666666668,
    -11.333333333333334,
    -11.0,
    -10.666666666666668,
    -10.333333333333334,
    -10.0,
    -9.666666666666668,
    -9.333333333333334,
    -9.0,
    -8.666666666666668,
    -8.333333333333334,
    -8.0,
    -7.666666666666668,
    -7.333333333333334,
    -7.0,
    -6.666666666666668,
    -6.333333333333334,
    -6.0,
    -5.666666666666668,
    -5.333333333333334,
    -5.0,
    -4.666666666666668,
    -4.333333333333334,
    -4.0,
    -3.666666666666668,
    -3.3333333333333357,
    -3.0,
    -2.666666666666668,
    -2.3333333333333357,
    -2.0,
    -1.6666666666666679,
    -1.3333333333333357,
    -1.0,
    -0.6666666666666679,
    -0.3333333333333357,
    0.0,
    0.33333333333333215,
    0.6666666666666643,
    1.0,
    1.3333333333333321,
    1.6666666666666643,
    2.0,
    2.333333333333332,
    2.6666666666666643,
    3.0,
    3.333333333333332,
    3.6666666666666643,
    4.0,
    4.333333333333332,
    4.666666666666664,
    5.0,
    5.333333333333332,
    5.666666666666664,
    6.0,
    6.333333333333332,
    6.666666666666664,
    7.0,
    7.333333333333332,
    7.666666666666664,
    8.0,
    8.333333333333332,
    8.666666666666664,
    9.0,
    9.333333333333332,
    9.666666666666664,
    10.0,
    10.333333333333332,
    10.666666666666664,
    11.0,
    11.333333333333332,
    11.666666666666664,
    12.0,
    12.333333333333329,
    12.666666666666664,
    13.0,
    13.333333333333329,
    13.666666666666664,
    14.0,
    14.333333333333329,
    14.666666666666664,
    15.0,
    15.333333333333329,
    15.666666666666664,
    16.0,
    16.33333333333333,
    16.666666666666664,
    17.0,
    17.33333333333333,
    17.666666666666664,
    18.0,
    18.33333333333333,
    18.666666666666664,
    19.0,
    19.33333333333333,
    19.666666666666664,
    20.0
  ],
  "conductance": [
    0.9798236967010919,
    0.9808899137302944,
    0.9832514559022573,
    0.9869835122969579,
    0.9921322992727332,
    0.9986737437697705,
    1.0064512686495077,
    1.0151133347091057,
    1.0240876489417414,
    1.0325931260265429,
    1.039628777223047,
    1.0439613304347366,
    1.0443239659820447,
    1.0399093853361736,
    1.030794221553582,
    1.0178832915910845,
    1.0024430629493135,
    0.9856166234538636,
    0.9682158632960484,
    0.950788717378679,
    0.9337259646601815,
    0.9172254088403894,
    0.9011755491981476,
    0.8851296794386568,
    0.868443177254929,
    0.8505344011260049,
    0.8311828366967664,
    0.8106965387366442,
    0.7897912184370975,
    0.7692716003454345,
    0.749761081393443,
    0.7315954235329076,
    0.7148333813956891,
    0.6993137615872205,
    0.6847437858003032,
    0.6708305549529824,
    0.6574160154151708,
    0.6445227748630808,
    0.6322836389969565,
    0.6208360074579407,
    0.6102610165911471,
    0.6005764416819327,
    0.591755135097741,
    0.583746023178044,
    0.5764891261013871,
    0.5699242126236868,
    0.563995042324154,
    0.5586510531840455,
    0.5538477269300804,
    0.54954633725122,
    0.5457134520647068,
    0.5423203733744648,
    0.539342599382847,
    0.536759343608629,
    0.5345531215961512,
    0.5327094047724202,
    0.5312163365370036,
    0.5300645043845597,
    0.5292467620641452,
    0.528758096633236,
    0.5285955363649306,
    0.5287580966332365,
    0.5292467620641449,
    0.5300645043845597,
    0.5312163365370038,
    0.5327094047724199,
    0.5345531215961513,
    0.5367593436086293,
    0.5393425993828468,
    0.5423203733744648,
    0.5457134520647071,
    0.5495463372512197,
    0.5538477269300803,
    0.558651053184046,
    0.5639950423241538,
    0.5699242126236866,
    0.5764891261013876,
    0.5837460231780437,
    0.5917551350977408,
    0.6005764416819332,
    0.6102610165911467,
    0.6208360074579404,
    0.6322836389969568,
    0.6445227748630806,
    0.6574160154151708,
    0.6708305549529829,
    0.6847437858003029,
    0.6993137615872205,
    0.7148333813956895,
    0.7315954235329071,
    0.7497610813934429,
    0.7692716003454351,
    0.789791218437097,
    0.8106965387366439,
    0.831182836696767,
    0.8505344011260044,
    0.8684431772549294,
    0.8851296794386571,
    0.9011755491981468,
    0.9172254088403896,
    0.9337259646601817,
    0.950788717378678,
    0.9682158632960487,
    0.9856166234538638,
    1.0024430629493126,
    1.017883291591085,
    1.0307942215535824,
    1.0399093853361727,
    1.0443239659820447,
    1.043961330434737,
    1.0396287772230464,
    1.0325931260265429,
    1.024087648941742,
    1.0151133347091048,
    1.006451268649508,
    0.9986737437697714,
    0.9921322992727327,
    0.9869835122969579,
    0.9832514559022582,
    0.9808899137302941,
    0.9798236967010915
  ],