{
  "bias_mev": [
    -20.0,
    -19.666666666666668,
    -19.333333333333332,
    -19.0,
    -18.666666666666668,
    -18.333333333333332,
    -18.0,
    -17.666666666666668,
    -17.333333333333332,
    -17.0,
    -16.666666666666668,
    -16.333333333333332,
    -16.0,
    -15.666666666666668,
    -15.333333333333334,
    -15.0,
    -14.666666666666668,
    -14.333333333333334,
    -14.0,
    -13.666666666666668,
    -13.333333333333334,
    -13.0,
    -12.666666666666668,
    -12.333333333333334,
    -12.0,
    -11.666666666666668,
    -11.333333333333334,
    -11.0,
    -10.666666666666668,
    -10.333333333333334,
    -10.0,
    -9.666666666666668,
    -9.333333333333334,
    -9.0,
    -8.666666666666668,
    -8.333333333333334,
    -8.0,
    -7.666666666666668,
    -7.333333333333334,
    -7.0,
    -6.666666666666668,
    -6.333333333333334,
    -6.0,
    -5.666666666666668,
    -5.333333333333334,
    -5.0,
    -4.666666666666668,
    -4.333333333333334,
    -4.0,
    -3.666666666666668,
    -3.3333333333333357,
    -3.0,
    -2.666666666666668,
    -2.3333333333333357,
    -2.0,
    -1.6666666666666679,
    -1.3333333333333357,
    -1.0,
    -0.6666666666666679,
    -0.3333333333333357,
    0.0,
    0.33333333333333215,
    0.6666666666666643,
    1.0,
    1.3333333333333321,
    1.6666666666666643,
    2.0,
    2.333333333333332,
    2.6666666666666643,
    3.0,
    3.333333333333332,
    3.6666666666666643,
    4.0,
    4.333333333333332,
    4.666666666666664,
    5.0,
    5.333333333333332,
    5.666666666666664,
    6.0,
    6.333333333333332,
    6.666666666666664,
    7.0,
    7.333333333333332,
    7.666666666666664,
    8.0,
    8.333333333333332,
    8.666666666666664,
    9.0,
    9.333333333333332,
    9.666666666666664,
    10.0,
    10.333333333333332,
    10.666666666666664,
    11.0,
    11.333333333333332,
    11.666666666666664,
    12.0,
    12.333333333333329,
    12.666666666666664,
    13.0,
    13.333333333333329,
    13.666666666666664,
    14.0,
    14.333333333333329,
    14.666666666666664,
    15.0,
    15.333333333333329,
    15.666666666666664,
    16.0,
    16.33333333333333,
    16.666666666666664,
    17.0,
    17.33333333333333,
    17.666666666666664,
    18.0,
    18.33333333333333,
    18.666666666666664,
    19.0,
    19.33333333333333,
    19.666666666666664,
    20.0
  ],
  "conductance": [
    0.9729337310951873,
    0.975605378327111,
    0.9792915797188635,
    0.9841300564634603,
    0.9902894185242915,
    0.9979602260325665,
    1.0072867520775757,
    1.0182200087107036,
    1.030456480089537,
    1.043826368960703,
    1.05858096909782,
    1.074567458169593,
    1.0898974939219546,
    1.101075105043868,
    1.1058726159425671,
    1.1048840633355614,
    1.1001511416293008,
    1.0935702228756032,
    1.0860155751658906,
    1.077673449254126,
    1.068983580946071,
    1.0606808015777787,
    1.0531042476338526,
    1.0457025760946068,
    1.037239477071905,
    1.0263147984526282,
    1.0121615480036414,
    0.9954356131184297,
    0.9775118692099504,
    0.9595484765009292,
    0.9423020188671632,
    0.926254300185325,
    0.9116165897764663,
    0.8981277226996895,
    0.8849414156908408,
    0.8711644334369016,
    0.856744196912866,
    0.8422906628197303,
    0.8283821500740536,
    0.8153286597493428,
    0.803239973540688,
    0.7921222024900456,
    0.7819358682630968,
    0.772624618140126,
    0.7641285035417247,
    0.7563898491794985,
    0.7493556376662168,
    0.7429782672562384,
    0.7372155653338757,
    0.7320304812645763,
    0.7273906627069531,
    0.7232680126308972,
    0.7196382716076626,
    0.716480643876277,
    0.7137774729433696,
    0.711513966468265,
    0.7096779676113394,
    0.7082597691884698,
    0.7072519670053632,
    0.706649349192708,
    0.7064488189972802,
    0.7066493491927088,
    0.7072519670053623,
    0.7082597691884698,
    0.7096779676113403,
    0.7115139664682641,
    0.7137774729433695,
    0.7164806438762777,
    0.7196382716076615,
    0.7232680126308972,
    0.727390662706954,
    0.7320304812645755,
    0.7372155653338753,
    0.7429782672562394,
    0.7493556376662163,
    0.7563898491794981,
    0.7641285035417257,
    0.7726246181401253,
    0.7819358682630965,
    0.7921222024900466,
    0.8032399735406873,
    0.8153286597493424,
    0.8283821500740548,
    0.8422906628197295,
    0.8567441969128655,
    0.8711644334369026,
    0.8849414156908401,
    0.8981277226996893,
    0.9116165897764678,
    0.9262543001853243,
    0.9423020188671629,
    0.9595484765009304,
    0.9775118692099496,
    0.9954356131184292,
    1.012161548003643,
    1.026314798452627,
    1.0372394770719056,
    1.0457025760946081,
    1.0531042476338506,
    1.0606808015777793,
    1.0689835809460722,
    1.077673449254124,
    1.0860155751658915,
    1.0935702228756048,
    1.1001511416292988,
    1.1048840633355619,
    1.105872615942569,
    1.1010751050438663,
    1.0898974939219548,
    1.0745674581695943,
    1.058580969097819,
    1.0438263689607028,
    1.0304564800895384,
    1.0182200087107023,
    1.0072867520775755,
    0.9979602260325677,
    0.9902894185242903,
    0.9841300564634602,
    0.9792915797188648,
    0.9756053783271104,
    0.972933731095187
  ],