{
  "bias_mev": [
    -20.0,
    -19.666666666666668,
    -19.333333333333332,
    -19.0,
    -18.666666666666668,
    -18.333333333333332,
    -18.0,
    -17.666666666666668,
    -17.333333333333332,
    -17.0,
    -16.666666666666668,
    -16.333333333333332,
    -16.0,
    -15.666666666666668,
    -15.333333333333334,
    -15.0,
    -14.666666666666668,
    -14.333333333333334,
    -14.0,
    -13.666666666666668,
    -13.333333333333334,
    -13.0,
    -12.666666666666668,
    -12.333333333333334,
    -12.0,
    -11.666666666666668,
    -11.333333333333334,
    -11.0,
    -10.666666666666668,
    -10.333333333333334,
    -10.0,
    -9.666666666666668,
    -9.333333333333334,
    -9.0,
    -8.666666666666668,
    -8.333333333333334,
    -8.0,
    -7.666666666666668,
    -7.333333333333334,
    -7.0,
    -6.666666666666668,
    -6.333333333333334,
    -6.0,
    -5.666666666666668,
    -5.333333333333334,
    -5.0,
    -4.666666666666668,
    -4.333333333333334,
    -4.0,
    -3.666666666666668,
    -3.3333333333333357,
    -3.0,
    -2.666666666666668,
    -2.3333333333333357,
    -2.0,
    -1.6666666666666679,
    -1.3333333333333357,
    -1.0,
    -0.6666666666666679,
    -0.3333333333333357,
    0.0,
    0.33333333333333215,
    0.6666666666666643,
    1.0,
    1.3333333333333321,
    1.6666666666666643,
    2.0,
    2.333333333333332,
    2.6666666666666643,
    3.0,
    3.333333333333332,
    3.6666666666666643,
    4.0,
    4.333333333333332,
    4.666666666666664,
    5.0,
    5.333333333333332,
    5.666666666666664,
    6.0,
    6.333333333333332,
    6.666666666666664,
    7.0,
    7.333333333333332,
    7.666666666666664,
    8.0,
    8.333333333333332,
    8.666666666666664,
    9.0,
    9.333333333333332,
    9.666666666666664,
    10.0,
    10.333333333333332,
    10.666666666666664,
    11.0,
    11.333333333333332,
    11.666666666666664,
    12.0,
    12.333333333333329,
    12.666666666666664,
    13.0,
    13.333333333333329,
    13.666666666666664,
    14.0,
    14.333333333333329,
    14.666666666666664,
    15.0,
    15.333333333333329,
    15.666666666666664,
    16.0,
    16.33333333333333,
    16.666666666666664,
    17.0,
    17.33333333333333,
    17.666666666666664,
    18.0,
    18.33333333333333,
    18.666666666666664,
    19.0,
    19.33333333333333,
    19.666666666666664,
    20.0
  ],
  "conductance": [
    0.981682806568544,
    0.9829409954868096,
    0.9851419795528753,
    0.9883966113238165,
    0.9928145480684648,
    0.9984703238591862,
    1.005331679136972,
    1.0131781707994714,
    1.02163779758976,
    1.0304050876140984,
    1.0393054570484448,
    1.0479175995552348,
    1.0551947063252891,
    1.0597900338262052,
    1.0609545020797762,
    1.0589394786487833,
    1.0546112429286851,
    1.0488314613691012,
    1.0421102329345417,
    1.0347488826033815,
    1.027126665403978,
    1.0196351992179973,
    1.012352393887734,
    1.004857727442808,
    0.9963637082588324,
    0.9860491225707103,
    0.9735292242231853,
    0.959179670832321,
    0.9438740337452591,
    0.9284878313911621,
    0.913645491653695,
    0.899691690103666,
    0.8867109805382024,
    0.8745182005173523,
    0.862693581519173,
    0.8508145620117311,
    0.8387656002131735,
    0.8267537217664794,
    0.815079106127857,
    0.803969793923888,
    0.7935501247293147,
    0.7838671866588559,
    0.7749222153155816,
    0.7666925395810863,
    0.7591446033529895,
    0.7522411541037445,
    0.7459450322414364,
    0.7402210669006819,
    0.7350369398166607,
    0.7303634971211664,
    0.7261747739246561,
    0.7224478774148055,
    0.7191628083164933,
    0.716302264027121,
    0.7138514464374115,
    0.7117978861760275,
    0.71013128881075,
    0.7088434051945082,
    0.7079279264240462,
    0.7073804030820302,
    0.7071981881602051,
    0.707380403082031,
    0.7079279264240453,
    0.7088434051945082,
    0.7101312888107507,
    0.7117978861760266,
    0.7138514464374113,
    0.716302264027122,
    0.7191628083164925,
    0.7224478774148055,
    0.7261747739246569,
    0.7303634971211658,
    0.7350369398166605,
    0.7402210669006826,
    0.7459450322414359,
    0.752241154103744,
    0.7591446033529904,
    0.7666925395810859,
    0.7749222153155811,
    0.7838671866588566,
    0.7935501247293144,
    0.8039697939238877,
    0.8150791061278578,
    0.8267537217664789,
    0.8387656002131731,
    0.8508145620117322,
    0.8626935815191723,
    0.8745182005173519,
    0.8867109805382034,
    0.8996916901036653,
    0.9136454916536945,
    0.9284878313911628,
    0.9438740337452586,
    0.9591796708323207,
    0.9735292242231866,
    0.9860491225707092,
    0.9963637082588327,
    1.0048577274428092,
    1.0123523938877321,
    1.0196351992179977,
    1.0271266654039788,
    1.0347488826033797,
    1.0421102329345424,
    1.0488314613691025,
    1.0546112429286831,
    1.0589394786487838,
    1.0609545020797775,
    1.0597900338262038,
    1.0551947063252891,
    1.0479175995552361,
    1.039305457048444,
    1.0304050876140984,
    1.0216377975897613,
    1.0131781707994703,
    1.0053316791369717,
    0.9984703238591874,
    0.9928145480684641,
    0.9883966113238164,
    0.9851419795528765,
    0.982940995486809,
    0.9816828065685438
  ],