{
  "bias_mev": [
    -20.0,
    -19.666666666666668,
    -19.333333333333332,
    -19.0,
    -18.666666666666668,
    -18.333333333333332,
    -18.0,
    -17.666666666666668,
    -17.333333333333332,
    -17.0,
    -16.666666666666668,
    -16.333333333333332,
    -16.0,
    -15.666666666666668,
    -15.333333333333334,
    -15.0,
    -14.666666666666668,
    -14.333333333333334,
    -14.0,
    -13.666666666666668,
    -13.333333333333334,
    -13.0,
    -12.666666666666668,
    -12.333333333333334,
    -12.0,
    -11.666666666666668,
    -11.333333333333334,
    -11.0,
    -10.666666666666668,
    -10.333333333333334,
    -10.0,
    -9.666666666666668,
    -9.333333333333334,
    -9.0,
    -8.666666666666668,
    -8.333333333333334,
    -8.0,
    -7.666666666666668,
    -7.333333333333334,
    -7.0,
    -6.666666666666668,
    -6.333333333333334,
    -6.0,
    -5.666666666666668,
    -5.333333333333334,
    -5.0,
    -4.666666666666668,
    -4.333333333333334,
    -4.0,
    -3.666666666666668,
    -3.3333333333333357,
    -3.0,
    -2.666666666666668,
    -2.3333333333333357,
    -2.0,
    -1.6666666666666679,
    -1.3333333333333357,
    -1.0,
    -0.6666666666666679,
    -0.3333333333333357,
    0.0,
    0.33333333333333215,
    0.6666666666666643,
    1.0,
    1.3333333333333321,
    1.6666666666666643,
    2.0,
    2.333333333333332,
    2.6666666666666643,
    3.0,
    3.333333333333332,
    3.6666666666666643,
    4.0,
    4.333333333333332,
    4.666666666666664,
    5.0,
    5.333333333333332,
    5.666666666666664,
    6.0,
    6.333333333333332,
    6.666666666666664,
    7.0,
    7.333333333333332,
    7.666666666666664,
    8.0,
    8.333333333333332,
    8.666666666666664,
    9.0,
    9.333333333333332,
    9.666666666666664,
    10.0,
    10.333333333333332,
    10.666666666666664,
    11.0,
    11.333333333333332,
    11.666666666666664,
    12.0,
    12.333333333333329,
    12.666666666666664,
    13.0,
    13.333333333333329,
    13.666666666666664,
    14.0,
    14.333333333333329,
    14.666666666666664,
    15.0,
    15.333333333333329,
    15.666666666666664,
    16.0,
    16.33333333333333,
    16.666666666666664,
    17.0,
    17.33333333333333,
    17.666666666666664,
    18.0,
    18.33333333333333,
    18.666666666666664,
    19.0,
    19.33333333333333,
    19.666666666666664,
    20.0
  ],
  "conductance": [
    0.977486148312041,
    0.9804499632643845,
    0.9841178764612586,
    0.9885588146435665,
    0.9938240518947596,
    0.9999355341248082,
    1.0068709878623092,
    1.014547927794992,
    1.0228079158672603,
    1.0314007797746192,
    1.0399721085441962,
    1.0480695241231117,
    1.0551907612468376,
    1.0608779569519928,
    1.0648227707817448,
    1.0669266001133952,
    1.0672866277667374,
    1.066126598831673,
    1.0637160829444685,
    1.0603095618467493,
    1.05610877258559,
    1.0512374254283317,
    1.0457252405124777,
    1.0395120018003297,
    1.0324826746198121,
    1.0245290345379674,
    1.0156143822287185,
    1.0058112712672362,
    0.9952953293918165,
    0.9843024597445018,
    0.9730724876332324,
    0.9618009666735365,
    0.9506114416085192,
    0.9395533036176973,
    0.9286247989174214,
    0.9178117573717378,
    0.9071234405028806,
    0.8966082175814223,
    0.886345774275823,
    0.8764267170247925,
    0.866933237240898,
    0.8579280378292744,
    0.8494516160761613,
    0.8415247583943235,
    0.8341530978131899,
    0.8273317643948928,
    0.8210492592251364,
    0.8152903508940434,
    0.8100380977076689,
    0.8052751913811874,
    0.8009848136340425,
    0.7971511599219808,
    0.7937597435653952,
    0.7907975591921792,
    0.7882531587486048,
    0.7861166752820171,
    0.7843798174473816,
    0.7830358495501206,
    0.7820795665981871,
    0.7815072703544058,
    0.7813167501054264,
    0.7815072703544057,
    0.782079566598187,
    0.7830358495501205,
    0.7843798174473815,
    0.7861166752820169,
    0.7882531587486047,
    0.7907975591921792,
    0.7937597435653951,
    0.7971511599219807,
    0.8009848136340423,
    0.8052751913811872,
    0.8100380977076689,
    0.8152903508940434,
    0.8210492592251364,
    0.8273317643948928,
    0.8341530978131897,
    0.8415247583943233,
    0.8494516160761613,
    0.8579280378292743,
    0.866933237240898,
    0.8764267170247925,
    0.8863457742758228,
    0.8966082175814221,
    0.9071234405028805,
    0.9178117573717379,
    0.9286247989174211,
    0.9395533036176972,
    0.9506114416085191,
    0.9618009666735365,
    0.9730724876332323,
    0.9843024597445018,
    0.9952953293918165,
    1.005811271267236,
    1.0156143822287185,
    1.0245290345379672,
    1.0324826746198124,
    1.0395120018003299,
    1.0457252405124777,
    1.0512374254283317,
    1.05610877258559,
    1.0603095618467493,
    1.0637160829444685,
    1.0661265988316733,
    1.0672866277667372,
    1.066926600113395,
    1.064822770781745,
    1.0608779569519928,
    1.0551907612468376,
    1.0480695241231117,
    1.039972108544196,
    1.0314007797746192,
    1.0228079158672603,
    1.0145479277949923,
    1.0068709878623092,
    0.9999355341248081,
    0.9938240518947598,
    0.9885588146435665,
    0.9841178764612587,
    0.9804499632643844,
    0.977486148312041
  ],