{
  "bias_mev": [
    -20.0,
    -19.666666666666668,
    -19.333333333333332,
    -19.0,
    -18.666666666666668,
    -18.333333333333332,
    -18.0,
    -17.666666666666668,
    -17.333333333333332,
    -17.0,
    -16.666666666666668,
    -16.333333333333332,
    -16.0,
    -15.666666666666668,
    -15.333333333333334,
    -15.0,
    -14.666666666666668,
    -14.333333333333334,
    -14.0,
    -13.666666666666668,
    -13.333333333333334,
    -13.0,
    -12.666666666666668,
    -12.333333333333334,
    -12.0,
    -11.666666666666668,
    -11.333333333333334,
    -11.0,
    -10.666666666666668,
    -10.333333333333334,
    -10.0,
    -9.666666666666668,
    -9.333333333333334,
    -9.0,
    -8.666666666666668,
    -8.333333333333334,
    -8.0,
    -7.666666666666668,
    -7.333333333333334,
    -7.0,
    -6.666666666666668,
    -6.333333333333334,
    -6.0,
    -5.666666666666668,
    -5.333333333333334,
    -5.0,
    -4.666666666666668,
    -4.333333333333334,
    -4.0,
    -3.666666666666668,
    -3.3333333333333357,
    -3.0,
    -2.666666666666668,
    -2.3333333333333357,
    -2.0,
    -1.6666666666666679,
    -1.3333333333333357,
    -1.0,
    -0.6666666666666679,
    -0.3333333333333357,
    0.0,
    0.33333333333333215,
    0.6666666666666643,
    1.0,
    1.3333333333333321,
    1.6666666666666643,
    2.0,
    2.333333333333332,
    2.6666666666666643,
    3.0,
    3.333333333333332,
    3.6666666666666643,
    4.0,
    4.333333333333332,
    4.666666666666664,
    5.0,
    5.333333333333332,
    5.666666666666664,
    6.0,
    6.333333333333332,
    6.666666666666664,
    7.0,
    7.333333333333332,
    7.666666666666664,
    8.0,
    8.333333333333332,
    8.666666666666664,
    9.0,
    9.333333333333332,
    9.666666666666664,
    10.0,
    10.333333333333332,
    10.666666666666664,
    11.0,
    11.333333333333332,
    11.666666666666664,
    12.0,
    12.333333333333329,
    12.666666666666664,
    13.0,
    13.333333333333329,
    13.666666666666664,
    14.0,
    14.333333333333329,
    14.666666666666664,
    15.0,
    15.333333333333329,
    15.666666666666664,
    16.0,
    16.33333333333333,
    16.666666666666664,
    17.0,
    17.33333333333333,
    17.666666666666664,
    18.0,
    18.33333333333333,
    18.666666666666664,
    19.0,
    19.33333333333333,
    19.666666666666664,
    20.0
  ],
  "conductance": [
    0.9759820083922858,
    0.9776929091451146,
    0.9806702654429765,
    0.9850443945953127,
    0.9909263502869284,
    0.9983598487748807,
    1.0072499730044036,
    1.0173016143561402,
    1.0280190993833465,
    1.0387535366186107,
    1.0486863235357908,
    1.0567467846113296,
    1.0617223494007781,
    1.0627104955522346,
    1.0595745278916349,
    1.0529605539218916,
    1.043892105359186,
    1.033318704704949,
    1.0219331689307667,
    1.0102491693336275,
    0.9986740089729307,
    0.9874067779577222,
    0.9762783103199836,
    0.9647340047836731,
    0.9520105746177929,
    0.9374409995704513,
    0.9207946467107176,
    0.9024571635637595,
    0.8832759806605603,
    0.8641956677631248,
    0.8459573881243733,
    0.8289717843271898,
    0.8133065222282955,
    0.7987254997932492,
    0.7847938199593553,
    0.7710805845090626,
    0.7573800984273668,
    0.7437831002847962,
    0.7305580308077863,
    0.717980837026885,
    0.7062380819392269,
    0.6954138272985243,
    0.6855163931956982,
    0.6765102150927638,
    0.6683394765854305,
    0.6609423616153576,
    0.6542585296684705,
    0.6482325130341369,
    0.6428149129530851,
    0.6379625088621409,
    0.6336378862882093,
    0.6298088923950568,
    0.6264480675670312,
    0.6235321185961602,
    0.6210414581068149,
    0.6189598156153665,
    0.6172739173012342,
    0.6159732285850547,
    0.6150497531515197,
    0.6144978827253974,
    0.6143142930402807,
    0.6144978827253974,
    0.6150497531515196,
    0.6159732285850548,
    0.6172739173012343,
    0.6189598156153665,
    0.6210414581068148,
    0.6235321185961601,
    0.6264480675670311,
    0.6298088923950568,
    0.6336378862882093,
    0.6379625088621408,
    0.642814912953085,
    0.648232513034137,
    0.6542585296684704,
    0.6609423616153575,
    0.6683394765854305,
    0.6765102150927637,
    0.685516393195698,
    0.6954138272985243,
    0.7062380819392267,
    0.7179808370268849,
    0.7305580308077863,
    0.7437831002847959,
    0.7573800984273666,
    0.7710805845090628,
    0.784793819959355,
    0.7987254997932491,
    0.8133065222282952,
    0.8289717843271895,
    0.8459573881243734,
    0.8641956677631248,
    0.8832759806605598,
    0.9024571635637597,
    0.9207946467107176,
    0.9374409995704509,
    0.9520105746177927,
    0.9647340047836733,
    0.9762783103199831,
    0.9874067779577222,
    0.9986740089729309,
    1.0102491693336275,
    1.021933168930767,
    1.0333187047049495,
    1.043892105359186,
    1.0529605539218916,
    1.0595745278916353,
    1.0627104955522344,
    1.0617223494007784,
    1.0567467846113299,
    1.0486863235357908,
    1.0387535366186107,
    1.028019099383347,
    1.0173016143561402,
    1.0072499730044038,
    0.9983598487748808,
    0.9909263502869285,
    0.9850443945953127,
    0.9806702654429769,
    0.9776929091451149,
    0.9759820083922857
  ],