{
  "bias_mev": [
    -20.0,
    -19.666666666666668,
    -19.333333333333332,
    -19.0,
    -18.666666666666668,
    -18.333333333333332,
    -18.0,
    -17.666666666666668,
    -17.333333333333332,
    -17.0,
    -16.666666666666668,
    -16.333333333333332,
    -16.0,
    -15.666666666666668,
    -15.333333333333334,
    -15.0,
    -14.666666666666668,
    -14.333333333333334,
    -14.0,
    -13.666666666666668,
    -13.333333333333334,
    -13.0,
    -12.666666666666668,
    -12.333333333333334,
    -12.0,
    -11.666666666666668,
    -11.333333333333334,
    -11.0,
    -10.666666666666668,
    -10.333333333333334,
    -10.0,
    -9.666666666666668,
    -9.333333333333334,
    -9.0,
    -8.666666666666668,
    -8.333333333333334,
    -8.0,
    -7.666666666666668,
    -7.333333333333334,
    -7.0,
    -6.666666666666668,
    -6.333333333333334,
    -6.0,
    -5.666666666666668,
    -5.333333333333334,
    -5.0,
    -4.666666666666668,
    -4.333333333333334,
    -4.0,
    -3.666666666666668,
    -3.3333333333333357,
    -3.0,
    -2.666666666666668,
    -2.3333333333333357,
    -2.0,
    -1.6666666666666679,
    -1.3333333333333357,
    -1.0,
    -0.6666666666666679,
    -0.3333333333333357,
    0.0,
    0.33333333333333215,
    0.6666666666666643,
    1.0,
    1.3333333333333321,
    1.6666666666666643,
    2.0,
    2.333333333333332,
    2.6666666666666643,
    3.0,
    3.333333333333332,
    3.6666666666666643,
    4.0,
    4.333333333333332,
    4.666666666666664,
    5.0,
    5.333333333333332,
    5.666666666666664,
    6.0,
    6.333333333333332,
    6.666666666666664,
    7.0,
    7.333333333333332,
    7.666666666666664,
    8.0,
    8.333333333333332,
    8.666666666666664,
    9.0,
    9.333333333333332,
    9.666666666666664,
    10.0,
    10.333333333333332,
    10.666666666666664,
    11.0,
    11.333333333333332,
    11.666666666666664,
    12.0,
    12.333333333333329,
    12.666666666666664,
    13.0,
    13.333333333333329,
    13.666666666666664,
    14.0,
    14.333333333333329,
    14.666666666666664,
    15.0,
    15.333333333333329,
    15.666666666666664,
    16.0,
    16.33333333333333,
    16.666666666666664,
    17.0,
    17.33333333333333,
    17.666666666666664,
    18.0,
    18.33333333333333,
    18.666666666666664,
    19.0,
    19.33333333333333,
    19.666666666666664,
    20.0
  ],
  "conductance": [
    0.9849622483982217,
    0.9863596883847721,
    0.9883641569269791,
    0.9910618323040822,
    0.9945400251794633,
    0.9988748689455339,
    1.00410739189487,
    1.0102113726401167,
    1.017067341447047,
    1.0244510738789154,
    1.0320151582123473,
    1.0392599806591272,
    1.04557948855358,
    1.050445628706674,
    1.0536094076715516,
    1.055143177214942,
    1.0553186525316867,
    1.0544450461589847,
    1.0527817782872324,
    1.0505464368325417,
    1.0479417595590907,
    1.045129871711305,
    1.0421701658718379,
    1.038982376623214,
    1.0353649763706674,
    1.0310653019099136,
    1.0258933791875362,
    1.019828907841251,
    1.0130359445902808,
    1.0057814916708028,
    0.9983375718893597,
    0.9909214076012834,
    0.983671470274357,
    0.9766403767502922,
    0.9698013647914023,
    0.9630811257626912,
    0.9564170556044099,
    0.9498014212542718,
    0.9432805306395419,
    0.9369240356169375,
    0.930797030322817,
    0.9249478844274076,
    0.9194074923345599,
    0.9141929518823411,
    0.9093117488364529,
    0.9047651195832538,
    0.9005504374046019,
    0.8966628178097578,
    0.8930961735695213,
    0.8898439010890695,
    0.8868993246044238,
    0.8842559822403252,
    0.8819078088554815,
    0.8798492514835154,
    0.8780753408043939,
    0.8765817340816775,
    0.8753647398011138,
    0.8744213308354298,
    0.8737491506969028,
    0.873346515914743,
    0.873212416525111,
    0.8733465159147437,
    0.873749150696902,
    0.8744213308354297,
    0.8753647398011146,
    0.8765817340816767,
    0.8780753408043939,
    0.8798492514835159,
    0.8819078088554809,
    0.8842559822403251,
    0.8868993246044244,
    0.8898439010890687,
    0.8930961735695212,
    0.8966628178097588,
    0.9005504374046016,
    0.9047651195832536,
    0.9093117488364534,
    0.9141929518823411,
    0.9194074923345595,
    0.9249478844274085,
    0.9307970303228167,
    0.9369240356169369,
    0.9432805306395428,
    0.9498014212542714,
    0.9564170556044093,
    0.9630811257626918,
    0.9698013647914017,
    0.9766403767502918,
    0.9836714702743574,
    0.990921407601283,
    0.9983375718893596,
    1.0057814916708034,
    1.01303594459028,
    1.0198289078412504,
    1.0258933791875369,
    1.031065301909913,
    1.0353649763706676,
    1.0389823766232147,
    1.042170165871836,
    1.0451298717113053,
    1.0479417595590916,
    1.0505464368325403,
    1.0527817782872326,
    1.0544450461589854,
    1.055318652531685,
    1.0551431772149424,
    1.0536094076715525,
    1.0504456287066728,
    1.0455794885535798,
    1.039259980659128,
    1.032015158212347,
    1.0244510738789154,
    1.017067341447048,
    1.010211372640116,
    1.0041073918948697,
    0.9988748689455347,
    0.9945400251794628,
    0.9910618323040822,
    0.9883641569269801,
    0.9863596883847715,
    0.9849622483982211
  ],