{
  "bias_mev": [
    -20.0,
    -19.666666666666668,
    -19.333333333333332,
    -19.0,
    -18.666666666666668,
    -18.333333333333332,
    -18.0,
    -17.666666666666668,
    -17.333333333333332,
    -17.0,
    -16.666666666666668,
    -16.333333333333332,
    -16.0,
    -15.666666666666668,
    -15.333333333333334,
    -15.0,
    -14.666666666666668,
    -14.333333333333334,
    -14.0,
    -13.666666666666668,
    -13.333333333333334,
    -13.0,
    -12.666666666666668,
    -12.333333333333334,
    -12.0,
    -11.666666666666668,
    -11.333333333333334,
    -11.0,
    -10.666666666666668,
    -10.333333333333334,
    -10.0,
    -9.666666666666668,
    -9.333333333333334,
    -9.0,
    -8.666666666666668,
    -8.333333333333334,
    -8.0,
    -7.666666666666668,
    -7.333333333333334,
    -7.0,
    -6.666666666666668,
    -6.333333333333334,
    -6.0,
    -5.666666666666668,
    -5.333333333333334,
    -5.0,
    -4.666666666666668,
    -4.333333333333334,
    -4.0,
    -3.666666666666668,
    -3.3333333333333357,
    -3.0,
    -2.666666666666668,
    -2.3333333333333357,
    -2.0,
    -1.6666666666666679,
    -1.3333333333333357,
    -1.0,
    -0.6666666666666679,
    -0.3333333333333357,
    0.0,
    0.33333333333333215,
    0.6666666666666643,
    1.0,
    1.3333333333333321,
    1.6666666666666643,
    2.0,
    2.333333333333332,
    2.6666666666666643,
    3.0,
    3.333333333333332,
    3.6666666666666643,
    4.0,
    4.333333333333332,
    4.666666666666664,
    5.0,
    5.333333333333332,
    5.666666666666664,
    6.0,
    6.333333333333332,
    6.666666666666664,
    7.0,
    7.333333333333332,
    7.666666666666664,
    8.0,
    8.333333333333332,
    8.666666666666664,
    9.0,
    9.333333333333332,
    9.666666666666664,
    10.0,
    10.333333333333332,
    10.666666666666664,
    11.0,
    11.333333333333332,
    11.666666666666664,
    12.0,
    12.333333333333329,
    12.666666666666664,
    13.0,
    13.333333333333329,
    13.666666666666664,
    14.0,
    14.333333333333329,
    14.666666666666664,
    15.0,
    15.333333333333329,
    15.666666666666664,
    16.0,
    16.33333333333333,
    16.666666666666664,
    17.0,
    17.33333333333333,
    17.666666666666664,
    18.0,
    18.33333333333333,
    18.666666666666664,
    19.0,
    19.33333333333333,
    19.666666666666664,
    20.0
  ],
  "conductance": [
    0.9731475486265998,
    0.9763202077525686,
    0.9805702028575494,
    0.9859490487925514,
    0.9924701227449806,
    1.0000897655702168,
    1.0086809906326808,
    1.0180025346724226,
    1.0276659168429492,
    1.03710366150748,
    1.0455537914820077,
    1.0521012716966582,
    1.0558223273247398,
    1.0560176516884296,
    1.0524251148310395,
    1.0452808601095143,
    1.0351952525266295,
    1.0229311487151092,
    1.0092059910090252,
    0.9945818424163353,
    0.9794295951776425,
    0.963921893628334,
    0.9480355311208809,
    0.9315835404183951,
    0.9143015392030382,
    0.8959782130997975,
    0.8765794423755187,
    0.8563047215050321,
    0.8355468552311793,
    0.814780469034246,
    0.7944369231810406,
    0.7748128639863702,
    0.7560318790355729,
    0.7380617383047763,
    0.720780951836361,
    0.7040716668161748,
    0.6878961310130742,
    0.6723183122004025,
    0.6574688338963816,
    0.6434869617386471,
    0.6304759050370454,
    0.618485525183653,
    0.6075165962573583,
    0.5975347084220093,
    0.5884849791151163,
    0.5803035893600766,
    0.5729254178710537,
    0.5662884598988227,
    0.5603360281221902,
    0.5550175875340098,
    0.5502888249833264,
    0.5461113338405097,
    0.5424521373605229,
    0.539283173830111,
    0.536580806503065,
    0.5343253872899453,
    0.5325008848788781,
    0.5310945787821042,
    0.53009681670448,
    0.5295008312774013,
    0.5293026122813659,
    0.5295008312774013,
    0.5300968167044798,
    0.5310945787821042,
    0.5325008848788781,
    0.5343253872899453,
    0.536580806503065,
    0.539283173830111,
    0.5424521373605229,
    0.5461113338405099,
    0.5502888249833264,
    0.5550175875340098,
    0.5603360281221901,
    0.5662884598988227,
    0.5729254178710536,
    0.5803035893600766,
    0.5884849791151162,
    0.5975347084220092,
    0.6075165962573582,
    0.6184855251836529,
    0.6304759050370453,
    0.6434869617386471,
    0.6574688338963813,
    0.6723183122004024,
    0.6878961310130741,
    0.7040716668161748,
    0.7207809518363609,
    0.7380617383047762,
    0.7560318790355728,
    0.77481286398637,
    0.7944369231810404,
    0.814780469034246,
    0.835546855231179,
    0.8563047215050322,
    0.8765794423755185,
    0.8959782130997975,
    0.9143015392030382,
    0.9315835404183948,
    0.9480355311208808,
    0.9639218936283339,
    0.9794295951776425,
    0.9945818424163352,
    1.0092059910090252,
    1.0229311487151092,
    1.0351952525266295,
    1.0452808601095145,
    1.0524251148310395,
    1.0560176516884294,
    1.0558223273247398,
    1.0521012716966585,
    1.0455537914820079,
    1.03710366150748,
    1.0276659168429494,
    1.0180025346724226,
    1.0086809906326808,
    1.0000897655702168,
    0.9924701227449807,
    0.9859490487925514,
    0.9805702028575495,
    0.9763202077525686,
    0.9731475486265998
  ],