{
  "bias_mev": [
    -20.0,
    -19.666666666666668,
    -19.333333333333332,
    -19.0,
    -18.666666666666668,
    -18.333333333333332,
    -18.0,
    -17.666666666666668,
    -17.333333333333332,
    -17.0,
    -16.666666666666668,
    -16.333333333333332,
    -16.0,
    -15.666666666666668,
    -15.333333333333334,
    -15.0,
    -14.666666666666668,
    -14.333333333333334,
    -14.0,
    -13.666666666666668,
    -13.333333333333334,
    -13.0,
    -12.666666666666668,
    -12.333333333333334,
    -12.0,
    -11.666666666666668,
    -11.333333333333334,
    -11.0,
    -10.666666666666668,
    -10.333333333333334,
    -10.0,
    -9.666666666666668,
    -9.333333333333334,
    -9.0,
    -8.666666666666668,
    -8.333333333333334,
    -8.0,
    -7.666666666666668,
    -7.333333333333334,
    -7.0,
    -6.666666666666668,
    -6.333333333333334,
    -6.0,
    -5.666666666666668,
    -5.333333333333334,
    -5.0,
    -4.666666666666668,
    -4.333333333333334,
    -4.0,
    -3.666666666666668,
    -3.3333333333333357,
    -3.0,
    -2.666666666666668,
    -2.3333333333333357,
    -2.0,
    -1.6666666666666679,
    -1.3333333333333357,
    -1.0,
    -0.6666666666666679,
    -0.3333333333333357,
    0.0,
    0.33333333333333215,
    0.6666666666666643,
    1.0,
    1.3333333333333321,
    1.6666666666666643,
    2.0,
    2.333333333333332,
    2.6666666666666643,
    3.0,
    3.333333333333332,
    3.6666666666666643,
    4.0,
    4.333333333333332,
    4.666666666666664,
    5.0,
    5.333333333333332,
    5.666666666666664,
    6.0,
    6.333333333333332,
    6.666666666666664,
    7.0,
    7.333333333333332,
    7.666666666666664,
    8.0,
    8.333333333333332,
    8.666666666666664,
    9.0,
    9.333333333333332,
    9.666666666666664,
    10.0,
    10.333333333333332,
    10.666666666666664,
    11.0,
    11.333333333333332,
    11.666666666666664,
    12.0,
    12.333333333333329,
    12.666666666666664,
    13.0,
    13.333333333333329,
    13.666666666666664,
    14.0,
    14.333333333333329,
    14.666666666666664,
    15.0,
    15.333333333333329,
    15.666666666666664,
    16.0,
    16.33333333333333,
    16.666666666666664,
    17.0,
    17.33333333333333,
    17.666666666666664,
    18.0,
    18.33333333333333,
    18.666666666666664,
    19.0,
    19.33333333333333,
    19.666666666666664,
    20.0
  ],
  "conductance": [
    0.9715573201673561,
    0.9753074644898246,
    0.9798274407421763,
    0.9852420545410301,
    0.9916797608991035,
    0.9992592943859125,
    1.0080669369619446,
    1.0181264203900102,
    1.0293646485764747,
    1.0415686588461663,
    1.0543251787969423,
    1.066969785510284,
    1.0786328412373498,
    1.0884443145929121,
    1.09580905682635,
    1.1005636129766596,
    1.1029255179450783,
    1.103315092334856,
    1.1021856452296421,
    1.0999376419418279,
    1.0969006911359565,
    1.0933214395901631,
    1.0893252109816167,
    1.0848774434839275,
    1.0797932542832378,
    1.0738181186429938,
    1.0667556493996302,
    1.0585764772757464,
    1.0494420800350026,
    1.0396388953515134,
    1.029479668160288,
    1.019226809661422,
    1.00905355975816,
    0.999036237287754,
    0.9891731622386043,
    0.9794286258602508,
    0.9697857330328857,
    0.9602774546855752,
    0.9509803484441849,
    0.9419862089642042,
    0.9333762085028812,
    0.9252087044390549,
    0.9175184933514136,
    0.9103214611413792,
    0.903620289916311,
    0.8974093022071821,
    0.8916779938402254,
    0.8864134104248859,
    0.8816016695504802,
    0.8772289029860187,
    0.8732818227780327,
    0.8697480499939163,
    0.8666162964114554,
    0.8638764566028899,
    0.861519646573445,
    0.8595382116273401,
    0.8579257176739283,
    0.8566769348917611,
    0.8557878193462239,
    0.8552554960582978,
    0.8550782456806152,
    0.8552554960582976,
    0.8557878193462239,
    0.8566769348917611,
    0.8579257176739284,
    0.8595382116273401,
    0.861519646573445,
    0.8638764566028898,
    0.8666162964114553,
    0.8697480499939163,
    0.8732818227780329,
    0.8772289029860186,
    0.8816016695504802,
    0.8864134104248859,
    0.8916779938402255,
    0.8974093022071821,
    0.9036202899163109,
    0.9103214611413789,
    0.9175184933514136,
    0.9252087044390548,
    0.933376208502881,
    0.9419862089642042,
    0.9509803484441848,
    0.960277454685575,
    0.9697857330328857,
    0.9794286258602508,
    0.9891731622386042,
    0.9990362372877539,
    1.00905355975816,
    1.0192268096614219,
    1.029479668160288,
    1.0396388953515132,
    1.0494420800350024,
    1.0585764772757464,
    1.0667556493996297,
    1.0738181186429938,
    1.0797932542832378,
    1.084877443483927,
    1.0893252109816167,
    1.093321439590163,
    1.0969006911359562,
    1.0999376419418274,
    1.102185645229642,
    1.103315092334856,
    1.102925517945078,
    1.1005636129766594,
    1.0958090568263503,
    1.0884443145929121,
    1.0786328412373498,
    1.0669697855102842,
    1.0543251787969425,
    1.0415686588461666,
    1.0293646485764747,
    1.0181264203900104,
    1.0080669369619446,
    0.9992592943859127,
    0.9916797608991035,
    0.9852420545410302,
    0.9798274407421765,
    0.9753074644898246,
    0.971557320167356
  ],