{
  "bias_mev": [
    -20.0,
    -19.666666666666668,
    -19.333333333333332,
    -19.0,
    -18.666666666666668,
    -18.333333333333332,
    -18.0,
    -17.666666666666668,
    -17.333333333333332,
    -17.0,
    -16.666666666666668,
    -16.333333333333332,
    -16.0,
    -15.666666666666668,
    -15.333333333333334,
    -15.0,
    -14.666666666666668,
    -14.333333333333334,
    -14.0,
    -13.666666666666668,
    -13.333333333333334,
    -13.0,
    -12.666666666666668,
    -12.333333333333334,
    -12.0,
    -11.666666666666668,
    -11.333333333333334,
    -11.0,
    -10.666666666666668,
    -10.333333333333334,
    -10.0,
    -9.666666666666668,
    -9.333333333333334,
    -9.0,
    -8.666666666666668,
    -8.333333333333334,
    -8.0,
    -7.666666666666668,
    -7.333333333333334,
    -7.0,
    -6.666666666666668,
    -6.333333333333334,
    -6.0,
    -5.666666666666668,
    -5.333333333333334,
    -5.0,
    -4.666666666666668,
    -4.333333333333334,
    -4.0,
    -3.666666666666668,
    -3.3333333333333357,
    -3.0,
    -2.666666666666668,
    -2.3333333333333357,
    -2.0,
    -1.6666666666666679,
    -1.3333333333333357,
    -1.0,
    -0.6666666666666679,
    -0.3333333333333357,
    0.0,
    0.33333333333333215,
    0.6666666666666643,
    1.0,
    1.3333333333333321,
    1.6666666666666643,
    2.0,
    2.333333333333332,
    2.6666666666666643,
    3.0,
    3.333333333333332,
    3.6666666666666643,
    4.0,
    4.333333333333332,
    4.666666666666664,
    5.0,
    5.333333333333332,
    5.666666666666664,
    6.0,
    6.333333333333332,
    6.666666666666664,
    7.0,
    7.333333333333332,
    7.666666666666664,
    8.0,
    8.333333333333332,
    8.666666666666664,
    9.0,
    9.333333333333332,
    9.666666666666664,
    10.0,
    10.333333333333332,
    10.666666666666664,
    11.0,
    11.333333333333332,
    11.666666666666664,
    12.0,
    12.333333333333329,
    12.666666666666664,
    13.0,
    13.333333333333329,
    13.666666666666664,
    14.0,
    14.333333333333329,
    14.666666666666664,
    15.0,
    15.333333333333329,
    15.666666666666664,
    16.0,
    16.33333333333333,
    16.666666666666664,
    17.0,
    17.33333333333333,
    17.666666666666664,
    18.0,
    18.33333333333333,
    18.666666666666664,
    19.0,
    19.33333333333333,
    19.666666666666664,
    20.0
  ],
  "conductance": [
    0.9840622039930489,
    0.9857207960443056,
    0.9880549908637032,
    0.9911212766910025,
    0.9949536198115518,
    0.9995505879190674,
    1.004862565933959,
    1.0107836868529863,
    1.017150125181697,
    1.0237401467086773,
    1.0302709280390898,
    1.0363999148490848,
    1.0417519441987362,
    1.0459832625317278,
    1.0488600460253124,
    1.0503072189823184,
    1.0504007222298646,
    1.0493155603215967,
    1.0472641715857525,
    1.0444494454638227,
    1.0410324826099737,
    1.0371050987374555,
    1.032668376006299,
    1.0276328507521202,
    1.0218539192873888,
    1.0151975303235692,
    1.0076102136540905,
    0.9991597174379586,
    0.9900267608688257,
    0.9804560956894517,
    0.9706937462460082,
    0.9609354776552408,
    0.9512991102794075,
    0.9418236298066653,
    0.9324926564589665,
    0.9232730869406006,
    0.9141519971146261,
    0.9051551799443599,
    0.8963427880607178,
    0.887791250035426,
    0.8795744696203553,
    0.8717519491857932,
    0.8643647136265759,
    0.8574364670380846,
    0.8509770910959267,
    0.8449865571131994,
    0.839458328907489,
    0.8343819803296685,
    0.8297450652831909,
    0.8255343880318312,
    0.8217368330833216,
    0.8183398884837569,
    0.8153319632864792,
    0.8127025706604925,
    0.8104424255487452,
    0.8085434896116436,
    0.8069989850495513,
    0.8058033914041502,
    0.8049524344657581,
    0.8044430731320584,
    0.8042734878906064,
    0.8044430731320584,
    0.8049524344657581,
    0.8058033914041502,
    0.8069989850495515,
    0.8085434896116436,
    0.8104424255487453,
    0.8127025706604925,
    0.8153319632864792,
    0.8183398884837569,
    0.8217368330833218,
    0.8255343880318309,
    0.8297450652831907,
    0.8343819803296686,
    0.8394583289074887,
    0.8449865571131994,
    0.8509770910959267,
    0.8574364670380845,
    0.8643647136265759,
    0.8717519491857931,
    0.8795744696203551,
    0.887791250035426,
    0.8963427880607178,
    0.9051551799443599,
    0.9141519971146261,
    0.9232730869406007,
    0.9324926564589665,
    0.9418236298066653,
    0.9512991102794076,
    0.9609354776552406,
    0.9706937462460086,
    0.9804560956894518,
    0.9900267608688256,
    0.9991597174379588,
    1.0076102136540905,
    1.0151975303235692,
    1.021853919287389,
    1.0276328507521204,
    1.0326683760062991,
    1.0371050987374555,
    1.0410324826099737,
    1.0444494454638222,
    1.0472641715857522,
    1.0493155603215967,
    1.0504007222298646,
    1.0503072189823184,
    1.0488600460253126,
    1.0459832625317276,
    1.041751944198736,
    1.0363999148490846,
    1.0302709280390898,
    1.023740146708677,
    1.0171501251816972,
    1.0107836868529863,
    1.004862565933959,
    0.9995505879190674,
    0.9949536198115518,
    0.9911212766910025,
    0.9880549908637033,
    0.9857207960443053,
    0.9840622039930488
  ],