{
  "bias_mev": [
    -20.0,
    -19.666666666666668,
    -19.333333333333332,
    -19.0,
    -18.666666666666668,
    -18.333333333333332,
    -18.0,
    -17.666666666666668,
    -17.333333333333332,
    -17.0,
    -16.666666666666668,
    -16.333333333333332,
    -16.0,
    -15.666666666666668,
    -15.333333333333334,
    -15.0,
    -14.666666666666668,
    -14.333333333333334,
    -14.0,
    -13.666666666666668,
    -13.333333333333334,
    -13.0,
    -12.666666666666668,
    -12.333333333333334,
    -12.0,
    -11.666666666666668,
    -11.333333333333334,
    -11.0,
    -10.666666666666668,
    -10.333333333333334,
    -10.0,
    -9.666666666666668,
    -9.333333333333334,
    -9.0,
    -8.666666666666668,
    -8.333333333333334,
    -8.0,
    -7.666666666666668,
    -7.333333333333334,
    -7.0,
    -6.666666666666668,
    -6.333333333333334,
    -6.0,
    -5.666666666666668,
    -5.333333333333334,
    -5.0,
    -4.666666666666668,
    -4.333333333333334,
    -4.0,
    -3.666666666666668,
    -3.3333333333333357,
    -3.0,
    -2.666666666666668,
    -2.3333333333333357,
    -2.0,
    -1.6666666666666679,
    -1.3333333333333357,
    -1.0,
    -0.6666666666666679,
    -0.3333333333333357,
    0.0,
    0.33333333333333215,
    0.6666666666666643,
    1.0,
    1.3333333333333321,
    1.6666666666666643,
    2.0,
    2.333333333333332,
    2.6666666666666643,
    3.0,
    3.333333333333332,
    3.6666666666666643,
    4.0,
    4.333333333333332,
    4.666666666666664,
    5.0,
    5.333333333333332,
    5.666666666666664,
    6.0,
    6.333333333333332,
    6.666666666666664,
    7.0,
    7.333333333333332,
    7.666666666666664,
    8.0,
    8.333333333333332,
    8.666666666666664,
    9.0,
    9.333333333333332,
    9.666666666666664,
    10.0,
    10.333333333333332,
    10.666666666666664,
    11.0,
    11.333333333333332,
    11.666666666666664,
    12.0,
    12.333333333333329,
    12.666666666666664,
    13.0,
    13.333333333333329,
    13.666666666666664,
    14.0,
    14.333333333333329,
    14.666666666666664,
    15.0,
    15.333333333333329,
    15.666666666666664,
    16.0,
    16.33333333333333,
    16.666666666666664,
    17.0,
    17.33333333333333,
    17.666666666666664,
    18.0,
    18.33333333333333,
    18.666666666666664,
    19.0,
    19.33333333333333,
    19.666666666666664,
    20.0
  ],
  "conductance": [
    0.9712217382924349,
    0.974766578501536,
    0.9791688133733525,
    0.9845621435583688,
    0.9910872803737133,
    0.9988761324434372,
    1.0080228756716876,
    1.0185506310713142,
    1.0303905181067345,
    1.0433532886074193,
    1.0570127675554966,
    1.0705050552359825,
    1.0824984770813626,
    1.0916035354030758,
    1.0970028009746797,
    1.0987254582455224,
    1.0974012324629088,
    1.0938269422390288,
    1.0886796795712772,
    1.0824693134664305,
    1.0756038243054713,
    1.0683914221085293,
    1.0609495808445566,
    1.0531285891906572,
    1.0445531716620386,
    1.0348017627784536,
    1.0236528988597804,
    1.0112351039344698,
    0.9979556682777619,
    0.9843007779319569,
    0.970678526393034,
    0.9573569951505718,
    0.9444563418630301,
    0.9319612627935894,
    0.919765286018297,
    0.9077635968639827,
    0.8959453335181351,
    0.8844052640278477,
    0.8732816545284565,
    0.862693635300931,
    0.8527162220542323,
    0.8433834049349596,
    0.8347004646768811,
    0.8266554904231823,
    0.819227487319754,
    0.8123914284176984,
    0.8061212050574778,
    0.800391274369447,
    0.7951775363612155,
    0.7904577663281404,
    0.7862117949941505,
    0.7824215486222896,
    0.7790710143930054,
    0.7761461690515353,
    0.7736348929232659,
    0.7715268820876675,
    0.7698135660315257,
    0.7684880348868435,
    0.767544978480357,
    0.7669806383422717,
    0.766792773221753,
    0.766980638342272,
    0.7675449784803566,
    0.7684880348868435,
    0.7698135660315258,
    0.7715268820876672,
    0.773634892923266,
    0.7761461690515357,
    0.7790710143930051,
    0.7824215486222897,
    0.7862117949941507,
    0.7904577663281399,
    0.7951775363612155,
    0.8003912743694475,
    0.8061212050574776,
    0.8123914284176983,
    0.8192274873197544,
    0.826655490423182,
    0.834700464676881,
    0.8433834049349599,
    0.852716222054232,
    0.8626936353009306,
    0.8732816545284569,
    0.8844052640278474,
    0.8959453335181349,
    0.9077635968639831,
    0.9197652860182967,
    0.9319612627935893,
    0.9444563418630304,
    0.9573569951505713,
    0.9706785263930336,
    0.9843007779319572,
    0.9979556682777618,
    1.0112351039344696,
    1.0236528988597808,
    1.0348017627784531,
    1.0445531716620389,
    1.0531285891906574,
    1.0609495808445557,
    1.0683914221085296,
    1.0756038243054717,
    1.0824693134664296,
    1.0886796795712774,
    1.0938269422390294,
    1.0974012324629079,
    1.098725458245523,
    1.0970028009746804,
    1.0916035354030753,
    1.0824984770813626,
    1.0705050552359832,
    1.0570127675554963,
    1.0433532886074193,
    1.030390518106735,
    1.0185506310713142,
    1.0080228756716878,
    0.998876132443438,
    0.9910872803737131,
    0.9845621435583689,
    0.9791688133733532,
    0.974766578501536,
    0.9712217382924346
  ],