{
  "bias_mev": [
    -20.0,
    -19.666666666666668,
    -19.333333333333332,
    -19.0,
    -18.666666666666668,
    -18.333333333333332,
    -18.0,
    -17.666666666666668,
    -17.333333333333332,
    -17.0,
    -16.666666666666668,
    -16.333333333333332,
    -16.0,
    -15.666666666666668,
    -15.333333333333334,
    -15.0,
    -14.666666666666668,
    -14.333333333333334,
    -14.0,
    -13.666666666666668,
    -13.333333333333334,
    -13.0,
    -12.666666666666668,
    -12.333333333333334,
    -12.0,
    -11.666666666666668,
    -11.333333333333334,
    -11.0,
    -10.666666666666668,
    -10.333333333333334,
    -10.0,
    -9.666666666666668,
    -9.333333333333334,
    -9.0,
    -8.666666666666668,
    -8.333333333333334,
    -8.0,
    -7.666666666666668,
    -7.333333333333334,
    -7.0,
    -6.666666666666668,
    -6.333333333333334,
    -6.0,
    -5.666666666666668,
    -5.333333333333334,
    -5.0,
    -4.666666666666668,
    -4.333333333333334,
    -4.0,
    -3.666666666666668,
    -3.3333333333333357,
    -3.0,
    -2.666666666666668,
    -2.3333333333333357,
    -2.0,
    -1.6666666666666679,
    -1.3333333333333357,
    -1.0,
    -0.6666666666666679,
    -0.3333333333333357,
    0.0,
    0.33333333333333215,
    0.6666666666666643,
    1.0,
    1.3333333333333321,
    1.6666666666666643,
    2.0,
    2.333333333333332,
    2.6666666666666643,
    3.0,
    3.333333333333332,
    3.6666666666666643,
    4.0,
    4.333333333333332,
    4.666666666666664,
    5.0,
    5.333333333333332,
    5.666666666666664,
    6.0,
    6.333333333333332,
    6.666666666666664,
    7.0,
    7.333333333333332,
    7.666666666666664,
    8.0,
    8.333333333333332,
    8.666666666666664,
    9.0,
    9.333333333333332,
    9.666666666666664,
    10.0,
    10.333333333333332,
    10.666666666666664,
    11.0,
    11.333333333333332,
    11.666666666666664,
    12.0,
    12.333333333333329,
    12.666666666666664,
    13.0,
    13.333333333333329,
    13.666666666666664,
    14.0,
    14.333333333333329,
    14.666666666666664,
    15.0,
    15.333333333333329,
    15.666666666666664,
    16.0,
    16.33333333333333,
    16.666666666666664,
    17.0,
    17.33333333333333,
    17.666666666666664,
    18.0,
    18.33333333333333,
    18.666666666666664,
    19.0,
    19.33333333333333,
    19.666666666666664,
    20.0
  ],
  "conductance": [
    0.9778670781611823,
    0.9791932218450606,
    0.9815756157458596,
    0.98517674768501,
    0.9902013560452428,
    0.9968904180663917,
    1.0054561909385507,
    1.0158807172540425,
    1.027666949483081,
    1.0400917047755784,
    1.0527694545155324,
    1.0648626282848472,
    1.0740782942280687,
    1.0782405055041608,
    1.077287515123049,
    1.0727024886353027,
    1.0663059393112766,
    1.0591784060640328,
    1.0513889045230345,
    1.0429596933340215,
    1.034603033287948,
    1.0271353450551106,
    1.0206599040823006,
    1.0144415185486577,
    1.0074637132607311,
    0.9984525967296515,
    0.9861910066488515,
    0.9709288789795324,
    0.954164530561304,
    0.9373467215467854,
    0.921378129224094,
    0.9067276245634524,
    0.8935889776160651,
    0.8818727689559709,
    0.87101377908155,
    0.8599916818412481,
    0.8481486819097445,
    0.8357663637684064,
    0.8234863970563909,
    0.8117687202720377,
    0.8008270016337435,
    0.7907242917139016,
    0.781451378131911,
    0.7729688818636339,
    0.7652272920031106,
    0.7581760441880184,
    0.7517674292966832,
    0.7459580906298116,
    0.740709407658719,
    0.7359873819356034,
    0.7317623194323291,
    0.7280084497270896,
    0.7247035476554283,
    0.7218285863560491,
    0.7193674327011111,
    0.7173065875191209,
    0.7156349691514935,
    0.7143437373935321,
    0.7134261545667356,
    0.7128774807436341,
    0.7126949006894492,
    0.7128774807436349,
    0.7134261545667349,
    0.7143437373935321,
    0.7156349691514945,
    0.7173065875191199,
    0.7193674327011111,
    0.7218285863560499,
    0.7247035476554274,
    0.7280084497270896,
    0.7317623194323298,
    0.7359873819356025,
    0.7407094076587185,
    0.7459580906298123,
    0.7517674292966827,
    0.7581760441880181,
    0.7652272920031113,
    0.7729688818636332,
    0.7814513781319105,
    0.7907242917139027,
    0.8008270016337429,
    0.8117687202720374,
    0.8234863970563918,
    0.8357663637684056,
    0.8481486819097439,
    0.8599916818412492,
    0.8710137790815495,
    0.8818727689559706,
    0.8935889776160664,
    0.9067276245634519,
    0.9213781292240936,
    0.937346721546787,
    0.9541645305613031,
    0.9709288789795321,
    0.9861910066488525,
    0.9984525967296499,
    1.0074637132607314,
    1.014441518548659,
    1.0206599040822988,
    1.0271353450551113,
    1.0346030332879492,
    1.0429596933340193,
    1.0513889045230354,
    1.0591784060640341,
    1.0663059393112746,
    1.0727024886353038,
    1.0772875151230505,
    1.0782405055041588,
    1.0740782942280689,
    1.0648626282848488,
    1.0527694545155313,
    1.0400917047755784,
    1.0276669494830826,
    1.0158807172540412,
    1.0054561909385504,
    0.9968904180663929,
    0.9902013560452416,
    0.9851767476850097,
    0.9815756157458608,
    0.97919322184506,
    0.9778670781611819
  ],