{
  "bias_mev": [
    -20.0,
    -19.666666666666668,
    -19.333333333333332,
    -19.0,
    -18.666666666666668,
    -18.333333333333332,
    -18.0,
    -17.666666666666668,
    -17.333333333333332,
    -17.0,
    -16.666666666666668,
    -16.333333333333332,
    -16.0,
    -15.666666666666668,
    -15.333333333333334,
    -15.0,
    -14.666666666666668,
    -14.333333333333334,
    -14.0,
    -13.666666666666668,
    -13.333333333333334,
    -13.0,
    -12.666666666666668,
    -12.333333333333334,
    -12.0,
    -11.666666666666668,
    -11.333333333333334,
    -11.0,
    -10.666666666666668,
    -10.333333333333334,
    -10.0,
    -9.666666666666668,
    -9.333333333333334,
    -9.0,
    -8.666666666666668,
    -8.333333333333334,
    -8.0,
    -7.666666666666668,
    -7.333333333333334,
    -7.0,
    -6.666666666666668,
    -6.333333333333334,
    -6.0,
    -5.666666666666668,
    -5.333333333333334,
    -5.0,
    -4.666666666666668,
    -4.333333333333334,
    -4.0,
    -3.666666666666668,
    -3.3333333333333357,
    -3.0,
    -2.666666666666668,
    -2.3333333333333357,
    -2.0,
    -1.6666666666666679,
    -1.3333333333333357,
    -1.0,
    -0.6666666666666679,
    -0.3333333333333357,
    0.0,
    0.33333333333333215,
    0.6666666666666643,
    1.0,
    1.3333333333333321,
    1.6666666666666643,
    2.0,
    2.333333333333332,
    2.6666666666666643,
    3.0,
    3.333333333333332,
    3.6666666666666643,
    4.0,
    4.333333333333332,
    4.666666666666664,
    5.0,
    5.333333333333332,
    5.666666666666664,
    6.0,
    6.333333333333332,
    6.666666666666664,
    7.0,
    7.333333333333332,
    7.666666666666664,
    8.0,
    8.333333333333332,
    8.666666666666664,
    9.0,
    9.333333333333332,
    9.666666666666664,
    10.0,
    10.333333333333332,
    10.666666666666664,
    11.0,
    11.333333333333332,
    11.666666666666664,
    12.0,
    12.333333333333329,
    12.666666666666664,
    13.0,
    13.333333333333329,
    13.666666666666664,
    14.0,
    14.333333333333329,
    14.666666666666664,
    15.0,
    15.333333333333329,
    15.666666666666664,
    16.0,
    16.33333333333333,
    16.666666666666664,
    17.0,
    17.33333333333333,
    17.666666666666664,
    18.0,
    18.33333333333333,
    18.666666666666664,
    19.0,
    19.33333333333333,
    19.666666666666664,
    20.0
  ],
  "conductance": [
    0.9789021346852902,
    0.9802876085493901,
    0.9827339347776438,
    0.9863900172089017,
    0.9914109839443492,
    0.997914742096675,
    1.0058978045179432,
    1.015152766943586,
    1.0253074532615176,
    1.0360025540147009,
    1.0469039461936114,
    1.057339170478936,
    1.0660278985621716,
    1.0715352342115667,
    1.0731517753440842,
    1.0712375480949015,
    1.0667978219922047,
    1.0608211318607412,
    1.0539316551916416,
    1.0465306152403278,
    1.0390590082136484,
    1.0319264844222242,
    1.0251776604454883,
    1.0182908819898806,
    1.010313327973169,
    1.0002651675770071,
    0.9876780121581865,
    0.9729243964867109,
    0.9569781341047744,
    0.9408861250901086,
    0.9254289141018689,
    0.9110371227055801,
    0.8977972901942836,
    0.885456633223277,
    0.8735049295797874,
    0.8614488436870958,
    0.8491277639712045,
    0.836747091749234,
    0.8246526605507908,
    0.8131291513433736,
    0.8023389622602537,
    0.7923443739568385,
    0.7831467099718448,
    0.7747163668618097,
    0.7670108460802807,
    0.759984327162283,
    0.7535923226110669,
    0.7477937200599738,
    0.7425515092560191,
    0.7378328775128962,
    0.7336090218587668,
    0.7298548513993057,
    0.7265486643616195,
    0.7236718393600922,
    0.721208557961069,
    0.7191455645677899,
    0.7174719643969952,
    0.7161790580258923,
    0.7152602101968254,
    0.7147107505293431,
    0.7145279041215394,
    0.7147107505293433,
    0.7152602101968251,
    0.7161790580258922,
    0.7174719643969956,
    0.7191455645677897,
    0.7212085579610689,
    0.7236718393600925,
    0.7265486643616194,
    0.7298548513993057,
    0.7336090218587668,
    0.7378328775128958,
    0.7425515092560189,
    0.7477937200599739,
    0.7535923226110667,
    0.7599843271622828,
    0.767010846080281,
    0.7747163668618094,
    0.7831467099718445,
    0.7923443739568385,
    0.8023389622602535,
    0.8131291513433734,
    0.824652660550791,
    0.8367470917492336,
    0.8491277639712042,
    0.861448843687096,
    0.8735049295797871,
    0.8854566332232766,
    0.8977972901942838,
    0.9110371227055798,
    0.9254289141018687,
    0.9408861250901086,
    0.9569781341047741,
    0.9729243964867109,
    0.9876780121581865,
    1.000265167577007,
    1.010313327973169,
    1.018290881989881,
    1.0251776604454879,
    1.0319264844222245,
    1.0390590082136484,
    1.0465306152403273,
    1.0539316551916416,
    1.0608211318607412,
    1.0667978219922045,
    1.0712375480949017,
    1.0731517753440845,
    1.0715352342115663,
    1.0660278985621716,
    1.0573391704789366,
    1.0469039461936114,
    1.0360025540147009,
    1.0253074532615185,
    1.015152766943586,
    1.0058978045179432,
    0.9979147420966753,
    0.9914109839443491,
    0.9863900172089014,
    0.9827339347776441,
    0.98028760854939,
    0.9789021346852899
  ],