{
  "bias_mev": [
    -20.0,
    -19.666666666666668,
    -19.333333333333332,
    -19.0,
    -18.666666666666668,
    -18.333333333333332,
    -18.0,
    -17.666666666666668,
    -17.333333333333332,
    -17.0,
    -16.666666666666668,
    -16.333333333333332,
    -16.0,
    -15.666666666666668,
    -15.333333333333334,
    -15.0,
    -14.666666666666668,
    -14.333333333333334,
    -14.0,
    -13.666666666666668,
    -13.333333333333334,
    -13.0,
    -12.666666666666668,
    -12.333333333333334,
    -12.0,
    -11.666666666666668,
    -11.333333333333334,
    -11.0,
    -10.666666666666668,
    -10.333333333333334,
    -10.0,
    -9.666666666666668,
    -9.333333333333334,
    -9.0,
    -8.666666666666668,
    -8.333333333333334,
    -8.0,
    -7.666666666666668,
    -7.333333333333334,
    -7.0,
    -6.666666666666668,
    -6.333333333333334,
    -6.0,
    -5.666666666666668,
    -5.333333333333334,
    -5.0,
    -4.666666666666668,
    -4.333333333333334,
    -4.0,
    -3.666666666666668,
    -3.3333333333333357,
    -3.0,
    -2.666666666666668,
    -2.3333333333333357,
    -2.0,
    -1.6666666666666679,
    -1.3333333333333357,
    -1.0,
    -0.6666666666666679,
    -0.3333333333333357,
    0.0,
    0.33333333333333215,
    0.6666666666666643,
    1.0,
    1.3333333333333321,
    1.6666666666666643,
    2.0,
    2.333333333333332,
    2.6666666666666643,
    3.0,
    3.333333333333332,
    3.6666666666666643,
    4.0,
    4.333333333333332,
    4.666666666666664,
    5.0,
    5.333333333333332,
    5.666666666666664,
    6.0,
    6.333333333333332,
    6.666666666666664,
    7.0,
    7.333333333333332,
    7.666666666666664,
    8.0,
    8.333333333333332,
    8.666666666666664,
    9.0,
    9.333333333333332,
    9.666666666666664,
    10.0,
    10.333333333333332,
    10.666666666666664,
    11.0,
    11.333333333333332,
    11.666666666666664,
    12.0,
    12.333333333333329,
    12.666666666666664,
    13.0,
    13.333333333333329,
    13.666666666666664,
    14.0,
    14.333333333333329,
    14.666666666666664,
    15.0,
    15.333333333333329,
    15.666666666666664,
    16.0,
    16.33333333333333,
    16.666666666666664,
    17.0,
    17.33333333333333,
    17.666666666666664,
    18.0,
    18.33333333333333,
    18.666666666666664,
    19.0,
    19.33333333333333,
    19.666666666666664,
    20.0
  ],
  "conductance": [
    0.9764720943716327,
    0.9785982233625107,
    0.9820400356668681,
    0.9868257242839408,
    0.9929212933004701,
    1.000181715225929,
    1.008304228468823,
    1.0168221249321425,
    1.0251583469596914,
    1.0326762134279914,
    1.0386307249908748,
    1.0420801973449165,
    1.0419961395774058,
    1.0376620171659647,
    1.029069193804448,
    1.016937849987173,
    1.0023549630348205,
    0.9863472230280883,
    0.9696729037682348,
    0.9528439816450666,
    0.9361750056372842,
    0.9197177185697072,
    0.9031654224894337,
    0.8858990378392931,
    0.8672321259634025,
    0.846758897691561,
    0.8246198891417101,
    0.8015006453436693,
    0.778350314153898,
    0.7560279869168061,
    0.73508094192015,
    0.7156883149913639,
    0.6977063992630425,
    0.6807766005241445,
    0.6644958871740384,
    0.6486098701180237,
    0.633116053774147,
    0.6182071306636668,
    0.6041256002511265,
    0.591050550825513,
    0.5790624371060795,
    0.5681599582871855,
    0.558291727309093,
    0.5493829124547759,
    0.5413522379933368,
    0.5341211079850281,
    0.5276177393838186,
    0.5217785409317908,
    0.5165481244763309,
    0.511878716392091,
    0.5077293633341569,
    0.5040651212828362,
    0.5008563103188173,
    0.49807786478385474,
    0.4957087836879177,
    0.4937316755648891,
    0.49213238825231514,
    0.4908997136147872,
    0.4900251582219062,
    0.4895027725473142,
    0.48932903296821084,
    0.4895027725473145,
    0.49002515822190595,
    0.4908997136147872,
    0.49213238825231526,
    0.4937316755648889,
    0.49570878368791765,
    0.49807786478385496,
    0.5008563103188172,
    0.5040651212828363,
    0.5077293633341571,
    0.5118787163920908,
    0.5165481244763309,
    0.5217785409317911,
    0.5276177393838185,
    0.534121107985028,
    0.541352237993337,
    0.5493829124547757,
    0.5582917273090929,
    0.5681599582871857,
    0.5790624371060794,
    0.5910505508255127,
    0.6041256002511267,
    0.6182071306636664,
    0.633116053774147,
    0.648609870118024,
    0.6644958871740382,
    0.6807766005241445,
    0.6977063992630428,
    0.7156883149913636,
    0.7350809419201498,
    0.7560279869168064,
    0.7783503141538977,
    0.801500645343669,
    0.8246198891417102,
    0.8467588976915604,
    0.8672321259634029,
    0.8858990378392936,
    0.9031654224894328,
    0.9197177185697074,
    0.9361750056372846,
    0.9528439816450656,
    0.9696729037682352,
    0.9863472230280885,
    1.00235496303482,
    1.0169378499871733,
    1.0290691938044483,
    1.0376620171659645,
    1.0419961395774058,
    1.0420801973449172,
    1.0386307249908744,
    1.0326762134279912,
    1.0251583469596923,
    1.016822124932142,
    1.008304228468823,
    1.0001817152259296,
    0.9929212933004696,
    0.986825724283941,
    0.9820400356668686,
    0.9785982233625105,
    0.9764720943716322
  ],