{
  "bias_mev": [
    -20.0,
    -19.666666666666668,
    -19.333333333333332,
    -19.0,
    -18.666666666666668,
    -18.333333333333332,
    -18.0,
    -17.666666666666668,
    -17.333333333333332,
    -17.0,
    -16.666666666666668,
    -16.333333333333332,
    -16.0,
    -15.666666666666668,
    -15.333333333333334,
    -15.0,
    -14.666666666666668,
    -14.333333333333334,
    -14.0,
    -13.666666666666668,
    -13.333333333333334,
    -13.0,
    -12.666666666666668,
    -12.333333333333334,
    -12.0,
    -11.666666666666668,
    -11.333333333333334,
    -11.0,
    -10.666666666666668,
    -10.333333333333334,
    -10.0,
    -9.666666666666668,
    -9.333333333333334,
    -9.0,
    -8.666666666666668,
    -8.333333333333334,
    -8.0,
    -7.666666666666668,
    -7.333333333333334,
    -7.0,
    -6.666666666666668,
    -6.333333333333334,
    -6.0,
    -5.666666666666668,
    -5.333333333333334,
    -5.0,
    -4.666666666666668,
    -4.333333333333334,
    -4.0,
    -3.666666666666668,
    -3.3333333333333357,
    -3.0,
    -2.666666666666668,
    -2.3333333333333357,
    -2.0,
    -1.6666666666666679,
    -1.3333333333333357,
    -1.0,
    -0.6666666666666679,
    -0.3333333333333357,
    0.0,
    0.33333333333333215,
    0.6666666666666643,
    1.0,
    1.3333333333333321,
    1.6666666666666643,
    2.0,
    2.333333333333332,
    2.6666666666666643,
    3.0,
    3.333333333333332,
    3.6666666666666643,
    4.0,
    4.333333333333332,
    4.666666666666664,
    5.0,
    5.333333333333332,
    5.666666666666664,
    6.0,
    6.333333333333332,
    6.666666666666664,
    7.0,
    7.333333333333332,
    7.666666666666664,
    8.0,
    8.333333333333332,
    8.666666666666664,
    9.0,
    9.333333333333332,
    9.666666666666664,
    10.0,
    10.333333333333332,
    10.666666666666664,
    11.0,
    11.333333333333332,
    11.666666666666664,
    12.0,
    12.333333333333329,
    12.666666666666664,
    13.0,
    13.333333333333329,
    13.666666666666664,
    14.0,
    14.333333333333329,
    14.666666666666664,
    15.0,
    15.333333333333329,
    15.666666666666664,
    16.0,
    16.33333333333333,
    16.666666666666664,
    17.0,
    17.33333333333333,
    17.666666666666664,
    18.0,
    18.33333333333333,
    18.666666666666664,
    19.0,
    19.33333333333333,
    19.666666666666664,
    20.0
  ],
  "conductance": [
    0.98386798410287,
    0.9855045852835097,
    0.9878446781107398,
    0.9909462448332766,
    0.9948435388288739,
    0.9995326919146047,
    1.0049563131326646,
    1.010992046650363,
    1.0174481479205824,
    1.0240637692225176,
    1.030511071292243,
    1.0364073467146218,
    1.0413554795582551,
    1.0450171712949454,
    1.0471899177374377,
    1.047843628403703,
    1.047097842394872,
    1.0451604024882588,
    1.0422645425778425,
    1.0386248823053228,
    1.0344076958938593,
    1.0297044681164713,
    1.024511981239968,
    1.0187353643070698,
    1.0122261594704534,
    1.0048491637606909,
    0.9965527088782198,
    0.9874094964812135,
    0.9776080586682897,
    0.967402468017312,
    0.957047637427206,
    0.946746079573921,
    0.9366189558909025,
    0.9267041908137883,
    0.9169795355285908,
    0.9074023357568529,
    0.8979493992607981,
    0.8886389138867479,
    0.8795277991887599,
    0.87069299641054,
    0.862210773188649,
    0.8541430794745967,
    0.8465324929934673,
    0.839403132901734,
    0.8327643308941545,
    0.8266148536923884,
    0.8209466006149584,
    0.8157474442668154,
    0.8110032480076018,
    0.8066992232374849,
    0.8028208041629153,
    0.7993541892203477,
    0.7962866609524177,
    0.7936067630859931,
    0.7913043882609067,
    0.7893708118419852,
    0.7877986949389992,
    0.786582071557581,
    0.7857163294189617,
    0.785198190475673,
    0.7850256948590231,
    0.785198190475673,
    0.7857163294189617,
    0.7865820715575811,
    0.7877986949389991,
    0.7893708118419852,
    0.7913043882609067,
    0.7936067630859933,
    0.796286660952418,
    0.7993541892203477,
    0.8028208041629153,
    0.8066992232374849,
    0.8110032480076018,
    0.8157474442668153,
    0.8209466006149584,
    0.8266148536923884,
    0.8327643308941545,
    0.8394031329017342,
    0.8465324929934673,
    0.8541430794745968,
    0.862210773188649,
    0.87069299641054,
    0.8795277991887598,
    0.8886389138867477,
    0.8979493992607981,
    0.9074023357568529,
    0.9169795355285908,
    0.9267041908137883,
    0.9366189558909026,
    0.946746079573921,
    0.9570476374272061,
    0.967402468017312,
    0.9776080586682897,
    0.9874094964812136,
    0.9965527088782198,
    1.0048491637606909,
    1.0122261594704534,
    1.0187353643070698,
    1.024511981239968,
    1.029704468116471,
    1.0344076958938593,
    1.0386248823053228,
    1.0422645425778427,
    1.0451604024882586,
    1.0470978423948718,
    1.047843628403703,
    1.0471899177374377,
    1.0450171712949456,
    1.041355479558255,
    1.036407346714622,
    1.030511071292243,
    1.0240637692225176,
    1.0174481479205821,
    1.010992046650363,
    1.0049563131326646,
    0.9995326919146048,
    0.9948435388288739,
    0.9909462448332765,
    0.9878446781107402,
    0.9855045852835095,
    0.9838679841028696
  ],