{
  "bias_mev": [
    -20.0,
    -19.666666666666668,
    -19.333333333333332,
    -19.0,
    -18.666666666666668,
    -18.333333333333332,
    -18.0,
    -17.666666666666668,
    -17.333333333333332,
    -17.0,
    -16.666666666666668,
    -16.333333333333332,
    -16.0,
    -15.666666666666668,
    -15.333333333333334,
    -15.0,
    -14.666666666666668,
    -14.333333333333334,
    -14.0,
    -13.666666666666668,
    -13.333333333333334,
    -13.0,
    -12.666666666666668,
    -12.333333333333334,
    -12.0,
    -11.666666666666668,
    -11.333333333333334,
    -11.0,
    -10.666666666666668,
    -10.333333333333334,
    -10.0,
    -9.666666666666668,
    -9.333333333333334,
    -9.0,
    -8.666666666666668,
    -8.333333333333334,
    -8.0,
    -7.666666666666668,
    -7.333333333333334,
    -7.0,
    -6.666666666666668,
    -6.333333333333334,
    -6.0,
    -5.666666666666668,
    -5.333333333333334,
    -5.0,
    -4.666666666666668,
    -4.333333333333334,
    -4.0,
    -3.666666666666668,
    -3.3333333333333357,
    -3.0,
    -2.666666666666668,
    -2.3333333333333357,
    -2.0,
    -1.6666666666666679,
    -1.3333333333333357,
    -1.0,
    -0.6666666666666679,
    -0.3333333333333357,
    0.0,
    0.33333333333333215,
    0.6666666666666643,
    1.0,
    1.3333333333333321,
    1.6666666666666643,
    2.0,
    2.333333333333332,
    2.6666666666666643,
    3.0,
    3.333333333333332,
    3.6666666666666643,
    4.0,
    4.333333333333332,
    4.666666666666664,
    5.0,
    5.333333333333332,
    5.666666666666664,
    6.0,
    6.333333333333332,
    6.666666666666664,
    7.0,
    7.333333333333332,
    7.666666666666664,
    8.0,
    8.333333333333332,
    8.666666666666664,
    9.0,
    9.333333333333332,
    9.666666666666664,
    10.0,
    10.333333333333332,
    10.666666666666664,
    11.0,
    11.333333333333332,
    11.666666666666664,
    12.0,
    12.333333333333329,
    12.666666666666664,
    13.0,
    13.333333333333329,
    13.666666666666664,
    14.0,
    14.333333333333329,
    14.666666666666664,
    15.0,
    15.333333333333329,
    15.666666666666664,
    16.0,
    16.33333333333333,
    16.666666666666664,
    17.0,
    17.33333333333333,
    17.666666666666664,
    18.0,
    18.33333333333333,
    18.666666666666664,
    19.0,
    19.33333333333333,
    19.666666666666664,
    20.0
  ],
  "conductance": [
    0.9717395800109119,
    0.9745023591005016,
    0.9783738211741675,
    0.9834835871384742,
    0.9899798607927852,
    0.9980160242690987,
    1.0076984085504566,
    1.0189956513632414,
    1.0316958367906688,
    1.0455148708096935,
    1.060079507429153,
    1.0743465347769565,
    1.0860845576196534,
    1.0927538135432777,
    1.0933196047416287,
    1.088668864100288,
    1.08059508096082,
    1.070734042942692,
    1.060004672177602,
    1.0487672496731044,
    1.0373715672573895,
    1.0262988796643584,
    1.0157784632380307,
    1.005411518167401,
    0.9942168028672786,
    0.9810515780278753,
    0.9652028888765907,
    0.9469274258832534,
    0.9272725834542032,
    0.9073943573037649,
    0.888159805253439,
    0.8701084124965737,
    0.8534618830593905,
    0.8380390484383212,
    0.8232255120273111,
    0.8082942580686749,
    0.7929871870091784,
    0.7776505936100917,
    0.7628173267642878,
    0.7488652311945715,
    0.7359641306747137,
    0.7241455138041245,
    0.7133712762769795,
    0.7035750863812622,
    0.6946832039166421,
    0.6866239486356266,
    0.6793315483306399,
    0.6727473461708282,
    0.666819822993285,
    0.6615041289074217,
    0.6567614501490218,
    0.6525583601339817,
    0.6488662188047276,
    0.6456606439906152,
    0.6429210597589945,
    0.6406303185443154,
    0.6387743907859484,
    0.6373421152030186,
    0.6363250033614777,
    0.6357170931953152,
    0.6355148473210184,
    0.6357170931953161,
    0.6363250033614769,
    0.6373421152030186,
    0.6387743907859493,
    0.6406303185443146,
    0.6429210597589943,
    0.6456606439906161,
    0.6488662188047268,
    0.6525583601339817,
    0.6567614501490227,
    0.6615041289074209,
    0.6668198229932846,
    0.6727473461708291,
    0.6793315483306395,
    0.686623948635626,
    0.694683203916643,
    0.7035750863812618,
    0.713371276276979,
    0.7241455138041254,
    0.7359641306747131,
    0.7488652311945712,
    0.7628173267642888,
    0.777650593610091,
    0.7929871870091778,
    0.8082942580686757,
    0.8232255120273104,
    0.8380390484383208,
    0.8534618830593915,
    0.8701084124965731,
    0.8881598052534383,
    0.9073943573037659,
    0.9272725834542023,
    0.9469274258832527,
    0.9652028888765916,
    0.9810515780278745,
    0.9942168028672789,
    1.005411518167402,
    1.015778463238029,
    1.026298879664359,
    1.0373715672573907,
    1.0487672496731026,
    1.0600046721776026,
    1.0707340429426933,
    1.0805950809608178,
    1.0886688641002888,
    1.0933196047416298,
    1.092753813543276,
    1.0860845576196536,
    1.074346534776958,
    1.0600795074291516,
    1.0455148708096935,
    1.03169583679067,
    1.0189956513632403,
    1.0076984085504563,
    0.9980160242691002,
    0.9899798607927843,
    0.9834835871384742,
    0.978373821174169,
    0.974502359100501,
    0.9717395800109115
  ],