{
  "bias_mev": [
    -20.0,
    -19.666666666666668,
    -19.333333333333332,
    -19.0,
    -18.666666666666668,
    -18.333333333333332,
    -18.0,
    -17.666666666666668,
    -17.333333333333332,
    -17.0,
    -16.666666666666668,
    -16.333333333333332,
    -16.0,
    -15.666666666666668,
    -15.333333333333334,
    -15.0,
    -14.666666666666668,
    -14.333333333333334,
    -14.0,
    -13.666666666666668,
    -13.333333333333334,
    -13.0,
    -12.666666666666668,
    -12.333333333333334,
    -12.0,
    -11.666666666666668,
    -11.333333333333334,
    -11.0,
    -10.666666666666668,
    -10.333333333333334,
    -10.0,
    -9.666666666666668,
    -9.333333333333334,
    -9.0,
    -8.666666666666668,
    -8.333333333333334,
    -8.0,
    -7.666666666666668,
    -7.333333333333334,
    -7.0,
    -6.666666666666668,
    -6.333333333333334,
    -6.0,
    -5.666666666666668,
    -5.333333333333334,
    -5.0,
    -4.666666666666668,
    -4.333333333333334,
    -4.0,
    -3.666666666666668,
    -3.3333333333333357,
    -3.0,
    -2.666666666666668,
    -2.3333333333333357,
    -2.0,
    -1.6666666666666679,
    -1.3333333333333357,
    -1.0,
    -0.6666666666666679,
    -0.3333333333333357,
    0.0,
    0.33333333333333215,
    0.6666666666666643,
    1.0,
    1.3333333333333321,
    1.6666666666666643,
    2.0,
    2.333333333333332,
    2.6666666666666643,
    3.0,
    3.333333333333332,
    3.6666666666666643,
    4.0,
    4.333333333333332,
    4.666666666666664,
    5.0,
    5.333333333333332,
    5.666666666666664,
    6.0,
    6.333333333333332,
    6.666666666666664,
    7.0,
    7.333333333333332,
    7.666666666666664,
    8.0,
    8.333333333333332,
    8.666666666666664,
    9.0,
    9.333333333333332,
    9.666666666666664,
    10.0,
    10.333333333333332,
    10.666666666666664,
    11.0,
    11.333333333333332,
    11.666666666666664,
    12.0,
    12.333333333333329,
    12.666666666666664,
    13.0,
    13.333333333333329,
    13.666666666666664,
    14.0,
    14.333333333333329,
    14.666666666666664,
    15.0,
    15.333333333333329,
    15.666666666666664,
    16.0,
    16.33333333333333,
    16.666666666666664,
    17.0,
    17.33333333333333,
    17.666666666666664,
    18.0,
    18.33333333333333,
    18.666666666666664,
    19.0,
    19.33333333333333,
    19.666666666666664,
    20.0
  ],
  "conductance": [
    0.9733827791640582,
    0.9770581591458665,
    0.9814061466428637,
    0.9865321019541649,
    0.9925459024667471,
    0.9995509816361013,
    1.0076242171725156,
    1.0167904629688167,
    1.0270007889141064,
    1.0381084599347594,
    1.0498080620376486,
    1.0615408913075206,
    1.0724898856140086,
    1.0817943659437588,
    1.088880785504291,
    1.0936325140315626,
    1.096298106599383,
    1.0972772001840327,
    1.096952775921172,
    1.0956398948790587,
    1.093605823945679,
    1.091069444046927,
    1.0881485330824852,
    1.0848038875118735,
    1.080842537843691,
    1.0760026533171403,
    1.0700934574627234,
    1.0631106991086225,
    1.0552423616123099,
    1.0467767545280733,
    1.0380004001974799,
    1.0291383022577503,
    1.0203313590152046,
    1.0116329277712752,
    1.0030248124405599,
    0.9944624348043695,
    0.985932747168156,
    0.9774813192174029,
    0.9691936639335008,
    0.9611603676551194,
    0.9534545662648847,
    0.9461260028683737,
    0.939204073624831,
    0.932703274164687,
    0.9266281100364602,
    0.920976752003394,
    0.915743550804641,
    0.9109207087246836,
    0.9064993744158477,
    0.9024703552393388,
    0.8988245786359726,
    0.8955533891287238,
    0.8926487375691947,
    0.8901032997098787,
    0.8879105485395644,
    0.8860647966056763,
    0.8845612191704344,
    0.8833958654915588,
    0.8825656631373611,
    0.8820684186274866,
    0.8819028165662197,
    0.8820684186274874,
    0.8825656631373604,
    0.8833958654915588,
    0.8845612191704352,
    0.8860647966056755,
    0.8879105485395644,
    0.8901032997098796,
    0.892648737569194,
    0.8955533891287241,
    0.8988245786359734,
    0.902470355239338,
    0.9064993744158474,
    0.9109207087246841,
    0.9157435508046405,
    0.9209767520033936,
    0.9266281100364607,
    0.9327032741646867,
    0.9392040736248306,
    0.9461260028683743,
    0.9534545662648841,
    0.9611603676551188,
    0.9691936639335013,
    0.9774813192174021,
    0.9859327471681556,
    0.99446243480437,
    1.0030248124405594,
    1.011632927771275,
    1.0203313590152052,
    1.0291383022577496,
    1.0380004001974794,
    1.0467767545280742,
    1.0552423616123092,
    1.0631106991086223,
    1.070093457462724,
    1.0760026533171396,
    1.080842537843691,
    1.0848038875118742,
    1.0881485330824838,
    1.0910694440469275,
    1.0936058239456798,
    1.0956398948790576,
    1.0969527759211724,
    1.0972772001840336,
    1.0962981065993815,
    1.0936325140315626,
    1.088880785504292,
    1.0817943659437577,
    1.0724898856140086,
    1.0615408913075215,
    1.0498080620376478,
    1.038108459934759,
    1.0270007889141073,
    1.016790462968816,
    1.0076242171725156,
    0.9995509816361021,
    0.9925459024667461,
    0.9865321019541649,
    0.9814061466428646,
    0.9770581591458659,
    0.9733827791640577
  ],