{
  "bias_mev": [
    -20.0,
    -19.666666666666668,
    -19.333333333333332,
    -19.0,
    -18.666666666666668,
    -18.333333333333332,
    -18.0,
    -17.666666666666668,
    -17.333333333333332,
    -17.0,
    -16.666666666666668,
    -16.333333333333332,
    -16.0,
    -15.666666666666668,
    -15.333333333333334,
    -15.0,
    -14.666666666666668,
    -14.333333333333334,
    -14.0,
    -13.666666666666668,
    -13.333333333333334,
    -13.0,
    -12.666666666666668,
    -12.333333333333334,
    -12.0,
    -11.666666666666668,
    -11.333333333333334,
    -11.0,
    -10.666666666666668,
    -10.333333333333334,
    -10.0,
    -9.666666666666668,
    -9.333333333333334,
    -9.0,
    -8.666666666666668,
    -8.333333333333334,
    -8.0,
    -7.666666666666668,
    -7.333333333333334,
    -7.0,
    -6.666666666666668,
    -6.333333333333334,
    -6.0,
    -5.666666666666668,
    -5.333333333333334,
    -5.0,
    -4.666666666666668,
    -4.333333333333334,
    -4.0,
    -3.666666666666668,
    -3.3333333333333357,
    -3.0,
    -2.666666666666668,
    -2.3333333333333357,
    -2.0,
    -1.6666666666666679,
    -1.3333333333333357,
    -1.0,
    -0.6666666666666679,
    -0.3333333333333357,
    0.0,
    0.33333333333333215,
    0.6666666666666643,
    1.0,
    1.3333333333333321,
    1.6666666666666643,
    2.0,
    2.333333333333332,
    2.6666666666666643,
    3.0,
    3.333333333333332,
    3.6666666666666643,
    4.0,
    4.333333333333332,
    4.666666666666664,
    5.0,
    5.333333333333332,
    5.666666666666664,
    6.0,
    6.333333333333332,
    6.666666666666664,
    7.0,
    7.333333333333332,
    7.666666666666664,
    8.0,
    8.333333333333332,
    8.666666666666664,
    9.0,
    9.333333333333332,
    9.666666666666664,
    10.0,
    10.333333333333332,
    10.666666666666664,
    11.0,
    11.333333333333332,
    11.666666666666664,
    12.0,
    12.333333333333329,
    12.666666666666664,
    13.0,
    13.333333333333329,
    13.666666666666664,
    14.0,
    14.333333333333329,
    14.666666666666664,
    15.0,
    15.333333333333329,
    15.666666666666664,
    16.0,
    16.33333333333333,
    16.666666666666664,
    17.0,
    17.33333333333333,
    17.666666666666664,
    18.0,
    18.33333333333333,
    18.666666666666664,
    19.0,
    19.33333333333333,
    19.666666666666664,
    20.0
  ],
  "conductance": [
    0.9742668746449676,
    0.9782273386489861,
    0.9827215885476641,
    0.9878347293851515,
    0.9936514987124005,
    1.0002447838081878,
    1.007658947263479,
    1.0158951343799678,
    1.0249062107244806,
    1.0345928938847138,
    1.0447778309663478,
    1.0551635845933294,
    1.0653360261833438,
    1.0748629392768976,
    1.0834377265527075,
    1.090958238450083,
    1.0974956233358162,
    1.1032035331786338,
    1.1082445357253332,
    1.1127671981345253,
    1.1169054027942709,
    1.120756104709438,
    1.124333559949193,
    1.1275381833418656,
    1.1301750491040152,
    1.1320259040189766,
    1.1329446250227,
    1.1329216286568236,
    1.1320789635003947,
    1.1306130858034682,
    1.1287301236195384,
    1.1265982557766454,
    1.1243178751955614,
    1.1219095468667246,
    1.119329491737918,
    1.1165153363833062,
    1.1134374205937045,
    1.1101208389812762,
    1.106631951296337,
    1.1030515209572238,
    1.099454661319827,
    1.0959023298866524,
    1.0924405078328807,
    1.0891025721876753,
    1.085912284558157,
    1.082886391469829,
    1.0800366148931582,
    1.0773710974513384,
    1.0748954314693235,
    1.0726133896198993,
    1.0705274465065935,
    1.068639154384424,
    1.0669494165415618,
    1.0654586881125245,
    1.0641671247516253,
    1.0630746932922437,
    1.062181254243929,
    1.0614866230472773,
    1.0609906149604145,
    1.0606930769908096,
    1.0605939092129193,
    1.0606930769908096,
    1.0609906149604142,
    1.0614866230472773,
    1.0621812542439293,
    1.0630746932922435,
    1.0641671247516251,
    1.0654586881125248,
    1.0669494165415614,
    1.0686391543844236,
    1.0705274465065937,
    1.072613389619899,
    1.0748954314693235,
    1.0773710974513386,
    1.0800366148931584,
    1.0828863914698288,
    1.085912284558157,
    1.089102572187675,
    1.0924405078328807,
    1.0959023298866526,
    1.0994546613198268,
    1.1030515209572236,
    1.106631951296337,
    1.1101208389812758,
    1.1134374205937043,
    1.1165153363833062,
    1.1193294917379177,
    1.1219095468667244,
    1.1243178751955616,
    1.1265982557766452,
    1.1287301236195382,
    1.1306130858034684,
    1.1320789635003947,
    1.1329216286568233,
    1.1329446250227,
    1.1320259040189766,
    1.1301750491040152,
    1.1275381833418658,
    1.1243335599491928,
    1.1207561047094383,
    1.1169054027942713,
    1.112767198134525,
    1.1082445357253334,
    1.103203533178634,
    1.0974956233358162,
    1.0909582384500833,
    1.083437726552708,
    1.0748629392768976,
    1.0653360261833438,
    1.0551635845933298,
    1.0447778309663476,
    1.0345928938847138,
    1.0249062107244808,
    1.0158951343799678,
    1.007658947263479,
    1.0002447838081883,
    0.9936514987124005,
    0.9878347293851518,
    0.9827215885476648,
    0.978227338648986,
    0.9742668746449674
  ],