{
  "bias_mev": [
    -20.0,
    -19.666666666666668,
    -19.333333333333332,
    -19.0,
    -18.666666666666668,
    -18.333333333333332,
    -18.0,
    -17.666666666666668,
    -17.333333333333332,
    -17.0,
    -16.666666666666668,
    -16.333333333333332,
    -16.0,
    -15.666666666666668,
    -15.333333333333334,
    -15.0,
    -14.666666666666668,
    -14.333333333333334,
    -14.0,
    -13.666666666666668,
    -13.333333333333334,
    -13.0,
    -12.666666666666668,
    -12.333333333333334,
    -12.0,
    -11.666666666666668,
    -11.333333333333334,
    -11.0,
    -10.666666666666668,
    -10.333333333333334,
    -10.0,
    -9.666666666666668,
    -9.333333333333334,
    -9.0,
    -8.666666666666668,
    -8.333333333333334,
    -8.0,
    -7.666666666666668,
    -7.333333333333334,
    -7.0,
    -6.666666666666668,
    -6.333333333333334,
    -6.0,
    -5.666666666666668,
    -5.333333333333334,
    -5.0,
    -4.666666666666668,
    -4.333333333333334,
    -4.0,
    -3.666666666666668,
    -3.3333333333333357,
    -3.0,
    -2.666666666666668,
    -2.3333333333333357,
    -2.0,
    -1.6666666666666679,
    -1.3333333333333357,
    -1.0,
    -0.6666666666666679,
    -0.3333333333333357,
    0.0,
    0.33333333333333215,
    0.6666666666666643,
    1.0,
    1.3333333333333321,
    1.6666666666666643,
    2.0,
    2.333333333333332,
    2.6666666666666643,
    3.0,
    3.333333333333332,
    3.6666666666666643,
    4.0,
    4.333333333333332,
    4.666666666666664,
    5.0,
    5.333333333333332,
    5.666666666666664,
    6.0,
    6.333333333333332,
    6.666666666666664,
    7.0,
    7.333333333333332,
    7.666666666666664,
    8.0,
    8.333333333333332,
    8.666666666666664,
    9.0,
    9.333333333333332,
    9.666666666666664,
    10.0,
    10.333333333333332,
    10.666666666666664,
    11.0,
    11.333333333333332,
    11.666666666666664,
    12.0,
    12.333333333333329,
    12.666666666666664,
    13.0,
    13.333333333333329,
    13.666666666666664,
    14.0,
    14.333333333333329,
    14.666666666666664,
    15.0,
    15.333333333333329,
    15.666666666666664,
    16.0,
    16.33333333333333,
    16.666666666666664,
    17.0,
    17.33333333333333,
    17.666666666666664,
    18.0,
    18.33333333333333,
    18.666666666666664,
    19.0,
    19.33333333333333,
    19.666666666666664,
    20.0
  ],
  "conductance": [
    0.97053264685046,
    0.9736421891898114,
    0.977919713682459,
    0.9834782579727575,
    0.9904178840633543,
    0.9988009552060493,
    1.008615358746721,
    1.0197446106470531,
    1.0319593735620538,
    1.0448890100792791,
    1.0578890456286858,
    1.0698476714062675,
    1.0792117560340138,
    1.0844715947619927,
    1.0848546793459375,
    1.0806340243896493,
    1.0728289144006287,
    1.06263945281605,
    1.0510484248063876,
    1.0387402972431883,
    1.0261757360635493,
    1.013593520279534,
    1.0009123078595235,
    0.9876901981008489,
    0.9732726163115828,
    0.9571025151683167,
    0.9390340916943356,
    0.9194468710996452,
    0.8990811291193358,
    0.8787435390773971,
    0.8590782946373599,
    0.8404546886520634,
    0.8229286127194918,
    0.8062699769575304,
    0.790098761886041,
    0.7741154812942893,
    0.7582801118483044,
    0.7427992688738965,
    0.727970176323628,
    0.7140368037371975,
    0.7011347336906798,
    0.6893025744337341,
    0.6785155122265172,
    0.6687156615395408,
    0.6598323295452476,
    0.6517934599554235,
    0.6445312688789416,
    0.6379845581894994,
    0.6320993027712278,
    0.6268284217311741,
    0.6221312153663902,
    0.6179727080766356,
    0.614323009095209,
    0.6111567377147774,
    0.6084525279771108,
    0.6061926132753789,
    0.6043624853798507,
    0.6029506206187825,
    0.601948266099387,
    0.6013492798437068,
    0.6011500200203455,
    0.6013492798437068,
    0.601948266099387,
    0.6029506206187825,
    0.6043624853798507,
    0.6061926132753789,
    0.6084525279771108,
    0.6111567377147774,
    0.6143230090952089,
    0.6179727080766355,
    0.6221312153663902,
    0.6268284217311739,
    0.6320993027712278,
    0.6379845581894994,
    0.6445312688789417,
    0.6517934599554234,
    0.6598323295452476,
    0.6687156615395407,
    0.6785155122265172,
    0.6893025744337341,
    0.7011347336906795,
    0.7140368037371975,
    0.727970176323628,
    0.7427992688738964,
    0.7582801118483044,
    0.7741154812942893,
    0.7900987618860408,
    0.8062699769575303,
    0.8229286127194917,
    0.8404546886520632,
    0.8590782946373597,
    0.878743539077397,
    0.8990811291193355,
    0.9194468710996452,
    0.9390340916943355,
    0.9571025151683166,
    0.9732726163115828,
    0.9876901981008487,
    1.0009123078595232,
    1.0135935202795343,
    1.0261757360635493,
    1.0387402972431878,
    1.0510484248063878,
    1.06263945281605,
    1.0728289144006284,
    1.0806340243896497,
    1.0848546793459377,
    1.0844715947619927,
    1.079211756034014,
    1.0698476714062677,
    1.0578890456286858,
    1.0448890100792794,
    1.031959373562054,
    1.0197446106470531,
    1.0086153587467213,
    0.9988009552060494,
    0.9904178840633543,
    0.9834782579727577,
    0.9779197136824593,
    0.9736421891898114,
    0.97053264685046
  ],