{
  "bias_mev": [
    -20.0,
    -19.666666666666668,
    -19.333333333333332,
    -19.0,
    -18.666666666666668,
    -18.333333333333332,
    -18.0,
    -17.666666666666668,
    -17.333333333333332,
    -17.0,
    -16.666666666666668,
    -16.333333333333332,
    -16.0,
    -15.666666666666668,
    -15.333333333333334,
    -15.0,
    -14.666666666666668,
    -14.333333333333334,
    -14.0,
    -13.666666666666668,
    -13.333333333333334,
    -13.0,
    -12.666666666666668,
    -12.333333333333334,
    -12.0,
    -11.666666666666668,
    -11.333333333333334,
    -11.0,
    -10.666666666666668,
    -10.333333333333334,
    -10.0,
    -9.666666666666668,
    -9.333333333333334,
    -9.0,
    -8.666666666666668,
    -8.333333333333334,
    -8.0,
    -7.666666666666668,
    -7.333333333333334,
    -7.0,
    -6.666666666666668,
    -6.333333333333334,
    -6.0,
    -5.666666666666668,
    -5.333333333333334,
    -5.0,
    -4.666666666666668,
    -4.333333333333334,
    -4.0,
    -3.666666666666668,
    -3.3333333333333357,
    -3.0,
    -2.666666666666668,
    -2.3333333333333357,
    -2.0,
    -1.6666666666666679,
    -1.3333333333333357,
    -1.0,
    -0.6666666666666679,
    -0.3333333333333357,
    0.0,
    0.33333333333333215,
    0.6666666666666643,
    1.0,
    1.3333333333333321,
    1.6666666666666643,
    2.0,
    2.333333333333332,
    2.6666666666666643,
    3.0,
    3.333333333333332,
    3.6666666666666643,
    4.0,
    4.333333333333332,
    4.666666666666664,
    5.0,
    5.333333333333332,
    5.666666666666664,
    6.0,
    6.333333333333332,
    6.666666666666664,
    7.0,
    7.333333333333332,
    7.666666666666664,
    8.0,
    8.333333333333332,
    8.666666666666664,
    9.0,
    9.333333333333332,
    9.666666666666664,
    10.0,
    10.333333333333332,
    10.666666666666664,
    11.0,
    11.333333333333332,
    11.666666666666664,
    12.0,
    12.333333333333329,
    12.666666666666664,
    13.0,
    13.333333333333329,
    13.666666666666664,
    14.0,
    14.333333333333329,
    14.666666666666664,
    15.0,
    15.333333333333329,
    15.666666666666664,
    16.0,
    16.33333333333333,
    16.666666666666664,
    17.0,
    17.33333333333333,
    17.666666666666664,
    18.0,
    18.33333333333333,
    18.666666666666664,
    19.0,
    19.33333333333333,
    19.666666666666664,
    20.0
  ],
  "conductance": [
    0.9757819881911662,
    0.9776992767104089,
    0.9809664955876537,
    0.9856566282404661,
    0.9917903086663677,
    0.9992922830840479,
    1.0079467077376782,
    1.0173782649717156,
    1.0270742593442184,
    1.0364137874662753,
    1.0446471190175035,
    1.0508567794434394,
    1.0540477390979657,
    1.0534432100381135,
    1.0488169012337325,
    1.0405890280255805,
    1.0296123684246807,
    1.016831580952943,
    1.0030455265408567,
    0.9888427455095019,
    0.9746045823692108,
    0.9604596906956961,
    0.9462102745390674,
    0.9313478960303684,
    0.9152314337956106,
    0.8973805549861051,
    0.8777424241939703,
    0.8567707834915826,
    0.8352620990385962,
    0.814063522388822,
    0.7938247219835364,
    0.7748766628688637,
    0.7572246450621121,
    0.7406242160919643,
    0.7247245478240832,
    0.7092441545114879,
    0.6940959278817658,
    0.6793902982265253,
    0.6653378243938058,
    0.6521385838104331,
    0.6399205832314926,
    0.6287309723962459,
    0.6185551501344074,
    0.6093415214959796,
    0.6010213976974274,
    0.5935218607867073,
    0.586772884248028,
    0.5807106690234586,
    0.5752787882939229,
    0.5704281926865574,
    0.5661166948571994,
    0.5623082688884814,
    0.5589723326067126,
    0.5560830888425526,
    0.5536189539268543,
    0.55156207857069,
    0.5498979561522075,
    0.5486151098997077,
    0.54770485009914,
    0.5471610935106067,
    0.5469802387924737,
    0.5471610935106068,
    0.54770485009914,
    0.5486151098997079,
    0.5498979561522076,
    0.5515620785706898,
    0.5536189539268543,
    0.5560830888425528,
    0.5589723326067125,
    0.5623082688884814,
    0.5661166948571994,
    0.5704281926865574,
    0.5752787882939228,
    0.5807106690234586,
    0.5867728842480279,
    0.5935218607867073,
    0.6010213976974272,
    0.6093415214959793,
    0.6185551501344073,
    0.6287309723962458,
    0.6399205832314925,
    0.652138583810433,
    0.6653378243938056,
    0.6793902982265251,
    0.6940959278817658,
    0.7092441545114877,
    0.724724547824083,
    0.7406242160919642,
    0.7572246450621121,
    0.7748766628688635,
    0.7938247219835364,
    0.8140635223888216,
    0.8352620990385959,
    0.8567707834915826,
    0.8777424241939701,
    0.8973805549861049,
    0.9152314337956106,
    0.9313478960303679,
    0.9462102745390671,
    0.9604596906956961,
    0.9746045823692105,
    0.9888427455095015,
    1.0030455265408569,
    1.0168315809529427,
    1.0296123684246807,
    1.0405890280255805,
    1.0488169012337325,
    1.0534432100381135,
    1.0540477390979655,
    1.0508567794434394,
    1.0446471190175037,
    1.0364137874662753,
    1.0270742593442186,
    1.0173782649717156,
    1.007946707737678,
    0.9992922830840479,
    0.9917903086663677,
    0.9856566282404663,
    0.9809664955876539,
    0.9776992767104089,
    0.9757819881911662
  ],