{
  "bias_mev": [
    -20.0,
    -19.666666666666668,
    -19.333333333333332,
    -19.0,
    -18.666666666666668,
    -18.333333333333332,
    -18.0,
    -17.666666666666668,
    -17.333333333333332,
    -17.0,
    -16.666666666666668,
    -16.333333333333332,
    -16.0,
    -15.666666666666668,
    -15.333333333333334,
    -15.0,
    -14.666666666666668,
    -14.333333333333334,
    -14.0,
    -13.666666666666668,
    -13.333333333333334,
    -13.0,
    -12.666666666666668,
    -12.333333333333334,
    -12.0,
    -11.666666666666668,
    -11.333333333333334,
    -11.0,
    -10.666666666666668,
    -10.333333333333334,
    -10.0,
    -9.666666666666668,
    -9.333333333333334,
    -9.0,
    -8.666666666666668,
    -8.333333333333334,
    -8.0,
    -7.666666666666668,
    -7.333333333333334,
    -7.0,
    -6.666666666666668,
    -6.333333333333334,
    -6.0,
    -5.666666666666668,
    -5.333333333333334,
    -5.0,
    -4.666666666666668,
    -4.333333333333334,
    -4.0,
    -3.666666666666668,
    -3.3333333333333357,
    -3.0,
    -2.666666666666668,
    -2.3333333333333357,
    -2.0,
    -1.6666666666666679,
    -1.3333333333333357,
    -1.0,
    -0.6666666666666679,
    -0.3333333333333357,
    0.0,
    0.33333333333333215,
    0.6666666666666643,
    1.0,
    1.3333333333333321,
    1.6666666666666643,
    2.0,
    2.333333333333332,
    2.6666666666666643,
    3.0,
    3.333333333333332,
    3.6666666666666643,
    4.0,
    4.333333333333332,
    4.666666666666664,
    5.0,
    5.333333333333332,
    5.666666666666664,
    6.0,
    6.333333333333332,
    6.666666666666664,
    7.0,
    7.333333333333332,
    7.666666666666664,
    8.0,
    8.333333333333332,
    8.666666666666664,
    9.0,
    9.333333333333332,
    9.666666666666664,
    10.0,
    10.333333333333332,
    10.666666666666664,
    11.0,
    11.333333333333332,
    11.666666666666664,
    12.0,
    12.333333333333329,
    12.666666666666664,
    13.0,
    13.333333333333329,
    13.666666666666664,
    14.0,
    14.333333333333329,
    14.666666666666664,
    15.0,
    15.333333333333329,
    15.666666666666664,
    16.0,
    16.33333333333333,
    16.666666666666664,
    17.0,
    17.33333333333333,
    17.666666666666664,
    18.0,
    18.33333333333333,
    18.666666666666664,
    19.0,
    19.33333333333333,
    19.666666666666664,
    20.0
  ],
  "conductance": [
    0.9834428238739413,
    0.984169998042698,
    0.9859880487308608,
    0.9889726460033937,
    0.9931695942967634,
    0.9985652339348926,
    1.0050499378070905,
    1.012389631116366,
    1.020217808014551,
    1.0280342781794434,
    1.0351814048990913,
    1.0408249465300368,
    1.0440471037612475,
    1.044104691049129,
    1.0407133836235007,
    1.0341383243385907,
    1.0250318968448358,
    1.0141610936697516,
    1.0022051214200303,
    0.9896906786223043,
    0.9769979866706425,
    0.9643418066706304,
    0.9517167303441861,
    0.9388776270669825,
    0.9254196132167358,
    0.91095512006479,
    0.895315078557809,
    0.8786609273401231,
    0.8614337781652454,
    0.8441839470232734,
    0.8273962249583884,
    0.8113871555826361,
    0.7962788672646056,
    0.7820267133241945,
    0.7684864039048415,
    0.7555058981882906,
    0.7430048810317981,
    0.7309992893358708,
    0.7195678090409258,
    0.708798812900014,
    0.6987542164059795,
    0.6894589600917135,
    0.6809066797242617,
    0.6730704824518372,
    0.6659126906273509,
    0.659391691942826,
    0.6534660899315753,
    0.6480969258790905,
    0.6432486961003284,
    0.6388896816482901,
    0.6349919161608809,
    0.6315309822842193,
    0.6284857421723583,
    0.625838057665728,
    0.6235725277053007,
    0.6216762553341086,
    0.6201386487087663,
    0.6189512566384833,
    0.6181076374465746,
    0.6176032593894601,
    0.6174354309142407,
    0.6176032593894604,
    0.6181076374465745,
    0.6189512566384832,
    0.6201386487087663,
    0.6216762553341086,
    0.6235725277053007,
    0.625838057665728,
    0.6284857421723583,
    0.6315309822842196,
    0.6349919161608809,
    0.63888968164829,
    0.6432486961003283,
    0.6480969258790903,
    0.6534660899315751,
    0.659391691942826,
    0.6659126906273507,
    0.673070482451837,
    0.6809066797242617,
    0.6894589600917135,
    0.6987542164059792,
    0.7087988129000141,
    0.7195678090409257,
    0.7309992893358707,
    0.7430048810317981,
    0.7555058981882906,
    0.7684864039048415,
    0.7820267133241946,
    0.7962788672646057,
    0.8113871555826359,
    0.8273962249583885,
    0.8441839470232732,
    0.8614337781652452,
    0.8786609273401229,
    0.895315078557809,
    0.9109551200647897,
    0.9254196132167358,
    0.9388776270669827,
    0.9517167303441859,
    0.9643418066706305,
    0.9769979866706425,
    0.9896906786223043,
    1.0022051214200303,
    1.0141610936697516,
    1.0250318968448355,
    1.0341383243385907,
    1.0407133836235007,
    1.0441046910491287,
    1.0440471037612478,
    1.040824946530037,
    1.0351814048990915,
    1.0280342781794432,
    1.0202178080145512,
    1.012389631116366,
    1.0050499378070905,
    0.9985652339348927,
    0.9931695942967634,
    0.988972646003394,
    0.985988048730861,
    0.984169998042698,
    0.9834428238739411
  ],