{
  "bias_mev": [
    -20.0,
    -19.666666666666668,
    -19.333333333333332,
    -19.0,
    -18.666666666666668,
    -18.333333333333332,
    -18.0,
    -17.666666666666668,
    -17.333333333333332,
    -17.0,
    -16.666666666666668,
    -16.333333333333332,
    -16.0,
    -15.666666666666668,
    -15.333333333333334,
    -15.0,
    -14.666666666666668,
    -14.333333333333334,
    -14.0,
    -13.666666666666668,
    -13.333333333333334,
    -13.0,
    -12.666666666666668,
    -12.333333333333334,
    -12.0,
    -11.666666666666668,
    -11.333333333333334,
    -11.0,
    -10.666666666666668,
    -10.333333333333334,
    -10.0,
    -9.666666666666668,
    -9.333333333333334,
    -9.0,
    -8.666666666666668,
    -8.333333333333334,
    -8.0,
    -7.666666666666668,
    -7.333333333333334,
    -7.0,
    -6.666666666666668,
    -6.333333333333334,
    -6.0,
    -5.666666666666668,
    -5.333333333333334,
    -5.0,
    -4.666666666666668,
    -4.333333333333334,
    -4.0,
    -3.666666666666668,
    -3.3333333333333357,
    -3.0,
    -2.666666666666668,
    -2.3333333333333357,
    -2.0,
    -1.6666666666666679,
    -1.3333333333333357,
    -1.0,
    -0.6666666666666679,
    -0.3333333333333357,
    0.0,
    0.33333333333333215,
    0.6666666666666643,
    1.0,
    1.3333333333333321,
    1.6666666666666643,
    2.0,
    2.333333333333332,
    2.6666666666666643,
    3.0,
    3.333333333333332,
    3.6666666666666643,
    4.0,
    4.333333333333332,
    4.666666666666664,
    5.0,
    5.333333333333332,
    5.666666666666664,
    6.0,
    6.333333333333332,
    6.666666666666664,
    7.0,
    7.333333333333332,
    7.666666666666664,
    8.0,
    8.333333333333332,
    8.666666666666664,
    9.0,
    9.333333333333332,
    9.666666666666664,
    10.0,
    10.333333333333332,
    10.666666666666664,
    11.0,
    11.333333333333332,
    11.666666666666664,
    12.0,
    12.333333333333329,
    12.666666666666664,
    13.0,
    13.333333333333329,
    13.666666666666664,
    14.0,
    14.333333333333329,
    14.666666666666664,
    15.0,
    15.333333333333329,
    15.666666666666664,
    16.0,
    16.33333333333333,
    16.666666666666664,
    17.0,
    17.33333333333333,
    17.666666666666664,
    18.0,
    18.33333333333333,
    18.666666666666664,
    19.0,
    19.33333333333333,
    19.666666666666664,
    20.0
  ],
  "conductance": [
    0.9660528020876066,
    0.969871943472685,
    0.9748714214937446,
    0.981206724764681,
    0.9890307032731148,
    0.9984700267080999,
    1.0095898571358533,
    1.0223567468364192,
    1.0366028078425225,
    1.0519469663852719,
    1.0676046406604944,
    1.0821633905292656,
    1.0936519673442153,
    1.1001618733702492,
    1.100699275263261,
    1.0955503809073326,
    1.0859158960233002,
    1.0732461190955787,
    1.0587744867700788,
    1.0433950124862355,
    1.027718288715363,
    1.0120895320401746,
    0.9965255161101677,
    0.9806887962979011,
    0.9640162530151705,
    0.946003095704269,
    0.9265070201215424,
    0.9058639087789812,
    0.8847273496451143,
    0.8637843340483965,
    0.8435497191621696,
    0.8242951957121043,
    0.8060618083613387,
    0.7887148548922461,
    0.7720439967681073,
    0.7558986765833531,
    0.7402823551032861,
    0.7253328780917205,
    0.7112246488609155,
    0.6980855397368776,
    0.6859699785471358,
    0.6748711650716596,
    0.6647445811349373,
    0.655527897632155,
    0.6471537875781251,
    0.6395569006670397,
    0.6326771028522851,
    0.6264606272850038,
    0.6208601691213603,
    0.6158345033524913,
    0.6113479275006427,
    0.607369676588109,
    0.6038733766448454,
    0.6008365623021195,
    0.5982402645777969,
    0.5960686663544622,
    0.5943088198076619,
    0.592950419358124,
    0.5919856241987378,
    0.5914089254022143,
    0.5912170537301528,
    0.5914089254022143,
    0.5919856241987377,
    0.592950419358124,
    0.5943088198076619,
    0.5960686663544621,
    0.5982402645777969,
    0.6008365623021195,
    0.6038733766448453,
    0.607369676588109,
    0.6113479275006425,
    0.6158345033524913,
    0.6208601691213602,
    0.6264606272850037,
    0.6326771028522851,
    0.6395569006670397,
    0.647153787578125,
    0.6555278976321549,
    0.6647445811349373,
    0.6748711650716596,
    0.6859699785471354,
    0.6980855397368775,
    0.7112246488609155,
    0.7253328780917203,
    0.7402823551032861,
    0.7558986765833531,
    0.7720439967681071,
    0.7887148548922461,
    0.8060618083613387,
    0.8242951957121042,
    0.8435497191621697,
    0.8637843340483965,
    0.8847273496451141,
    0.9058639087789812,
    0.9265070201215422,
    0.946003095704269,
    0.9640162530151707,
    0.9806887962979011,
    0.9965255161101676,
    1.0120895320401746,
    1.0277182887153633,
    1.0433950124862352,
    1.058774486770079,
    1.0732461190955787,
    1.0859158960233002,
    1.0955503809073328,
    1.1006992752632612,
    1.1001618733702492,
    1.0936519673442155,
    1.0821633905292658,
    1.0676046406604947,
    1.0519469663852719,
    1.0366028078425227,
    1.0223567468364192,
    1.0095898571358533,
    0.9984700267081,
    0.9890307032731148,
    0.981206724764681,
    0.9748714214937451,
    0.9698719434726851,
    0.9660528020876066
  ],