{
  "bias_mev": [
    -20.0,
    -19.666666666666668,
    -19.333333333333332,
    -19.0,
    -18.666666666666668,
    -18.333333333333332,
    -18.0,
    -17.666666666666668,
    -17.333333333333332,
    -17.0,
    -16.666666666666668,
    -16.333333333333332,
    -16.0,
    -15.666666666666668,
    -15.333333333333334,
    -15.0,
    -14.666666666666668,
    -14.333333333333334,
    -14.0,
    -13.666666666666668,
    -13.333333333333334,
    -13.0,
    -12.666666666666668,
    -12.333333333333334,
    -12.0,
    -11.666666666666668,
    -11.333333333333334,
    -11.0,
    -10.666666666666668,
    -10.333333333333334,
    -10.0,
    -9.666666666666668,
    -9.333333333333334,
    -9.0,
    -8.666666666666668,
    -8.333333333333334,
    -8.0,
    -7.666666666666668,
    -7.333333333333334,
    -7.0,
    -6.666666666666668,
    -6.333333333333334,
    -6.0,
    -5.666666666666668,
    -5.333333333333334,
    -5.0,
    -4.666666666666668,
    -4.333333333333334,
    -4.0,
    -3.666666666666668,
    -3.3333333333333357,
    -3.0,
    -2.666666666666668,
    -2.3333333333333357,
    -2.0,
    -1.6666666666666679,
    -1.3333333333333357,
    -1.0,
    -0.6666666666666679,
    -0.3333333333333357,
    0.0,
    0.33333333333333215,
    0.6666666666666643,
    1.0,
    1.3333333333333321,
    1.6666666666666643,
    2.0,
    2.333333333333332,
    2.6666666666666643,
    3.0,
    3.333333333333332,
    3.6666666666666643,
    4.0,
    4.333333333333332,
    4.666666666666664,
    5.0,
    5.333333333333332,
    5.666666666666664,
    6.0,
    6.333333333333332,
    6.666666666666664,
    7.0,
    7.333333333333332,
    7.666666666666664,
    8.0,
    8.333333333333332,
    8.666666666666664,
    9.0,
    9.333333333333332,
    9.666666666666664,
    10.0,
    10.333333333333332,
    10.666666666666664,
    11.0,
    11.333333333333332,
    11.666666666666664,
    12.0,
    12.333333333333329,
    12.666666666666664,
    13.0,
    13.333333333333329,
    13.666666666666664,
    14.0,
    14.333333333333329,
    14.666666666666664,
    15.0,
    15.333333333333329,
    15.666666666666664,
    16.0,
    16.33333333333333,
    16.666666666666664,
    17.0,
    17.33333333333333,
    17.666666666666664,
    18.0,
    18.33333333333333,
    18.666666666666664,
    19.0,
    19.33333333333333,
    19.666666666666664,
    20.0
  ],
  "conductance": [
    0.9700050299685952,
    0.9732029517129483,
    0.9775770225119258,
    0.983242307024641,
    0.9903015459110052,
    0.998819885918091,
    1.0087866030444765,
    1.0200817541250067,
    1.032461435869446,
    1.045521463913864,
    1.0585619800450088,
    1.0704095553663124,
    1.0794836899355569,
    1.0843180418501723,
    1.0842387977797492,
    1.0796122899749023,
    1.0714999688710212,
    1.0610942992030739,
    1.049351645363682,
    1.0369370384507999,
    1.0242996830730784,
    1.0116634835345384,
    0.998928602210094,
    0.9856446821465066,
    0.971167777131176,
    0.9549628398695037,
    0.9369019451395083,
    0.9173684574564831,
    0.897092551838628,
    0.876864677974894,
    0.8573165295466263,
    0.8388154349995297,
    0.8214262478629137,
    0.8049301218146567,
    0.7889458080008265,
    0.7731528467067269,
    0.7574821438521285,
    0.7421224434965348,
    0.7273709367300198,
    0.713482269661663,
    0.7006043461327159,
    0.6887852117273209,
    0.678005934685444,
    0.6682118200169482,
    0.6593337007412086,
    0.6513001337138891,
    0.6440434929784409,
    0.6375025340637226,
    0.6316231090276193,
    0.6263579982676226,
    0.6216663735253514,
    0.6175131499540585,
    0.6138683482471846,
    0.610706518039519,
    0.6080062397158481,
    0.6057497060553559,
    0.6039223786249923,
    0.6025127117856409,
    0.6015119372094585,
    0.6009139027517202,
    0.6007149608164736,
    0.6009139027517202,
    0.6015119372094585,
    0.6025127117856409,
    0.6039223786249924,
    0.6057497060553557,
    0.608006239715848,
    0.610706518039519,
    0.6138683482471846,
    0.6175131499540585,
    0.6216663735253514,
    0.6263579982676225,
    0.6316231090276193,
    0.6375025340637225,
    0.6440434929784407,
    0.6513001337138891,
    0.6593337007412087,
    0.6682118200169481,
    0.6780059346854439,
    0.6887852117273209,
    0.7006043461327157,
    0.713482269661663,
    0.7273709367300197,
    0.7421224434965347,
    0.7574821438521285,
    0.7731528467067269,
    0.7889458080008263,
    0.8049301218146567,
    0.8214262478629137,
    0.8388154349995295,
    0.8573165295466265,
    0.876864677974894,
    0.8970925518386279,
    0.9173684574564831,
    0.9369019451395083,
    0.9549628398695033,
    0.971167777131176,
    0.9856446821465064,
    0.9989286022100938,
    1.0116634835345384,
    1.0242996830730784,
    1.0369370384507997,
    1.0493516453636822,
    1.0610942992030739,
    1.071499968871021,
    1.0796122899749026,
    1.0842387977797494,
    1.084318041850172,
    1.0794836899355569,
    1.0704095553663129,
    1.058561980045009,
    1.045521463913864,
    1.0324614358694462,
    1.0200817541250067,
    1.0087866030444765,
    0.9988198859180911,
    0.9903015459110052,
    0.9832423070246411,
    0.977577022511926,
    0.9732029517129485,
    0.9700050299685952
  ],