{
  "bias_mev": [
    -20.0,
    -19.666666666666668,
    -19.333333333333332,
    -19.0,
    -18.666666666666668,
    -18.333333333333332,
    -18.0,
    -17.666666666666668,
    -17.333333333333332,
    -17.0,
    -16.666666666666668,
    -16.333333333333332,
    -16.0,
    -15.666666666666668,
    -15.333333333333334,
    -15.0,
    -14.666666666666668,
    -14.333333333333334,
    -14.0,
    -13.666666666666668,
    -13.333333333333334,
    -13.0,
    -12.666666666666668,
    -12.333333333333334,
    -12.0,
    -11.666666666666668,
    -11.333333333333334,
    -11.0,
    -10.666666666666668,
    -10.333333333333334,
    -10.0,
    -9.666666666666668,
    -9.333333333333334,
    -9.0,
    -8.666666666666668,
    -8.333333333333334,
    -8.0,
    -7.666666666666668,
    -7.333333333333334,
    -7.0,
    -6.666666666666668,
    -6.333333333333334,
    -6.0,
    -5.666666666666668,
    -5.333333333333334,
    -5.0,
    -4.666666666666668,
    -4.333333333333334,
    -4.0,
    -3.666666666666668,
    -3.3333333333333357,
    -3.0,
    -2.666666666666668,
    -2.3333333333333357,
    -2.0,
    -1.6666666666666679,
    -1.3333333333333357,
    -1.0,
    -0.6666666666666679,
    -0.3333333333333357,
    0.0,
    0.33333333333333215,
    0.6666666666666643,
    1.0,
    1.3333333333333321,
    1.6666666666666643,
    2.0,
    2.333333333333332,
    2.6666666666666643,
    3.0,
    3.333333333333332,
    3.6666666666666643,
    4.0,
    4.333333333333332,
    4.666666666666664,
    5.0,
    5.333333333333332,
    5.666666666666664,
    6.0,
    6.333333333333332,
    6.666666666666664,
    7.0,
    7.333333333333332,
    7.666666666666664,
    8.0,
    8.333333333333332,
    8.666666666666664,
    9.0,
    9.333333333333332,
    9.666666666666664,
    10.0,
    10.333333333333332,
    10.666666666666664,
    11.0,
    11.333333333333332,
    11.666666666666664,
    12.0,
    12.333333333333329,
    12.666666666666664,
    13.0,
    13.333333333333329,
    13.666666666666664,
    14.0,
    14.333333333333329,
    14.666666666666664,
    15.0,
    15.333333333333329,
    15.666666666666664,
    16.0,
    16.33333333333333,
    16.666666666666664,
    17.0,
    17.33333333333333,
    17.666666666666664,
    18.0,
    18.33333333333333,
    18.666666666666664,
    19.0,
    19.33333333333333,
    19.666666666666664,
    20.0
  ],
  "conductance": [
    0.9812246690144192,
    0.9821590546948258,
    0.9843262281886067,
    0.9877964811512217,
    0.992606739602817,
    0.9987175862638327,
    1.0059604053968711,
    1.0140127667729637,
    1.022440835035506,
    1.030755233878935,
    1.0383336377509396,
    1.0442175006223142,
    1.0470991769782312,
    1.0457707255000586,
    1.0397672138154421,
    1.0296015730919905,
    1.0164095518046492,
    1.0013848359559825,
    0.9854400584514744,
    0.9692040830232828,
    0.9531299178327699,
    0.9374690166361399,
    0.9221369359220228,
    0.9066673174046308,
    0.8903707524525996,
    0.8726607893116967,
    0.8533977795702946,
    0.8330164702377384,
    0.8123170124913539,
    0.7921079988221142,
    0.7729628151109675,
    0.7551511947621896,
    0.738668492949692,
    0.7233035789762313,
    0.7087496876002628,
    0.6947581996614521,
    0.6812552846416032,
    0.6683312634183693,
    0.6561356071952384,
    0.6447839353189603,
    0.6343258992055002,
    0.6247552798155357,
    0.6160319307946561,
    0.6081001072309666,
    0.6008999594199143,
    0.5943736259930914,
    0.5884679929651259,
    0.5831356398151724,
    0.578334886802682,
    0.5740294415829081,
    0.5701879003270862,
    0.5667832272308779,
    0.5637922683261622,
    0.5611953214868837,
    0.5589757681338052,
    0.557119764746379,
    0.5556159893933349,
    0.5544554377952956,
    0.5536312637656157,
    0.5531386596575166,
    0.5529747733952298,
    0.5531386596575171,
    0.5536312637656151,
    0.5544554377952957,
    0.5556159893933352,
    0.5571197647463786,
    0.5589757681338053,
    0.561195321486884,
    0.5637922683261617,
    0.5667832272308779,
    0.5701879003270865,
    0.5740294415829077,
    0.5783348868026819,
    0.5831356398151729,
    0.5884679929651255,
    0.5943736259930912,
    0.6008999594199148,
    0.6081001072309661,
    0.6160319307946559,
    0.6247552798155361,
    0.6343258992054998,
    0.6447839353189602,
    0.6561356071952389,
    0.6683312634183689,
    0.6812552846416032,
    0.6947581996614524,
    0.7087496876002622,
    0.7233035789762312,
    0.7386684929496926,
    0.7551511947621892,
    0.7729628151109674,
    0.7921079988221146,
    0.8123170124913534,
    0.8330164702377384,
    0.8533977795702953,
    0.8726607893116962,
    0.8903707524525996,
    0.9066673174046311,
    0.9221369359220216,
    0.9374690166361404,
    0.9531299178327702,
    0.9692040830232816,
    0.9854400584514748,
    1.001384835955983,
    1.0164095518046479,
    1.0296015730919907,
    1.0397672138154428,
    1.0457707255000575,
    1.0470991769782312,
    1.0442175006223147,
    1.0383336377509385,
    1.0307552338789348,
    1.0224408350355068,
    1.0140127667729628,
    1.005960405396871,
    0.9987175862638334,
    0.9926067396028162,
    0.9877964811512217,
    0.9843262281886077,
    0.9821590546948252,
    0.9812246690144187
  ],