{
  "bias_mev": [
    -20.0,
    -19.666666666666668,
    -19.333333333333332,
    -19.0,
    -18.666666666666668,
    -18.333333333333332,
    -18.0,
    -17.666666666666668,
    -17.333333333333332,
    -17.0,
    -16.666666666666668,
    -16.333333333333332,
    -16.0,
    -15.666666666666668,
    -15.333333333333334,
    -15.0,
    -14.666666666666668,
    -14.333333333333334,
    -14.0,
    -13.666666666666668,
    -13.333333333333334,
    -13.0,
    -12.666666666666668,
    -12.333333333333334,
    -12.0,
    -11.666666666666668,
    -11.333333333333334,
    -11.0,
    -10.666666666666668,
    -10.333333333333334,
    -10.0,
    -9.666666666666668,
    -9.333333333333334,
    -9.0,
    -8.666666666666668,
    -8.333333333333334,
    -8.0,
    -7.666666666666668,
    -7.333333333333334,
    -7.0,
    -6.666666666666668,
    -6.333333333333334,
    -6.0,
    -5.666666666666668,
    -5.333333333333334,
    -5.0,
    -4.666666666666668,
    -4.333333333333334,
    -4.0,
    -3.666666666666668,
    -3.3333333333333357,
    -3.0,
    -2.666666666666668,
    -2.3333333333333357,
    -2.0,
    -1.6666666666666679,
    -1.3333333333333357,
    -1.0,
    -0.6666666666666679,
    -0.3333333333333357,
    0.0,
    0.33333333333333215,
    0.6666666666666643,
    1.0,
    1.3333333333333321,
    1.6666666666666643,
    2.0,
    2.333333333333332,
    2.6666666666666643,
    3.0,
    3.333333333333332,
    3.6666666666666643,
    4.0,
    4.333333333333332,
    4.666666666666664,
    5.0,
    5.333333333333332,
    5.666666666666664,
    6.0,
    6.333333333333332,
    6.666666666666664,
    7.0,
    7.333333333333332,
    7.666666666666664,
    8.0,
    8.333333333333332,
    8.666666666666664,
    9.0,
    9.333333333333332,
    9.666666666666664,
    10.0,
    10.333333333333332,
    10.666666666666664,
    11.0,
    11.333333333333332,
    11.666666666666664,
    12.0,
    12.333333333333329,
    12.666666666666664,
    13.0,
    13.333333333333329,
    13.666666666666664,
    14.0,
    14.333333333333329,
    14.666666666666664,
    15.0,
    15.333333333333329,
    15.666666666666664,
    16.0,
    16.33333333333333,
    16.666666666666664,
    17.0,
    17.33333333333333,
    17.666666666666664,
    18.0,
    18.33333333333333,
    18.666666666666664,
    19.0,
    19.33333333333333,
    19.666666666666664,
    20.0
  ],
  "conductance": [
    0.9836958976911634,
    0.9843814363101997,
    0.9860888693534694,
    0.9889154693974488,
    0.9929432467831394,
    0.9982114188560179,
    1.0046737792163325,
    1.0121524126501291,
    1.0203080019784017,
    1.0286294677636996,
    1.0364179318364874,
    1.04278351312933,
    1.0467671202858395,
    1.0476368958037625,
    1.04517779338124,
    1.039732990188377,
    1.0319828745658775,
    1.0226547531347885,
    1.0123511981232427,
    1.001534451838837,
    0.9905597375935657,
    0.979649186195244,
    0.9688175479701474,
    0.9578388348178888,
    0.9463119579409645,
    0.9338198674156643,
    0.9201316097037369,
    0.9053431593228559,
    0.8898531861442593,
    0.874196133784443,
    0.8588607401545113,
    0.8441834116784762,
    0.8303174736656981,
    0.8172476523134059,
    0.8048378966627995,
    0.7929144473978004,
    0.7813602675616855,
    0.7701654540611133,
    0.7594058599890967,
    0.7491840605056217,
    0.7395821713553418,
    0.7306444556630617,
    0.7223807585260162,
    0.714777274700841,
    0.707806858438573,
    0.7014364165790334,
    0.6956314736207966,
    0.6903587055472549,
    0.6855872003229788,
    0.6812889827337053,
    0.6774391403402916,
    0.6740157477206337,
    0.6709996995783964,
    0.6683745126567479,
    0.6661261277923239,
    0.6642427276762691,
    0.6627145773926532,
    0.6615338903652701,
    0.6606947201470876,
    0.660192877520302,
    0.6600258720779812,
    0.660192877520302,
    0.6606947201470875,
    0.6615338903652701,
    0.6627145773926532,
    0.664242727676269,
    0.6661261277923239,
    0.6683745126567481,
    0.6709996995783963,
    0.6740157477206337,
    0.6774391403402918,
    0.6812889827337051,
    0.6855872003229787,
    0.6903587055472551,
    0.6956314736207965,
    0.7014364165790332,
    0.707806858438573,
    0.7147772747008408,
    0.722380758526016,
    0.7306444556630618,
    0.7395821713553418,
    0.7491840605056216,
    0.7594058599890968,
    0.770165454061113,
    0.7813602675616855,
    0.7929144473978005,
    0.8048378966627993,
    0.8172476523134058,
    0.8303174736656982,
    0.844183411678476,
    0.8588607401545115,
    0.8741961337844434,
    0.889853186144259,
    0.9053431593228557,
    0.9201316097037373,
    0.9338198674156639,
    0.9463119579409647,
    0.9578388348178887,
    0.9688175479701469,
    0.9796491861952442,
    0.9905597375935659,
    1.0015344518388365,
    1.012351198123243,
    1.0226547531347887,
    1.0319828745658768,
    1.039732990188377,
    1.0451777933812403,
    1.0476368958037623,
    1.0467671202858395,
    1.0427835131293304,
    1.0364179318364872,
    1.0286294677636993,
    1.020308001978402,
    1.0121524126501287,
    1.0046737792163325,
    0.9982114188560179,
    0.9929432467831396,
    0.9889154693974488,
    0.9860888693534698,
    0.9843814363101997,
    0.9836958976911634
  ],