{
  "bias_mev": [
    -20.0,
    -19.666666666666668,
    -19.333333333333332,
    -19.0,
    -18.666666666666668,
    -18.333333333333332,
    -18.0,
    -17.666666666666668,
    -17.333333333333332,
    -17.0,
    -16.666666666666668,
    -16.333333333333332,
    -16.0,
    -15.666666666666668,
    -15.333333333333334,
    -15.0,
    -14.666666666666668,
    -14.333333333333334,
    -14.0,
    -13.666666666666668,
    -13.333333333333334,
    -13.0,
    -12.666666666666668,
    -12.333333333333334,
    -12.0,
    -11.666666666666668,
    -11.333333333333334,
    -11.0,
    -10.666666666666668,
    -10.333333333333334,
    -10.0,
    -9.666666666666668,
    -9.333333333333334,
    -9.0,
    -8.666666666666668,
    -8.333333333333334,
    -8.0,
    -7.666666666666668,
    -7.333333333333334,
    -7.0,
    -6.666666666666668,
    -6.333333333333334,
    -6.0,
    -5.666666666666668,
    -5.333333333333334,
    -5.0,
    -4.666666666666668,
    -4.333333333333334,
    -4.0,
    -3.666666666666668,
    -3.3333333333333357,
    -3.0,
    -2.666666666666668,
    -2.3333333333333357,
    -2.0,
    -1.6666666666666679,
    -1.3333333333333357,
    -1.0,
    -0.6666666666666679,
    -0.3333333333333357,
    0.0,
    0.33333333333333215,
    0.6666666666666643,
    1.0,
    1.3333333333333321,
    1.6666666666666643,
    2.0,
    2.333333333333332,
    2.6666666666666643,
    3.0,
    3.333333333333332,
    3.6666666666666643,
    4.0,
    4.333333333333332,
    4.666666666666664,
    5.0,
    5.333333333333332,
    5.666666666666664,
    6.0,
    6.333333333333332,
    6.666666666666664,
    7.0,
    7.333333333333332,
    7.666666666666664,
    8.0,
    8.333333333333332,
    8.666666666666664,
    9.0,
    9.333333333333332,
    9.666666666666664,
    10.0,
    10.333333333333332,
    10.666666666666664,
    11.0,
    11.333333333333332,
    11.666666666666664,
    12.0,
    12.333333333333329,
    12.666666666666664,
    13.0,
    13.333333333333329,
    13.666666666666664,
    14.0,
    14.333333333333329,
    14.666666666666664,
    15.0,
    15.333333333333329,
    15.666666666666664,
    16.0,
    16.33333333333333,
    16.666666666666664,
    17.0,
    17.33333333333333,
    17.666666666666664,
    18.0,
    18.33333333333333,
    18.666666666666664,
    19.0,
    19.33333333333333,
    19.666666666666664,
    20.0
  ],
  "conductance": [
    0.9828661091314775,
    0.9848156452095167,
    0.9874213156717841,
    0.9907443282448439,
    0.9948251113145378,
    0.9996690744824918,
    1.0052326606768212,
    1.0114154841817082,
    1.01805989422348,
    1.0249503768633381,
    1.0318060144249372,
    1.0382788722601615,
    1.0439876130095025,
    1.0485956302410429,
    1.0518972061553375,
    1.0538573503877546,
    1.0545852116330887,
    1.0542690098923118,
    1.0531153654843102,
    1.051312187080293,
    1.049003846988525,
    1.0462633077306815,
    1.0430671529474154,
    1.039296459521762,
    1.0347792579276303,
    1.029365755138898,
    1.0230036211400266,
    1.0157745470117872,
    1.0078745632175239,
    0.9995546211776934,
    0.9910543964122295,
    0.982553375087077,
    0.9741477835106613,
    0.9658544409076626,
    0.9576395053664716,
    0.9494619647616521,
    0.9413115565023147,
    0.9332229264819064,
    0.9252648183074595,
    0.917518076407733,
    0.9100567845546754,
    0.9029384337850553,
    0.8962019367220563,
    0.8898699914156791,
    0.8839529175894566,
    0.8784523883141617,
    0.8733644554839358,
    0.8686817831369222,
    0.8643952068666343,
    0.8604947839679953,
    0.8569704822965813,
    0.853812622174001,
    0.8510121534344074,
    0.8485608242680305,
    0.8464512801096531,
    0.8446771180857812,
    0.8432329139344847,
    0.842114232572485,
    0.8413176296673467,
    0.840840649025698,
    0.8406818188878723,
    0.840840649025698,
    0.8413176296673464,
    0.8421142325724847,
    0.8432329139344847,
    0.8446771180857808,
    0.8464512801096533,
    0.8485608242680307,
    0.8510121534344072,
    0.8538126221740012,
    0.8569704822965813,
    0.8604947839679947,
    0.8643952068666342,
    0.8686817831369222,
    0.8733644554839355,
    0.8784523883141615,
    0.8839529175894565,
    0.8898699914156788,
    0.896201936722056,
    0.9029384337850553,
    0.9100567845546751,
    0.9175180764077329,
    0.9252648183074595,
    0.9332229264819062,
    0.9413115565023145,
    0.9494619647616521,
    0.9576395053664715,
    0.9658544409076628,
    0.9741477835106616,
    0.9825533750870769,
    0.9910543964122294,
    0.9995546211776937,
    1.0078745632175237,
    1.0157745470117872,
    1.0230036211400266,
    1.0293657551388977,
    1.03477925792763,
    1.0392964595217618,
    1.0430671529474147,
    1.0462633077306813,
    1.049003846988525,
    1.0513121870802928,
    1.0531153654843102,
    1.0542690098923115,
    1.0545852116330887,
    1.0538573503877544,
    1.0518972061553375,
    1.0485956302410424,
    1.0439876130095025,
    1.0382788722601615,
    1.0318060144249372,
    1.024950376863338,
    1.0180598942234802,
    1.0114154841817082,
    1.0052326606768212,
    0.9996690744824918,
    0.9948251113145378,
    0.9907443282448438,
    0.9874213156717845,
    0.9848156452095164,
    0.9828661091314773
  ],