{
  "bias_mev": [
    -20.0,
    -19.666666666666668,
    -19.333333333333332,
    -19.0,
    -18.666666666666668,
    -18.333333333333332,
    -18.0,
    -17.666666666666668,
    -17.333333333333332,
    -17.0,
    -16.666666666666668,
    -16.333333333333332,
    -16.0,
    -15.666666666666668,
    -15.333333333333334,
    -15.0,
    -14.666666666666668,
    -14.333333333333334,
    -14.0,
    -13.666666666666668,
    -13.333333333333334,
    -13.0,
    -12.666666666666668,
    -12.333333333333334,
    -12.0,
    -11.666666666666668,
    -11.333333333333334,
    -11.0,
    -10.666666666666668,
    -10.333333333333334,
    -10.0,
    -9.666666666666668,
    -9.333333333333334,
    -9.0,
    -8.666666666666668,
    -8.333333333333334,
    -8.0,
    -7.666666666666668,
    -7.333333333333334,
    -7.0,
    -6.666666666666668,
    -6.333333333333334,
    -6.0,
    -5.666666666666668,
    -5.333333333333334,
    -5.0,
    -4.666666666666668,
    -4.333333333333334,
    -4.0,
    -3.666666666666668,
    -3.3333333333333357,
    -3.0,
    -2.666666666666668,
    -2.3333333333333357,
    -2.0,
    -1.6666666666666679,
    -1.3333333333333357,
    -1.0,
    -0.6666666666666679,
    -0.3333333333333357,
    0.0,
    0.33333333333333215,
    0.6666666666666643,
    1.0,
    1.3333333333333321,
    1.6666666666666643,
    2.0,
    2.333333333333332,
    2.6666666666666643,
    3.0,
    3.333333333333332,
    3.6666666666666643,
    4.0,
    4.333333333333332,
    4.666666666666664,
    5.0,
    5.333333333333332,
    5.666666666666664,
    6.0,
    6.333333333333332,
    6.666666666666664,
    7.0,
    7.333333333333332,
    7.666666666666664,
    8.0,
    8.333333333333332,
    8.666666666666664,
    9.0,
    9.333333333333332,
    9.666666666666664,
    10.0,
    10.333333333333332,
    10.666666666666664,
    11.0,
    11.333333333333332,
    11.666666666666664,
    12.0,
    12.333333333333329,
    12.666666666666664,
    13.0,
    13.333333333333329,
    13.666666666666664,
    14.0,
    14.333333333333329,
    14.666666666666664,
    15.0,
    15.333333333333329,
    15.666666666666664,
    16.0,
    16.33333333333333,
    16.666666666666664,
    17.0,
    17.33333333333333,
    17.666666666666664,
    18.0,
    18.33333333333333,
    18.666666666666664,
    19.0,
    19.33333333333333,
    19.666666666666664,
    20.0
  ],
  "conductance": [
    0.9852525299604411,
    0.9866694233832736,
    0.9887715625140677,
    0.9916064723566518,
    0.9951965135457653,
    0.9995277005273784,
    1.004539052502515,
    1.010115949601011,
    1.0160885654930336,
    1.0222322301158608,
    1.0282667088072868,
    1.0338602408776776,
    1.0386535862890525,
    1.0423131085399406,
    1.0445982473319944,
    1.0454097972009153,
    1.044793379677605,
    1.0429010040883828,
    1.039935239420332,
    1.0360987368592975,
    1.0315559724812098,
    1.026404583765531,
    1.0206583989300588,
    1.0142523463511588,
    1.0070770615273021,
    0.9990367910169893,
    0.9901083940815473,
    0.9803743886800917,
    0.970014994744255,
    0.9592657117392898,
    0.9483620723253449,
    0.9374932723645355,
    0.9267771897080155,
    0.9162602318616131,
    0.9059389060826121,
    0.8957936462216196,
    0.8858202908761692,
    0.8760461530154319,
    0.8665272398431088,
    0.8573335972851291,
    0.8485331358121673,
    0.8401806793177264,
    0.8323136671362052,
    0.8249527582239815,
    0.8181049075854137,
    0.811767092440412,
    0.8059297040569466,
    0.8005792389427703,
    0.795700262292727,
    0.7912767582033404,
    0.7872930147833608,
    0.783734178524526,
    0.7805865838353645,
    0.7778379351642448,
    0.7754773957837814,
    0.7734956198780228,
    0.7718847522440727,
    0.7706384114840642,
    0.7697516669137541,
    0.7692210156781482,
    0.7690443641036961,
    0.7692210156781482,
    0.7697516669137539,
    0.7706384114840642,
    0.7718847522440728,
    0.7734956198780227,
    0.7754773957837812,
    0.777837935164245,
    0.7805865838353645,
    0.783734178524526,
    0.7872930147833608,
    0.7912767582033404,
    0.7957002622927267,
    0.8005792389427702,
    0.8059297040569465,
    0.8117670924404122,
    0.8181049075854133,
    0.8249527582239814,
    0.8323136671362054,
    0.8401806793177263,
    0.8485331358121673,
    0.8573335972851291,
    0.8665272398431086,
    0.8760461530154318,
    0.885820290876169,
    0.8957936462216195,
    0.9059389060826121,
    0.9162602318616133,
    0.9267771897080155,
    0.9374932723645353,
    0.9483620723253451,
    0.9592657117392895,
    0.9700149947442549,
    0.9803743886800915,
    0.990108394081547,
    0.9990367910169892,
    1.0070770615273024,
    1.0142523463511586,
    1.0206583989300588,
    1.0264045837655307,
    1.0315559724812096,
    1.0360987368592973,
    1.0399352394203318,
    1.0429010040883826,
    1.0447933796776052,
    1.045409797200915,
    1.0445982473319941,
    1.0423131085399406,
    1.0386535862890522,
    1.0338602408776776,
    1.0282667088072865,
    1.0222322301158608,
    1.0160885654930336,
    1.010115949601011,
    1.004539052502515,
    0.9995277005273788,
    0.9951965135457654,
    0.9916064723566518,
    0.9887715625140676,
    0.9866694233832736,
    0.985252529960441
  ],