{
  "bias_mev": [
    -20.0,
    -19.666666666666668,
    -19.333333333333332,
    -19.0,
    -18.666666666666668,
    -18.333333333333332,
    -18.0,
    -17.666666666666668,
    -17.333333333333332,
    -17.0,
    -16.666666666666668,
    -16.333333333333332,
    -16.0,
    -15.666666666666668,
    -15.333333333333334,
    -15.0,
    -14.666666666666668,
    -14.333333333333334,
    -14.0,
    -13.666666666666668,
    -13.333333333333334,
    -13.0,
    -12.666666666666668,
    -12.333333333333334,
    -12.0,
    -11.666666666666668,
    -11.333333333333334,
    -11.0,
    -10.666666666666668,
    -10.333333333333334,
    -10.0,
    -9.666666666666668,
    -9.333333333333334,
    -9.0,
    -8.666666666666668,
    -8.333333333333334,
    -8.0,
    -7.666666666666668,
    -7.333333333333334,
    -7.0,
    -6.666666666666668,
    -6.333333333333334,
    -6.0,
    -5.666666666666668,
    -5.333333333333334,
    -5.0,
    -4.666666666666668,
    -4.333333333333334,
    -4.0,
    -3.666666666666668,
    -3.3333333333333357,
    -3.0,
    -2.666666666666668,
    -2.3333333333333357,
    -2.0,
    -1.6666666666666679,
    -1.3333333333333357,
    -1.0,
    -0.6666666666666679,
    -0.3333333333333357,
    0.0,
    0.33333333333333215,
    0.6666666666666643,
    1.0,
    1.3333333333333321,
    1.6666666666666643,
    2.0,
    2.333333333333332,
    2.6666666666666643,
    3.0,
    3.333333333333332,
    3.6666666666666643,
    4.0,
    4.333333333333332,
    4.666666666666664,
    5.0,
    5.333333333333332,
    5.666666666666664,
    6.0,
    6.333333333333332,
    6.666666666666664,
    7.0,
    7.333333333333332,
    7.666666666666664,
    8.0,
    8.333333333333332,
    8.666666666666664,
    9.0,
    9.333333333333332,
    9.666666666666664,
    10.0,
    10.333333333333332,
    10.666666666666664,
    11.0,
    11.333333333333332,
    11.666666666666664,
    12.0,
    12.333333333333329,
    12.666666666666664,
    13.0,
    13.333333333333329,
    13.666666666666664,
    14.0,
    14.333333333333329,
    14.666666666666664,
    15.0,
    15.333333333333329,
    15.666666666666664,
    16.0,
    16.33333333333333,
    16.666666666666664,
    17.0,
    17.33333333333333,
    17.666666666666664,
    18.0,
    18.33333333333333,
    18.666666666666664,
    19.0,
    19.33333333333333,
    19.666666666666664,
    20.0
  ],
  "conductance": [
    0.9778431658631196,
    0.9807894282658465,
    0.9844357306986592,
    0.9888435291913761,
    0.9940536054797333,
    1.0000744923660483,
    1.0068678625815206,
    1.0143326141754418,
    1.0222896719530217,
    1.030469899425233,
    1.0385108974578878,
    1.0459748424799464,
    1.052399917740456,
    1.0573817406028958,
    1.0606555236803163,
    1.0621399420787074,
    1.061923844637568,
    1.0602098103734343,
    1.057246061948696,
    1.0532711461618636,
    1.048477237269496,
    1.0429867313861025,
    1.0368398963481638,
    1.0299997274045778,
    1.0223808962515204,
    1.0138993966051153,
    1.0045258885747104,
    0.9943199591199892,
    0.9834305837320925,
    0.972065228530772,
    0.9604436876363835,
    0.9487550156667683,
    0.9371301969095323,
    0.9256364698132074,
    0.9142931828067076,
    0.9031018093869302,
    0.8920761057829093,
    0.8812585604294905,
    0.870718348253188,
    0.8605369064338029,
    0.850791497273915,
    0.8415439384032223,
    0.8328362514098583,
    0.8246915175458185,
    0.8171173875125944,
    0.8101102825271355,
    0.8036592116924149,
    0.7977488018680086,
    0.792361510104563,
    0.7874791464665354,
    0.7830838730981048,
    0.7791588303557664,
    0.7756885091266048,
    0.772658956569573,
    0.7700578762934447,
    0.7678746643710653,
    0.7661004086916422,
    0.7647278696303296,
    0.7637514536284106,
    0.7631671870494053,
    0.7629726948879479,
    0.7631671870494053,
    0.7637514536284105,
    0.7647278696303295,
    0.7661004086916422,
    0.7678746643710651,
    0.7700578762934447,
    0.772658956569573,
    0.7756885091266048,
    0.7791588303557665,
    0.7830838730981047,
    0.7874791464665354,
    0.7923615101045629,
    0.7977488018680085,
    0.8036592116924149,
    0.8101102825271355,
    0.8171173875125944,
    0.8246915175458184,
    0.8328362514098582,
    0.8415439384032222,
    0.850791497273915,
    0.8605369064338029,
    0.8707183482531878,
    0.8812585604294904,
    0.8920761057829092,
    0.9031018093869302,
    0.9142931828067073,
    0.9256364698132071,
    0.937130196909532,
    0.9487550156667685,
    0.9604436876363834,
    0.9720652285307717,
    0.9834305837320924,
    0.9943199591199892,
    1.0045258885747101,
    1.0138993966051153,
    1.0223808962515206,
    1.0299997274045776,
    1.0368398963481635,
    1.0429867313861025,
    1.048477237269496,
    1.0532711461618636,
    1.057246061948696,
    1.060209810373434,
    1.061923844637568,
    1.0621399420787072,
    1.0606555236803161,
    1.0573817406028958,
    1.052399917740456,
    1.0459748424799462,
    1.038510897457888,
    1.030469899425233,
    1.0222896719530217,
    1.0143326141754418,
    1.0068678625815206,
    1.0000744923660483,
    0.9940536054797331,
    0.9888435291913763,
    0.9844357306986592,
    0.9807894282658466,
    0.9778431658631195
  ],