{
  "bias_mev": [
    -20.0,
    -19.666666666666668,
    -19.333333333333332,
    -19.0,
    -18.666666666666668,
    -18.333333333333332,
    -18.0,
    -17.666666666666668,
    -17.333333333333332,
    -17.0,
    -16.666666666666668,
    -16.333333333333332,
    -16.0,
    -15.666666666666668,
    -15.333333333333334,
    -15.0,
    -14.666666666666668,
    -14.333333333333334,
    -14.0,
    -13.666666666666668,
    -13.333333333333334,
    -13.0,
    -12.666666666666668,
    -12.333333333333334,
    -12.0,
    -11.666666666666668,
    -11.333333333333334,
    -11.0,
    -10.666666666666668,
    -10.333333333333334,
    -10.0,
    -9.666666666666668,
    -9.333333333333334,
    -9.0,
    -8.666666666666668,
    -8.333333333333334,
    -8.0,
    -7.666666666666668,
    -7.333333333333334,
    -7.0,
    -6.666666666666668,
    -6.333333333333334,
    -6.0,
    -5.666666666666668,
    -5.333333333333334,
    -5.0,
    -4.666666666666668,
    -4.333333333333334,
    -4.0,
    -3.666666666666668,
    -3.3333333333333357,
    -3.0,
    -2.666666666666668,
    -2.3333333333333357,
    -2.0,
    -1.6666666666666679,
    -1.3333333333333357,
    -1.0,
    -0.6666666666666679,
    -0.3333333333333357,
    0.0,
    0.33333333333333215,
    0.6666666666666643,
    1.0,
    1.3333333333333321,
    1.6666666666666643,
    2.0,
    2.333333333333332,
    2.6666666666666643,
    3.0,
    3.333333333333332,
    3.6666666666666643,
    4.0,
    4.333333333333332,
    4.666666666666664,
    5.0,
    5.333333333333332,
    5.666666666666664,
    6.0,
    6.333333333333332,
    6.666666666666664,
    7.0,
    7.333333333333332,
    7.666666666666664,
    8.0,
    8.333333333333332,
    8.666666666666664,
    9.0,
    9.333333333333332,
    9.666666666666664,
    10.0,
    10.333333333333332,
    10.666666666666664,
    11.0,
    11.333333333333332,
    11.666666666666664,
    12.0,
    12.333333333333329,
    12.666666666666664,
    13.0,
    13.333333333333329,
    13.666666666666664,
    14.0,
    14.333333333333329,
    14.666666666666664,
    15.0,
    15.333333333333329,
    15.666666666666664,
    16.0,
    16.33333333333333,
    16.666666666666664,
    17.0,
    17.33333333333333,
    17.666666666666664,
    18.0,
    18.33333333333333,
    18.666666666666664,
    19.0,
    19.33333333333333,
    19.666666666666664,
    20.0
  ],
  "conductance": [
    0.979533871398544,
    0.9822468340183371,
    0.9854697727865326,
    0.9893036564281613,
    0.9938689809021639,
    0.9992983013066445,
    1.005699665375361,
    1.0130783774179526,
    1.021293939458685,
    1.03020660090762,
    1.039844731363719,
    1.0501809378464968,
    1.0607021882394483,
    1.0704391966195437,
    1.07864662961822,
    1.085234855173128,
    1.09058458089249,
    1.0951416812193207,
    1.0991252642974587,
    1.1026051684027245,
    1.1057750129553556,
    1.1089575690907691,
    1.1123523734398475,
    1.1158349458876975,
    1.1189702648431552,
    1.1211436568211428,
    1.121844310129851,
    1.121044716224322,
    1.1191332493383173,
    1.116583224823034,
    1.1137783588522645,
    1.1109926125335035,
    1.1083935254565156,
    1.1059981333399842,
    1.10361253716829,
    1.100925657174937,
    1.0977761399143338,
    1.0942380451611557,
    1.090480431307943,
    1.0866523197790317,
    1.0828558604112741,
    1.079155769361217,
    1.0755924182271779,
    1.0721910698871702,
    1.0689675697853873,
    1.0659317816758898,
    1.0630896952008746,
    1.06044475354965,
    1.0579987132486255,
    1.055752215283455,
    1.0537051729920544,
    1.0518570405469487,
    1.0502070017483582,
    1.0487541044996265,
    1.0474973575510145,
    1.0464358005751615,
    1.0455685550781382,
    1.044894861299791,
    1.0444141046668076,
    1.0441258342567878,
    1.0440297749382068,
    1.0441258342567894,
    1.044414104666806,
    1.044894861299791,
    1.0455685550781397,
    1.0464358005751602,
    1.0474973575510145,
    1.0487541044996278,
    1.0502070017483567,
    1.0518570405469485,
    1.0537051729920555,
    1.0557522152834542,
    1.0579987132486253,
    1.0604447535496513,
    1.063089695200874,
    1.0659317816758893,
    1.0689675697853886,
    1.0721910698871695,
    1.0755924182271774,
    1.0791557693612186,
    1.0828558604112732,
    1.086652319779031,
    1.0904804313079446,
    1.0942380451611549,
    1.0977761399143333,
    1.1009256571749388,
    1.1036125371682894,
    1.1059981333399835,
    1.108393525456517,
    1.1109926125335026,
    1.1137783588522638,
    1.1165832248230356,
    1.1191332493383168,
    1.1210447162243213,
    1.1218443101298523,
    1.1211436568211417,
    1.1189702648431556,
    1.1158349458876993,
    1.1123523734398457,
    1.10895756909077,
    1.1057750129553572,
    1.1026051684027225,
    1.0991252642974598,
    1.0951416812193226,
    1.0905845808924879,
    1.0852348551731288,
    1.0786466296182216,
    1.0704391966195421,
    1.0607021882394485,
    1.0501809378464986,
    1.0398447313637178,
    1.03020660090762,
    1.0212939394586864,
    1.0130783774179515,
    1.0056996653753612,
    0.9992983013066458,
    0.9938689809021625,
    0.989303656428161,
    0.9854697727865338,
    0.9822468340183363,
    0.9795338713985434
  ],