{
  "bias_mev": [
    -20.0,
    -19.666666666666668,
    -19.333333333333332,
    -19.0,
    -18.666666666666668,
    -18.333333333333332,
    -18.0,
    -17.666666666666668,
    -17.333333333333332,
    -17.0,
    -16.666666666666668,
    -16.333333333333332,
    -16.0,
    -15.666666666666668,
    -15.333333333333334,
    -15.0,
    -14.666666666666668,
    -14.333333333333334,
    -14.0,
    -13.666666666666668,
    -13.333333333333334,
    -13.0,
    -12.666666666666668,
    -12.333333333333334,
    -12.0,
    -11.666666666666668,
    -11.333333333333334,
    -11.0,
    -10.666666666666668,
    -10.333333333333334,
    -10.0,
    -9.666666666666668,
    -9.333333333333334,
    -9.0,
    -8.666666666666668,
    -8.333333333333334,
    -8.0,
    -7.666666666666668,
    -7.333333333333334,
    -7.0,
    -6.666666666666668,
    -6.333333333333334,
    -6.0,
    -5.666666666666668,
    -5.333333333333334,
    -5.0,
    -4.666666666666668,
    -4.333333333333334,
    -4.0,
    -3.666666666666668,
    -3.3333333333333357,
    -3.0,
    -2.666666666666668,
    -2.3333333333333357,
    -2.0,
    -1.6666666666666679,
    -1.3333333333333357,
    -1.0,
    -0.6666666666666679,
    -0.3333333333333357,
    0.0,
    0.33333333333333215,
    0.6666666666666643,
    1.0,
    1.3333333333333321,
    1.6666666666666643,
    2.0,
    2.333333333333332,
    2.6666666666666643,
    3.0,
    3.333333333333332,
    3.6666666666666643,
    4.0,
    4.333333333333332,
    4.666666666666664,
    5.0,
    5.333333333333332,
    5.666666666666664,
    6.0,
    6.333333333333332,
    6.666666666666664,
    7.0,
    7.333333333333332,
    7.666666666666664,
    8.0,
    8.333333333333332,
    8.666666666666664,
    9.0,
    9.333333333333332,
    9.666666666666664,
    10.0,
    10.333333333333332,
    10.666666666666664,
    11.0,
    11.333333333333332,
    11.666666666666664,
    12.0,
    12.333333333333329,
    12.666666666666664,
    13.0,
    13.333333333333329,
    13.666666666666664,
    14.0,
    14.333333333333329,
    14.666666666666664,
    15.0,
    15.333333333333329,
    15.666666666666664,
    16.0,
    16.33333333333333,
    16.666666666666664,
    17.0,
    17.33333333333333,
    17.666666666666664,
    18.0,
    18.33333333333333,
    18.666666666666664,
    19.0,
    19.33333333333333,
    19.666666666666664,
    20.0
  ],
  "conductance": [
    0.9695795657297623,
    0.9731609686482716,
    0.9777328464598231,
    0.9834306052740764,
    0.9903941108749368,
    0.9987497280307644,
    1.008574885803117,
    1.019853562812605,
    1.0324490346276658,
    1.0460746917389767,
    1.060127299337294,
    1.0733726497257037,
    1.0839298213088338,
    1.090011695001719,
    1.0909023406859906,
    1.08713760606054,
    1.0799034252664137,
    1.070371012381458,
    1.0593902700035371,
    1.047543077181669,
    1.0352891811232217,
    1.0229576729231533,
    1.0106142501846143,
    0.9979863470454655,
    0.9845588969048352,
    0.9698281691825731,
    0.9536244752597764,
    0.9362635102064398,
    0.9183572153624523,
    0.9005100276383445,
    0.8831541286286357,
    0.866526370007744,
    0.8506907864435895,
    0.8355592714350879,
    0.8209392548276453,
    0.8066576504154394,
    0.7926970631241855,
    0.7791977647266617,
    0.7663431263903921,
    0.7542670209936134,
    0.7430322968234769,
    0.7326474356496178,
    0.723088827060422,
    0.714317138472282,
    0.7062871714153903,
    0.6989532266880156,
    0.6922718079616547,
    0.6862028499513936,
    0.6807101599412365,
    0.6757614553867721,
    0.6713282060859429,
    0.667385393057775,
    0.6639112435154643,
    0.6608869725426029,
    0.6582965464498536,
    0.6561264743862536,
    0.6543656303672476,
    0.6530051056793444,
    0.6520380906429661,
    0.6514597844118238,
    0.6512673315525824,
    0.6514597844118247,
    0.6520380906429655,
    0.6530051056793444,
    0.6543656303672485,
    0.6561264743862527,
    0.6582965464498535,
    0.6608869725426036,
    0.6639112435154633,
    0.667385393057775,
    0.6713282060859438,
    0.6757614553867713,
    0.6807101599412363,
    0.6862028499513946,
    0.6922718079616543,
    0.6989532266880153,
    0.7062871714153911,
    0.7143171384722815,
    0.7230888270604217,
    0.7326474356496188,
    0.7430322968234763,
    0.754267020993613,
    0.766343126390393,
    0.7791977647266614,
    0.7926970631241851,
    0.8066576504154402,
    0.8209392548276446,
    0.8355592714350875,
    0.8506907864435908,
    0.8665263700077432,
    0.8831541286286353,
    0.9005100276383456,
    0.9183572153624514,
    0.936263510206439,
    0.9536244752597776,
    0.969828169182572,
    0.9845588969048353,
    0.9979863470454665,
    1.0106142501846123,
    1.0229576729231542,
    1.0352891811232228,
    1.047543077181667,
    1.059390270003538,
    1.0703710123814592,
    1.0799034252664117,
    1.0871376060605407,
    1.090902340685992,
    1.090011695001717,
    1.0839298213088338,
    1.0733726497257055,
    1.0601272993372928,
    1.0460746917389765,
    1.032449034627667,
    1.019853562812604,
    1.0085748858031167,
    0.9987497280307659,
    0.9903941108749353,
    0.9834306052740764,
    0.9777328464598245,
    0.973160968648271,
    0.9695795657297619
  ],