{
  "bias_mev": [
    -20.0,
    -19.666666666666668,
    -19.333333333333332,
    -19.0,
    -18.666666666666668,
    -18.333333333333332,
    -18.0,
    -17.666666666666668,
    -17.333333333333332,
    -17.0,
    -16.666666666666668,
    -16.333333333333332,
    -16.0,
    -15.666666666666668,
    -15.333333333333334,
    -15.0,
    -14.666666666666668,
    -14.333333333333334,
    -14.0,
    -13.666666666666668,
    -13.333333333333334,
    -13.0,
    -12.666666666666668,
    -12.333333333333334,
    -12.0,
    -11.666666666666668,
    -11.333333333333334,
    -11.0,
    -10.666666666666668,
    -10.333333333333334,
    -10.0,
    -9.666666666666668,
    -9.333333333333334,
    -9.0,
    -8.666666666666668,
    -8.333333333333334,
    -8.0,
    -7.666666666666668,
    -7.333333333333334,
    -7.0,
    -6.666666666666668,
    -6.333333333333334,
    -6.0,
    -5.666666666666668,
    -5.333333333333334,
    -5.0,
    -4.666666666666668,
    -4.333333333333334,
    -4.0,
    -3.666666666666668,
    -3.3333333333333357,
    -3.0,
    -2.666666666666668,
    -2.3333333333333357,
    -2.0,
    -1.6666666666666679,
    -1.3333333333333357,
    -1.0,
    -0.6666666666666679,
    -0.3333333333333357,
    0.0,
    0.33333333333333215,
    0.6666666666666643,
    1.0,
    1.3333333333333321,
    1.6666666666666643,
    2.0,
    2.333333333333332,
    2.6666666666666643,
    3.0,
    3.333333333333332,
    3.6666666666666643,
    4.0,
    4.333333333333332,
    4.666666666666664,
    5.0,
    5.333333333333332,
    5.666666666666664,
    6.0,
    6.333333333333332,
    6.666666666666664,
    7.0,
    7.333333333333332,
    7.666666666666664,
    8.0,
    8.333333333333332,
    8.666666666666664,
    9.0,
    9.333333333333332,
    9.666666666666664,
    10.0,
    10.333333333333332,
    10.666666666666664,
    11.0,
    11.333333333333332,
    11.666666666666664,
    12.0,
    12.333333333333329,
    12.666666666666664,
    13.0,
    13.333333333333329,
    13.666666666666664,
    14.0,
    14.333333333333329,
    14.666666666666664,
    15.0,
    15.333333333333329,
    15.666666666666664,
    16.0,
    16.33333333333333,
    16.666666666666664,
    17.0,
    17.33333333333333,
    17.666666666666664,
    18.0,
    18.33333333333333,
    18.666666666666664,
    19.0,
    19.33333333333333,
    19.666666666666664,
    20.0
  ],
  "conductance": [
    0.9817364987219864,
    0.9827140862685338,
    0.9847996648471232,
    0.9880895200349565,
    0.9926595693728336,
    0.9985208174816836,
    1.0055558262080622,
    1.013485749913675,
    1.0219336211943348,
    1.0305046459568101,
    1.0386532564732283,
    1.0453898824209988,
    1.0493250500025215,
    1.0493197656555595,
    1.045162213177209,
    1.0375690442487233,
    1.0276441168962818,
    1.0163380466032097,
    1.004270598817321,
    0.9918876389208741,
    0.9795959754820343,
    0.9676508879410871,
    0.9559542818181272,
    0.9440088304691981,
    0.9310962280453922,
    0.9166197182587776,
    0.9004805057976002,
    0.8831782532394614,
    0.8655139584343042,
    0.8482193246488581,
    0.8317778912470356,
    0.8164079656743777,
    0.8020938420576282,
    0.7886283465330534,
    0.7757127247914428,
    0.7631301422583283,
    0.7508652874006141,
    0.73905558220939,
    0.7278627891932933,
    0.7173944951668441,
    0.7076933475303674,
    0.6987556240975853,
    0.6905517585082052,
    0.683040594280502,
    0.6761776432115554,
    0.6699193849480457,
    0.6642252880383482,
    0.6590586075109546,
    0.6543865575015538,
    0.6501801831262672,
    0.6464141026578044,
    0.6430662081937851,
    0.6401173688167302,
    0.6375511569225287,
    0.6353536062565861,
    0.6335130040450143,
    0.6320197166551047,
    0.6308660469677004,
    0.6300461212883604,
    0.6295558037313684,
    0.6293926363494415,
    0.6295558037313691,
    0.6300461212883597,
    0.6308660469677005,
    0.6320197166551055,
    0.6335130040450138,
    0.6353536062565863,
    0.6375511569225295,
    0.6401173688167292,
    0.643066208193785,
    0.6464141026578052,
    0.6501801831262666,
    0.6543865575015535,
    0.6590586075109554,
    0.6642252880383478,
    0.6699193849480454,
    0.6761776432115562,
    0.6830405942805016,
    0.6905517585082047,
    0.6987556240975861,
    0.7076933475303671,
    0.7173944951668435,
    0.7278627891932943,
    0.7390555822093897,
    0.7508652874006136,
    0.7631301422583292,
    0.7757127247914423,
    0.7886283465330529,
    0.8020938420576292,
    0.8164079656743773,
    0.8317778912470353,
    0.8482193246488593,
    0.8655139584343035,
    0.8831782532394611,
    0.9004805057976012,
    0.9166197182587768,
    0.9310962280453926,
    0.944008830469199,
    0.9559542818181251,
    0.9676508879410877,
    0.9795959754820354,
    0.991887638920872,
    1.0042705988173215,
    1.0163380466032108,
    1.0276441168962798,
    1.037569044248724,
    1.04516221317721,
    1.0493197656555582,
    1.0493250500025217,
    1.0453898824210002,
    1.038653256473227,
    1.0305046459568101,
    1.0219336211943362,
    1.0134857499136738,
    1.0055558262080622,
    0.998520817481685,
    0.9926595693728325,
    0.9880895200349565,
    0.9847996648471247,
    0.9827140862685328,
    0.9817364987219859
  ],