{
  "bias_mev": [
    -20.0,
    -19.666666666666668,
    -19.333333333333332,
    -19.0,
    -18.666666666666668,
    -18.333333333333332,
    -18.0,
    -17.666666666666668,
    -17.333333333333332,
    -17.0,
    -16.666666666666668,
    -16.333333333333332,
    -16.0,
    -15.666666666666668,
    -15.333333333333334,
    -15.0,
    -14.666666666666668,
    -14.333333333333334,
    -14.0,
    -13.666666666666668,
    -13.333333333333334,
    -13.0,
    -12.666666666666668,
    -12.333333333333334,
    -12.0,
    -11.666666666666668,
    -11.333333333333334,
    -11.0,
    -10.666666666666668,
    -10.333333333333334,
    -10.0,
    -9.666666666666668,
    -9.333333333333334,
    -9.0,
    -8.666666666666668,
    -8.333333333333334,
    -8.0,
    -7.666666666666668,
    -7.333333333333334,
    -7.0,
    -6.666666666666668,
    -6.333333333333334,
    -6.0,
    -5.666666666666668,
    -5.333333333333334,
    -5.0,
    -4.666666666666668,
    -4.333333333333334,
    -4.0,
    -3.666666666666668,
    -3.3333333333333357,
    -3.0,
    -2.666666666666668,
    -2.3333333333333357,
    -2.0,
    -1.6666666666666679,
    -1.3333333333333357,
    -1.0,
    -0.6666666666666679,
    -0.3333333333333357,
    0.0,
    0.33333333333333215,
    0.6666666666666643,
    1.0,
    1.3333333333333321,
    1.6666666666666643,
    2.0,
    2.333333333333332,
    2.6666666666666643,
    3.0,
    3.333333333333332,
    3.6666666666666643,
    4.0,
    4.333333333333332,
    4.666666666666664,
    5.0,
    5.333333333333332,
    5.666666666666664,
    6.0,
    6.333333333333332,
    6.666666666666664,
    7.0,
    7.333333333333332,
    7.666666666666664,
    8.0,
    8.333333333333332,
    8.666666666666664,
    9.0,
    9.333333333333332,
    9.666666666666664,
    10.0,
    10.333333333333332,
    10.666666666666664,
    11.0,
    11.333333333333332,
    11.666666666666664,
    12.0,
    12.333333333333329,
    12.666666666666664,
    13.0,
    13.333333333333329,
    13.666666666666664,
    14.0,
    14.333333333333329,
    14.666666666666664,
    15.0,
    15.333333333333329,
    15.666666666666664,
    16.0,
    16.33333333333333,
    16.666666666666664,
    17.0,
    17.33333333333333,
    17.666666666666664,
    18.0,
    18.33333333333333,
    18.666666666666664,
    19.0,
    19.33333333333333,
    19.666666666666664,
    20.0
  ],
  "conductance": [
    0.9843603927275563,
    0.9849100983723194,
    0.9864494006094006,
    0.9890825946368109,
    0.9929102870562221,
    0.9979990539997559,
    1.0043242229740033,
    1.0117109300214284,
    1.0198501983384491,
    1.0284028212640532,
    1.036978944464125,
    1.0448521290797463,
    1.0507844687578507,
    1.0534652371890283,
    1.0522903939062203,
    1.0476303660119237,
    1.040427549160303,
    1.0316234313246553,
    1.0218563839474943,
    1.0115490770769542,
    1.001102378086366,
    0.9908600094144348,
    0.9808952938283167,
    0.9708845027826503,
    0.9601954682514084,
    0.9481556133415575,
    0.9344353696075884,
    0.9192992655061952,
    0.9034368224351719,
    0.8875835146610452,
    0.8722838793289163,
    0.8578405920947865,
    0.8443338862243623,
    0.8316449483693211,
    0.8195140078058483,
    0.8076895532731375,
    0.7960909282623351,
    0.7848186640268763,
    0.7740359489107614,
    0.7638703699138749,
    0.7543873775922076,
    0.7456029267977102,
    0.7375030336088574,
    0.730058562074349,
    0.72323424986123,
    0.716993677255656,
    0.7113018093305117,
    0.7061261847513987,
    0.7014373788553345,
    0.6972090909025062,
    0.6934180464945855,
    0.6900438181066239,
    0.6870686184501607,
    0.6844770950742225,
    0.6822561403117946,
    0.6803947229767932,
    0.6788837441509826,
    0.6777159173460695,
    0.6768856723852161,
    0.6763890820215115,
    0.6762238103201953,
    0.6763890820215124,
    0.6768856723852151,
    0.6777159173460696,
    0.6788837441509835,
    0.6803947229767923,
    0.6822561403117946,
    0.6844770950742233,
    0.6870686184501597,
    0.690043818106624,
    0.6934180464945864,
    0.6972090909025052,
    0.7014373788553343,
    0.7061261847513997,
    0.7113018093305111,
    0.7169936772556554,
    0.7232342498612306,
    0.7300585620743482,
    0.7375030336088568,
    0.7456029267977112,
    0.754387377592207,
    0.7638703699138745,
    0.7740359489107626,
    0.7848186640268756,
    0.7960909282623346,
    0.8076895532731386,
    0.8195140078058474,
    0.8316449483693203,
    0.8443338862243637,
    0.8578405920947857,
    0.8722838793289157,
    0.8875835146610461,
    0.9034368224351711,
    0.9192992655061947,
    0.9344353696075895,
    0.9481556133415564,
    0.9601954682514084,
    0.9708845027826511,
    0.9808952938283143,
    0.9908600094144353,
    1.001102378086367,
    1.0115490770769522,
    1.0218563839474952,
    1.0316234313246568,
    1.0404275491603008,
    1.0476303660119246,
    1.0522903939062218,
    1.0534652371890267,
    1.050784468757851,
    1.0448521290797477,
    1.036978944464124,
    1.0284028212640532,
    1.0198501983384505,
    1.0117109300214273,
    1.0043242229740033,
    0.9979990539997573,
    0.992910287056221,
    0.9890825946368109,
    0.9864494006094018,
    0.984910098372319,
    0.9843603927275558
  ],