{
  "bias_mev": [
    -20.0,
    -19.666666666666668,
    -19.333333333333332,
    -19.0,
    -18.666666666666668,
    -18.333333333333332,
    -18.0,
    -17.666666666666668,
    -17.333333333333332,
    -17.0,
    -16.666666666666668,
    -16.333333333333332,
    -16.0,
    -15.666666666666668,
    -15.333333333333334,
    -15.0,
    -14.666666666666668,
    -14.333333333333334,
    -14.0,
    -13.666666666666668,
    -13.333333333333334,
    -13.0,
    -12.666666666666668,
    -12.333333333333334,
    -12.0,
    -11.666666666666668,
    -11.333333333333334,
    -11.0,
    -10.666666666666668,
    -10.333333333333334,
    -10.0,
    -9.666666666666668,
    -9.333333333333334,
    -9.0,
    -8.666666666666668,
    -8.333333333333334,
    -8.0,
    -7.666666666666668,
    -7.333333333333334,
    -7.0,
    -6.666666666666668,
    -6.333333333333334,
    -6.0,
    -5.666666666666668,
    -5.333333333333334,
    -5.0,
    -4.666666666666668,
    -4.333333333333334,
    -4.0,
    -3.666666666666668,
    -3.3333333333333357,
    -3.0,
    -2.666666666666668,
    -2.3333333333333357,
    -2.0,
    -1.6666666666666679,
    -1.3333333333333357,
    -1.0,
    -0.6666666666666679,
    -0.3333333333333357,
    0.0,
    0.33333333333333215,
    0.6666666666666643,
    1.0,
    1.3333333333333321,
    1.6666666666666643,
    2.0,
    2.333333333333332,
    2.6666666666666643,
    3.0,
    3.333333333333332,
    3.6666666666666643,
    4.0,
    4.333333333333332,
    4.666666666666664,
    5.0,
    5.333333333333332,
    5.666666666666664,
    6.0,
    6.333333333333332,
    6.666666666666664,
    7.0,
    7.333333333333332,
    7.666666666666664,
    8.0,
    8.333333333333332,
    8.666666666666664,
    9.0,
    9.333333333333332,
    9.666666666666664,
    10.0,
    10.333333333333332,
    10.666666666666664,
    11.0,
    11.333333333333332,
    11.666666666666664,
    12.0,
    12.333333333333329,
    12.666666666666664,
    13.0,
    13.333333333333329,
    13.666666666666664,
    14.0,
    14.333333333333329,
    14.666666666666664,
    15.0,
    15.333333333333329,
    15.666666666666664,
    16.0,
    16.33333333333333,
    16.666666666666664,
    17.0,
    17.33333333333333,
    17.666666666666664,
    18.0,
    18.33333333333333,
    18.666666666666664,
    19.0,
    19.33333333333333,
    19.666666666666664,
    20.0
  ],
  "conductance": [
    0.9820787245644826,
    0.983256223965774,
    0.985415890162637,
    0.9886525582096278,
    0.9930421595141387,
    0.9986118376931566,
    1.0052978395790062,
    1.0129113459223884,
    1.0211418829281276,
    1.0295915374606603,
    1.037771832942716,
    1.0450353552278988,
    1.050569397999215,
    1.0535999998790024,
    1.0537153314893601,
    1.0510301655285894,
    1.0460620033480983,
    1.0394541952253582,
    1.0317639721137524,
    1.0234169822963193,
    1.0147468672758284,
    1.005975854450637,
    0.9971138218765692,
    0.9878872858497255,
    0.9778032013434018,
    0.9663526800344826,
    0.9532692850300212,
    0.9386961933606223,
    0.9231418589847542,
    0.9072661488189429,
    0.8916579312910864,
    0.8767062066684688,
    0.8625598863543731,
    0.8491436777021367,
    0.8362289747152749,
    0.8235660005355367,
    0.8110251871511847,
    0.7986524883026029,
    0.7866122650350004,
    0.7750893913403128,
    0.7642240221946958,
    0.7540940424664685,
    0.7447252168226067,
    0.7361087717818542,
    0.7282165746086474,
    0.7210115333006926,
    0.7144538834133927,
    0.7085046617141827,
    0.7031274577479277,
    0.6982891797654921,
    0.6939602852269395,
    0.6901147366379015,
    0.6867298287114705,
    0.6837859664580415,
    0.6812664364010194,
    0.6791571924152351,
    0.6774466664203819,
    0.6761256081759229,
    0.6751869553757885,
    0.6746257338218261,
    0.674438986933759,
    0.6746257338218263,
    0.6751869553757884,
    0.6761256081759228,
    0.677446666420382,
    0.6791571924152351,
    0.6812664364010194,
    0.6837859664580416,
    0.6867298287114704,
    0.6901147366379013,
    0.6939602852269396,
    0.698289179765492,
    0.7031274577479277,
    0.7085046617141826,
    0.7144538834133926,
    0.7210115333006925,
    0.7282165746086473,
    0.736108771781854,
    0.7447252168226067,
    0.7540940424664684,
    0.7642240221946955,
    0.7750893913403128,
    0.7866122650350003,
    0.7986524883026027,
    0.8110251871511847,
    0.8235660005355366,
    0.8362289747152746,
    0.8491436777021367,
    0.8625598863543731,
    0.8767062066684685,
    0.8916579312910864,
    0.9072661488189426,
    0.9231418589847536,
    0.9386961933606223,
    0.953269285030021,
    0.9663526800344825,
    0.9778032013434018,
    0.9878872858497255,
    0.9971138218765687,
    1.005975854450637,
    1.0147468672758284,
    1.0234169822963188,
    1.0317639721137526,
    1.0394541952253582,
    1.046062003348098,
    1.0510301655285894,
    1.0537153314893606,
    1.0535999998790018,
    1.0505693979992154,
    1.045035355227899,
    1.037771832942716,
    1.0295915374606608,
    1.0211418829281278,
    1.0129113459223884,
    1.0052978395790062,
    0.9986118376931571,
    0.9930421595141389,
    0.9886525582096282,
    0.9854158901626376,
    0.9832562239657742,
    0.9820787245644826
  ],