{
  "bias_mev": [
    -20.0,
    -19.666666666666668,
    -19.333333333333332,
    -19.0,
    -18.666666666666668,
    -18.333333333333332,
    -18.0,
    -17.666666666666668,
    -17.333333333333332,
    -17.0,
    -16.666666666666668,
    -16.333333333333332,
    -16.0,
    -15.666666666666668,
    -15.333333333333334,
    -15.0,
    -14.666666666666668,
    -14.333333333333334,
    -14.0,
    -13.666666666666668,
    -13.333333333333334,
    -13.0,
    -12.666666666666668,
    -12.333333333333334,
    -12.0,
    -11.666666666666668,
    -11.333333333333334,
    -11.0,
    -10.666666666666668,
    -10.333333333333334,
    -10.0,
    -9.666666666666668,
    -9.333333333333334,
    -9.0,
    -8.666666666666668,
    -8.333333333333334,
    -8.0,
    -7.666666666666668,
    -7.333333333333334,
    -7.0,
    -6.666666666666668,
    -6.333333333333334,
    -6.0,
    -5.666666666666668,
    -5.333333333333334,
    -5.0,
    -4.666666666666668,
    -4.333333333333334,
    -4.0,
    -3.666666666666668,
    -3.3333333333333357,
    -3.0,
    -2.666666666666668,
    -2.3333333333333357,
    -2.0,
    -1.6666666666666679,
    -1.3333333333333357,
    -1.0,
    -0.6666666666666679,
    -0.3333333333333357,
    0.0,
    0.33333333333333215,
    0.6666666666666643,
    1.0,
    1.3333333333333321,
    1.6666666666666643,
    2.0,
    2.333333333333332,
    2.6666666666666643,
    3.0,
    3.333333333333332,
    3.6666666666666643,
    4.0,
    4.333333333333332,
    4.666666666666664,
    5.0,
    5.333333333333332,
    5.666666666666664,
    6.0,
    6.333333333333332,
    6.666666666666664,
    7.0,
    7.333333333333332,
    7.666666666666664,
    8.0,
    8.333333333333332,
    8.666666666666664,
    9.0,
    9.333333333333332,
    9.666666666666664,
    10.0,
    10.333333333333332,
    10.666666666666664,
    11.0,
    11.333333333333332,
    11.666666666666664,
    12.0,
    12.333333333333329,
    12.666666666666664,
    13.0,
    13.333333333333329,
    13.666666666666664,
    14.0,
    14.333333333333329,
    14.666666666666664,
    15.0,
    15.333333333333329,
    15.666666666666664,
    16.0,
    16.33333333333333,
    16.666666666666664,
    17.0,
    17.33333333333333,
    17.666666666666664,
    18.0,
    18.33333333333333,
    18.666666666666664,
    19.0,
    19.33333333333333,
    19.666666666666664,
    20.0
  ],
  "conductance": [
    0.9750316719770893,
    0.9781422227031403,
    0.9820539183959078,
    0.9868640459478143,
    0.9926570277101944,
    0.9994894337481184,
    1.0073695563982423,
    1.0162361672726778,
    1.025939209842531,
    1.0362167460042842,
    1.046662793016938,
    1.056708929309391,
    1.0656750399432775,
    1.07291790239755,
    1.078015394047608,
    1.0808698415771814,
    1.0816723995292,
    1.0807753656472912,
    1.0785634992146824,
    1.0753779401129961,
    1.0714823032009004,
    1.0670343934715305,
    1.062054234097813,
    1.0564164879819773,
    1.0498980045583701,
    1.0422785181004361,
    1.0334531025392142,
    1.0234981452926277,
    1.012657248397562,
    1.0012644493745557,
    0.9896515561491631,
    0.9780752232888158,
    0.9666767869492652,
    0.9554795560600389,
    0.9444266797210404,
    0.9334485417298348,
    0.9225259347578801,
    0.911713906560565,
    0.9011215296385536,
    0.8908726928143209,
    0.8810744546109539,
    0.8718027520186092,
    0.8631018730498475,
    0.854990585236265,
    0.8474697341236961,
    0.8405288435706029,
    0.8341510266641531,
    0.8283163284019586,
    0.823003867397449,
    0.8181931423190131,
    0.813864789920839,
    0.8100009969542162,
    0.8065857005639689,
    0.8036046636710166,
    0.8010454797046249,
    0.7988975403318471,
    0.7971519867674337,
    0.7958016571244039,
    0.7948410372641382,
    0.7942662195485196,
    0.7940748720382227,
    0.7942662195485196,
    0.7948410372641382,
    0.7958016571244039,
    0.7971519867674337,
    0.798897540331847,
    0.8010454797046249,
    0.8036046636710165,
    0.8065857005639689,
    0.8100009969542163,
    0.8138647899208389,
    0.818193142319013,
    0.823003867397449,
    0.8283163284019587,
    0.8341510266641531,
    0.8405288435706026,
    0.8474697341236961,
    0.8549905852362649,
    0.8631018730498475,
    0.8718027520186094,
    0.8810744546109538,
    0.8908726928143209,
    0.9011215296385537,
    0.9117139065605651,
    0.9225259347578801,
    0.933448541729835,
    0.9444266797210402,
    0.9554795560600389,
    0.9666767869492654,
    0.9780752232888159,
    0.9896515561491631,
    1.0012644493745557,
    1.0126572483975615,
    1.0234981452926277,
    1.0334531025392144,
    1.0422785181004361,
    1.0498980045583701,
    1.0564164879819773,
    1.062054234097813,
    1.0670343934715305,
    1.0714823032009004,
    1.075377940112996,
    1.0785634992146824,
    1.0807753656472912,
    1.0816723995292,
    1.0808698415771816,
    1.078015394047608,
    1.07291790239755,
    1.0656750399432773,
    1.0567089293093912,
    1.046662793016938,
    1.0362167460042842,
    1.025939209842531,
    1.0162361672726778,
    1.007369556398242,
    0.9994894337481184,
    0.9926570277101944,
    0.9868640459478142,
    0.9820539183959078,
    0.9781422227031403,
    0.9750316719770892
  ],