{
  "bias_mev": [
    -20.0,
    -19.666666666666668,
    -19.333333333333332,
    -19.0,
    -18.666666666666668,
    -18.333333333333332,
    -18.0,
    -17.666666666666668,
    -17.333333333333332,
    -17.0,
    -16.666666666666668,
    -16.333333333333332,
    -16.0,
    -15.666666666666668,
    -15.333333333333334,
    -15.0,
    -14.666666666666668,
    -14.333333333333334,
    -14.0,
    -13.666666666666668,
    -13.333333333333334,
    -13.0,
    -12.666666666666668,
    -12.333333333333334,
    -12.0,
    -11.666666666666668,
    -11.333333333333334,
    -11.0,
    -10.666666666666668,
    -10.333333333333334,
    -10.0,
    -9.666666666666668,
    -9.333333333333334,
    -9.0,
    -8.666666666666668,
    -8.333333333333334,
    -8.0,
    -7.666666666666668,
    -7.333333333333334,
    -7.0,
    -6.666666666666668,
    -6.333333333333334,
    -6.0,
    -5.666666666666668,
    -5.333333333333334,
    -5.0,
    -4.666666666666668,
    -4.333333333333334,
    -4.0,
    -3.666666666666668,
    -3.3333333333333357,
    -3.0,
    -2.666666666666668,
    -2.3333333333333357,
    -2.0,
    -1.6666666666666679,
    -1.3333333333333357,
    -1.0,
    -0.6666666666666679,
    -0.3333333333333357,
    0.0,
    0.33333333333333215,
    0.6666666666666643,
    1.0,
    1.3333333333333321,
    1.6666666666666643,
    2.0,
    2.333333333333332,
    2.6666666666666643,
    3.0,
    3.333333333333332,
    3.6666666666666643,
    4.0,
    4.333333333333332,
    4.666666666666664,
    5.0,
    5.333333333333332,
    5.666666666666664,
    6.0,
    6.333333333333332,
    6.666666666666664,
    7.0,
    7.333333333333332,
    7.666666666666664,
    8.0,
    8.333333333333332,
    8.666666666666664,
    9.0,
    9.333333333333332,
    9.666666666666664,
    10.0,
    10.333333333333332,
    10.666666666666664,
    11.0,
    11.333333333333332,
    11.666666666666664,
    12.0,
    12.333333333333329,
    12.666666666666664,
    13.0,
    13.333333333333329,
    13.666666666666664,
    14.0,
    14.333333333333329,
    14.666666666666664,
    15.0,
    15.333333333333329,
    15.666666666666664,
    16.0,
    16.33333333333333,
    16.666666666666664,
    17.0,
    17.33333333333333,
    17.666666666666664,
    18.0,
    18.33333333333333,
    18.666666666666664,
    19.0,
    19.33333333333333,
    19.666666666666664,
    20.0
  ],
  "conductance": [
    0.9695490333621989,
    0.973048267691376,
    0.9775863472027306,
    0.9832944834937809,
    0.990304466939752,
    0.9987307873111868,
    1.0086366254599821,
    1.0199902671946643,
    1.0326312374122053,
    1.0462284839321239,
    1.06012107352675,
    1.0730312331749932,
    1.083036705731286,
    1.088251473724512,
    1.0878252696638617,
    1.0822484371534278,
    1.0727955112372045,
    1.0607985882831161,
    1.0472654694832935,
    1.0328846467745179,
    1.0181586605230644,
    1.0034143897807983,
    0.9886958365336816,
    0.97370791247251,
    0.9579281893151383,
    0.9408765498090932,
    0.9224305770501784,
    0.9029505638016423,
    0.8830810072725016,
    0.8634467681472352,
    0.8444842842221213,
    0.8264160718122338,
    0.8092770870439865,
    0.7929475043525002,
    0.7772187313775067,
    0.7619253856483101,
    0.7470669506076104,
    0.7327930898753565,
    0.719286281961466,
    0.7066722723535306,
    0.6950014275648214,
    0.6842678611453908,
    0.6744336663467366,
    0.6654464679050898,
    0.657249767361098,
    0.6497883626442736,
    0.6430108957076703,
    0.636870851362659,
    0.6313267647754092,
    0.6263420490158479,
    0.6218846597056509,
    0.6179267085016472,
    0.6144440810190623,
    0.6114160852105124,
    0.608825140845251,
    0.6066565129612356,
    0.6048980884463772,
    0.6035401933434419,
    0.6025754480435812,
    0.6019986576877643,
    0.601806735540946,
    0.601998657687765,
    0.6025754480435805,
    0.6035401933434418,
    0.6048980884463779,
    0.6066565129612347,
    0.6088251408452511,
    0.6114160852105129,
    0.6144440810190614,
    0.6179267085016472,
    0.6218846597056515,
    0.6263420490158473,
    0.6313267647754087,
    0.63687085136266,
    0.6430108957076699,
    0.6497883626442732,
    0.6572497673610987,
    0.6654464679050893,
    0.6744336663467362,
    0.6842678611453916,
    0.6950014275648208,
    0.7066722723535303,
    0.719286281961467,
    0.732793089875356,
    0.74706695060761,
    0.761925385648311,
    0.7772187313775061,
    0.7929475043524998,
    0.8092770870439876,
    0.8264160718122331,
    0.8444842842221211,
    0.8634467681472363,
    0.8830810072725007,
    0.9029505638016417,
    0.9224305770501793,
    0.9408765498090921,
    0.9579281893151389,
    0.9737079124725111,
    0.9886958365336798,
    1.003414389780799,
    1.0181586605230653,
    1.0328846467745156,
    1.0472654694832944,
    1.0607985882831175,
    1.0727955112372025,
    1.0822484371534287,
    1.087825269663863,
    1.0882514737245101,
    1.083036705731286,
    1.0730312331749947,
    1.0601210735267488,
    1.0462284839321236,
    1.0326312374122066,
    1.0199902671946632,
    1.0086366254599821,
    0.9987307873111878,
    0.9903044669397507,
    0.9832944834937808,
    0.977586347202732,
    0.9730482676913751,
    0.9695490333621982
  ],