{
  "bias_mev": [
    -20.0,
    -19.666666666666668,
    -19.333333333333332,
    -19.0,
    -18.666666666666668,
    -18.333333333333332,
    -18.0,
    -17.666666666666668,
    -17.333333333333332,
    -17.0,
    -16.666666666666668,
    -16.333333333333332,
    -16.0,
    -15.666666666666668,
    -15.333333333333334,
    -15.0,
    -14.666666666666668,
    -14.333333333333334,
    -14.0,
    -13.666666666666668,
    -13.333333333333334,
    -13.0,
    -12.666666666666668,
    -12.333333333333334,
    -12.0,
    -11.666666666666668,
    -11.333333333333334,
    -11.0,
    -10.666666666666668,
    -10.333333333333334,
    -10.0,
    -9.666666666666668,
    -9.333333333333334,
    -9.0,
    -8.666666666666668,
    -8.333333333333334,
    -8.0,
    -7.666666666666668,
    -7.333333333333334,
    -7.0,
    -6.666666666666668,
    -6.333333333333334,
    -6.0,
    -5.666666666666668,
    -5.333333333333334,
    -5.0,
    -4.666666666666668,
    -4.333333333333334,
    -4.0,
    -3.666666666666668,
    -3.3333333333333357,
    -3.0,
    -2.666666666666668,
    -2.3333333333333357,
    -2.0,
    -1.6666666666666679,
    -1.3333333333333357,
    -1.0,
    -0.6666666666666679,
    -0.3333333333333357,
    0.0,
    0.33333333333333215,
    0.6666666666666643,
    1.0,
    1.3333333333333321,
    1.6666666666666643,
    2.0,
    2.333333333333332,
    2.6666666666666643,
    3.0,
    3.333333333333332,
    3.6666666666666643,
    4.0,
    4.333333333333332,
    4.666666666666664,
    5.0,
    5.333333333333332,
    5.666666666666664,
    6.0,
    6.333333333333332,
    6.666666666666664,
    7.0,
    7.333333333333332,
    7.666666666666664,
    8.0,
    8.333333333333332,
    8.666666666666664,
    9.0,
    9.333333333333332,
    9.666666666666664,
    10.0,
    10.333333333333332,
    10.666666666666664,
    11.0,
    11.333333333333332,
    11.666666666666664,
    12.0,
    12.333333333333329,
    12.666666666666664,
    13.0,
    13.333333333333329,
    13.666666666666664,
    14.0,
    14.333333333333329,
    14.666666666666664,
    15.0,
    15.333333333333329,
    15.666666666666664,
    16.0,
    16.33333333333333,
    16.666666666666664,
    17.0,
    17.33333333333333,
    17.666666666666664,
    18.0,
    18.33333333333333,
    18.666666666666664,
    19.0,
    19.33333333333333,
    19.666666666666664,
    20.0
  ],
  "conductance": [
    0.9785392479874364,
    0.9804539923646659,
    0.9835934050492657,
    0.9879746082872174,
    0.9935517388560302,
    1.0001846832484245,
    1.0076060924634125,
    1.0153989341879557,
    1.0229956396105842,
    1.0297016579450067,
    1.0347430484789226,
    1.0373493260077147,
    1.036885929252696,
    1.0330115641218571,
    1.0257813548775896,
    1.015622907085084,
    1.0031922167184537,
    0.989191937554923,
    0.9742364299371613,
    0.9587875289456181,
    0.9431289153591228,
    0.9273465301872611,
    0.9113230784823586,
    0.894780487604833,
    0.8773867922909803,
    0.8589033545627297,
    0.8393155427689155,
    0.8188837656080873,
    0.7980846312079782,
    0.7774720184687417,
    0.7575275947439005,
    0.7385594125114548,
    0.7206692539346826,
    0.7037820087145136,
    0.6877207287717211,
    0.6723032231457807,
    0.6574243251391895,
    0.6430891681182906,
    0.6293897399393301,
    0.6164503466984909,
    0.6043773913337194,
    0.5932330279932495,
    0.583032075797204,
    0.5737520625718158,
    0.5653468517747562,
    0.5577585314038579,
    0.5509258467447647,
    0.5447893709483861,
    0.5392942526879414,
    0.5343913935629412,
    0.530037707825335,
    0.5261958993811159,
    0.5228340211064031,
    0.519924966707438,
    0.5174459741973855,
    0.5153781786700298,
    0.5137062293211392,
    0.5124179740067695,
    0.5115042092540661,
    0.5109584917055219,
    0.5107770068530603,
    0.5109584917055219,
    0.5115042092540661,
    0.5124179740067694,
    0.5137062293211393,
    0.5153781786700298,
    0.5174459741973854,
    0.5199249667074379,
    0.5228340211064031,
    0.526195899381116,
    0.5300377078253351,
    0.5343913935629411,
    0.5392942526879415,
    0.5447893709483859,
    0.5509258467447646,
    0.5577585314038578,
    0.5653468517747561,
    0.5737520625718157,
    0.583032075797204,
    0.5932330279932494,
    0.6043773913337191,
    0.616450346698491,
    0.6293897399393301,
    0.6430891681182903,
    0.6574243251391894,
    0.6723032231457805,
    0.687720728771721,
    0.7037820087145136,
    0.7206692539346825,
    0.7385594125114547,
    0.7575275947439006,
    0.7774720184687415,
    0.7980846312079779,
    0.8188837656080874,
    0.8393155427689154,
    0.8589033545627297,
    0.8773867922909804,
    0.8947804876048328,
    0.9113230784823585,
    0.9273465301872611,
    0.9431289153591225,
    0.9587875289456178,
    0.9742364299371613,
    0.9891919375549227,
    1.0031922167184537,
    1.015622907085084,
    1.0257813548775894,
    1.0330115641218571,
    1.0368859292526962,
    1.0373493260077147,
    1.0347430484789224,
    1.0297016579450067,
    1.0229956396105842,
    1.0153989341879557,
    1.0076060924634127,
    1.0001846832484242,
    0.9935517388560302,
    0.9879746082872172,
    0.9835934050492657,
    0.9804539923646659,
    0.9785392479874364
  ],