{
  "bias_mev": [
    -20.0,
    -19.666666666666668,
    -19.333333333333332,
    -19.0,
    -18.666666666666668,
    -18.333333333333332,
    -18.0,
    -17.666666666666668,
    -17.333333333333332,
    -17.0,
    -16.666666666666668,
    -16.333333333333332,
    -16.0,
    -15.666666666666668,
    -15.333333333333334,
    -15.0,
    -14.666666666666668,
    -14.333333333333334,
    -14.0,
    -13.666666666666668,
    -13.333333333333334,
    -13.0,
    -12.666666666666668,
    -12.333333333333334,
    -12.0,
    -11.666666666666668,
    -11.333333333333334,
    -11.0,
    -10.666666666666668,
    -10.333333333333334,
    -10.0,
    -9.666666666666668,
    -9.333333333333334,
    -9.0,
    -8.666666666666668,
    -8.333333333333334,
    -8.0,
    -7.666666666666668,
    -7.333333333333334,
    -7.0,
    -6.666666666666668,
    -6.333333333333334,
    -6.0,
    -5.666666666666668,
    -5.333333333333334,
    -5.0,
    -4.666666666666668,
    -4.333333333333334,
    -4.0,
    -3.666666666666668,
    -3.3333333333333357,
    -3.0,
    -2.666666666666668,
    -2.3333333333333357,
    -2.0,
    -1.6666666666666679,
    -1.3333333333333357,
    -1.0,
    -0.6666666666666679,
    -0.3333333333333357,
    0.0,
    0.33333333333333215,
    0.6666666666666643,
    1.0,
    1.3333333333333321,
    1.6666666666666643,
    2.0,
    2.333333333333332,
    2.6666666666666643,
    3.0,
    3.333333333333332,
    3.6666666666666643,
    4.0,
    4.333333333333332,
    4.666666666666664,
    5.0,
    5.333333333333332,
    5.666666666666664,
    6.0,
    6.333333333333332,
    6.666666666666664,
    7.0,
    7.333333333333332,
    7.666666666666664,
    8.0,
    8.333333333333332,
    8.666666666666664,
    9.0,
    9.333333333333332,
    9.666666666666664,
    10.0,
    10.333333333333332,
    10.666666666666664,
    11.0,
    11.333333333333332,
    11.666666666666664,
    12.0,
    12.333333333333329,
    12.666666666666664,
    13.0,
    13.333333333333329,
    13.666666666666664,
    14.0,
    14.333333333333329,
    14.666666666666664,
    15.0,
    15.333333333333329,
    15.666666666666664,
    16.0,
    16.33333333333333,
    16.666666666666664,
    17.0,
    17.33333333333333,
    17.666666666666664,
    18.0,
    18.33333333333333,
    18.666666666666664,
    19.0,
    19.33333333333333,
    19.666666666666664,
    20.0
  ],
  "conductance": [
    0.9709430668191283,
    0.9746245501331345,
    0.9791032177198068,
    0.9845177257543973,
    0.9910232317157084,
    0.9987814417706562,
    1.0079339119964115,
    1.0185571287928177,
    1.0306134303563865,
    1.0439022949415524,
    1.0579534045510366,
    1.0718503508870565,
    1.0842497174772068,
    1.0938611824566264,
    1.1000538237202158,
    1.102997954185303,
    1.1033371915797028,
    1.1017759011339472,
    1.0988562378940037,
    1.0949737734188854,
    1.0904773038581008,
    1.0856676416978965,
    1.08068833635038,
    1.0754343312062602,
    1.0695712941520712,
    1.0626699845383984,
    1.0544267029140522,
    1.0448565442092828,
    1.0342825695370323,
    1.0231520573399104,
    1.0118683296045392,
    1.0007205776949892,
    0.9898732228122554,
    0.9793662570440583,
    0.9691245178994781,
    0.9590147399184323,
    0.9489534231639971,
    0.938976258989833,
    0.9292062981865816,
    0.9197790777241575,
    0.9107965797734527,
    0.9023189716850635,
    0.8943736692814834,
    0.886966822266346,
    0.8800921388331487,
    0.8737366428288718,
    0.8678841785204549,
    0.8625174767898698,
    0.8576193501474566,
    0.8531733700345558,
    0.8491642380731026,
    0.8455779767894088,
    0.8424020145135944,
    0.839625209285604,
    0.8372378389241637,
    0.8352315738417357,
    0.8335994427892219,
    0.8323357977998536,
    0.831436282186368,
    0.8308978039445409,
    0.8307185159759162,
    0.8308978039445414,
    0.8314362821863677,
    0.8323357977998536,
    0.8335994427892226,
    0.8352315738417352,
    0.8372378389241638,
    0.8396252092856046,
    0.842402014513594,
    0.8455779767894088,
    0.849164238073103,
    0.8531733700345554,
    0.8576193501474564,
    0.8625174767898706,
    0.8678841785204546,
    0.8737366428288716,
    0.8800921388331494,
    0.8869668222663459,
    0.8943736692814832,
    0.9023189716850639,
    0.9107965797734523,
    0.919779077724157,
    0.9292062981865825,
    0.9389762589898323,
    0.9489534231639969,
    0.9590147399184331,
    0.9691245178994776,
    0.9793662570440582,
    0.9898732228122563,
    1.000720577694989,
    1.011868329604539,
    1.023152057339911,
    1.0342825695370321,
    1.0448565442092825,
    1.0544267029140528,
    1.062669984538398,
    1.0695712941520716,
    1.0754343312062606,
    1.0806883363503792,
    1.085667641697897,
    1.0904773038581013,
    1.094973773418884,
    1.098856237894004,
    1.101775901133948,
    1.103337191579702,
    1.1029979541853032,
    1.1000538237202167,
    1.0938611824566258,
    1.084249717477207,
    1.0718503508870574,
    1.0579534045510361,
    1.0439022949415522,
    1.030613430356387,
    1.0185571287928172,
    1.0079339119964115,
    0.9987814417706566,
    0.9910232317157078,
    0.9845177257543973,
    0.9791032177198075,
    0.9746245501331339,
    0.9709430668191279
  ],