{
  "bias_mev": [
    -20.0,
    -19.666666666666668,
    -19.333333333333332,
    -19.0,
    -18.666666666666668,
    -18.333333333333332,
    -18.0,
    -17.666666666666668,
    -17.333333333333332,
    -17.0,
    -16.666666666666668,
    -16.333333333333332,
    -16.0,
    -15.666666666666668,
    -15.333333333333334,
    -15.0,
    -14.666666666666668,
    -14.333333333333334,
    -14.0,
    -13.666666666666668,
    -13.333333333333334,
    -13.0,
    -12.666666666666668,
    -12.333333333333334,
    -12.0,
    -11.666666666666668,
    -11.333333333333334,
    -11.0,
    -10.666666666666668,
    -10.333333333333334,
    -10.0,
    -9.666666666666668,
    -9.333333333333334,
    -9.0,
    -8.666666666666668,
    -8.333333333333334,
    -8.0,
    -7.666666666666668,
    -7.333333333333334,
    -7.0,
    -6.666666666666668,
    -6.333333333333334,
    -6.0,
    -5.666666666666668,
    -5.333333333333334,
    -5.0,
    -4.666666666666668,
    -4.333333333333334,
    -4.0,
    -3.666666666666668,
    -3.3333333333333357,
    -3.0,
    -2.666666666666668,
    -2.3333333333333357,
    -2.0,
    -1.6666666666666679,
    -1.3333333333333357,
    -1.0,
    -0.6666666666666679,
    -0.3333333333333357,
    0.0,
    0.33333333333333215,
    0.6666666666666643,
    1.0,
    1.3333333333333321,
    1.6666666666666643,
    2.0,
    2.333333333333332,
    2.6666666666666643,
    3.0,
    3.333333333333332,
    3.6666666666666643,
    4.0,
    4.333333333333332,
    4.666666666666664,
    5.0,
    5.333333333333332,
    5.666666666666664,
    6.0,
    6.333333333333332,
    6.666666666666664,
    7.0,
    7.333333333333332,
    7.666666666666664,
    8.0,
    8.333333333333332,
    8.666666666666664,
    9.0,
    9.333333333333332,
    9.666666666666664,
    10.0,
    10.333333333333332,
    10.666666666666664,
    11.0,
    11.333333333333332,
    11.666666666666664,
    12.0,
    12.333333333333329,
    12.666666666666664,
    13.0,
    13.333333333333329,
    13.666666666666664,
    14.0,
    14.333333333333329,
    14.666666666666664,
    15.0,
    15.333333333333329,
    15.666666666666664,
    16.0,
    16.33333333333333,
    16.666666666666664,
    17.0,
    17.33333333333333,
    17.666666666666664,
    18.0,
    18.33333333333333,
    18.666666666666664,
    19.0,
    19.33333333333333,
    19.666666666666664,
    20.0
  ],
  "conductance": [
    0.978642584572696,
    0.9819357985713859,
    0.9856389974829641,
    0.9898306127160532,
    0.9945988933613732,
    1.000035292523625,
    1.0062142270341148,
    1.0131585752854246,
    1.0208208213146128,
    1.0291241971377472,
    1.0380062289130665,
    1.0473342709735316,
    1.0567636677426888,
    1.0657889954810693,
    1.0740157827614427,
    1.0813402568283397,
    1.087891709707964,
    1.0938610100077666,
    1.09937663455858,
    1.1045246855002608,
    1.10943169274415,
    1.1142539069761415,
    1.1190751455235963,
    1.1238263896958167,
    1.1282882976142175,
    1.132149792269355,
    1.1351363364996891,
    1.13717139518946,
    1.1383909658677498,
    1.139025820055177,
    1.1393019330890348,
    1.1394007834949218,
    1.1394436325493278,
    1.1394687296564818,
    1.139410008556225,
    1.139131918151867,
    1.138532691207795,
    1.1376090543780917,
    1.1364272546976357,
    1.1350697001589458,
    1.133607208556829,
    1.1320933862578484,
    1.1305672397660729,
    1.1290570409055172,
    1.127583477719526,
    1.1261618952138628,
    1.124803831698864,
    1.1235180703545828,
    1.1223113673397556,
    1.1211889641633341,
    1.1201549544477767,
    1.1192125507552981,
    1.118364281541264,
    1.1176121383197906,
    1.1169576866725477,
    1.1164021504908574,
    1.1159464760036095,
    1.115591380206628,
    1.1153373869575647,
    1.115184853032894,
    1.1151339857283404,
    1.1151848530328954,
    1.1153373869575633,
    1.1155913802066282,
    1.1159464760036117,
    1.1164021504908561,
    1.116957686672548,
    1.117612138319792,
    1.1183642815412624,
    1.1192125507552981,
    1.1201549544477778,
    1.1211889641633332,
    1.1223113673397551,
    1.1235180703545842,
    1.1248038316988633,
    1.1261618952138623,
    1.1275834777195277,
    1.1290570409055165,
    1.1305672397660722,
    1.13209338625785,
    1.1336072085568285,
    1.1350697001589454,
    1.1364272546976373,
    1.1376090543780908,
    1.1385326912077947,
    1.1391319181518689,
    1.1394100085562244,
    1.1394687296564812,
    1.1394436325493291,
    1.1394007834949211,
    1.1393019330890342,
    1.1390258200551788,
    1.1383909658677491,
    1.1371713951894593,
    1.1351363364996907,
    1.1321497922693537,
    1.1282882976142177,
    1.123826389695818,
    1.119075145523594,
    1.114253906976142,
    1.1094316927441517,
    1.104524685500259,
    1.0993766345585807,
    1.093861010007768,
    1.0878917097079617,
    1.0813402568283401,
    1.0740157827614445,
    1.0657889954810678,
    1.056763667742689,
    1.0473342709735332,
    1.0380062289130654,
    1.029124197137747,
    1.0208208213146144,
    1.0131585752854235,
    1.0062142270341148,
    1.0000352925236267,
    0.9945988933613721,
    0.9898306127160533,
    0.9856389974829656,
    0.9819357985713855,
    0.9786425845726959
  ],