{
  "bias_mev": [
    -20.0,
    -19.666666666666668,
    -19.333333333333332,
    -19.0,
    -18.666666666666668,
    -18.333333333333332,
    -18.0,
    -17.666666666666668,
    -17.333333333333332,
    -17.0,
    -16.666666666666668,
    -16.333333333333332,
    -16.0,
    -15.666666666666668,
    -15.333333333333334,
    -15.0,
    -14.666666666666668,
    -14.333333333333334,
    -14.0,
    -13.666666666666668,
    -13.333333333333334,
    -13.0,
    -12.666666666666668,
    -12.333333333333334,
    -12.0,
    -11.666666666666668,
    -11.333333333333334,
    -11.0,
    -10.666666666666668,
    -10.333333333333334,
    -10.0,
    -9.666666666666668,
    -9.333333333333334,
    -9.0,
    -8.666666666666668,
    -8.333333333333334,
    -8.0,
    -7.666666666666668,
    -7.333333333333334,
    -7.0,
    -6.666666666666668,
    -6.333333333333334,
    -6.0,
    -5.666666666666668,
    -5.333333333333334,
    -5.0,
    -4.666666666666668,
    -4.333333333333334,
    -4.0,
    -3.666666666666668,
    -3.3333333333333357,
    -3.0,
    -2.666666666666668,
    -2.3333333333333357,
    -2.0,
    -1.6666666666666679,
    -1.3333333333333357,
    -1.0,
    -0.6666666666666679,
    -0.3333333333333357,
    0.0,
    0.33333333333333215,
    0.6666666666666643,
    1.0,
    1.3333333333333321,
    1.6666666666666643,
    2.0,
    2.333333333333332,
    2.6666666666666643,
    3.0,
    3.333333333333332,
    3.6666666666666643,
    4.0,
    4.333333333333332,
    4.666666666666664,
    5.0,
    5.333333333333332,
    5.666666666666664,
    6.0,
    6.333333333333332,
    6.666666666666664,
    7.0,
    7.333333333333332,
    7.666666666666664,
    8.0,
    8.333333333333332,
    8.666666666666664,
    9.0,
    9.333333333333332,
    9.666666666666664,
    10.0,
    10.333333333333332,
    10.666666666666664,
    11.0,
    11.333333333333332,
    11.666666666666664,
    12.0,
    12.333333333333329,
    12.666666666666664,
    13.0,
    13.333333333333329,
    13.666666666666664,
    14.0,
    14.333333333333329,
    14.666666666666664,
    15.0,
    15.333333333333329,
    15.666666666666664,
    16.0,
    16.33333333333333,
    16.666666666666664,
    17.0,
    17.33333333333333,
    17.666666666666664,
    18.0,
    18.33333333333333,
    18.666666666666664,
    19.0,
    19.33333333333333,
    19.666666666666664,
    20.0
  ],
  "conductance": [
    0.970290430517667,
    0.9742416777403344,
    0.97899309152841,
    0.9846732839425072,
    0.9914133907490253,
    0.9993317355961567,
    1.0085081842479173,
    1.018950030394625,
    1.0305519890979904,
    1.0430461861853662,
    1.0559410672457097,
    1.0684920053038445,
    1.0797935916723655,
    1.089021574745761,
    1.0956933595343643,
    1.099766045036477,
    1.1015337169607748,
    1.101438002023507,
    1.0999212788289443,
    1.0973668481067713,
    1.0940846774906023,
    1.0902866395097297,
    1.0860449357559496,
    1.081272564391918,
    1.0757622595037282,
    1.0692858963880214,
    1.0617160806259731,
    1.053103566752837,
    1.0436645395415145,
    1.0336990070060057,
    1.0235008828947343,
    1.013298777815327,
    1.00323050701142,
    0.9933427467986062,
    0.9836143289556366,
    0.9740021774045386,
    0.9644915531884231,
    0.9551205309958533,
    0.9459681134014843,
    0.9371245734481973,
    0.9286672714252654,
    0.920650458442953,
    0.9131056283811559,
    0.9060464398553154,
    0.8994742825815023,
    0.8933828671460309,
    0.8877615242128014,
    0.8825974057702043,
    0.877876888005566,
    0.8735864365677599,
    0.8697131247622063,
    0.8662449332591116,
    0.8631709146449165,
    0.8604812757261501,
    0.8581674108669521,
    0.8562219072310069,
    0.854638535018151,
    0.8534122309154444,
    0.8525390799245127,
    0.8520162987939038,
    0.8518422230481261,
    0.8520162987939038,
    0.8525390799245126,
    0.8534122309154445,
    0.854638535018151,
    0.8562219072310069,
    0.8581674108669521,
    0.86048127572615,
    0.8631709146449162,
    0.8662449332591116,
    0.8697131247622063,
    0.8735864365677598,
    0.877876888005566,
    0.8825974057702042,
    0.8877615242128012,
    0.8933828671460309,
    0.8994742825815021,
    0.9060464398553153,
    0.9131056283811559,
    0.920650458442953,
    0.9286672714252654,
    0.9371245734481972,
    0.9459681134014843,
    0.955120530995853,
    0.9644915531884231,
    0.9740021774045383,
    0.9836143289556363,
    0.9933427467986062,
    1.0032305070114196,
    1.013298777815327,
    1.0235008828947343,
    1.0336990070060055,
    1.0436645395415143,
    1.0531035667528368,
    1.061716080625973,
    1.069285896388021,
    1.0757622595037282,
    1.0812725643919177,
    1.0860449357559494,
    1.0902866395097297,
    1.0940846774906021,
    1.097366848106771,
    1.099921278828944,
    1.101438002023507,
    1.1015337169607748,
    1.099766045036477,
    1.0956933595343645,
    1.0890215747457612,
    1.0797935916723653,
    1.0684920053038447,
    1.0559410672457097,
    1.0430461861853662,
    1.0305519890979904,
    1.0189500303946253,
    1.0085081842479173,
    0.999331735596157,
    0.9914133907490256,
    0.9846732839425072,
    0.97899309152841,
    0.9742416777403344,
    0.9702904305176668
  ],