{
  "bias_mev": [
    -20.0,
    -19.666666666666668,
    -19.333333333333332,
    -19.0,
    -18.666666666666668,
    -18.333333333333332,
    -18.0,
    -17.666666666666668,
    -17.333333333333332,
    -17.0,
    -16.666666666666668,
    -16.333333333333332,
    -16.0,
    -15.666666666666668,
    -15.333333333333334,
    -15.0,
    -14.666666666666668,
    -14.333333333333334,
    -14.0,
    -13.666666666666668,
    -13.333333333333334,
    -13.0,
    -12.666666666666668,
    -12.333333333333334,
    -12.0,
    -11.666666666666668,
    -11.333333333333334,
    -11.0,
    -10.666666666666668,
    -10.333333333333334,
    -10.0,
    -9.666666666666668,
    -9.333333333333334,
    -9.0,
    -8.666666666666668,
    -8.333333333333334,
    -8.0,
    -7.666666666666668,
    -7.333333333333334,
    -7.0,
    -6.666666666666668,
    -6.333333333333334,
    -6.0,
    -5.666666666666668,
    -5.333333333333334,
    -5.0,
    -4.666666666666668,
    -4.333333333333334,
    -4.0,
    -3.666666666666668,
    -3.3333333333333357,
    -3.0,
    -2.666666666666668,
    -2.3333333333333357,
    -2.0,
    -1.6666666666666679,
    -1.3333333333333357,
    -1.0,
    -0.6666666666666679,
    -0.3333333333333357,
    0.0,
    0.33333333333333215,
    0.6666666666666643,
    1.0,
    1.3333333333333321,
    1.6666666666666643,
    2.0,
    2.333333333333332,
    2.6666666666666643,
    3.0,
    3.333333333333332,
    3.6666666666666643,
    4.0,
    4.333333333333332,
    4.666666666666664,
    5.0,
    5.333333333333332,
    5.666666666666664,
    6.0,
    6.333333333333332,
    6.666666666666664,
    7.0,
    7.333333333333332,
    7.666666666666664,
    8.0,
    8.333333333333332,
    8.666666666666664,
    9.0,
    9.333333333333332,
    9.666666666666664,
    10.0,
    10.333333333333332,
    10.666666666666664,
    11.0,
    11.333333333333332,
    11.666666666666664,
    12.0,
    12.333333333333329,
    12.666666666666664,
    13.0,
    13.333333333333329,
    13.666666666666664,
    14.0,
    14.333333333333329,
    14.666666666666664,
    15.0,
    15.333333333333329,
    15.666666666666664,
    16.0,
    16.33333333333333,
    16.666666666666664,
    17.0,
    17.33333333333333,
    17.666666666666664,
    18.0,
    18.33333333333333,
    18.666666666666664,
    19.0,
    19.33333333333333,
    19.666666666666664,
    20.0
  ],
  "conductance": [
    0.9791296502362679,
    0.9805184795573394,
    0.982962527308848,
    0.9866073160643928,
    0.9916010110374358,
    0.9980475160021155,
    1.0059206593391263,
    1.0149912251199704,
    1.0248933817409875,
    1.035328233593517,
    1.0460731734652031,
    1.0565847196223639,
    1.065652488879426,
    1.071766843251766,
    1.074032089284801,
    1.0726499440083876,
    1.0685725359428921,
    1.062816729525681,
    1.0560575061190038,
    1.048729369003785,
    1.041287599330652,
    1.0341522460558723,
    1.0273778028831098,
    1.0204446547600132,
    1.0123935567853388,
    1.0022431960280045,
    0.9895390093287504,
    0.9746733577183067,
    0.9586315959150816,
    0.9424619649283961,
    0.9269416917618414,
    0.9124975777501729,
    0.8992131097348894,
    0.886833131355304,
    0.8748455165508192,
    0.8627556264317288,
    0.8504023313974975,
    0.8379911049182256,
    0.8258680336912074,
    0.8143179730213093,
    0.8035033612246024,
    0.7934864204828903,
    0.784268363273012,
    0.7758194546791002,
    0.7680970623598986,
    0.7610552386300098,
    0.7546493791321154,
    0.7488382661728518,
    0.7435847956313625,
    0.7388560717897431,
    0.7346232186598577,
    0.7308610814954649,
    0.7275479030329312,
    0.7246650140342276,
    0.7221965552197911,
    0.7201292366130446,
    0.7184521350639084,
    0.7171565284243955,
    0.7162357640579717,
    0.7156851593273633,
    0.7155019320386463,
    0.7156851593273634,
    0.7162357640579716,
    0.7171565284243955,
    0.7184521350639086,
    0.7201292366130444,
    0.7221965552197911,
    0.7246650140342278,
    0.727547903032931,
    0.730861081495465,
    0.734623218659858,
    0.7388560717897427,
    0.7435847956313623,
    0.7488382661728519,
    0.7546493791321153,
    0.7610552386300096,
    0.7680970623598987,
    0.7758194546791,
    0.784268363273012,
    0.7934864204828904,
    0.8035033612246023,
    0.8143179730213089,
    0.8258680336912072,
    0.8379911049182253,
    0.8504023313974975,
    0.8627556264317288,
    0.8748455165508189,
    0.8868331313553037,
    0.8992131097348897,
    0.9124975777501725,
    0.926941691761841,
    0.9424619649283963,
    0.9586315959150811,
    0.9746733577183067,
    0.9895390093287505,
    1.0022431960280045,
    1.0123935567853388,
    1.0204446547600132,
    1.0273778028831089,
    1.0341522460558723,
    1.041287599330652,
    1.0487293690037842,
    1.056057506119004,
    1.062816729525681,
    1.0685725359428915,
    1.0726499440083876,
    1.074032089284801,
    1.0717668432517655,
    1.0656524888794259,
    1.0565847196223643,
    1.0460731734652027,
    1.035328233593517,
    1.0248933817409878,
    1.0149912251199704,
    1.0059206593391263,
    0.9980475160021158,
    0.9916010110374356,
    0.9866073160643928,
    0.9829625273088484,
    0.9805184795573391,
    0.9791296502362675
  ],