{
  "bias_mev": [
    -20.0,
    -19.666666666666668,
    -19.333333333333332,
    -19.0,
    -18.666666666666668,
    -18.333333333333332,
    -18.0,
    -17.666666666666668,
    -17.333333333333332,
    -17.0,
    -16.666666666666668,
    -16.333333333333332,
    -16.0,
    -15.666666666666668,
    -15.333333333333334,
    -15.0,
    -14.666666666666668,
    -14.333333333333334,
    -14.0,
    -13.666666666666668,
    -13.333333333333334,
    -13.0,
    -12.666666666666668,
    -12.333333333333334,
    -12.0,
    -11.666666666666668,
    -11.333333333333334,
    -11.0,
    -10.666666666666668,
    -10.333333333333334,
    -10.0,
    -9.666666666666668,
    -9.333333333333334,
    -9.0,
    -8.666666666666668,
    -8.333333333333334,
    -8.0,
    -7.666666666666668,
    -7.333333333333334,
    -7.0,
    -6.666666666666668,
    -6.333333333333334,
    -6.0,
    -5.666666666666668,
    -5.333333333333334,
    -5.0,
    -4.666666666666668,
    -4.333333333333334,
    -4.0,
    -3.666666666666668,
    -3.3333333333333357,
    -3.0,
    -2.666666666666668,
    -2.3333333333333357,
    -2.0,
    -1.6666666666666679,
    -1.3333333333333357,
    -1.0,
    -0.6666666666666679,
    -0.3333333333333357,
    0.0,
    0.33333333333333215,
    0.6666666666666643,
    1.0,
    1.3333333333333321,
    1.6666666666666643,
    2.0,
    2.333333333333332,
    2.6666666666666643,
    3.0,
    3.333333333333332,
    3.6666666666666643,
    4.0,
    4.333333333333332,
    4.666666666666664,
    5.0,
    5.333333333333332,
    5.666666666666664,
    6.0,
    6.333333333333332,
    6.666666666666664,
    7.0,
    7.333333333333332,
    7.666666666666664,
    8.0,
    8.333333333333332,
    8.666666666666664,
    9.0,
    9.333333333333332,
    9.666666666666664,
    10.0,
    10.333333333333332,
    10.666666666666664,
    11.0,
    11.333333333333332,
    11.666666666666664,
    12.0,
    12.333333333333329,
    12.666666666666664,
    13.0,
    13.333333333333329,
    13.666666666666664,
    14.0,
    14.333333333333329,
    14.666666666666664,
    15.0,
    15.333333333333329,
    15.666666666666664,
    16.0,
    16.33333333333333,
    16.666666666666664,
    17.0,
    17.33333333333333,
    17.666666666666664,
    18.0,
    18.33333333333333,
    18.666666666666664,
    19.0,
    19.33333333333333,
    19.666666666666664,
    20.0
  ],
  "conductance": [
    0.9729846790796455,
    0.9762442467336436,
    0.9805744320581483,
    0.9860170499886886,
    0.9925753214287324,
    1.000196847300625,
    1.0087519999097845,
    1.0180099881549818,
    1.0276113937971991,
    1.0370340415485488,
    1.0455636159028594,
    1.0523135494143108,
    1.0563513533137314,
    1.0569301776150082,
    1.053719983721883,
    1.0468953458604902,
    1.037028721433424,
    1.0248702039341466,
    1.0111411529934278,
    0.9964124966585846,
    0.9810573876324746,
    0.9652379613957626,
    0.9489136395416806,
    0.9318914491149868,
    0.9139326423104099,
    0.8948904931375514,
    0.8748198404205562,
    0.8540025551826903,
    0.8328781805847207,
    0.8119214335051212,
    0.7915252508736943,
    0.7719272009339969,
    0.7531910746281719,
    0.7352430319292984,
    0.7179514089633959,
    0.7012192886712889,
    0.6850445717271941,
    0.6695195196730821,
    0.6547829725971006,
    0.6409639966228318,
    0.6281466488560196,
    0.6163615455997795,
    0.6055947508268278,
    0.5958026188167794,
    0.5869255646838598,
    0.578898169352428,
    0.5716555590308324,
    0.5651369317414545,
    0.5592871976191762,
    0.5540574938429021,
    0.5494050887234899,
    0.5452929922264338,
    0.541689455469984,
    0.5385674575732537,
    0.5359042287885404,
    0.533680831267159,
    0.5318818042366916,
    0.5304948732375159,
    0.5295107200491436,
    0.5289228091183859,
    0.5287272666157211,
    0.5289228091183859,
    0.5295107200491436,
    0.5304948732375159,
    0.5318818042366916,
    0.533680831267159,
    0.5359042287885404,
    0.5385674575732537,
    0.5416894554699839,
    0.5452929922264338,
    0.5494050887234899,
    0.554057493842902,
    0.5592871976191762,
    0.5651369317414544,
    0.5716555590308324,
    0.5788981693524281,
    0.5869255646838598,
    0.5958026188167794,
    0.6055947508268277,
    0.6163615455997794,
    0.6281466488560196,
    0.6409639966228318,
    0.6547829725971005,
    0.669519519673082,
    0.685044571727194,
    0.7012192886712887,
    0.7179514089633958,
    0.7352430319292985,
    0.7531910746281717,
    0.7719272009339964,
    0.7915252508736942,
    0.8119214335051211,
    0.8328781805847205,
    0.8540025551826902,
    0.8748198404205558,
    0.8948904931375514,
    0.9139326423104099,
    0.9318914491149863,
    0.9489136395416805,
    0.9652379613957626,
    0.9810573876324743,
    0.9964124966585843,
    1.0111411529934278,
    1.0248702039341464,
    1.037028721433424,
    1.0468953458604902,
    1.0537199837218831,
    1.0569301776150082,
    1.0563513533137314,
    1.0523135494143108,
    1.0455636159028594,
    1.0370340415485488,
    1.0276113937971996,
    1.0180099881549816,
    1.0087519999097845,
    1.0001968473006253,
    0.9925753214287325,
    0.9860170499886886,
    0.9805744320581485,
    0.9762442467336436,
    0.9729846790796453
  ],