{
  "bias_mev": [
    -20.0,
    -19.666666666666668,
    -19.333333333333332,
    -19.0,
    -18.666666666666668,
    -18.333333333333332,
    -18.0,
    -17.666666666666668,
    -17.333333333333332,
    -17.0,
    -16.666666666666668,
    -16.333333333333332,
    -16.0,
    -15.666666666666668,
    -15.333333333333334,
    -15.0,
    -14.666666666666668,
    -14.333333333333334,
    -14.0,
    -13.666666666666668,
    -13.333333333333334,
    -13.0,
    -12.666666666666668,
    -12.333333333333334,
    -12.0,
    -11.666666666666668,
    -11.333333333333334,
    -11.0,
    -10.666666666666668,
    -10.333333333333334,
    -10.0,
    -9.666666666666668,
    -9.333333333333334,
    -9.0,
    -8.666666666666668,
    -8.333333333333334,
    -8.0,
    -7.666666666666668,
    -7.333333333333334,
    -7.0,
    -6.666666666666668,
    -6.333333333333334,
    -6.0,
    -5.666666666666668,
    -5.333333333333334,
    -5.0,
    -4.666666666666668,
    -4.333333333333334,
    -4.0,
    -3.666666666666668,
    -3.3333333333333357,
    -3.0,
    -2.666666666666668,
    -2.3333333333333357,
    -2.0,
    -1.6666666666666679,
    -1.3333333333333357,
    -1.0,
    -0.6666666666666679,
    -0.3333333333333357,
    0.0,
    0.33333333333333215,
    0.6666666666666643,
    1.0,
    1.3333333333333321,
    1.6666666666666643,
    2.0,
    2.333333333333332,
    2.6666666666666643,
    3.0,
    3.333333333333332,
    3.6666666666666643,
    4.0,
    4.333333333333332,
    4.666666666666664,
    5.0,
    5.333333333333332,
    5.666666666666664,
    6.0,
    6.333333333333332,
    6.666666666666664,
    7.0,
    7.333333333333332,
    7.666666666666664,
    8.0,
    8.333333333333332,
    8.666666666666664,
    9.0,
    9.333333333333332,
    9.666666666666664,
    10.0,
    10.333333333333332,
    10.666666666666664,
    11.0,
    11.333333333333332,
    11.666666666666664,
    12.0,
    12.333333333333329,
    12.666666666666664,
    13.0,
    13.333333333333329,
    13.666666666666664,
    14.0,
    14.333333333333329,
    14.666666666666664,
    15.0,
    15.333333333333329,
    15.666666666666664,
    16.0,
    16.33333333333333,
    16.666666666666664,
    17.0,
    17.33333333333333,
    17.666666666666664,
    18.0,
    18.33333333333333,
    18.666666666666664,
    19.0,
    19.33333333333333,
    19.666666666666664,
    20.0
  ],
  "conductance": [
    0.979649437913255,
    0.9812441880659398,
    0.9838891033936965,
    0.9876797716783808,
    0.992686765597393,
    0.9989208269137587,
    1.0062845784322645,
    1.0145297009696084,
    1.023244961861074,
    1.031870665174628,
    1.0397031469690512,
    1.0459113376247733,
    1.049674815707646,
    1.0504571663107194,
    1.0482189172900895,
    1.0433827447815938,
    1.0365941614382037,
    1.0284747510825618,
    1.0195171896292925,
    1.0101051109831318,
    1.0005268495440518,
    0.9909107455612618,
    0.9811454691378383,
    0.9708840934609261,
    0.9596583768175289,
    0.9470685683622846,
    0.932985464162105,
    0.9176534910775074,
    0.901609545441275,
    0.8854783449296275,
    0.8697842416736492,
    0.8548510155223374,
    0.8407757210515424,
    0.8274497971302847,
    0.8146304701789584,
    0.8020672459749618,
    0.7896330000165988,
    0.7773726896874773,
    0.765447177627822,
    0.7540385818390003,
    0.7432860393717244,
    0.7332673403133693,
    0.7240081803126085,
    0.7154993901529861,
    0.7077121504037313,
    0.7006085507450209,
    0.6941480173617284,
    0.6882908700439903,
    0.6830001076532197,
    0.6782421766205564,
    0.6739871880813084,
    0.6702088543081177,
    0.6668842958500815,
    0.6639938015075287,
    0.6615205842451587,
    0.6594505546309655,
    0.6577721217701387,
    0.6564760256046605,
    0.655555201404669,
    0.6550046759116955,
    0.6548214941434191,
    0.6550046759116956,
    0.6555552014046689,
    0.6564760256046603,
    0.6577721217701388,
    0.6594505546309654,
    0.6615205842451587,
    0.6639938015075288,
    0.6668842958500812,
    0.6702088543081175,
    0.6739871880813085,
    0.6782421766205561,
    0.6830001076532198,
    0.6882908700439904,
    0.6941480173617282,
    0.7006085507450208,
    0.7077121504037315,
    0.715499390152986,
    0.7240081803126084,
    0.7332673403133693,
    0.7432860393717243,
    0.7540385818390003,
    0.7654471776278221,
    0.7773726896874772,
    0.7896330000165986,
    0.8020672459749618,
    0.8146304701789581,
    0.8274497971302847,
    0.8407757210515426,
    0.8548510155223374,
    0.869784241673649,
    0.8854783449296275,
    0.9016095454412745,
    0.917653491077507,
    0.932985464162105,
    0.947068568362284,
    0.9596583768175286,
    0.9708840934609261,
    0.9811454691378375,
    0.9909107455612619,
    1.0005268495440518,
    1.0101051109831314,
    1.0195171896292927,
    1.0284747510825618,
    1.0365941614382037,
    1.043382744781594,
    1.0482189172900895,
    1.050457166310719,
    1.049674815707646,
    1.0459113376247735,
    1.039703146969051,
    1.0318706651746279,
    1.0232449618610744,
    1.0145297009696084,
    1.0062845784322645,
    0.998920826913759,
    0.9926867655973929,
    0.9876797716783808,
    0.9838891033936968,
    0.9812441880659397,
    0.9796494379132549
  ],