{
  "bias_mev": [
    -20.0,
    -19.666666666666668,
    -19.333333333333332,
    -19.0,
    -18.666666666666668,
    -18.333333333333332,
    -18.0,
    -17.666666666666668,
    -17.333333333333332,
    -17.0,
    -16.666666666666668,
    -16.333333333333332,
    -16.0,
    -15.666666666666668,
    -15.333333333333334,
    -15.0,
    -14.666666666666668,
    -14.333333333333334,
    -14.0,
    -13.666666666666668,
    -13.333333333333334,
    -13.0,
    -12.666666666666668,
    -12.333333333333334,
    -12.0,
    -11.666666666666668,
    -11.333333333333334,
    -11.0,
    -10.666666666666668,
    -10.333333333333334,
    -10.0,
    -9.666666666666668,
    -9.333333333333334,
    -9.0,
    -8.666666666666668,
    -8.333333333333334,
    -8.0,
    -7.666666666666668,
    -7.333333333333334,
    -7.0,
    -6.666666666666668,
    -6.333333333333334,
    -6.0,
    -5.666666666666668,
    -5.333333333333334,
    -5.0,
    -4.666666666666668,
    -4.333333333333334,
    -4.0,
    -3.666666666666668,
    -3.3333333333333357,
    -3.0,
    -2.666666666666668,
    -2.3333333333333357,
    -2.0,
    -1.6666666666666679,
    -1.3333333333333357,
    -1.0,
    -0.6666666666666679,
    -0.3333333333333357,
    0.0,
    0.33333333333333215,
    0.6666666666666643,
    1.0,
    1.3333333333333321,
    1.6666666666666643,
    2.0,
    2.333333333333332,
    2.6666666666666643,
    3.0,
    3.333333333333332,
    3.6666666666666643,
    4.0,
    4.333333333333332,
    4.666666666666664,
    5.0,
    5.333333333333332,
    5.666666666666664,
    6.0,
    6.333333333333332,
    6.666666666666664,
    7.0,
    7.333333333333332,
    7.666666666666664,
    8.0,
    8.333333333333332,
    8.666666666666664,
    9.0,
    9.333333333333332,
    9.666666666666664,
    10.0,
    10.333333333333332,
    10.666666666666664,
    11.0,
    11.333333333333332,
    11.666666666666664,
    12.0,
    12.333333333333329,
    12.666666666666664,
    13.0,
    13.333333333333329,
    13.666666666666664,
    14.0,
    14.333333333333329,
    14.666666666666664,
    15.0,
    15.333333333333329,
    15.666666666666664,
    16.0,
    16.33333333333333,
    16.666666666666664,
    17.0,
    17.33333333333333,
    17.666666666666664,
    18.0,
    18.33333333333333,
    18.666666666666664,
    19.0,
    19.33333333333333,
    19.666666666666664,
    20.0
  ],
  "conductance": [
    0.9679373850230708,
    0.9721644377866656,
    0.9775144386967719,
    0.9840415328353348,
    0.991759193850132,
    1.0006182931143643,
    1.0104780437801169,
    1.0210695269617875,
    1.031951669734328,
    1.0424654782174274,
    1.0517112740051866,
    1.0585983100256289,
    1.06201207134722,
    1.0610797499114475,
    1.0554208743259745,
    1.0452436202748427,
    1.0312362538313473,
    1.014329592717417,
    0.995456922429527,
    0.9753927520707524,
    0.954678959398495,
    0.9336106021574431,
    0.9122619066871637,
    0.8905520135458431,
    0.8683489048845052,
    0.8455871381757059,
    0.8223537508438783,
    0.7989026138854888,
    0.7755942744302643,
    0.752798603391566,
    0.7308090913974812,
    0.7097986157399094,
    0.689820832950579,
    0.6708462386717218,
    0.6528155924271543,
    0.6356894171251106,
    0.6194734938021004,
    0.6042128838093095,
    0.5899652338386536,
    0.5767728659665461,
    0.5646471181615835,
    0.5535667883850431,
    0.5434853870177963,
    0.5343410885052581,
    0.5260655700369128,
    0.5185903403970071,
    0.5118505992676083,
    0.5057872163822692,
    0.500347474922848,
    0.4954850903237524,
    0.49115985282149965,
    0.48733710892163684,
    0.4839872044587517,
    0.481084953524338,
    0.4786091631327295,
    0.4765422244593374,
    0.4748697717001976,
    0.47358040512533395,
    0.47266547334027764,
    0.47211890974517834,
    0.4719371189187611,
    0.47211890974517834,
    0.47266547334027753,
    0.4735804051253339,
    0.47486977170019756,
    0.4765422244593373,
    0.4786091631327295,
    0.481084953524338,
    0.48398720445875165,
    0.48733710892163684,
    0.49115985282149954,
    0.4954850903237523,
    0.500347474922848,
    0.5057872163822692,
    0.5118505992676082,
    0.5185903403970072,
    0.5260655700369129,
    0.5343410885052581,
    0.5434853870177963,
    0.5535667883850433,
    0.5646471181615835,
    0.5767728659665459,
    0.5899652338386536,
    0.6042128838093094,
    0.6194734938021004,
    0.6356894171251107,
    0.6528155924271541,
    0.6708462386717219,
    0.689820832950579,
    0.7097986157399093,
    0.7308090913974812,
    0.752798603391566,
    0.7755942744302642,
    0.7989026138854888,
    0.8223537508438783,
    0.8455871381757057,
    0.8683489048845052,
    0.8905520135458431,
    0.9122619066871636,
    0.9336106021574432,
    0.954678959398495,
    0.9753927520707522,
    0.9954569224295273,
    1.0143295927174167,
    1.0312362538313473,
    1.045243620274843,
    1.0554208743259745,
    1.0610797499114475,
    1.0620120713472203,
    1.0585983100256289,
    1.0517112740051868,
    1.0424654782174274,
    1.0319516697343283,
    1.0210695269617875,
    1.0104780437801169,
    1.0006182931143643,
    0.9917591938501322,
    0.9840415328353348,
    0.9775144386967719,
    0.9721644377866655,
    0.9679373850230708
  ],