{
  "bias_mev": [
    -20.0,
    -19.666666666666668,
    -19.333333333333332,
    -19.0,
    -18.666666666666668,
    -18.333333333333332,
    -18.0,
    -17.666666666666668,
    -17.333333333333332,
    -17.0,
    -16.666666666666668,
    -16.333333333333332,
    -16.0,
    -15.666666666666668,
    -15.333333333333334,
    -15.0,
    -14.666666666666668,
    -14.333333333333334,
    -14.0,
    -13.666666666666668,
    -13.333333333333334,
    -13.0,
    -12.666666666666668,
    -12.333333333333334,
    -12.0,
    -11.666666666666668,
    -11.333333333333334,
    -11.0,
    -10.666666666666668,
    -10.333333333333334,
    -10.0,
    -9.666666666666668,
    -9.333333333333334,
    -9.0,
    -8.666666666666668,
    -8.333333333333334,
    -8.0,
    -7.666666666666668,
    -7.333333333333334,
    -7.0,
    -6.666666666666668,
    -6.333333333333334,
    -6.0,
    -5.666666666666668,
    -5.333333333333334,
    -5.0,
    -4.666666666666668,
    -4.333333333333334,
    -4.0,
    -3.666666666666668,
    -3.3333333333333357,
    -3.0,
    -2.666666666666668,
    -2.3333333333333357,
    -2.0,
    -1.6666666666666679,
    -1.3333333333333357,
    -1.0,
    -0.6666666666666679,
    -0.3333333333333357,
    0.0,
    0.33333333333333215,
    0.6666666666666643,
    1.0,
    1.3333333333333321,
    1.6666666666666643,
    2.0,
    2.333333333333332,
    2.6666666666666643,
    3.0,
    3.333333333333332,
    3.6666666666666643,
    4.0,
    4.333333333333332,
    4.666666666666664,
    5.0,
    5.333333333333332,
    5.666666666666664,
    6.0,
    6.333333333333332,
    6.666666666666664,
    7.0,
    7.333333333333332,
    7.666666666666664,
    8.0,
    8.333333333333332,
    8.666666666666664,
    9.0,
    9.333333333333332,
    9.666666666666664,
    10.0,
    10.333333333333332,
    10.666666666666664,
    11.0,
    11.333333333333332,
    11.666666666666664,
    12.0,
    12.333333333333329,
    12.666666666666664,
    13.0,
    13.333333333333329,
    13.666666666666664,
    14.0,
    14.333333333333329,
    14.666666666666664,
    15.0,
    15.333333333333329,
    15.666666666666664,
    16.0,
    16.33333333333333,
    16.666666666666664,
    17.0,
    17.33333333333333,
    17.666666666666664,
    18.0,
    18.33333333333333,
    18.666666666666664,
    19.0,
    19.33333333333333,
    19.666666666666664,
    20.0
  ],
  "conductance": [
    0.9672445923670238,
    0.9707516229787915,
    0.9753737003479277,
    0.9812830173625088,
    0.9886744646249925,
    0.9977516184913171,
    1.0086819951113088,
    1.0215235878184827,
    1.036191344193429,
    1.052524056704218,
    1.070138351163709,
    1.0876928955528529,
    1.1023183434374098,
    1.110747175538754,
    1.1116022101317513,
    1.105947287225043,
    1.0959407995648902,
    1.0834859644587924,
    1.0697200156869997,
    1.055278516639857,
    1.0407318358263342,
    1.0265840276688778,
    1.012953006739181,
    0.9993687808840417,
    0.9849123776425266,
    0.9686276377479277,
    0.9501461948554294,
    0.9300386841006524,
    0.9093578689101499,
    0.889016284625085,
    0.869568774968797,
    0.8512657415136928,
    0.834126773112515,
    0.8179503513995905,
    0.8023450777814333,
    0.78695720231664,
    0.7717720966031868,
    0.7570757599810793,
    0.743176459533577,
    0.7302508502384653,
    0.7183500519367442,
    0.7074515080111747,
    0.6974993958794738,
    0.6884270588952347,
    0.6801677429186807,
    0.6726591919837633,
    0.6658452838065683,
    0.6596763094303223,
    0.6541086702295965,
    0.6491043574050164,
    0.6446303827655979,
    0.6406582355406821,
    0.6371633950878395,
    0.6341249082710826,
    0.6315250307648472,
    0.6293489276564068,
    0.627584427554741,
    0.6262218245241167,
    0.6252537228336377,
    0.6246749204042827,
    0.6244823277821285,
    0.6246749204042835,
    0.625253722833637,
    0.6262218245241166,
    0.6275844275547418,
    0.6293489276564063,
    0.6315250307648472,
    0.6341249082710834,
    0.6371633950878386,
    0.6406582355406821,
    0.6446303827655986,
    0.6491043574050156,
    0.6541086702295964,
    0.6596763094303233,
    0.6658452838065677,
    0.6726591919837629,
    0.6801677429186815,
    0.6884270588952344,
    0.6974993958794734,
    0.7074515080111755,
    0.7183500519367437,
    0.730250850238465,
    0.7431764595335779,
    0.7570757599810787,
    0.7717720966031865,
    0.786957202316641,
    0.8023450777814325,
    0.8179503513995903,
    0.8341267731125158,
    0.851265741513692,
    0.8695687749687968,
    0.8890162846250861,
    0.9093578689101491,
    0.9300386841006519,
    0.9501461948554304,
    0.9686276377479267,
    0.9849123776425267,
    0.9993687808840426,
    1.012953006739179,
    1.0265840276688785,
    1.0407318358263353,
    1.055278516639855,
    1.0697200156870004,
    1.0834859644587935,
    1.095940799564888,
    1.1059472872250438,
    1.1116022101317529,
    1.1107471755387521,
    1.1023183434374098,
    1.0876928955528544,
    1.0701383511637081,
    1.0525240567042178,
    1.0361913441934303,
    1.0215235878184816,
    1.0086819951113088,
    0.9977516184913185,
    0.9886744646249915,
    0.9812830173625089,
    0.9753737003479288,
    0.9707516229787908,
    0.9672445923670232
  ],