{
  "bias_mev": [
    -20.0,
    -19.666666666666668,
    -19.333333333333332,
    -19.0,
    -18.666666666666668,
    -18.333333333333332,
    -18.0,
    -17.666666666666668,
    -17.333333333333332,
    -17.0,
    -16.666666666666668,
    -16.333333333333332,
    -16.0,
    -15.666666666666668,
    -15.333333333333334,
    -15.0,
    -14.666666666666668,
    -14.333333333333334,
    -14.0,
    -13.666666666666668,
    -13.333333333333334,
    -13.0,
    -12.666666666666668,
    -12.333333333333334,
    -12.0,
    -11.666666666666668,
    -11.333333333333334,
    -11.0,
    -10.666666666666668,
    -10.333333333333334,
    -10.0,
    -9.666666666666668,
    -9.333333333333334,
    -9.0,
    -8.666666666666668,
    -8.333333333333334,
    -8.0,
    -7.666666666666668,
    -7.333333333333334,
    -7.0,
    -6.666666666666668,
    -6.333333333333334,
    -6.0,
    -5.666666666666668,
    -5.333333333333334,
    -5.0,
    -4.666666666666668,
    -4.333333333333334,
    -4.0,
    -3.666666666666668,
    -3.3333333333333357,
    -3.0,
    -2.666666666666668,
    -2.3333333333333357,
    -2.0,
    -1.6666666666666679,
    -1.3333333333333357,
    -1.0,
    -0.6666666666666679,
    -0.3333333333333357,
    0.0,
    0.33333333333333215,
    0.6666666666666643,
    1.0,
    1.3333333333333321,
    1.6666666666666643,
    2.0,
    2.333333333333332,
    2.6666666666666643,
    3.0,
    3.333333333333332,
    3.6666666666666643,
    4.0,
    4.333333333333332,
    4.666666666666664,
    5.0,
    5.333333333333332,
    5.666666666666664,
    6.0,
    6.333333333333332,
    6.666666666666664,
    7.0,
    7.333333333333332,
    7.666666666666664,
    8.0,
    8.333333333333332,
    8.666666666666664,
    9.0,
    9.333333333333332,
    9.666666666666664,
    10.0,
    10.333333333333332,
    10.666666666666664,
    11.0,
    11.333333333333332,
    11.666666666666664,
    12.0,
    12.333333333333329,
    12.666666666666664,
    13.0,
    13.333333333333329,
    13.666666666666664,
    14.0,
    14.333333333333329,
    14.666666666666664,
    15.0,
    15.333333333333329,
    15.666666666666664,
    16.0,
    16.33333333333333,
    16.666666666666664,
    17.0,
    17.33333333333333,
    17.666666666666664,
    18.0,
    18.33333333333333,
    18.666666666666664,
    19.0,
    19.33333333333333,
    19.666666666666664,
    20.0
  ],
  "conductance": [
    0.9810441089644594,
    0.9830072248655356,
    0.9856990504178772,
    0.989218671974337,
    0.9936559004117383,
    0.9990712355742618,
    1.0054677884695502,
    1.0127655431084084,
    1.0207911113856551,
    1.0292793648281768,
    1.0378641903493013,
    1.0460634047038153,
    1.0533200240313763,
    1.0591400896578138,
    1.063253910479918,
    1.0656772126085683,
    1.066637531584114,
    1.0664421803617856,
    1.0653849133313116,
    1.0637210122159968,
    1.0616628071471923,
    1.0593434426260613,
    1.0567592277664146,
    1.0537441938780654,
    1.0500133369262425,
    1.0452704485335593,
    1.0393422264102474,
    1.0322697774132943,
    1.0242992683277932,
    1.0157865044826317,
    1.0070841528230494,
    0.9984613495733117,
    0.9900630876383198,
    0.9819027743431826,
    0.97389109817591,
    0.9659035066401109,
    0.9578599118257476,
    0.9497685911861543,
    0.9417134565178787,
    0.9338101219033031,
    0.9261668501061379,
    0.9188655189068453,
    0.9119589353257881,
    0.9054759410042043,
    0.8994282986773428,
    0.8938166839763745,
    0.8886351047664179,
    0.8838738959101731,
    0.879521650598831,
    0.8755664259280308,
    0.8719964763374229,
    0.8688006882553991,
    0.8659688289446091,
    0.8634916814343873,
    0.8613611107422311,
    0.8595700896818623,
    0.8581127019634581,
    0.8569841336752938,
    0.8561806600942002,
    0.8556996321625178,
    0.85553946530409,
    0.8556996321625178,
    0.8561806600942002,
    0.856984133675294,
    0.8581127019634581,
    0.8595700896818622,
    0.8613611107422311,
    0.8634916814343873,
    0.8659688289446091,
    0.8688006882553992,
    0.8719964763374229,
    0.8755664259280307,
    0.8795216505988308,
    0.8838738959101731,
    0.8886351047664177,
    0.8938166839763745,
    0.8994282986773428,
    0.9054759410042041,
    0.9119589353257879,
    0.9188655189068453,
    0.9261668501061379,
    0.9338101219033029,
    0.9417134565178785,
    0.949768591186154,
    0.9578599118257475,
    0.9659035066401108,
    0.9738910981759097,
    0.9819027743431826,
    0.9900630876383195,
    0.9984613495733113,
    1.0070841528230494,
    1.0157865044826315,
    1.024299268327793,
    1.0322697774132945,
    1.0393422264102472,
    1.0452704485335593,
    1.0500133369262423,
    1.0537441938780654,
    1.0567592277664146,
    1.0593434426260613,
    1.0616628071471923,
    1.0637210122159968,
    1.0653849133313116,
    1.0664421803617856,
    1.0666375315841137,
    1.0656772126085685,
    1.0632539104799181,
    1.0591400896578136,
    1.053320024031376,
    1.0460634047038153,
    1.037864190349301,
    1.0292793648281768,
    1.0207911113856551,
    1.0127655431084084,
    1.0054677884695502,
    0.9990712355742621,
    0.9936559004117383,
    0.9892186719743373,
    0.9856990504178772,
    0.9830072248655353,
    0.9810441089644594
  ],