{
  "bias_mev": [
    -20.0,
    -19.666666666666668,
    -19.333333333333332,
    -19.0,
    -18.666666666666668,
    -18.333333333333332,
    -18.0,
    -17.666666666666668,
    -17.333333333333332,
    -17.0,
    -16.666666666666668,
    -16.333333333333332,
    -16.0,
    -15.666666666666668,
    -15.333333333333334,
    -15.0,
    -14.666666666666668,
    -14.333333333333334,
    -14.0,
    -13.666666666666668,
    -13.333333333333334,
    -13.0,
    -12.666666666666668,
    -12.333333333333334,
    -12.0,
    -11.666666666666668,
    -11.333333333333334,
    -11.0,
    -10.666666666666668,
    -10.333333333333334,
    -10.0,
    -9.666666666666668,
    -9.333333333333334,
    -9.0,
    -8.666666666666668,
    -8.333333333333334,
    -8.0,
    -7.666666666666668,
    -7.333333333333334,
    -7.0,
    -6.666666666666668,
    -6.333333333333334,
    -6.0,
    -5.666666666666668,
    -5.333333333333334,
    -5.0,
    -4.666666666666668,
    -4.333333333333334,
    -4.0,
    -3.666666666666668,
    -3.3333333333333357,
    -3.0,
    -2.666666666666668,
    -2.3333333333333357,
    -2.0,
    -1.6666666666666679,
    -1.3333333333333357,
    -1.0,
    -0.6666666666666679,
    -0.3333333333333357,
    0.0,
    0.33333333333333215,
    0.6666666666666643,
    1.0,
    1.3333333333333321,
    1.6666666666666643,
    2.0,
    2.333333333333332,
    2.6666666666666643,
    3.0,
    3.333333333333332,
    3.6666666666666643,
    4.0,
    4.333333333333332,
    4.666666666666664,
    5.0,
    5.333333333333332,
    5.666666666666664,
    6.0,
    6.333333333333332,
    6.666666666666664,
    7.0,
    7.333333333333332,
    7.666666666666664,
    8.0,
    8.333333333333332,
    8.666666666666664,
    9.0,
    9.333333333333332,
    9.666666666666664,
    10.0,
    10.333333333333332,
    10.666666666666664,
    11.0,
    11.333333333333332,
    11.666666666666664,
    12.0,
    12.333333333333329,
    12.666666666666664,
    13.0,
    13.333333333333329,
    13.666666666666664,
    14.0,
    14.333333333333329,
    14.666666666666664,
    15.0,
    15.333333333333329,
    15.666666666666664,
    16.0,
    16.33333333333333,
    16.666666666666664,
    17.0,
    17.33333333333333,
    17.666666666666664,
    18.0,
    18.33333333333333,
    18.666666666666664,
    19.0,
    19.33333333333333,
    19.666666666666664,
    20.0
  ],
  "conductance": [
    0.97665069188161,
    0.9783186771112954,
    0.98123919294055,
    0.9855328634488391,
    0.9912938842445864,
    0.9985397463106588,
    1.0071453802995365,
    1.016804340851549,
    1.0270665075995153,
    1.0374087153118579,
    1.047190109024843,
    1.055487851191242,
    1.061109667802148,
    1.0630095513621862,
    1.060824584582983,
    1.0550249707168542,
    1.046578330090091,
    1.0364698376967623,
    1.0254434124316487,
    1.014035630168978,
    1.0026672931678156,
    0.9915687244786465,
    0.9806005648188695,
    0.9691943794932437,
    0.9565299065770162,
    0.9418952387113037,
    0.9250723424824702,
    0.9065040273271422,
    0.8870948194474985,
    0.8678185518673989,
    0.8494162560968656,
    0.8322763916050471,
    0.8164296711162297,
    0.8016023067525887,
    0.7873480765690077,
    0.7732726471531944,
    0.7592378958563529,
    0.7453872957220666,
    0.7320014904291182,
    0.7193384184884469,
    0.7075580345613716,
    0.6967222956548749,
    0.6868251835769202,
    0.677823188154989,
    0.6696566553390104,
    0.662262231236238,
    0.6555791990820088,
    0.6495522406887755,
    0.6441323051450807,
    0.63927656147203,
    0.6349479585666155,
    0.631114656347192,
    0.6277494530567513,
    0.6248292626048753,
    0.6223346609852772,
    0.6202495046248511,
    0.6185606166872739,
    0.6172575350713111,
    0.6163323156929033,
    0.6157793854290535,
    0.6155954402611583,
    0.6157793854290534,
    0.6163323156929031,
    0.6172575350713111,
    0.618560616687274,
    0.620249504624851,
    0.6223346609852772,
    0.6248292626048753,
    0.6277494530567512,
    0.6311146563471918,
    0.6349479585666153,
    0.6392765614720297,
    0.6441323051450806,
    0.6495522406887755,
    0.6555791990820088,
    0.662262231236238,
    0.6696566553390104,
    0.6778231881549888,
    0.6868251835769204,
    0.6967222956548748,
    0.7075580345613715,
    0.7193384184884469,
    0.7320014904291182,
    0.7453872957220661,
    0.7592378958563528,
    0.7732726471531944,
    0.7873480765690075,
    0.8016023067525884,
    0.8164296711162297,
    0.8322763916050467,
    0.8494162560968658,
    0.8678185518673991,
    0.887094819447498,
    0.9065040273271422,
    0.9250723424824702,
    0.9418952387113033,
    0.9565299065770163,
    0.9691943794932438,
    0.9806005648188694,
    0.9915687244786465,
    1.0026672931678156,
    1.014035630168978,
    1.025443412431649,
    1.0364698376967623,
    1.0465783300900906,
    1.0550249707168542,
    1.0608245845829831,
    1.063009551362186,
    1.061109667802148,
    1.0554878511912422,
    1.047190109024843,
    1.0374087153118579,
    1.0270665075995156,
    1.016804340851549,
    1.0071453802995365,
    0.998539746310659,
    0.9912938842445864,
    0.9855328634488394,
    0.98123919294055,
    0.9783186771112954,
    0.9766506918816101
  ],