{
  "bias_mev": [
    -20.0,
    -19.666666666666668,
    -19.333333333333332,
    -19.0,
    -18.666666666666668,
    -18.333333333333332,
    -18.0,
    -17.666666666666668,
    -17.333333333333332,
    -17.0,
    -16.666666666666668,
    -16.333333333333332,
    -16.0,
    -15.666666666666668,
    -15.333333333333334,
    -15.0,
    -14.666666666666668,
    -14.333333333333334,
    -14.0,
    -13.666666666666668,
    -13.333333333333334,
    -13.0,
    -12.666666666666668,
    -12.333333333333334,
    -12.0,
    -11.666666666666668,
    -11.333333333333334,
    -11.0,
    -10.666666666666668,
    -10.333333333333334,
    -10.0,
    -9.666666666666668,
    -9.333333333333334,
    -9.0,
    -8.666666666666668,
    -8.333333333333334,
    -8.0,
    -7.666666666666668,
    -7.333333333333334,
    -7.0,
    -6.666666666666668,
    -6.333333333333334,
    -6.0,
    -5.666666666666668,
    -5.333333333333334,
    -5.0,
    -4.666666666666668,
    -4.333333333333334,
    -4.0,
    -3.666666666666668,
    -3.3333333333333357,
    -3.0,
    -2.666666666666668,
    -2.3333333333333357,
    -2.0,
    -1.6666666666666679,
    -1.3333333333333357,
    -1.0,
    -0.6666666666666679,
    -0.3333333333333357,
    0.0,
    0.33333333333333215,
    0.6666666666666643,
    1.0,
    1.3333333333333321,
    1.6666666666666643,
    2.0,
    2.333333333333332,
    2.6666666666666643,
    3.0,
    3.333333333333332,
    3.6666666666666643,
    4.0,
    4.333333333333332,
    4.666666666666664,
    5.0,
    5.333333333333332,
    5.666666666666664,
    6.0,
    6.333333333333332,
    6.666666666666664,
    7.0,
    7.333333333333332,
    7.666666666666664,
    8.0,
    8.333333333333332,
    8.666666666666664,
    9.0,
    9.333333333333332,
    9.666666666666664,
    10.0,
    10.333333333333332,
    10.666666666666664,
    11.0,
    11.333333333333332,
    11.666666666666664,
    12.0,
    12.333333333333329,
    12.666666666666664,
    13.0,
    13.333333333333329,
    13.666666666666664,
    14.0,
    14.333333333333329,
    14.666666666666664,
    15.0,
    15.333333333333329,
    15.666666666666664,
    16.0,
    16.33333333333333,
    16.666666666666664,
    17.0,
    17.33333333333333,
    17.666666666666664,
    18.0,
    18.33333333333333,
    18.666666666666664,
    19.0,
    19.33333333333333,
    19.666666666666664,
    20.0
  ],
  "conductance": [
    0.9850185751592072,
    0.9859869278001073,
    0.9877815033081698,
    0.9904788600117714,
    0.9941340876785559,
    0.9987635064150948,
    1.004325755212218,
    1.0107080027640127,
    1.0177195080630104,
    1.0250832735878495,
    1.032415588498786,
    1.0392103508198414,
    1.0448764659233938,
    1.048857385856129,
    1.050787064913766,
    1.0505858795071141,
    1.0484398181894665,
    1.044694093119699,
    1.0397375280716732,
    1.03392708324471,
    1.0275473220769327,
    1.020776998527231,
    1.0136575191636326,
    1.0060878187665947,
    0.997870823535809,
    0.9888085926205427,
    0.9788084429935487,
    0.9679458248133834,
    0.9564512978207653,
    0.9446370721039777,
    0.9328090579155887,
    0.9212017836623367,
    0.9099487878166946,
    0.8990863129857077,
    0.8885842520698967,
    0.8783929983046094,
    0.8684860191169963,
    0.8588786395454833,
    0.8496197996738694,
    0.8407703854554154,
    0.8323839490636417,
    0.824496920535702,
    0.8171272699707818,
    0.8102777214271313,
    0.8039402811383126,
    0.7981003638723495,
    0.7927399363940034,
    0.7878396745893831,
    0.7833803368794664,
    0.7793435821635154,
    0.7757124206813506,
    0.7724714343402186,
    0.7696068586869492,
    0.7671065860517279,
    0.764960127138074,
    0.7631585538505962,
    0.761694437006411,
    0.7605617869277981,
    0.7597560014907178,
    0.7592738241688798,
    0.7591133134298641,
    0.7592738241688797,
    0.7597560014907178,
    0.7605617869277979,
    0.7616944370064109,
    0.7631585538505962,
    0.7649601271380738,
    0.7671065860517278,
    0.7696068586869492,
    0.7724714343402185,
    0.7757124206813506,
    0.7793435821635154,
    0.7833803368794664,
    0.7878396745893831,
    0.7927399363940034,
    0.7981003638723492,
    0.8039402811383126,
    0.8102777214271311,
    0.8171272699707817,
    0.824496920535702,
    0.8323839490636414,
    0.8407703854554154,
    0.8496197996738694,
    0.8588786395454833,
    0.8684860191169961,
    0.8783929983046092,
    0.8885842520698966,
    0.8990863129857077,
    0.9099487878166944,
    0.9212017836623365,
    0.9328090579155887,
    0.9446370721039777,
    0.9564512978207652,
    0.9679458248133833,
    0.9788084429935486,
    0.9888085926205427,
    0.9978708235358091,
    1.0060878187665947,
    1.0136575191636326,
    1.020776998527231,
    1.0275473220769327,
    1.03392708324471,
    1.039737528071673,
    1.044694093119699,
    1.048439818189467,
    1.0505858795071141,
    1.0507870649137663,
    1.0488573858561288,
    1.0448764659233938,
    1.0392103508198416,
    1.0324155884987862,
    1.02508327358785,
    1.0177195080630106,
    1.010708002764013,
    1.004325755212218,
    0.9987635064150951,
    0.9941340876785559,
    0.9904788600117715,
    0.98778150330817,
    0.9859869278001072,
    0.9850185751592072
  ],