{
  "bias_mev": [
    -20.0,
    -19.666666666666668,
    -19.333333333333332,
    -19.0,
    -18.666666666666668,
    -18.333333333333332,
    -18.0,
    -17.666666666666668,
    -17.333333333333332,
    -17.0,
    -16.666666666666668,
    -16.333333333333332,
    -16.0,
    -15.666666666666668,
    -15.333333333333334,
    -15.0,
    -14.666666666666668,
    -14.333333333333334,
    -14.0,
    -13.666666666666668,
    -13.333333333333334,
    -13.0,
    -12.666666666666668,
    -12.333333333333334,
    -12.0,
    -11.666666666666668,
    -11.333333333333334,
    -11.0,
    -10.666666666666668,
    -10.333333333333334,
    -10.0,
    -9.666666666666668,
    -9.333333333333334,
    -9.0,
    -8.666666666666668,
    -8.333333333333334,
    -8.0,
    -7.666666666666668,
    -7.333333333333334,
    -7.0,
    -6.666666666666668,
    -6.333333333333334,
    -6.0,
    -5.666666666666668,
    -5.333333333333334,
    -5.0,
    -4.666666666666668,
    -4.333333333333334,
    -4.0,
    -3.666666666666668,
    -3.3333333333333357,
    -3.0,
    -2.666666666666668,
    -2.3333333333333357,
    -2.0,
    -1.6666666666666679,
    -1.3333333333333357,
    -1.0,
    -0.6666666666666679,
    -0.3333333333333357,
    0.0,
    0.33333333333333215,
    0.6666666666666643,
    1.0,
    1.3333333333333321,
    1.6666666666666643,
    2.0,
    2.333333333333332,
    2.6666666666666643,
    3.0,
    3.333333333333332,
    3.6666666666666643,
    4.0,
    4.333333333333332,
    4.666666666666664,
    5.0,
    5.333333333333332,
    5.666666666666664,
    6.0,
    6.333333333333332,
    6.666666666666664,
    7.0,
    7.333333333333332,
    7.666666666666664,
    8.0,
    8.333333333333332,
    8.666666666666664,
    9.0,
    9.333333333333332,
    9.666666666666664,
    10.0,
    10.333333333333332,
    10.666666666666664,
    11.0,
    11.333333333333332,
    11.666666666666664,
    12.0,
    12.333333333333329,
    12.666666666666664,
    13.0,
    13.333333333333329,
    13.666666666666664,
    14.0,
    14.333333333333329,
    14.666666666666664,
    15.0,
    15.333333333333329,
    15.666666666666664,
    16.0,
    16.33333333333333,
    16.666666666666664,
    17.0,
    17.33333333333333,
    17.666666666666664,
    18.0,
    18.33333333333333,
    18.666666666666664,
    19.0,
    19.33333333333333,
    19.666666666666664,
    20.0
  ],
  "conductance": [
    0.9807330240419895,
    0.9823718689385826,
    0.9848626998499423,
    0.9883208401331787,
    0.9928606118949057,
    0.9985687637607449,
    1.0054558321368228,
    1.0134016729658357,
    1.022139112261773,
    1.0312855740162257,
    1.0403341153349408,
    1.0485731224764532,
    1.0551389467958692,
    1.0593396413162623,
    1.0609824495500095,
    1.0603831924130036,
    1.058099883008742,
    1.0546443135671004,
    1.0503776630855661,
    1.0455916835486594,
    1.0405782223935547,
    1.0355486193804198,
    1.030489620344649,
    1.0251123981718933,
    1.018934454197996,
    1.0114530578767302,
    1.0023859228996554,
    0.9918546212769137,
    0.9803314648828596,
    0.9684094387968862,
    0.9566014142482175,
    0.9452500031405503,
    0.9345029910987388,
    0.924308048021057,
    0.9144435926798828,
    0.9046352466898732,
    0.8947241102747351,
    0.8847475162803327,
    0.8748751176894126,
    0.8652972380645703,
    0.8561585576314231,
    0.8475451753210316,
    0.8394966915829192,
    0.8320224445542956,
    0.8251142634824201,
    0.8187548348776139,
    0.8129227462789452,
    0.8075953865274863,
    0.8027505549377075,
    0.7983673173914291,
    0.7944264307122577,
    0.7909105231202823,
    0.7878041397933421,
    0.7850937168123099,
    0.7827675202552505,
    0.7808155717865154,
    0.7792295730769934,
    0.778002836110518,
    0.777130223338718,
    0.7766080998487176,
    0.7764342986794892,
    0.7766080998487179,
    0.7771302233387176,
    0.778002836110518,
    0.7792295730769936,
    0.7808155717865151,
    0.7827675202552509,
    0.7850937168123102,
    0.7878041397933417,
    0.7909105231202824,
    0.7944264307122579,
    0.7983673173914284,
    0.8027505549377074,
    0.8075953865274866,
    0.8129227462789451,
    0.8187548348776136,
    0.8251142634824203,
    0.8320224445542953,
    0.8394966915829188,
    0.8475451753210321,
    0.8561585576314228,
    0.86529723806457,
    0.8748751176894132,
    0.8847475162803327,
    0.8947241102747348,
    0.9046352466898737,
    0.9144435926798826,
    0.924308048021057,
    0.9345029910987392,
    0.9452500031405497,
    0.9566014142482175,
    0.9684094387968866,
    0.980331464882859,
    0.9918546212769135,
    1.002385922899656,
    1.0114530578767296,
    1.0189344541979963,
    1.0251123981718937,
    1.0304896203446483,
    1.0355486193804202,
    1.040578222393555,
    1.0455916835486587,
    1.0503776630855666,
    1.0546443135671009,
    1.0580998830087416,
    1.060383192413004,
    1.0609824495500102,
    1.0593396413162617,
    1.0551389467958692,
    1.0485731224764536,
    1.0403341153349406,
    1.0312855740162257,
    1.0221391122617733,
    1.0134016729658353,
    1.0054558321368228,
    0.9985687637607454,
    0.9928606118949054,
    0.9883208401331787,
    0.984862699849943,
    0.9823718689385823,
    0.9807330240419891
  ],