{
  "bias_mev": [
    -20.0,
    -19.666666666666668,
    -19.333333333333332,
    -19.0,
    -18.666666666666668,
    -18.333333333333332,
    -18.0,
    -17.666666666666668,
    -17.333333333333332,
    -17.0,
    -16.666666666666668,
    -16.333333333333332,
    -16.0,
    -15.666666666666668,
    -15.333333333333334,
    -15.0,
    -14.666666666666668,
    -14.333333333333334,
    -14.0,
    -13.666666666666668,
    -13.333333333333334,
    -13.0,
    -12.666666666666668,
    -12.333333333333334,
    -12.0,
    -11.666666666666668,
    -11.333333333333334,
    -11.0,
    -10.666666666666668,
    -10.333333333333334,
    -10.0,
    -9.666666666666668,
    -9.333333333333334,
    -9.0,
    -8.666666666666668,
    -8.333333333333334,
    -8.0,
    -7.666666666666668,
    -7.333333333333334,
    -7.0,
    -6.666666666666668,
    -6.333333333333334,
    -6.0,
    -5.666666666666668,
    -5.333333333333334,
    -5.0,
    -4.666666666666668,
    -4.333333333333334,
    -4.0,
    -3.666666666666668,
    -3.3333333333333357,
    -3.0,
    -2.666666666666668,
    -2.3333333333333357,
    -2.0,
    -1.6666666666666679,
    -1.3333333333333357,
    -1.0,
    -0.6666666666666679,
    -0.3333333333333357,
    0.0,
    0.33333333333333215,
    0.6666666666666643,
    1.0,
    1.3333333333333321,
    1.6666666666666643,
    2.0,
    2.333333333333332,
    2.6666666666666643,
    3.0,
    3.333333333333332,
    3.6666666666666643,
    4.0,
    4.333333333333332,
    4.666666666666664,
    5.0,
    5.333333333333332,
    5.666666666666664,
    6.0,
    6.333333333333332,
    6.666666666666664,
    7.0,
    7.333333333333332,
    7.666666666666664,
    8.0,
    8.333333333333332,
    8.666666666666664,
    9.0,
    9.333333333333332,
    9.666666666666664,
    10.0,
    10.333333333333332,
    10.666666666666664,
    11.0,
    11.333333333333332,
    11.666666666666664,
    12.0,
    12.333333333333329,
    12.666666666666664,
    13.0,
    13.333333333333329,
    13.666666666666664,
    14.0,
    14.333333333333329,
    14.666666666666664,
    15.0,
    15.333333333333329,
    15.666666666666664,
    16.0,
    16.33333333333333,
    16.666666666666664,
    17.0,
    17.33333333333333,
    17.666666666666664,
    18.0,
    18.33333333333333,
    18.666666666666664,
    19.0,
    19.33333333333333,
    19.666666666666664,
    20.0
  ],
  "conductance": [
    0.9723798921985126,
    0.975572846071295,
    0.979820050018115,
    0.9852060637288504,
    0.9917911879232351,
    0.9995901454571795,
    1.008539452893523,
    1.0184581340987418,
    1.029005922540779,
    1.0396363050697675,
    1.049553343118704,
    1.0577351077533932,
    1.0631170362771467,
    1.0649194603487182,
    1.0629226765719357,
    1.0574884220659855,
    1.049336382407499,
    1.0392573375936645,
    1.0279263558921599,
    1.0158459919706413,
    1.0033439616282605,
    0.9905558622687437,
    0.977403346088876,
    0.9636250720928694,
    0.9488883813283103,
    0.932950405234168,
    0.9157974106865373,
    0.8976877404340083,
    0.8790749839523456,
    0.8604661075629633,
    0.8422927178718376,
    0.8248317815721524,
    0.8081732737824748,
    0.7922331098629993,
    0.77682203162821,
    0.7617613437729545,
    0.7469886671626409,
    0.7325862500560809,
    0.7187252305372984,
    0.7055828722706021,
    0.6932873835660629,
    0.6819029802295544,
    0.6714401536137302,
    0.6618736904018633,
    0.6531588008093309,
    0.6452424690643137,
    0.6380703867695368,
    0.6315907330803165,
    0.6257559795458892,
    0.6205235598737385,
    0.615855934490446,
    0.6117203605897275,
    0.6080885406450024,
    0.6049362413234612,
    0.6022429290543128,
    0.599991443616574,
    0.598167718030335,
    0.5967605464985128,
    0.5957613991713169,
    0.595164281436834,
    0.5949656353726588,
    0.595164281436834,
    0.5957613991713169,
    0.5967605464985131,
    0.5981677180303349,
    0.5999914436165739,
    0.6022429290543128,
    0.6049362413234612,
    0.6080885406450023,
    0.6117203605897272,
    0.615855934490446,
    0.6205235598737384,
    0.6257559795458892,
    0.6315907330803165,
    0.6380703867695368,
    0.6452424690643137,
    0.6531588008093308,
    0.6618736904018632,
    0.6714401536137302,
    0.6819029802295543,
    0.6932873835660627,
    0.7055828722706021,
    0.7187252305372984,
    0.7325862500560808,
    0.7469886671626409,
    0.7617613437729543,
    0.77682203162821,
    0.7922331098629994,
    0.8081732737824748,
    0.8248317815721522,
    0.8422927178718376,
    0.8604661075629633,
    0.8790749839523453,
    0.8976877404340085,
    0.9157974106865372,
    0.9329504052341676,
    0.9488883813283105,
    0.963625072092869,
    0.9774033460888759,
    0.9905558622687439,
    1.0033439616282602,
    1.015845991970641,
    1.02792635589216,
    1.0392573375936645,
    1.0493363824074988,
    1.0574884220659857,
    1.062922676571936,
    1.0649194603487182,
    1.063117036277147,
    1.0577351077533936,
    1.049553343118704,
    1.0396363050697675,
    1.0290059225407793,
    1.0184581340987418,
    1.0085394528935234,
    0.9995901454571797,
    0.9917911879232353,
    0.9852060637288507,
    0.9798200500181155,
    0.9755728460712948,
    0.9723798921985126
  ],