{
  "bias_mev": [
    -20.0,
    -19.666666666666668,
    -19.333333333333332,
    -19.0,
    -18.666666666666668,
    -18.333333333333332,
    -18.0,
    -17.666666666666668,
    -17.333333333333332,
    -17.0,
    -16.666666666666668,
    -16.333333333333332,
    -16.0,
    -15.666666666666668,
    -15.333333333333334,
    -15.0,
    -14.666666666666668,
    -14.333333333333334,
    -14.0,
    -13.666666666666668,
    -13.333333333333334,
    -13.0,
    -12.666666666666668,
    -12.333333333333334,
    -12.0,
    -11.666666666666668,
    -11.333333333333334,
    -11.0,
    -10.666666666666668,
    -10.333333333333334,
    -10.0,
    -9.666666666666668,
    -9.333333333333334,
    -9.0,
    -8.666666666666668,
    -8.333333333333334,
    -8.0,
    -7.666666666666668,
    -7.333333333333334,
    -7.0,
    -6.666666666666668,
    -6.333333333333334,
    -6.0,
    -5.666666666666668,
    -5.333333333333334,
    -5.0,
    -4.666666666666668,
    -4.333333333333334,
    -4.0,
    -3.666666666666668,
    -3.3333333333333357,
    -3.0,
    -2.666666666666668,
    -2.3333333333333357,
    -2.0,
    -1.6666666666666679,
    -1.3333333333333357,
    -1.0,
    -0.6666666666666679,
    -0.3333333333333357,
    0.0,
    0.33333333333333215,
    0.6666666666666643,
    1.0,
    1.3333333333333321,
    1.6666666666666643,
    2.0,
    2.333333333333332,
    2.6666666666666643,
    3.0,
    3.333333333333332,
    3.6666666666666643,
    4.0,
    4.333333333333332,
    4.666666666666664,
    5.0,
    5.333333333333332,
    5.666666666666664,
    6.0,
    6.333333333333332,
    6.666666666666664,
    7.0,
    7.333333333333332,
    7.666666666666664,
    8.0,
    8.333333333333332,
    8.666666666666664,
    9.0,
    9.333333333333332,
    9.666666666666664,
    10.0,
    10.333333333333332,
    10.666666666666664,
    11.0,
    11.333333333333332,
    11.666666666666664,
    12.0,
    12.333333333333329,
    12.666666666666664,
    13.0,
    13.333333333333329,
    13.666666666666664,
    14.0,
    14.333333333333329,
    14.666666666666664,
    15.0,
    15.333333333333329,
    15.666666666666664,
    16.0,
    16.33333333333333,
    16.666666666666664,
    17.0,
    17.33333333333333,
    17.666666666666664,
    18.0,
    18.33333333333333,
    18.666666666666664,
    19.0,
    19.33333333333333,
    19.666666666666664,
    20.0
  ],
  "conductance": [
    0.9703693746198793,
    0.9742452878132051,
    0.9789768578514112,
    0.9846842591336878,
    0.9914812740568734,
    0.9994585637481047,
    1.008658954174384,
    1.0190462855940068,
    1.0304683107435335,
    1.0426108322649132,
    1.0549493161926033,
    1.0667381576458932,
    1.0771022739617049,
    1.085244572455491,
    1.090671857990536,
    1.0932994452907656,
    1.0933866982705325,
    1.0913773440588594,
    1.0877509380389654,
    1.0829371467450275,
    1.077276909509634,
    1.070993909198065,
    1.0641676024519513,
    1.0567310803785939,
    1.0485181931483392,
    1.039357125646091,
    1.0291734654755078,
    1.0180493646758466,
    1.0062083701572488,
    0.9939448417764014,
    0.9815443563991155,
    0.9692282492336382,
    0.9571297805616156,
    0.9452976736748989,
    0.9337229249448462,
    0.9223814964840095,
    0.9112746879165741,
    0.9004462067179974,
    0.8899712051911965,
    0.8799318821214323,
    0.8703970612079855,
    0.8614129795891999,
    0.8530033366247823,
    0.8451738833285194,
    0.8379179752164873,
    0.8312213610747768,
    0.8250657277336146,
    0.8194310980506462,
    0.814297353738962,
    0.8096451514927502,
    0.8054564423470607,
    0.8017147420114988,
    0.798405250302813,
    0.7955148826122209,
    0.7930322528726517,
    0.7909476323847003,
    0.7892528993487403,
    0.7879414880479885,
    0.7870083430026461,
    0.7864498812088901,
    0.7862639642432984,
    0.78644988120889,
    0.787008343002646,
    0.7879414880479885,
    0.7892528993487404,
    0.7909476323847003,
    0.7930322528726516,
    0.7955148826122209,
    0.7984052503028128,
    0.801714742011499,
    0.8054564423470608,
    0.8096451514927501,
    0.8142973537389618,
    0.8194310980506463,
    0.8250657277336145,
    0.8312213610747768,
    0.8379179752164874,
    0.8451738833285193,
    0.8530033366247824,
    0.8614129795891999,
    0.8703970612079853,
    0.8799318821214324,
    0.8899712051911968,
    0.900446206717997,
    0.9112746879165742,
    0.9223814964840096,
    0.9337229249448462,
    0.9452976736748989,
    0.9571297805616158,
    0.9692282492336379,
    0.9815443563991155,
    0.9939448417764013,
    1.0062083701572484,
    1.0180493646758466,
    1.029173465475508,
    1.0393571256460907,
    1.048518193148339,
    1.0567310803785939,
    1.064167602451951,
    1.0709939091980647,
    1.0772769095096337,
    1.0829371467450273,
    1.087750938038965,
    1.0913773440588597,
    1.0933866982705325,
    1.0932994452907654,
    1.0906718579905363,
    1.0852445724554909,
    1.0771022739617049,
    1.0667381576458934,
    1.0549493161926033,
    1.0426108322649132,
    1.0304683107435337,
    1.0190462855940068,
    1.008658954174384,
    0.9994585637481047,
    0.9914812740568734,
    0.9846842591336876,
    0.9789768578514111,
    0.974245287813205,
    0.9703693746198793
  ],