{
  "bias_mev": [
    -20.0,
    -19.666666666666668,
    -19.333333333333332,
    -19.0,
    -18.666666666666668,
    -18.333333333333332,
    -18.0,
    -17.666666666666668,
    -17.333333333333332,
    -17.0,
    -16.666666666666668,
    -16.333333333333332,
    -16.0,
    -15.666666666666668,
    -15.333333333333334,
    -15.0,
    -14.666666666666668,
    -14.333333333333334,
    -14.0,
    -13.666666666666668,
    -13.333333333333334,
    -13.0,
    -12.666666666666668,
    -12.333333333333334,
    -12.0,
    -11.666666666666668,
    -11.333333333333334,
    -11.0,
    -10.666666666666668,
    -10.333333333333334,
    -10.0,
    -9.666666666666668,
    -9.333333333333334,
    -9.0,
    -8.666666666666668,
    -8.333333333333334,
    -8.0,
    -7.666666666666668,
    -7.333333333333334,
    -7.0,
    -6.666666666666668,
    -6.333333333333334,
    -6.0,
    -5.666666666666668,
    -5.333333333333334,
    -5.0,
    -4.666666666666668,
    -4.333333333333334,
    -4.0,
    -3.666666666666668,
    -3.3333333333333357,
    -3.0,
    -2.666666666666668,
    -2.3333333333333357,
    -2.0,
    -1.6666666666666679,
    -1.3333333333333357,
    -1.0,
    -0.6666666666666679,
    -0.3333333333333357,
    0.0,
    0.33333333333333215,
    0.6666666666666643,
    1.0,
    1.3333333333333321,
    1.6666666666666643,
    2.0,
    2.333333333333332,
    2.6666666666666643,
    3.0,
    3.333333333333332,
    3.6666666666666643,
    4.0,
    4.333333333333332,
    4.666666666666664,
    5.0,
    5.333333333333332,
    5.666666666666664,
    6.0,
    6.333333333333332,
    6.666666666666664,
    7.0,
    7.333333333333332,
    7.666666666666664,
    8.0,
    8.333333333333332,
    8.666666666666664,
    9.0,
    9.333333333333332,
    9.666666666666664,
    10.0,
    10.333333333333332,
    10.666666666666664,
    11.0,
    11.333333333333332,
    11.666666666666664,
    12.0,
    12.333333333333329,
    12.666666666666664,
    13.0,
    13.333333333333329,
    13.666666666666664,
    14.0,
    14.333333333333329,
    14.666666666666664,
    15.0,
    15.333333333333329,
    15.666666666666664,
    16.0,
    16.33333333333333,
    16.666666666666664,
    17.0,
    17.33333333333333,
    17.666666666666664,
    18.0,
    18.33333333333333,
    18.666666666666664,
    19.0,
    19.33333333333333,
    19.666666666666664,
    20.0
  ],
  "conductance": [
    0.9661573092720077,
    0.9701838981784969,
    0.9755606964034139,
    0.9823506156499904,
    0.9905722110966495,
    1.0001725715942653,
    1.0109894300183724,
    1.0227067885092354,
    1.034804712809219,
    1.0465017664683478,
    1.0567157286225854,
    1.0641281170901717,
    1.06744517420285,
    1.0658072762447603,
    1.059109189924057,
    1.0480030292560722,
    1.03359543795879,
    1.0170578737103124,
    0.9993585946200084,
    0.9811685451473482,
    0.9628607983240881,
    0.9445168281458339,
    0.9259379639616446,
    0.906720149676137,
    0.8864218808793615,
    0.8647784972250998,
    0.8418620781660888,
    0.8180982928412425,
    0.7941328161208254,
    0.770629523779678,
    0.7480988411855581,
    0.7268032805653799,
    0.7067426197037674,
    0.687714494452807,
    0.6694422634926509,
    0.6517273059812132,
    0.6345466554154032,
    0.6180422469531363,
    0.6024283839808138,
    0.5878929977386402,
    0.5745445932744668,
    0.5624075827215878,
    0.5514435313565795,
    0.5415774870459209,
    0.5327190869914074,
    0.5247761653152508,
    0.5176621614960428,
    0.5112994073625287,
    0.5056200275598857,
    0.5005656181737096,
    0.49608639462626597,
    0.49214018248752617,
    0.48869143494694184,
    0.4857103557532289,
    0.48317215241116107,
    0.48105641889123757,
    0.4793466366500514,
    0.47802977984796213,
    0.4770960112616235,
    0.4765384574708277,
    0.4763530544681968,
    0.4765384574708276,
    0.4770960112616235,
    0.4780297798479621,
    0.4793466366500514,
    0.48105641889123757,
    0.4831721524111612,
    0.4857103557532289,
    0.48869143494694184,
    0.49214018248752617,
    0.49608639462626597,
    0.5005656181737096,
    0.5056200275598858,
    0.5112994073625285,
    0.5176621614960427,
    0.5247761653152508,
    0.5327190869914071,
    0.5415774870459208,
    0.5514435313565795,
    0.5624075827215876,
    0.5745445932744665,
    0.5878929977386402,
    0.6024283839808138,
    0.6180422469531361,
    0.6345466554154032,
    0.651727305981213,
    0.6694422634926507,
    0.687714494452807,
    0.7067426197037672,
    0.7268032805653797,
    0.748098841185558,
    0.7706295237796776,
    0.794132816120825,
    0.8180982928412425,
    0.8418620781660886,
    0.8647784972250996,
    0.8864218808793615,
    0.9067201496761367,
    0.9259379639616444,
    0.9445168281458339,
    0.9628607983240877,
    0.9811685451473479,
    0.9993585946200085,
    1.017057873710312,
    1.0335954379587897,
    1.048003029256072,
    1.0591091899240568,
    1.0658072762447603,
    1.06744517420285,
    1.0641281170901715,
    1.0567157286225854,
    1.0465017664683478,
    1.034804712809219,
    1.0227067885092354,
    1.0109894300183724,
    1.0001725715942658,
    0.9905722110966495,
    0.9823506156499904,
    0.9755606964034139,
    0.9701838981784969,
    0.9661573092720074
  ],