{
  "bias_mev": [
    -20.0,
    -19.666666666666668,
    -19.333333333333332,
    -19.0,
    -18.666666666666668,
    -18.333333333333332,
    -18.0,
    -17.666666666666668,
    -17.333333333333332,
    -17.0,
    -16.666666666666668,
    -16.333333333333332,
    -16.0,
    -15.666666666666668,
    -15.333333333333334,
    -15.0,
    -14.666666666666668,
    -14.333333333333334,
    -14.0,
    -13.666666666666668,
    -13.333333333333334,
    -13.0,
    -12.666666666666668,
    -12.333333333333334,
    -12.0,
    -11.666666666666668,
    -11.333333333333334,
    -11.0,
    -10.666666666666668,
    -10.333333333333334,
    -10.0,
    -9.666666666666668,
    -9.333333333333334,
    -9.0,
    -8.666666666666668,
    -8.333333333333334,
    -8.0,
    -7.666666666666668,
    -7.333333333333334,
    -7.0,
    -6.666666666666668,
    -6.333333333333334,
    -6.0,
    -5.666666666666668,
    -5.333333333333334,
    -5.0,
    -4.666666666666668,
    -4.333333333333334,
    -4.0,
    -3.666666666666668,
    -3.3333333333333357,
    -3.0,
    -2.666666666666668,
    -2.3333333333333357,
    -2.0,
    -1.6666666666666679,
    -1.3333333333333357,
    -1.0,
    -0.6666666666666679,
    -0.3333333333333357,
    0.0,
    0.33333333333333215,
    0.6666666666666643,
    1.0,
    1.3333333333333321,
    1.6666666666666643,
    2.0,
    2.333333333333332,
    2.6666666666666643,
    3.0,
    3.333333333333332,
    3.6666666666666643,
    4.0,
    4.333333333333332,
    4.666666666666664,
    5.0,
    5.333333333333332,
    5.666666666666664,
    6.0,
    6.333333333333332,
    6.666666666666664,
    7.0,
    7.333333333333332,
    7.666666666666664,
    8.0,
    8.333333333333332,
    8.666666666666664,
    9.0,
    9.333333333333332,
    9.666666666666664,
    10.0,
    10.333333333333332,
    10.666666666666664,
    11.0,
    11.333333333333332,
    11.666666666666664,
    12.0,
    12.333333333333329,
    12.666666666666664,
    13.0,
    13.333333333333329,
    13.666666666666664,
    14.0,
    14.333333333333329,
    14.666666666666664,
    15.0,
    15.333333333333329,
    15.666666666666664,
    16.0,
    16.33333333333333,
    16.666666666666664,
    17.0,
    17.33333333333333,
    17.666666666666664,
    18.0,
    18.33333333333333,
    18.666666666666664,
    19.0,
    19.33333333333333,
    19.666666666666664,
    20.0
  ],
  "conductance": [
    0.9773383418862581,
    0.9805460278261621,
    0.9842795009750915,
    0.9886424542839563,
    0.993748455984514,
    0.9997014758019138,
    1.0065577758431792,
    1.0142920178006074,
    1.0228206931440402,
    1.0320732564542776,
    1.0419719724442087,
    1.0522608698771363,
    1.0623962531207332,
    1.0717343754809272,
    1.0798763622110326,
    1.0868112554295202,
    1.0927833205473905,
    1.098065651818619,
    1.102840382197125,
    1.1072517327770568,
    1.111490828115313,
    1.1157510253914797,
    1.1200873062636885,
    1.124321589228621,
    1.1280705296730846,
    1.1308888785001583,
    1.132490602052482,
    1.1328983084343274,
    1.1323818301782402,
    1.131289826765817,
    1.12993175385133,
    1.1285311972369012,
    1.1272007801456934,
    1.1259148105886456,
    1.1245188790236944,
    1.1228281506430258,
    1.1207554417114436,
    1.1183434785523727,
    1.1157029208204925,
    1.1129470259011953,
    1.1101639063076962,
    1.1074146317127118,
    1.1047397001509882,
    1.102165713958384,
    1.0997102433924473,
    1.097385002412156,
    1.0951978573648606,
    1.0931541005003471,
    1.0912572719910436,
    1.0895097033429189,
    1.0879128856054237,
    1.086467724655509,
    1.085174721773336,
    1.084034103526959,
    1.083045916434266,
    1.0822100965958505,
    1.0815265211512384,
    1.080995046236439,
    1.0806155346657091,
    1.080387875556979,
    1.0803119974033528,
    1.0803878755569791,
    1.0806155346657087,
    1.0809950462364393,
    1.0815265211512388,
    1.0822100965958503,
    1.0830459164342663,
    1.0840341035269594,
    1.0851747217733356,
    1.0864677246555092,
    1.0879128856054239,
    1.0895097033429184,
    1.0912572719910434,
    1.0931541005003476,
    1.0951978573648606,
    1.0973850024121559,
    1.0997102433924477,
    1.1021657139583838,
    1.1047397001509882,
    1.1074146317127123,
    1.1101639063076965,
    1.112947025901195,
    1.115702920820493,
    1.1183434785523727,
    1.1207554417114438,
    1.122828150643026,
    1.124518879023694,
    1.1259148105886456,
    1.1272007801456936,
    1.128531197236901,
    1.1299317538513296,
    1.1312898267658174,
    1.1323818301782402,
    1.1328983084343274,
    1.1324906020524825,
    1.130888878500158,
    1.1280705296730849,
    1.1243215892286211,
    1.1200873062636878,
    1.1157510253914797,
    1.1114908281153137,
    1.1072517327770561,
    1.1028403821971253,
    1.0980656518186196,
    1.09278332054739,
    1.0868112554295206,
    1.079876362211033,
    1.0717343754809265,
    1.0623962531207332,
    1.052260869877137,
    1.0419719724442082,
    1.0320732564542774,
    1.0228206931440407,
    1.0142920178006072,
    1.0065577758431792,
    0.9997014758019143,
    0.9937484559845136,
    0.9886424542839563,
    0.9842795009750922,
    0.9805460278261617,
    0.9773383418862578
  ],