{
  "bias_mev": [
    -20.0,
    -19.666666666666668,
    -19.333333333333332,
    -19.0,
    -18.666666666666668,
    -18.333333333333332,
    -18.0,
    -17.666666666666668,
    -17.333333333333332,
    -17.0,
    -16.666666666666668,
    -16.333333333333332,
    -16.0,
    -15.666666666666668,
    -15.333333333333334,
    -15.0,
    -14.666666666666668,
    -14.333333333333334,
    -14.0,
    -13.666666666666668,
    -13.333333333333334,
    -13.0,
    -12.666666666666668,
    -12.333333333333334,
    -12.0,
    -11.666666666666668,
    -11.333333333333334,
    -11.0,
    -10.666666666666668,
    -10.333333333333334,
    -10.0,
    -9.666666666666668,
    -9.333333333333334,
    -9.0,
    -8.666666666666668,
    -8.333333333333334,
    -8.0,
    -7.666666666666668,
    -7.333333333333334,
    -7.0,
    -6.666666666666668,
    -6.333333333333334,
    -6.0,
    -5.666666666666668,
    -5.333333333333334,
    -5.0,
    -4.666666666666668,
    -4.333333333333334,
    -4.0,
    -3.666666666666668,
    -3.3333333333333357,
    -3.0,
    -2.666666666666668,
    -2.3333333333333357,
    -2.0,
    -1.6666666666666679,
    -1.3333333333333357,
    -1.0,
    -0.6666666666666679,
    -0.3333333333333357,
    0.0,
    0.33333333333333215,
    0.6666666666666643,
    1.0,
    1.3333333333333321,
    1.6666666666666643,
    2.0,
    2.333333333333332,
    2.6666666666666643,
    3.0,
    3.333333333333332,
    3.6666666666666643,
    4.0,
    4.333333333333332,
    4.666666666666664,
    5.0,
    5.333333333333332,
    5.666666666666664,
    6.0,
    6.333333333333332,
    6.666666666666664,
    7.0,
    7.333333333333332,
    7.666666666666664,
    8.0,
    8.333333333333332,
    8.666666666666664,
    9.0,
    9.333333333333332,
    9.666666666666664,
    10.0,
    10.333333333333332,
    10.666666666666664,
    11.0,
    11.333333333333332,
    11.666666666666664,
    12.0,
    12.333333333333329,
    12.666666666666664,
    13.0,
    13.333333333333329,
    13.666666666666664,
    14.0,
    14.333333333333329,
    14.666666666666664,
    15.0,
    15.333333333333329,
    15.666666666666664,
    16.0,
    16.33333333333333,
    16.666666666666664,
    17.0,
    17.33333333333333,
    17.666666666666664,
    18.0,
    18.33333333333333,
    18.666666666666664,
    19.0,
    19.33333333333333,
    19.666666666666664,
    20.0
  ],
  "conductance": [
    0.9691118986737741,
    0.9736954983280146,
    0.978872855923782,
    0.9847683131136736,
    0.9915372512092028,
    0.9993690413363466,
    1.008468034834113,
    1.0189833067474507,
    1.0309250442019402,
    1.0442687556317016,
    1.0590951528198806,
    1.0751303041417115,
    1.0911008998248766,
    1.1053053421583836,
    1.1169804332821789,
    1.1263903717088006,
    1.1342422669859387,
    1.141128380121228,
    1.147240246788111,
    1.1526236181968152,
    1.1575580813723443,
    1.1624665213252916,
    1.1675983319370717,
    1.1728491152609626,
    1.1778340633702524,
    1.18191705744532,
    1.1844513758559247,
    1.1853658299701297,
    1.1850737839790126,
    1.1840434647356657,
    1.1826278404650088,
    1.1810752359815817,
    1.1795596732965734,
    1.1781615089461637,
    1.1767851851528486,
    1.175161745501148,
    1.1731073057669965,
    1.1706738347704309,
    1.1680119603479313,
    1.1652516877774732,
    1.162479892115973,
    1.1597515111936276,
    1.1571016513070391,
    1.154553349777944,
    1.1521221192682105,
    1.1498186207537824,
    1.1476502859729567,
    1.1456223389696167,
    1.1437384621251003,
    1.1420012441222682,
    1.1404124894722862,
    1.1389734373536242,
    1.1376849193361052,
    1.1365474748505338,
    1.1355614367494464,
    1.1347269952236285,
    1.1340442457109308,
    1.133513224695163,
    1.1331339361108443,
    1.1329063702421547,
    1.1328305164044705,
    1.132906370242156,
    1.133133936110843,
    1.133513224695163,
    1.1340442457109323,
    1.1347269952236272,
    1.1355614367494467,
    1.1365474748505353,
    1.1376849193361038,
    1.1389734373536242,
    1.1404124894722871,
    1.1420012441222671,
    1.1437384621251,
    1.1456223389696183,
    1.1476502859729558,
    1.149818620753782,
    1.1521221192682118,
    1.1545533497779439,
    1.1571016513070382,
    1.159751511193629,
    1.1624798921159722,
    1.1652516877774728,
    1.1680119603479326,
    1.1706738347704302,
    1.173107305766996,
    1.1751617455011492,
    1.176785185152848,
    1.178161508946163,
    1.1795596732965747,
    1.1810752359815808,
    1.1826278404650081,
    1.1840434647356672,
    1.185073783979012,
    1.1853658299701293,
    1.184451375855926,
    1.181917057445319,
    1.1778340633702526,
    1.1728491152609641,
    1.1675983319370697,
    1.1624665213252925,
    1.1575580813723458,
    1.1526236181968135,
    1.1472402467881115,
    1.1411283801212297,
    1.1342422669859369,
    1.126390371708801,
    1.1169804332821802,
    1.1053053421583823,
    1.0911008998248766,
    1.075130304141713,
    1.0590951528198798,
    1.0442687556317016,
    1.0309250442019415,
    1.0189833067474499,
    1.0084680348341128,
    0.9993690413363476,
    0.9915372512092017,
    0.9847683131136736,
    0.9788728559237834,
    0.973695498328014,
    0.9691118986737741
  ],