{
  "bias_mev": [
    -20.0,
    -19.666666666666668,
    -19.333333333333332,
    -19.0,
    -18.666666666666668,
    -18.333333333333332,
    -18.0,
    -17.666666666666668,
    -17.333333333333332,
    -17.0,
    -16.666666666666668,
    -16.333333333333332,
    -16.0,
    -15.666666666666668,
    -15.333333333333334,
    -15.0,
    -14.666666666666668,
    -14.333333333333334,
    -14.0,
    -13.666666666666668,
    -13.333333333333334,
    -13.0,
    -12.666666666666668,
    -12.333333333333334,
    -12.0,
    -11.666666666666668,
    -11.333333333333334,
    -11.0,
    -10.666666666666668,
    -10.333333333333334,
    -10.0,
    -9.666666666666668,
    -9.333333333333334,
    -9.0,
    -8.666666666666668,
    -8.333333333333334,
    -8.0,
    -7.666666666666668,
    -7.333333333333334,
    -7.0,
    -6.666666666666668,
    -6.333333333333334,
    -6.0,
    -5.666666666666668,
    -5.333333333333334,
    -5.0,
    -4.666666666666668,
    -4.333333333333334,
    -4.0,
    -3.666666666666668,
    -3.3333333333333357,
    -3.0,
    -2.666666666666668,
    -2.3333333333333357,
    -2.0,
    -1.6666666666666679,
    -1.3333333333333357,
    -1.0,
    -0.6666666666666679,
    -0.3333333333333357,
    0.0,
    0.33333333333333215,
    0.6666666666666643,
    1.0,
    1.3333333333333321,
    1.6666666666666643,
    2.0,
    2.333333333333332,
    2.6666666666666643,
    3.0,
    3.333333333333332,
    3.6666666666666643,
    4.0,
    4.333333333333332,
    4.666666666666664,
    5.0,
    5.333333333333332,
    5.666666666666664,
    6.0,
    6.333333333333332,
    6.666666666666664,
    7.0,
    7.333333333333332,
    7.666666666666664,
    8.0,
    8.333333333333332,
    8.666666666666664,
    9.0,
    9.333333333333332,
    9.666666666666664,
    10.0,
    10.333333333333332,
    10.666666666666664,
    11.0,
    11.333333333333332,
    11.666666666666664,
    12.0,
    12.333333333333329,
    12.666666666666664,
    13.0,
    13.333333333333329,
    13.666666666666664,
    14.0,
    14.333333333333329,
    14.666666666666664,
    15.0,
    15.333333333333329,
    15.666666666666664,
    16.0,
    16.33333333333333,
    16.666666666666664,
    17.0,
    17.33333333333333,
    17.666666666666664,
    18.0,
    18.33333333333333,
    18.666666666666664,
    19.0,
    19.33333333333333,
    19.666666666666664,
    20.0
  ],
  "conductance": [
    0.9828585368397073,
    0.983714137012189,
    0.9855336918696114,
    0.9884336761249211,
    0.9925358126929122,
    0.9979404125085379,
    1.0046650482492179,
    1.0125610413079864,
    1.0212969108705505,
    1.030460732524366,
    1.0395249786606953,
    1.047518750850629,
    1.0530091183492774,
    1.0548668054770403,
    1.0529803582528408,
    1.048108032857406,
    1.0412739984050905,
    1.0332546786185808,
    1.024470913677594,
    1.0152511442914922,
    1.0060059206702183,
    0.9970647576450513,
    0.9884315851928547,
    0.9797301531741526,
    0.9703303883852848,
    0.9595540174045273,
    0.9470653453893558,
    0.9331685845162113,
    0.9185783352675329,
    0.9040023925602628,
    0.8899402954661066,
    0.8766701331284681,
    0.8642782824634612,
    0.8526661516435754,
    0.8415711072901325,
    0.8307026648426922,
    0.8199485630111797,
    0.8094115668479072,
    0.7992704148730724,
    0.7896652208603436,
    0.7806703795082137,
    0.7723097052070844,
    0.7645768404386342,
    0.7574499039615379,
    0.7509002462932061,
    0.7448972783437303,
    0.7394109984761799,
    0.7344132368830801,
    0.7298782028041741,
    0.7257826608488669,
    0.7221059163127441,
    0.7188297082393884,
    0.7159380641458131,
    0.7134171455104669,
    0.7112550993580358,
    0.7094419236563436,
    0.7079693500644131,
    0.7068307453358663,
    0.7060210315470035,
    0.7055366248084954,
    0.7053753919625846,
    0.7055366248084961,
    0.7060210315470026,
    0.7068307453358664,
    0.7079693500644137,
    0.7094419236563427,
    0.7112550993580358,
    0.7134171455104675,
    0.7159380641458123,
    0.7188297082393883,
    0.7221059163127448,
    0.7257826608488663,
    0.7298782028041739,
    0.734413236883081,
    0.7394109984761795,
    0.7448972783437298,
    0.7509002462932068,
    0.7574499039615374,
    0.7645768404386337,
    0.7723097052070852,
    0.780670379508213,
    0.7896652208603432,
    0.7992704148730733,
    0.8094115668479065,
    0.8199485630111794,
    0.8307026648426928,
    0.8415711072901317,
    0.8526661516435753,
    0.8642782824634623,
    0.8766701331284675,
    0.8899402954661061,
    0.904002392560264,
    0.9185783352675324,
    0.9331685845162108,
    0.9470653453893567,
    0.9595540174045264,
    0.9703303883852851,
    0.9797301531741531,
    0.9884315851928528,
    0.997064757645052,
    1.0060059206702192,
    1.0152511442914904,
    1.0244709136775947,
    1.033254678618582,
    1.041273998405089,
    1.0481080328574068,
    1.0529803582528419,
    1.0548668054770387,
    1.053009118349278,
    1.04751875085063,
    1.0395249786606944,
    1.030460732524366,
    1.0212969108705516,
    1.0125610413079855,
    1.004665048249218,
    0.9979404125085396,
    0.9925358126929111,
    0.9884336761249211,
    0.9855336918696134,
    0.9837141370121887,
    0.982858536839707
  ],