{
  "bias_mev": [
    -20.0,
    -19.666666666666668,
    -19.333333333333332,
    -19.0,
    -18.666666666666668,
    -18.333333333333332,
    -18.0,
    -17.666666666666668,
    -17.333333333333332,
    -17.0,
    -16.666666666666668,
    -16.333333333333332,
    -16.0,
    -15.666666666666668,
    -15.333333333333334,
    -15.0,
    -14.666666666666668,
    -14.333333333333334,
    -14.0,
    -13.666666666666668,
    -13.333333333333334,
    -13.0,
    -12.666666666666668,
    -12.333333333333334,
    -12.0,
    -11.666666666666668,
    -11.333333333333334,
    -11.0,
    -10.666666666666668,
    -10.333333333333334,
    -10.0,
    -9.666666666666668,
    -9.333333333333334,
    -9.0,
    -8.666666666666668,
    -8.333333333333334,
    -8.0,
    -7.666666666666668,
    -7.333333333333334,
    -7.0,
    -6.666666666666668,
    -6.333333333333334,
    -6.0,
    -5.666666666666668,
    -5.333333333333334,
    -5.0,
    -4.666666666666668,
    -4.333333333333334,
    -4.0,
    -3.666666666666668,
    -3.3333333333333357,
    -3.0,
    -2.666666666666668,
    -2.3333333333333357,
    -2.0,
    -1.6666666666666679,
    -1.3333333333333357,
    -1.0,
    -0.6666666666666679,
    -0.3333333333333357,
    0.0,
    0.33333333333333215,
    0.6666666666666643,
    1.0,
    1.3333333333333321,
    1.6666666666666643,
    2.0,
    2.333333333333332,
    2.6666666666666643,
    3.0,
    3.333333333333332,
    3.6666666666666643,
    4.0,
    4.333333333333332,
    4.666666666666664,
    5.0,
    5.333333333333332,
    5.666666666666664,
    6.0,
    6.333333333333332,
    6.666666666666664,
    7.0,
    7.333333333333332,
    7.666666666666664,
    8.0,
    8.333333333333332,
    8.666666666666664,
    9.0,
    9.333333333333332,
    9.666666666666664,
    10.0,
    10.333333333333332,
    10.666666666666664,
    11.0,
    11.333333333333332,
    11.666666666666664,
    12.0,
    12.333333333333329,
    12.666666666666664,
    13.0,
    13.333333333333329,
    13.666666666666664,
    14.0,
    14.333333333333329,
    14.666666666666664,
    15.0,
    15.333333333333329,
    15.666666666666664,
    16.0,
    16.33333333333333,
    16.666666666666664,
    17.0,
    17.33333333333333,
    17.666666666666664,
    18.0,
    18.33333333333333,
    18.666666666666664,
    19.0,
    19.33333333333333,
    19.666666666666664,
    20.0
  ],
  "conductance": [
    0.9704867031021748,
    0.9736204849465867,
    0.9779206775449497,
    0.983498724785598,
    0.9904524286264388,
    0.9988408403916916,
    1.008648068026458,
    1.0197558527743922,
    1.031938774429837,
    1.0448374453718725,
    1.0578230720122483,
    1.0697977163083072,
    1.079212939259672,
    1.0845500330619382,
    1.0850180210989961,
    1.0808729274515587,
    1.073125970530253,
    1.0629774986739124,
    1.0514141393686485,
    1.0391239819220535,
    1.0265699099992733,
    1.0139918281675044,
    1.0013086695008795,
    0.9880780100353397,
    0.9736447350344872,
    0.9574527778733802,
    0.9393594543401044,
    0.9197481644780644,
    0.8993619392906096,
    0.8790084834976143,
    0.8593317872118967,
    0.8407003326605922,
    0.8231689854587553,
    0.8065066632369076,
    0.790332575262862,
    0.7743467735221102,
    0.7585090422637893,
    0.7430259593851029,
    0.7281947642041116,
    0.7142594435477095,
    0.7013555863705042,
    0.689521798177284,
    0.678733257412433,
    0.6689320685661483,
    0.6600475282917841,
    0.6520075700574861,
    0.6447444003794264,
    0.6381968123414599,
    0.6323107728815854,
    0.6270391939913804,
    0.6223413696452096,
    0.6181823186651322,
    0.6145321454017618,
    0.6113654649119558,
    0.6086609076042907,
    0.6064007038019753,
    0.6045703427344636,
    0.6031582986896848,
    0.60215581721176,
    0.6015567552189375,
    0.6013574702226056,
    0.6015567552189375,
    0.60215581721176,
    0.603158298689685,
    0.6045703427344636,
    0.6064007038019753,
    0.6086609076042906,
    0.6113654649119556,
    0.6145321454017617,
    0.6181823186651322,
    0.6223413696452095,
    0.6270391939913804,
    0.6323107728815854,
    0.6381968123414598,
    0.644744400379426,
    0.652007570057486,
    0.6600475282917841,
    0.6689320685661482,
    0.6787332574124327,
    0.6895217981772839,
    0.7013555863705041,
    0.7142594435477094,
    0.7281947642041116,
    0.7430259593851025,
    0.7585090422637893,
    0.7743467735221102,
    0.7903325752628618,
    0.8065066632369075,
    0.823168985458755,
    0.840700332660592,
    0.8593317872118968,
    0.8790084834976145,
    0.8993619392906093,
    0.9197481644780644,
    0.9393594543401043,
    0.9574527778733799,
    0.9736447350344872,
    0.9880780100353396,
    1.0013086695008793,
    1.0139918281675047,
    1.0265699099992733,
    1.0391239819220532,
    1.0514141393686485,
    1.0629774986739124,
    1.073125970530253,
    1.0808729274515587,
    1.0850180210989966,
    1.084550033061938,
    1.079212939259672,
    1.0697977163083077,
    1.0578230720122486,
    1.0448374453718725,
    1.0319387744298372,
    1.0197558527743922,
    1.008648068026458,
    0.9988408403916917,
    0.9904524286264388,
    0.9834987247855982,
    0.9779206775449499,
    0.9736204849465867,
    0.9704867031021748
  ],