{
  "bias_mev": [
    -20.0,
    -19.666666666666668,
    -19.333333333333332,
    -19.0,
    -18.666666666666668,
    -18.333333333333332,
    -18.0,
    -17.666666666666668,
    -17.333333333333332,
    -17.0,
    -16.666666666666668,
    -16.333333333333332,
    -16.0,
    -15.666666666666668,
    -15.333333333333334,
    -15.0,
    -14.666666666666668,
    -14.333333333333334,
    -14.0,
    -13.666666666666668,
    -13.333333333333334,
    -13.0,
    -12.666666666666668,
    -12.333333333333334,
    -12.0,
    -11.666666666666668,
    -11.333333333333334,
    -11.0,
    -10.666666666666668,
    -10.333333333333334,
    -10.0,
    -9.666666666666668,
    -9.333333333333334,
    -9.0,
    -8.666666666666668,
    -8.333333333333334,
    -8.0,
    -7.666666666666668,
    -7.333333333333334,
    -7.0,
    -6.666666666666668,
    -6.333333333333334,
    -6.0,
    -5.666666666666668,
    -5.333333333333334,
    -5.0,
    -4.666666666666668,
    -4.333333333333334,
    -4.0,
    -3.666666666666668,
    -3.3333333333333357,
    -3.0,
    -2.666666666666668,
    -2.3333333333333357,
    -2.0,
    -1.6666666666666679,
    -1.3333333333333357,
    -1.0,
    -0.6666666666666679,
    -0.3333333333333357,
    0.0,
    0.33333333333333215,
    0.6666666666666643,
    1.0,
    1.3333333333333321,
    1.6666666666666643,
    2.0,
    2.333333333333332,
    2.6666666666666643,
    3.0,
    3.333333333333332,
    3.6666666666666643,
    4.0,
    4.333333333333332,
    4.666666666666664,
    5.0,
    5.333333333333332,
    5.666666666666664,
    6.0,
    6.333333333333332,
    6.666666666666664,
    7.0,
    7.333333333333332,
    7.666666666666664,
    8.0,
    8.333333333333332,
    8.666666666666664,
    9.0,
    9.333333333333332,
    9.666666666666664,
    10.0,
    10.333333333333332,
    10.666666666666664,
    11.0,
    11.333333333333332,
    11.666666666666664,
    12.0,
    12.333333333333329,
    12.666666666666664,
    13.0,
    13.333333333333329,
    13.666666666666664,
    14.0,
    14.333333333333329,
    14.666666666666664,
    15.0,
    15.333333333333329,
    15.666666666666664,
    16.0,
    16.33333333333333,
    16.666666666666664,
    17.0,
    17.33333333333333,
    17.666666666666664,
    18.0,
    18.33333333333333,
    18.666666666666664,
    19.0,
    19.33333333333333,
    19.666666666666664,
    20.0
  ],
  "conductance": [
    0.9826604730956027,
    0.9832609895698603,
    0.9848902071773417,
    0.9876891171462382,
    0.9918094682730227,
    0.9973800538667549,
    1.0044378091426684,
    1.0128546573684711,
    1.0223573373083878,
    1.0326598870516541,
    1.0434498446862324,
    1.0540200810121738,
    1.062962961444273,
    1.0685998787205682,
    1.069964637497293,
    1.0672969556674536,
    1.061646686899971,
    1.0541449925794542,
    1.0455735284963534,
    1.036437926686332,
    1.0272163366101843,
    1.018342141689011,
    1.0099393582340406,
    1.0016364311358086,
    0.9926448627366139,
    0.9820842492991639,
    0.9694698624609012,
    0.9550470330696705,
    0.9396128285786539,
    0.9240539249107735,
    0.9090389732935992,
    0.8949444483035567,
    0.8818733249795531,
    0.8696785481051013,
    0.8580305108865955,
    0.8466014521854859,
    0.8352722710178596,
    0.8241565553933612,
    0.8134579682491655,
    0.8033421882211863,
    0.7938981280429525,
    0.7851521399591926,
    0.7770929784540962,
    0.7696908906389222,
    0.7629090294794735,
    0.756709463649768,
    0.7510560515436647,
    0.7459156548225395,
    0.7412585212257273,
    0.7370582733167652,
    0.7332917251240318,
    0.7299386368354696,
    0.7269814607601133,
    0.7244051030880663,
    0.7221967116861616,
    0.7203454931780388,
    0.7188425592837782,
    0.7176808010098165,
    0.7168547888515602,
    0.716360697220163,
    0.7161962515859804,
    0.7163606972201632,
    0.71685478885156,
    0.7176808010098163,
    0.7188425592837784,
    0.7203454931780383,
    0.7221967116861616,
    0.7244051030880663,
    0.726981460760113,
    0.7299386368354696,
    0.733291725124032,
    0.7370582733167651,
    0.7412585212257272,
    0.7459156548225396,
    0.7510560515436645,
    0.7567094636497678,
    0.7629090294794736,
    0.7696908906389217,
    0.7770929784540961,
    0.7851521399591928,
    0.7938981280429525,
    0.803342188221186,
    0.8134579682491656,
    0.8241565553933607,
    0.8352722710178594,
    0.8466014521854859,
    0.8580305108865953,
    0.869678548105101,
    0.8818733249795533,
    0.8949444483035561,
    0.9090389732935991,
    0.9240539249107735,
    0.9396128285786535,
    0.9550470330696701,
    0.969469862460901,
    0.9820842492991636,
    0.9926448627366139,
    1.0016364311358084,
    1.0099393582340397,
    1.018342141689011,
    1.0272163366101843,
    1.0364379266863308,
    1.0455735284963537,
    1.0541449925794542,
    1.0616466868999703,
    1.0672969556674536,
    1.0699646374972933,
    1.0685998787205675,
    1.062962961444273,
    1.0540200810121743,
    1.043449844686232,
    1.0326598870516541,
    1.0223573373083878,
    1.0128546573684707,
    1.0044378091426682,
    0.9973800538667554,
    0.9918094682730225,
    0.9876891171462384,
    0.9848902071773418,
    0.9832609895698601,
    0.9826604730956023
  ],