{
  "bias_mev": [
    -20.0,
    -19.666666666666668,
    -19.333333333333332,
    -19.0,
    -18.666666666666668,
    -18.333333333333332,
    -18.0,
    -17.666666666666668,
    -17.333333333333332,
    -17.0,
    -16.666666666666668,
    -16.333333333333332,
    -16.0,
    -15.666666666666668,
    -15.333333333333334,
    -15.0,
    -14.666666666666668,
    -14.333333333333334,
    -14.0,
    -13.666666666666668,
    -13.333333333333334,
    -13.0,
    -12.666666666666668,
    -12.333333333333334,
    -12.0,
    -11.666666666666668,
    -11.333333333333334,
    -11.0,
    -10.666666666666668,
    -10.333333333333334,
    -10.0,
    -9.666666666666668,
    -9.333333333333334,
    -9.0,
    -8.666666666666668,
    -8.333333333333334,
    -8.0,
    -7.666666666666668,
    -7.333333333333334,
    -7.0,
    -6.666666666666668,
    -6.333333333333334,
    -6.0,
    -5.666666666666668,
    -5.333333333333334,
    -5.0,
    -4.666666666666668,
    -4.333333333333334,
    -4.0,
    -3.666666666666668,
    -3.3333333333333357,
    -3.0,
    -2.666666666666668,
    -2.3333333333333357,
    -2.0,
    -1.6666666666666679,
    -1.3333333333333357,
    -1.0,
    -0.6666666666666679,
    -0.3333333333333357,
    0.0,
    0.33333333333333215,
    0.6666666666666643,
    1.0,
    1.3333333333333321,
    1.6666666666666643,
    2.0,
    2.333333333333332,
    2.6666666666666643,
    3.0,
    3.333333333333332,
    3.6666666666666643,
    4.0,
    4.333333333333332,
    4.666666666666664,
    5.0,
    5.333333333333332,
    5.666666666666664,
    6.0,
    6.333333333333332,
    6.666666666666664,
    7.0,
    7.333333333333332,
    7.666666666666664,
    8.0,
    8.333333333333332,
    8.666666666666664,
    9.0,
    9.333333333333332,
    9.666666666666664,
    10.0,
    10.333333333333332,
    10.666666666666664,
    11.0,
    11.333333333333332,
    11.666666666666664,
    12.0,
    12.333333333333329,
    12.666666666666664,
    13.0,
    13.333333333333329,
    13.666666666666664,
    14.0,
    14.333333333333329,
    14.666666666666664,
    15.0,
    15.333333333333329,
    15.666666666666664,
    16.0,
    16.33333333333333,
    16.666666666666664,
    17.0,
    17.33333333333333,
    17.666666666666664,
    18.0,
    18.33333333333333,
    18.666666666666664,
    19.0,
    19.33333333333333,
    19.666666666666664,
    20.0
  ],
  "conductance": [
    0.9792931701118981,
    0.9823068374917695,
    0.9858005043777285,
    0.9898538232085734,
    0.9945468460206939,
    0.999948792725285,
    1.0060995087513482,
    1.0129886453403398,
    1.0205423911031772,
    1.0286194808691869,
    1.0370032971461622,
    1.045392069113256,
    1.0534282675264257,
    1.0607907593237582,
    1.0672947320510346,
    1.0729217638312805,
    1.0777694990913727,
    1.0819748963569988,
    1.0856689510847732,
    1.0889737862398248,
    1.0920047414426457,
    1.0948447949698799,
    1.0975031876238461,
    1.0998931720401297,
    1.1018477076395485,
    1.1031717256997795,
    1.1037188017213004,
    1.1034566486775872,
    1.1024778134439155,
    1.1009548862605554,
    1.0990795369360393,
    1.0970159311814793,
    1.0948724996704837,
    1.0926872635148432,
    1.0904307027583207,
    1.0880352555494404,
    1.085443468291026,
    1.0826440197842344,
    1.0796739501917272,
    1.0765971321680061,
    1.0734813640339067,
    1.07038535674909,
    1.0673548653222906,
    1.0644236086328083,
    1.0616157286631167,
    1.0589482591660897,
    1.056433118441931,
    1.054078586176597,
    1.0518903605638645,
    1.049872307021435,
    1.0480269892821308,
    1.046356048875713,
    1.0448604788707998,
    1.0435408232467611,
    1.0423973233177364,
    1.041430025916303,
    1.0406388635129802,
    1.0400237133618548,
    1.0395844406283121,
    1.0393209289466532,
    1.0392331007579216,
    1.0393209289466532,
    1.039584440628312,
    1.0400237133618548,
    1.0406388635129806,
    1.0414300259163027,
    1.0423973233177366,
    1.0435408232467613,
    1.0448604788707994,
    1.046356048875713,
    1.048026989282131,
    1.0498723070214346,
    1.051890360563864,
    1.054078586176597,
    1.056433118441931,
    1.0589482591660895,
    1.061615728663117,
    1.064423608632808,
    1.0673548653222902,
    1.0703853567490902,
    1.0734813640339065,
    1.0765971321680061,
    1.0796739501917276,
    1.0826440197842344,
    1.0854434682910257,
    1.0880352555494406,
    1.0904307027583204,
    1.092687263514843,
    1.0948724996704837,
    1.0970159311814789,
    1.099079536936039,
    1.1009548862605556,
    1.1024778134439153,
    1.103456648677587,
    1.1037188017213007,
    1.1031717256997795,
    1.1018477076395485,
    1.0998931720401297,
    1.0975031876238457,
    1.09484479496988,
    1.092004741442646,
    1.088973786239824,
    1.0856689510847732,
    1.081974896356999,
    1.0777694990913724,
    1.0729217638312807,
    1.067294732051035,
    1.0607907593237582,
    1.0534282675264257,
    1.0453920691132563,
    1.0370032971461622,
    1.0286194808691869,
    1.0205423911031775,
    1.0129886453403398,
    1.0060995087513485,
    0.9999487927252854,
    0.9945468460206938,
    0.9898538232085734,
    0.9858005043777289,
    0.9823068374917693,
    0.9792931701118978
  ],