{
  "bias_mev": [
    -20.0,
    -19.666666666666668,
    -19.333333333333332,
    -19.0,
    -18.666666666666668,
    -18.333333333333332,
    -18.0,
    -17.666666666666668,
    -17.333333333333332,
    -17.0,
    -16.666666666666668,
    -16.333333333333332,
    -16.0,
    -15.666666666666668,
    -15.333333333333334,
    -15.0,
    -14.666666666666668,
    -14.333333333333334,
    -14.0,
    -13.666666666666668,
    -13.333333333333334,
    -13.0,
    -12.666666666666668,
    -12.333333333333334,
    -12.0,
    -11.666666666666668,
    -11.333333333333334,
    -11.0,
    -10.666666666666668,
    -10.333333333333334,
    -10.0,
    -9.666666666666668,
    -9.333333333333334,
    -9.0,
    -8.666666666666668,
    -8.333333333333334,
    -8.0,
    -7.666666666666668,
    -7.333333333333334,
    -7.0,
    -6.666666666666668,
    -6.333333333333334,
    -6.0,
    -5.666666666666668,
    -5.333333333333334,
    -5.0,
    -4.666666666666668,
    -4.333333333333334,
    -4.0,
    -3.666666666666668,
    -3.3333333333333357,
    -3.0,
    -2.666666666666668,
    -2.3333333333333357,
    -2.0,
    -1.6666666666666679,
    -1.3333333333333357,
    -1.0,
    -0.6666666666666679,
    -0.3333333333333357,
    0.0,
    0.33333333333333215,
    0.6666666666666643,
    1.0,
    1.3333333333333321,
    1.6666666666666643,
    2.0,
    2.333333333333332,
    2.6666666666666643,
    3.0,
    3.333333333333332,
    3.6666666666666643,
    4.0,
    4.333333333333332,
    4.666666666666664,
    5.0,
    5.333333333333332,
    5.666666666666664,
    6.0,
    6.333333333333332,
    6.666666666666664,
    7.0,
    7.333333333333332,
    7.666666666666664,
    8.0,
    8.333333333333332,
    8.666666666666664,
    9.0,
    9.333333333333332,
    9.666666666666664,
    10.0,
    10.333333333333332,
    10.666666666666664,
    11.0,
    11.333333333333332,
    11.666666666666664,
    12.0,
    12.333333333333329,
    12.666666666666664,
    13.0,
    13.333333333333329,
    13.666666666666664,
    14.0,
    14.333333333333329,
    14.666666666666664,
    15.0,
    15.333333333333329,
    15.666666666666664,
    16.0,
    16.33333333333333,
    16.666666666666664,
    17.0,
    17.33333333333333,
    17.666666666666664,
    18.0,
    18.33333333333333,
    18.666666666666664,
    19.0,
    19.33333333333333,
    19.666666666666664,
    20.0
  ],
  "conductance": [
    0.9831420046917299,
    0.9852727567288406,
    0.987905118303628,
    0.9911141111927065,
    0.994972309360464,
    0.9995394176774155,
    1.00484661124964,
    1.0108795583201744,
    1.0175654395705664,
    1.024762672904834,
    1.0322457164318497,
    1.0396932388117537,
    1.0467158004580481,
    1.052944355443457,
    1.0581367866929787,
    1.0622287929556409,
    1.0653033311631401,
    1.0675175701365953,
    1.069042741223508,
    1.0700394913144144,
    1.0706496551269196,
    1.0709772640897133,
    1.0710580471252824,
    1.070839970573997,
    1.070195310668969,
    1.06896849650613,
    1.0670448386716391,
    1.064405823378587,
    1.061138173061847,
    1.0573976787948736,
    1.053357817875751,
    1.049168924493998,
    1.0449348149912543,
    1.0407046905024486,
    1.0364801562122836,
    1.032237769631326,
    1.0279587245021276,
    1.0236490053375316,
    1.019340490138623,
    1.0150790288436533,
    1.0109113227020423,
    1.0068770706307975,
    1.0030064951386612,
    0.9993209709538402,
    0.9958347854517285,
    0.9925569794014809,
    0.9894928780408596,
    0.986645247091154,
    0.9840151267858911,
    0.9816024215763404,
    0.9794063143315276,
    0.9774255574434074,
    0.9756586782687382,
    0.974104124899045,
    0.9727603701232326,
    0.971625985851125,
    0.9706996964523653,
    0.969980416861766,
    0.969467279507439,
    0.9691596528593152,
    0.9690571534896414,
    0.9691596528593153,
    0.969467279507439,
    0.9699804168617657,
    0.9706996964523653,
    0.971625985851125,
    0.9727603701232328,
    0.9741041248990449,
    0.975658678268738,
    0.9774255574434073,
    0.9794063143315276,
    0.9816024215763404,
    0.9840151267858911,
    0.9866452470911542,
    0.9894928780408594,
    0.9925569794014808,
    0.9958347854517288,
    0.9993209709538401,
    1.0030064951386612,
    1.0068770706307975,
    1.0109113227020423,
    1.0150790288436533,
    1.019340490138623,
    1.0236490053375316,
    1.0279587245021273,
    1.0322377696313263,
    1.0364801562122836,
    1.0407046905024486,
    1.044934814991254,
    1.0491689244939977,
    1.053357817875751,
    1.0573976787948733,
    1.0611381730618468,
    1.0644058233785865,
    1.0670448386716391,
    1.06896849650613,
    1.0701953106689688,
    1.070839970573997,
    1.071058047125282,
    1.0709772640897135,
    1.0706496551269198,
    1.070039491314414,
    1.069042741223508,
    1.0675175701365955,
    1.06530333116314,
    1.0622287929556409,
    1.0581367866929787,
    1.052944355443457,
    1.0467158004580481,
    1.039693238811754,
    1.0322457164318497,
    1.024762672904834,
    1.0175654395705664,
    1.0108795583201744,
    1.00484661124964,
    0.9995394176774156,
    0.9949723093604638,
    0.9911141111927065,
    0.9879051183036283,
    0.9852727567288406,
    0.9831420046917299
  ],