{
  "bias_mev": [
    -20.0,
    -19.666666666666668,
    -19.333333333333332,
    -19.0,
    -18.666666666666668,
    -18.333333333333332,
    -18.0,
    -17.666666666666668,
    -17.333333333333332,
    -17.0,
    -16.666666666666668,
    -16.333333333333332,
    -16.0,
    -15.666666666666668,
    -15.333333333333334,
    -15.0,
    -14.666666666666668,
    -14.333333333333334,
    -14.0,
    -13.666666666666668,
    -13.333333333333334,
    -13.0,
    -12.666666666666668,
    -12.333333333333334,
    -12.0,
    -11.666666666666668,
    -11.333333333333334,
    -11.0,
    -10.666666666666668,
    -10.333333333333334,
    -10.0,
    -9.666666666666668,
    -9.333333333333334,
    -9.0,
    -8.666666666666668,
    -8.333333333333334,
    -8.0,
    -7.666666666666668,
    -7.333333333333334,
    -7.0,
    -6.666666666666668,
    -6.333333333333334,
    -6.0,
    -5.666666666666668,
    -5.333333333333334,
    -5.0,
    -4.666666666666668,
    -4.333333333333334,
    -4.0,
    -3.666666666666668,
    -3.3333333333333357,
    -3.0,
    -2.666666666666668,
    -2.3333333333333357,
    -2.0,
    -1.6666666666666679,
    -1.3333333333333357,
    -1.0,
    -0.6666666666666679,
    -0.3333333333333357,
    0.0,
    0.33333333333333215,
    0.6666666666666643,
    1.0,
    1.3333333333333321,
    1.6666666666666643,
    2.0,
    2.333333333333332,
    2.6666666666666643,
    3.0,
    3.333333333333332,
    3.6666666666666643,
    4.0,
    4.333333333333332,
    4.666666666666664,
    5.0,
    5.333333333333332,
    5.666666666666664,
    6.0,
    6.333333333333332,
    6.666666666666664,
    7.0,
    7.333333333333332,
    7.666666666666664,
    8.0,
    8.333333333333332,
    8.666666666666664,
    9.0,
    9.333333333333332,
    9.666666666666664,
    10.0,
    10.333333333333332,
    10.666666666666664,
    11.0,
    11.333333333333332,
    11.666666666666664,
    12.0,
    12.333333333333329,
    12.666666666666664,
    13.0,
    13.333333333333329,
    13.666666666666664,
    14.0,
    14.333333333333329,
    14.666666666666664,
    15.0,
    15.333333333333329,
    15.666666666666664,
    16.0,
    16.33333333333333,
    16.666666666666664,
    17.0,
    17.33333333333333,
    17.666666666666664,
    18.0,
    18.33333333333333,
    18.666666666666664,
    19.0,
    19.33333333333333,
    19.666666666666664,
    20.0
  ],
  "conductance": [
    0.9825288925066391,
    0.9838962569440778,
    0.9860838165121365,
    0.9891983433330538,
    0.9933424014460894,
    0.9985875193206298,
    1.0049289195773832,
    1.012244981394331,
    1.0203120752693218,
    1.0288767936963386,
    1.0376617504163426,
    1.0462145413772428,
    1.053780543466513,
    1.059482688902316,
    1.0627472413401489,
    1.063563977602007,
    1.062365072227375,
    1.059704411053062,
    1.0560299093766512,
    1.0516782058859429,
    1.0469593004795372,
    1.042125391311827,
    1.0372207401461768,
    1.0319790378264708,
    1.025885722142324,
    1.0183954101660846,
    1.0092203157287603,
    0.9985134585697891,
    0.9867865138832985,
    0.9746594269004981,
    0.9626552157724894,
    0.9511102770341738,
    0.9401498415724696,
    0.9296892942025382,
    0.9194884973448464,
    0.9092954583003717,
    0.8990073538110828,
    0.8887102000008118,
    0.8785896565404057,
    0.8688269217182221,
    0.8595495004140538,
    0.8508282365238334,
    0.842692018013465,
    0.835143422565638,
    0.8281702234946818,
    0.8217527254674378,
    0.815868124054188,
    0.8104929898831975,
    0.8056046342914981,
    0.8011818251656686,
    0.7972051310042633,
    0.7936570554852591,
    0.7905220568791331,
    0.7877865071837777,
    0.785438622930648,
    0.7834683862336209,
    0.7818674668087954,
    0.7806291510839216,
    0.7797482818132593,
    0.7792212100438674,
    0.7790457603855537,
    0.7792212100438677,
    0.7797482818132587,
    0.7806291510839218,
    0.7818674668087957,
    0.7834683862336205,
    0.785438622930648,
    0.7877865071837781,
    0.790522056879133,
    0.7936570554852591,
    0.7972051310042638,
    0.8011818251656684,
    0.8056046342914976,
    0.810492989883198,
    0.815868124054188,
    0.8217527254674378,
    0.8281702234946824,
    0.8351434225656378,
    0.8426920180134647,
    0.8508282365238338,
    0.8595495004140535,
    0.8688269217182218,
    0.8785896565404059,
    0.8887102000008116,
    0.8990073538110827,
    0.9092954583003721,
    0.9194884973448458,
    0.9296892942025382,
    0.94014984157247,
    0.9511102770341735,
    0.9626552157724891,
    0.9746594269004984,
    0.986786513883298,
    0.9985134585697888,
    1.0092203157287607,
    1.0183954101660841,
    1.0258857221423243,
    1.0319790378264713,
    1.0372207401461762,
    1.0421253913118276,
    1.0469593004795374,
    1.0516782058859422,
    1.0560299093766514,
    1.0597044110530622,
    1.0623650722273743,
    1.0635639776020074,
    1.0627472413401493,
    1.0594826889023155,
    1.053780543466513,
    1.0462145413772435,
    1.0376617504163417,
    1.0288767936963388,
    1.0203120752693227,
    1.0122449813943304,
    1.0049289195773836,
    0.9985875193206307,
    0.993342401446089,
    0.9891983433330538,
    0.9860838165121372,
    0.9838962569440775,
    0.9825288925066388
  ],