{
  "bias_mev": [
    -20.0,
    -19.666666666666668,
    -19.333333333333332,
    -19.0,
    -18.666666666666668,
    -18.333333333333332,
    -18.0,
    -17.666666666666668,
    -17.333333333333332,
    -17.0,
    -16.666666666666668,
    -16.333333333333332,
    -16.0,
    -15.666666666666668,
    -15.333333333333334,
    -15.0,
    -14.666666666666668,
    -14.333333333333334,
    -14.0,
    -13.666666666666668,
    -13.333333333333334,
    -13.0,
    -12.666666666666668,
    -12.333333333333334,
    -12.0,
    -11.666666666666668,
    -11.333333333333334,
    -11.0,
    -10.666666666666668,
    -10.333333333333334,
    -10.0,
    -9.666666666666668,
    -9.333333333333334,
    -9.0,
    -8.666666666666668,
    -8.333333333333334,
    -8.0,
    -7.666666666666668,
    -7.333333333333334,
    -7.0,
    -6.666666666666668,
    -6.333333333333334,
    -6.0,
    -5.666666666666668,
    -5.333333333333334,
    -5.0,
    -4.666666666666668,
    -4.333333333333334,
    -4.0,
    -3.666666666666668,
    -3.3333333333333357,
    -3.0,
    -2.666666666666668,
    -2.3333333333333357,
    -2.0,
    -1.6666666666666679,
    -1.3333333333333357,
    -1.0,
    -0.6666666666666679,
    -0.3333333333333357,
    0.0,
    0.33333333333333215,
    0.6666666666666643,
    1.0,
    1.3333333333333321,
    1.6666666666666643,
    2.0,
    2.333333333333332,
    2.6666666666666643,
    3.0,
    3.333333333333332,
    3.6666666666666643,
    4.0,
    4.333333333333332,
    4.666666666666664,
    5.0,
    5.333333333333332,
    5.666666666666664,
    6.0,
    6.333333333333332,
    6.666666666666664,
    7.0,
    7.333333333333332,
    7.666666666666664,
    8.0,
    8.333333333333332,
    8.666666666666664,
    9.0,
    9.333333333333332,
    9.666666666666664,
    10.0,
    10.333333333333332,
    10.666666666666664,
    11.0,
    11.333333333333332,
    11.666666666666664,
    12.0,
    12.333333333333329,
    12.666666666666664,
    13.0,
    13.333333333333329,
    13.666666666666664,
    14.0,
    14.333333333333329,
    14.666666666666664,
    15.0,
    15.333333333333329,
    15.666666666666664,
    16.0,
    16.33333333333333,
    16.666666666666664,
    17.0,
    17.33333333333333,
    17.666666666666664,
    18.0,
    18.33333333333333,
    18.666666666666664,
    19.0,
    19.33333333333333,
    19.666666666666664,
    20.0
  ],
  "conductance": [
    0.9792343121166492,
    0.9804653610211346,
    0.982802643724697,
    0.9863874896832207,
    0.9913623817701678,
    0.9978315027700618,
    1.0057881780518645,
    1.01503987348751,
    1.0252146410973455,
    1.0358736162773452,
    1.046538290382245,
    1.0564627547741399,
    1.0644528243883054,
    1.0692136717947311,
    1.0700605645041803,
    1.067263798916302,
    1.0617491064877262,
    1.05452504191539,
    1.0463121694116584,
    1.0375764778554701,
    1.0287391891057311,
    1.0201766404184043,
    1.011969967587248,
    1.0037002512344837,
    0.9945206208348645,
    0.9834972776936384,
    0.9700864606425413,
    0.9544832210345991,
    0.9375253673469105,
    0.9202511780434788,
    0.9035138174395714,
    0.8878262888948636,
    0.8733439803163563,
    0.8598835476225711,
    0.8470015705707672,
    0.8342148899942309,
    0.8212861007177789,
    0.8083243473899158,
    0.7956339697401363,
    0.7835119845269646,
    0.7721502303404431,
    0.7616336498981542,
    0.7519740513636944,
    0.7431430198175709,
    0.735094058296426,
    0.727775157006447,
    0.7211351673944894,
    0.7151266821513059,
    0.7097070971966498,
    0.7048387871960649,
    0.7004888822743528,
    0.6966288911191372,
    0.6932342891506055,
    0.6902841262286321,
    0.6877606765096368,
    0.6856491376932768,
    0.6839373798380513,
    0.6826157410131345,
    0.6816768661853716,
    0.6811155858553142,
    0.6809288315260364,
    0.6811155858553142,
    0.6816768661853714,
    0.6826157410131345,
    0.6839373798380511,
    0.6856491376932767,
    0.6877606765096368,
    0.6902841262286322,
    0.6932342891506054,
    0.696628891119137,
    0.700488882274353,
    0.7048387871960646,
    0.7097070971966497,
    0.7151266821513063,
    0.7211351673944894,
    0.7277751570064468,
    0.7350940582964262,
    0.7431430198175707,
    0.7519740513636943,
    0.7616336498981542,
    0.7721502303404428,
    0.7835119845269648,
    0.7956339697401364,
    0.8083243473899154,
    0.8212861007177786,
    0.8342148899942309,
    0.847001570570767,
    0.8598835476225711,
    0.8733439803163563,
    0.8878262888948635,
    0.9035138174395709,
    0.9202511780434793,
    0.9375253673469102,
    0.9544832210345991,
    0.9700864606425416,
    0.9834972776936381,
    0.9945206208348645,
    1.0037002512344835,
    1.0119699675872476,
    1.0201766404184045,
    1.0287391891057311,
    1.0375764778554697,
    1.0463121694116588,
    1.0545250419153902,
    1.0617491064877258,
    1.0672637989163023,
    1.0700605645041807,
    1.069213671794731,
    1.0644528243883054,
    1.0564627547741403,
    1.0465382903822449,
    1.0358736162773454,
    1.025214641097346,
    1.0150398734875097,
    1.0057881780518643,
    0.9978315027700622,
    0.9913623817701678,
    0.9863874896832207,
    0.9828026437246973,
    0.9804653610211344,
    0.9792343121166489
  ],