{
  "bias_mev": [
    -20.0,
    -19.666666666666668,
    -19.333333333333332,
    -19.0,
    -18.666666666666668,
    -18.333333333333332,
    -18.0,
    -17.666666666666668,
    -17.333333333333332,
    -17.0,
    -16.666666666666668,
    -16.333333333333332,
    -16.0,
    -15.666666666666668,
    -15.333333333333334,
    -15.0,
    -14.666666666666668,
    -14.333333333333334,
    -14.0,
    -13.666666666666668,
    -13.333333333333334,
    -13.0,
    -12.666666666666668,
    -12.333333333333334,
    -12.0,
    -11.666666666666668,
    -11.333333333333334,
    -11.0,
    -10.666666666666668,
    -10.333333333333334,
    -10.0,
    -9.666666666666668,
    -9.333333333333334,
    -9.0,
    -8.666666666666668,
    -8.333333333333334,
    -8.0,
    -7.666666666666668,
    -7.333333333333334,
    -7.0,
    -6.666666666666668,
    -6.333333333333334,
    -6.0,
    -5.666666666666668,
    -5.333333333333334,
    -5.0,
    -4.666666666666668,
    -4.333333333333334,
    -4.0,
    -3.666666666666668,
    -3.3333333333333357,
    -3.0,
    -2.666666666666668,
    -2.3333333333333357,
    -2.0,
    -1.6666666666666679,
    -1.3333333333333357,
    -1.0,
    -0.6666666666666679,
    -0.3333333333333357,
    0.0,
    0.33333333333333215,
    0.6666666666666643,
    1.0,
    1.3333333333333321,
    1.6666666666666643,
    2.0,
    2.333333333333332,
    2.6666666666666643,
    3.0,
    3.333333333333332,
    3.6666666666666643,
    4.0,
    4.333333333333332,
    4.666666666666664,
    5.0,
    5.333333333333332,
    5.666666666666664,
    6.0,
    6.333333333333332,
    6.666666666666664,
    7.0,
    7.333333333333332,
    7.666666666666664,
    8.0,
    8.333333333333332,
    8.666666666666664,
    9.0,
    9.333333333333332,
    9.666666666666664,
    10.0,
    10.333333333333332,
    10.666666666666664,
    11.0,
    11.333333333333332,
    11.666666666666664,
    12.0,
    12.333333333333329,
    12.666666666666664,
    13.0,
    13.333333333333329,
    13.666666666666664,
    14.0,
    14.333333333333329,
    14.666666666666664,
    15.0,
    15.333333333333329,
    15.666666666666664,
    16.0,
    16.33333333333333,
    16.666666666666664,
    17.0,
    17.33333333333333,
    17.666666666666664,
    18.0,
    18.33333333333333,
    18.666666666666664,
    19.0,
    19.33333333333333,
    19.666666666666664,
    20.0
  ],
  "conductance": [
    0.9701862787307551,
    0.9741151699789317,
    0.9789058834271241,
    0.9846746095998354,
    0.9915285998220151,
    0.9995492992107874,
    1.008769307821896,
    1.0191451671269767,
    1.0305245399463885,
    1.0426011443352894,
    1.0548623267834425,
    1.0665731955856217,
    1.0768662838986816,
    1.0849500719517855,
    1.0903359574076465,
    1.0929426303387664,
    1.0930310236605214,
    1.0910445571775298,
    1.0874608110719142,
    1.0827057026934725,
    1.0771139601037163,
    1.0708996172473741,
    1.0641288578345516,
    1.05672013705092,
    1.0484968050165324,
    1.0392869746944442,
    1.0290282529696302,
    1.0178211693241859,
    1.0059050464261579,
    0.9935816114729308,
    0.9811346632385862,
    0.968776985613788,
    0.9566304135506313,
    0.9447347414471486,
    0.9330802989848314,
    0.9216528780030575,
    0.910469615047234,
    0.8995877468897429,
    0.8890881300766437,
    0.8790509828000278,
    0.8695388794616691,
    0.8605909172663879,
    0.8522246810108899,
    0.8444414361411362,
    0.8372315739734844,
    0.8305790475108495,
    0.824464554403805,
    0.8188676473176646,
    0.8137680534798937,
    0.80914645649716,
    0.8049849307988822,
    0.8012671600136536,
    0.7979785255138916,
    0.7951061200781558,
    0.7926387209946593,
    0.790566743739392,
    0.7888821890864113,
    0.7875785913813625,
    0.7866509725646764,
    0.7860958046190167,
    0.7859109819627942,
    0.7860958046190167,
    0.7866509725646764,
    0.7875785913813625,
    0.7888821890864113,
    0.7905667437393917,
    0.7926387209946593,
    0.7951061200781561,
    0.7979785255138915,
    0.8012671600136536,
    0.8049849307988821,
    0.80914645649716,
    0.8137680534798938,
    0.8188676473176646,
    0.824464554403805,
    0.8305790475108495,
    0.8372315739734844,
    0.8444414361411362,
    0.8522246810108899,
    0.860590917266388,
    0.8695388794616691,
    0.8790509828000277,
    0.8890881300766438,
    0.8995877468897427,
    0.9104696150472339,
    0.9216528780030577,
    0.9330802989848312,
    0.9447347414471488,
    0.9566304135506314,
    0.9687769856137879,
    0.9811346632385863,
    0.9935816114729309,
    1.0059050464261579,
    1.0178211693241859,
    1.0290282529696302,
    1.0392869746944444,
    1.0484968050165322,
    1.05672013705092,
    1.0641288578345516,
    1.0708996172473741,
    1.0771139601037163,
    1.0827057026934723,
    1.0874608110719142,
    1.0910445571775298,
    1.0930310236605214,
    1.092942630338766,
    1.0903359574076468,
    1.0849500719517853,
    1.0768662838986813,
    1.0665731955856217,
    1.0548623267834425,
    1.0426011443352894,
    1.0305245399463885,
    1.0191451671269767,
    1.0087693078218958,
    0.9995492992107875,
    0.9915285998220154,
    0.984674609599835,
    0.9789058834271241,
    0.9741151699789319,
    0.970186278730755
  ],