{
  "bias_mev": [
    -20.0,
    -19.666666666666668,
    -19.333333333333332,
    -19.0,
    -18.666666666666668,
    -18.333333333333332,
    -18.0,
    -17.666666666666668,
    -17.333333333333332,
    -17.0,
    -16.666666666666668,
    -16.333333333333332,
    -16.0,
    -15.666666666666668,
    -15.333333333333334,
    -15.0,
    -14.666666666666668,
    -14.333333333333334,
    -14.0,
    -13.666666666666668,
    -13.333333333333334,
    -13.0,
    -12.666666666666668,
    -12.333333333333334,
    -12.0,
    -11.666666666666668,
    -11.333333333333334,
    -11.0,
    -10.666666666666668,
    -10.333333333333334,
    -10.0,
    -9.666666666666668,
    -9.333333333333334,
    -9.0,
    -8.666666666666668,
    -8.333333333333334,
    -8.0,
    -7.666666666666668,
    -7.333333333333334,
    -7.0,
    -6.666666666666668,
    -6.333333333333334,
    -6.0,
    -5.666666666666668,
    -5.333333333333334,
    -5.0,
    -4.666666666666668,
    -4.333333333333334,
    -4.0,
    -3.666666666666668,
    -3.3333333333333357,
    -3.0,
    -2.666666666666668,
    -2.3333333333333357,
    -2.0,
    -1.6666666666666679,
    -1.3333333333333357,
    -1.0,
    -0.6666666666666679,
    -0.3333333333333357,
    0.0,
    0.33333333333333215,
    0.6666666666666643,
    1.0,
    1.3333333333333321,
    1.6666666666666643,
    2.0,
    2.333333333333332,
    2.6666666666666643,
    3.0,
    3.333333333333332,
    3.6666666666666643,
    4.0,
    4.333333333333332,
    4.666666666666664,
    5.0,
    5.333333333333332,
    5.666666666666664,
    6.0,
    6.333333333333332,
    6.666666666666664,
    7.0,
    7.333333333333332,
    7.666666666666664,
    8.0,
    8.333333333333332,
    8.666666666666664,
    9.0,
    9.333333333333332,
    9.666666666666664,
    10.0,
    10.333333333333332,
    10.666666666666664,
    11.0,
    11.333333333333332,
    11.666666666666664,
    12.0,
    12.333333333333329,
    12.666666666666664,
    13.0,
    13.333333333333329,
    13.666666666666664,
    14.0,
    14.333333333333329,
    14.666666666666664,
    15.0,
    15.333333333333329,
    15.666666666666664,
    16.0,
    16.33333333333333,
    16.666666666666664,
    17.0,
    17.33333333333333,
    17.666666666666664,
    18.0,
    18.33333333333333,
    18.666666666666664,
    19.0,
    19.33333333333333,
    19.666666666666664,
    20.0
  ],
  "conductance": [
    0.973925572863935,
    0.9774940256980214,
    0.981723324018388,
    0.9867252510814969,
    0.9926170362156383,
    0.999506298760158,
    1.007464614869643,
    1.0165007760527085,
    1.0265528317421124,
    1.0374902686978977,
    1.0490718112244324,
    1.0608482798777559,
    1.0721371695381272,
    1.0822039179953962,
    1.0905575720042777,
    1.097106894150945,
    1.1020772027328545,
    1.1058101984408997,
    1.1086158602265386,
    1.11074736444768,
    1.1124320889084212,
    1.1138515304837042,
    1.115057982008345,
    1.115908217391362,
    1.1160856368544974,
    1.1152195224813202,
    1.1130567137253862,
    1.1095880485031349,
    1.1050398508551105,
    1.0997597918871556,
    1.09409761445051,
    1.0883297007290875,
    1.0826155112554057,
    1.0769739452936524,
    1.0713003627851512,
    1.065447115022793,
    1.0593303548743966,
    1.0529807036733085,
    1.0465122549802899,
    1.0400615865366403,
    1.0337463375068834,
    1.0276518362060272,
    1.0218337170238199,
    1.0163254115630826,
    1.011145286492058,
    1.0063019947849525,
    1.001798117053875,
    0.9976325380410437,
    0.9938019743352151,
    0.9903019548693238,
    0.9871274531865148,
    0.9842732979327503,
    0.9817344410473238,
    0.979506133725271,
    0.9775840420126505,
    0.9759643225705745,
    0.9746436720222741,
    0.9736193587484401,
    0.9728892430351096,
    0.972451789507346,
    0.972306074431715,
    0.9724517895073461,
    0.9728892430351094,
    0.9736193587484401,
    0.9746436720222742,
    0.9759643225705744,
    0.9775840420126505,
    0.9795061337252711,
    0.9817344410473237,
    0.9842732979327504,
    0.987127453186515,
    0.9903019548693234,
    0.9938019743352149,
    0.9976325380410438,
    1.0017981170538748,
    1.0063019947849523,
    1.0111452864920583,
    1.0163254115630824,
    1.0218337170238196,
    1.0276518362060274,
    1.0337463375068832,
    1.04006158653664,
    1.0465122549802899,
    1.0529807036733083,
    1.0593303548743966,
    1.0654471150227933,
    1.0713003627851512,
    1.0769739452936524,
    1.0826155112554057,
    1.0883297007290873,
    1.0940976144505097,
    1.0997597918871558,
    1.1050398508551103,
    1.1095880485031346,
    1.1130567137253862,
    1.1152195224813202,
    1.1160856368544976,
    1.115908217391362,
    1.1150579820083448,
    1.1138515304837042,
    1.1124320889084216,
    1.1107473644476795,
    1.1086158602265386,
    1.1058101984408997,
    1.1020772027328543,
    1.097106894150945,
    1.090557572004278,
    1.082203917995396,
    1.0721371695381272,
    1.060848279877756,
    1.0490718112244324,
    1.0374902686978977,
    1.0265528317421124,
    1.0165007760527085,
    1.007464614869643,
    0.9995062987601582,
    0.9926170362156382,
    0.9867252510814969,
    0.9817233240183882,
    0.9774940256980214,
    0.9739255728639347
  ],