{
  "bias_mev": [
    -20.0,
    -19.666666666666668,
    -19.333333333333332,
    -19.0,
    -18.666666666666668,
    -18.333333333333332,
    -18.0,
    -17.666666666666668,
    -17.333333333333332,
    -17.0,
    -16.666666666666668,
    -16.333333333333332,
    -16.0,
    -15.666666666666668,
    -15.333333333333334,
    -15.0,
    -14.666666666666668,
    -14.333333333333334,
    -14.0,
    -13.666666666666668,
    -13.333333333333334,
    -13.0,
    -12.666666666666668,
    -12.333333333333334,
    -12.0,
    -11.666666666666668,
    -11.333333333333334,
    -11.0,
    -10.666666666666668,
    -10.333333333333334,
    -10.0,
    -9.666666666666668,
    -9.333333333333334,
    -9.0,
    -8.666666666666668,
    -8.333333333333334,
    -8.0,
    -7.666666666666668,
    -7.333333333333334,
    -7.0,
    -6.666666666666668,
    -6.333333333333334,
    -6.0,
    -5.666666666666668,
    -5.333333333333334,
    -5.0,
    -4.666666666666668,
    -4.333333333333334,
    -4.0,
    -3.666666666666668,
    -3.3333333333333357,
    -3.0,
    -2.666666666666668,
    -2.3333333333333357,
    -2.0,
    -1.6666666666666679,
    -1.3333333333333357,
    -1.0,
    -0.6666666666666679,
    -0.3333333333333357,
    0.0,
    0.33333333333333215,
    0.6666666666666643,
    1.0,
    1.3333333333333321,
    1.6666666666666643,
    2.0,
    2.333333333333332,
    2.6666666666666643,
    3.0,
    3.333333333333332,
    3.6666666666666643,
    4.0,
    4.333333333333332,
    4.666666666666664,
    5.0,
    5.333333333333332,
    5.666666666666664,
    6.0,
    6.333333333333332,
    6.666666666666664,
    7.0,
    7.333333333333332,
    7.666666666666664,
    8.0,
    8.333333333333332,
    8.666666666666664,
    9.0,
    9.333333333333332,
    9.666666666666664,
    10.0,
    10.333333333333332,
    10.666666666666664,
    11.0,
    11.333333333333332,
    11.666666666666664,
    12.0,
    12.333333333333329,
    12.666666666666664,
    13.0,
    13.333333333333329,
    13.666666666666664,
    14.0,
    14.333333333333329,
    14.666666666666664,
    15.0,
    15.333333333333329,
    15.666666666666664,
    16.0,
    16.33333333333333,
    16.666666666666664,
    17.0,
    17.33333333333333,
    17.666666666666664,
    18.0,
    18.33333333333333,
    18.666666666666664,
    19.0,
    19.33333333333333,
    19.666666666666664,
    20.0
  ],
  "conductance": [
    0.9828466121310039,
    0.9841695276920682,
    0.9863014136182907,
    0.9893476403152309,
    0.9934105541833301,
    0.9985639590170932,
    1.0048088353834546,
    1.0120313067966022,
    1.0200134341338518,
    1.028506716729073,
    1.0372508467408708,
    1.0458309636444987,
    1.0535289031149162,
    1.0594627891689736,
    1.063003739846768,
    1.0640744014938401,
    1.0630710567893134,
    1.0605530479100735,
    1.0569876121959632,
    1.0527136611581365,
    1.048034488152499,
    1.0432215142938963,
    1.0383752990329866,
    1.033294124352025,
    1.0274953760795333,
    1.0204065104996358,
    1.0116529199101776,
    1.001284652585457,
    0.9897541413760084,
    0.9776819965346099,
    0.9656279145553328,
    0.9539773968208934,
    0.9429085079316448,
    0.9323869151579945,
    0.9222005268049324,
    0.9120803702043289,
    0.9018717385454167,
    0.8916152800593292,
    0.8814824779061416,
    0.8716640236174987,
    0.8623040412921256,
    0.8534876450754791,
    0.845253306360178,
    0.8376092235031023,
    0.8305461335065095,
    0.824045702958025,
    0.8180855815502991,
    0.8126423048474961,
    0.8076929021887593,
    0.803215749529626,
    0.7991909895849418,
    0.7956007076794166,
    0.7924289727052521,
    0.7896618066916323,
    0.7872871198849437,
    0.7852946327601659,
    0.783675797336593,
    0.7824237248671736,
    0.7815331238651964,
    0.7810002506277547,
    0.780822873384631,
    0.781000250627755,
    0.7815331238651958,
    0.7824237248671736,
    0.7836757973365932,
    0.7852946327601655,
    0.7872871198849437,
    0.7896618066916328,
    0.7924289727052518,
    0.7956007076794166,
    0.7991909895849422,
    0.8032157495296257,
    0.8076929021887591,
    0.8126423048474966,
    0.8180855815502988,
    0.8240457029580248,
    0.8305461335065101,
    0.8376092235031021,
    0.8452533063601777,
    0.8534876450754793,
    0.8623040412921253,
    0.8716640236174987,
    0.881482477906142,
    0.8916152800593292,
    0.9018717385454167,
    0.9120803702043292,
    0.9222005268049323,
    0.9323869151579943,
    0.9429085079316452,
    0.953977396820893,
    0.9656279145553324,
    0.9776819965346102,
    0.989754141376008,
    1.0012846525854573,
    1.011652919910178,
    1.0204065104996356,
    1.027495376079534,
    1.0332941243520253,
    1.038375299032986,
    1.0432215142938965,
    1.0480344881524994,
    1.0527136611581356,
    1.0569876121959634,
    1.0605530479100742,
    1.0630710567893127,
    1.0640744014938406,
    1.0630037398467687,
    1.059462789168973,
    1.0535289031149162,
    1.0458309636444996,
    1.0372508467408703,
    1.028506716729073,
    1.0200134341338525,
    1.0120313067966018,
    1.0048088353834548,
    0.9985639590170938,
    0.9934105541833298,
    0.9893476403152309,
    0.9863014136182914,
    0.9841695276920681,
    0.9828466121310039
  ],