{
  "bias_mev": [
    -20.0,
    -19.666666666666668,
    -19.333333333333332,
    -19.0,
    -18.666666666666668,
    -18.333333333333332,
    -18.0,
    -17.666666666666668,
    -17.333333333333332,
    -17.0,
    -16.666666666666668,
    -16.333333333333332,
    -16.0,
    -15.666666666666668,
    -15.333333333333334,
    -15.0,
    -14.666666666666668,
    -14.333333333333334,
    -14.0,
    -13.666666666666668,
    -13.333333333333334,
    -13.0,
    -12.666666666666668,
    -12.333333333333334,
    -12.0,
    -11.666666666666668,
    -11.333333333333334,
    -11.0,
    -10.666666666666668,
    -10.333333333333334,
    -10.0,
    -9.666666666666668,
    -9.333333333333334,
    -9.0,
    -8.666666666666668,
    -8.333333333333334,
    -8.0,
    -7.666666666666668,
    -7.333333333333334,
    -7.0,
    -6.666666666666668,
    -6.333333333333334,
    -6.0,
    -5.666666666666668,
    -5.333333333333334,
    -5.0,
    -4.666666666666668,
    -4.333333333333334,
    -4.0,
    -3.666666666666668,
    -3.3333333333333357,
    -3.0,
    -2.666666666666668,
    -2.3333333333333357,
    -2.0,
    -1.6666666666666679,
    -1.3333333333333357,
    -1.0,
    -0.6666666666666679,
    -0.3333333333333357,
    0.0,
    0.33333333333333215,
    0.6666666666666643,
    1.0,
    1.3333333333333321,
    1.6666666666666643,
    2.0,
    2.333333333333332,
    2.6666666666666643,
    3.0,
    3.333333333333332,
    3.6666666666666643,
    4.0,
    4.333333333333332,
    4.666666666666664,
    5.0,
    5.333333333333332,
    5.666666666666664,
    6.0,
    6.333333333333332,
    6.666666666666664,
    7.0,
    7.333333333333332,
    7.666666666666664,
    8.0,
    8.333333333333332,
    8.666666666666664,
    9.0,
    9.333333333333332,
    9.666666666666664,
    10.0,
    10.333333333333332,
    10.666666666666664,
    11.0,
    11.333333333333332,
    11.666666666666664,
    12.0,
    12.333333333333329,
    12.666666666666664,
    13.0,
    13.333333333333329,
    13.666666666666664,
    14.0,
    14.333333333333329,
    14.666666666666664,
    15.0,
    15.333333333333329,
    15.666666666666664,
    16.0,
    16.33333333333333,
    16.666666666666664,
    17.0,
    17.33333333333333,
    17.666666666666664,
    18.0,
    18.33333333333333,
    18.666666666666664,
    19.0,
    19.33333333333333,
    19.666666666666664,
    20.0
  ],
  "conductance": [
    0.9806632148276503,
    0.9821182130763518,
    0.9846585424449584,
    0.9883492694453397,
    0.9932154340680579,
    0.9992098907565257,
    1.0061810982550496,
    1.0138623483454103,
    1.0218939410487378,
    1.0298480477319174,
    1.0372036421322304,
    1.0432886721295047,
    1.0473104449244761,
    1.0485617697999337,
    1.0466997907500175,
    1.0418771489283243,
    1.0346280813469617,
    1.0256226694854798,
    1.0154707242943155,
    1.0046515577612103,
    0.9935040556290642,
    0.9821857483213429,
    0.970606868263638,
    0.9584269958537606,
    0.9451766498978919,
    0.930477125323095,
    0.9142538755467203,
    0.8968163988316924,
    0.8787524594228835,
    0.8607159172777421,
    0.8432371868099315,
    0.8266221183954168,
    0.8109334410738716,
    0.7960344749675542,
    0.7816878580345938,
    0.7676876832708066,
    0.7539628873544655,
    0.7405917036414273,
    0.7277357743968716,
    0.7155576809846617,
    0.704171261268611,
    0.6936307974137773,
    0.6839422269414016,
    0.6750801317717107,
    0.6670023123386727,
    0.6596598109777868,
    0.6530029378175777,
    0.6469845093659803,
    0.6415613654697512,
    0.6366949071461887,
    0.632351117413694,
    0.6285003337814375,
    0.625116920993117,
    0.62217892250255,
    0.6196677298452457,
    0.6175677877510888,
    0.6158663416929921,
    0.6145532290342016,
    0.6136207124539289,
    0.6130633534747274,
    0.6128779239095867,
    0.6130633534747274,
    0.6136207124539289,
    0.6145532290342016,
    0.6158663416929921,
    0.6175677877510887,
    0.6196677298452457,
    0.62217892250255,
    0.6251169209931169,
    0.6285003337814377,
    0.632351117413694,
    0.6366949071461887,
    0.6415613654697512,
    0.6469845093659803,
    0.6530029378175777,
    0.6596598109777866,
    0.6670023123386727,
    0.6750801317717104,
    0.6839422269414014,
    0.6936307974137772,
    0.7041712612686107,
    0.7155576809846615,
    0.7277357743968716,
    0.7405917036414271,
    0.7539628873544655,
    0.7676876832708064,
    0.7816878580345938,
    0.7960344749675541,
    0.8109334410738714,
    0.8266221183954165,
    0.8432371868099314,
    0.860715917277742,
    0.8787524594228833,
    0.8968163988316922,
    0.9142538755467203,
    0.9304771253230948,
    0.9451766498978921,
    0.9584269958537606,
    0.9706068682636378,
    0.9821857483213429,
    0.9935040556290642,
    1.0046515577612103,
    1.0154707242943157,
    1.02562266948548,
    1.034628081346962,
    1.0418771489283247,
    1.0466997907500177,
    1.0485617697999337,
    1.0473104449244766,
    1.043288672129505,
    1.0372036421322304,
    1.0298480477319174,
    1.0218939410487378,
    1.0138623483454101,
    1.0061810982550499,
    0.999209890756526,
    0.9932154340680579,
    0.9883492694453399,
    0.9846585424449589,
    0.9821182130763516,
    0.9806632148276505
  ],