{
  "bias_mev": [
    -20.0,
    -19.666666666666668,
    -19.333333333333332,
    -19.0,
    -18.666666666666668,
    -18.333333333333332,
    -18.0,
    -17.666666666666668,
    -17.333333333333332,
    -17.0,
    -16.666666666666668,
    -16.333333333333332,
    -16.0,
    -15.666666666666668,
    -15.333333333333334,
    -15.0,
    -14.666666666666668,
    -14.333333333333334,
    -14.0,
    -13.666666666666668,
    -13.333333333333334,
    -13.0,
    -12.666666666666668,
    -12.333333333333334,
    -12.0,
    -11.666666666666668,
    -11.333333333333334,
    -11.0,
    -10.666666666666668,
    -10.333333333333334,
    -10.0,
    -9.666666666666668,
    -9.333333333333334,
    -9.0,
    -8.666666666666668,
    -8.333333333333334,
    -8.0,
    -7.666666666666668,
    -7.333333333333334,
    -7.0,
    -6.666666666666668,
    -6.333333333333334,
    -6.0,
    -5.666666666666668,
    -5.333333333333334,
    -5.0,
    -4.666666666666668,
    -4.333333333333334,
    -4.0,
    -3.666666666666668,
    -3.3333333333333357,
    -3.0,
    -2.666666666666668,
    -2.3333333333333357,
    -2.0,
    -1.6666666666666679,
    -1.3333333333333357,
    -1.0,
    -0.6666666666666679,
    -0.3333333333333357,
    0.0,
    0.33333333333333215,
    0.6666666666666643,
    1.0,
    1.3333333333333321,
    1.6666666666666643,
    2.0,
    2.333333333333332,
    2.6666666666666643,
    3.0,
    3.333333333333332,
    3.6666666666666643,
    4.0,
    4.333333333333332,
    4.666666666666664,
    5.0,
    5.333333333333332,
    5.666666666666664,
    6.0,
    6.333333333333332,
    6.666666666666664,
    7.0,
    7.333333333333332,
    7.666666666666664,
    8.0,
    8.333333333333332,
    8.666666666666664,
    9.0,
    9.333333333333332,
    9.666666666666664,
    10.0,
    10.333333333333332,
    10.666666666666664,
    11.0,
    11.333333333333332,
    11.666666666666664,
    12.0,
    12.333333333333329,
    12.666666666666664,
    13.0,
    13.333333333333329,
    13.666666666666664,
    14.0,
    14.333333333333329,
    14.666666666666664,
    15.0,
    15.333333333333329,
    15.666666666666664,
    16.0,
    16.33333333333333,
    16.666666666666664,
    17.0,
    17.33333333333333,
    17.666666666666664,
    18.0,
    18.33333333333333,
    18.666666666666664,
    19.0,
    19.33333333333333,
    19.666666666666664,
    20.0
  ],
  "conductance": [
    0.9818929417112848,
    0.9843355733685114,
    0.9872776834749701,
    0.9907914147202892,
    0.9949430579323455,
    0.9997816065040092,
    1.0053242294224272,
    1.0115458684763563,
    1.0183803412461019,
    1.025727283143704,
    1.0334439816721563,
    1.041314832744682,
    1.0490332835992677,
    1.056245179883862,
    1.062649994793108,
    1.0680909243606116,
    1.072570758633923,
    1.0761988769944377,
    1.0791241138936583,
    1.0814958513307504,
    1.0834482636601528,
    1.0850777483198457,
    1.0864055747448413,
    1.087351392475816,
    1.0877477765558774,
    1.087402272736384,
    1.0861826718949312,
    1.0840798650905061,
    1.0812121006839914,
    1.0777766103779163,
    1.0739853301148492,
    1.070013826560679,
    1.0659711275980595,
    1.0618901059129375,
    1.0577415683728881,
    1.0534720563504252,
    1.0490485515257333,
    1.0444835555144742,
    1.0398302832975403,
    1.0351612130874104,
    1.0305479835410343,
    1.0260504902020418,
    1.0217140190500125,
    1.0175706435300413,
    1.0136420182615369,
    1.009942143198756,
    1.0064796103270297,
    1.003259279828317,
    1.0002834812572619,
    0.9975528594674298,
    0.9950669673200763,
    0.9928246815792278,
    0.9908244960895393,
    0.989064729619955,
    0.9875436739951855,
    0.9862597000791805,
    0.9852113336991861,
    0.9843973098678652,
    0.9838166110919568,
    0.983468493756203,
    0.983352505277333,
    0.9834684937562032,
    0.9838166110919568,
    0.9843973098678654,
    0.9852113336991861,
    0.9862597000791804,
    0.9875436739951854,
    0.9890647296199547,
    0.9908244960895392,
    0.9928246815792274,
    0.9950669673200765,
    0.9975528594674297,
    1.0002834812572616,
    1.003259279828317,
    1.0064796103270295,
    1.009942143198756,
    1.0136420182615369,
    1.0175706435300411,
    1.0217140190500125,
    1.0260504902020422,
    1.0305479835410343,
    1.0351612130874104,
    1.0398302832975403,
    1.044483555514474,
    1.049048551525733,
    1.0534720563504252,
    1.057741568372888,
    1.0618901059129375,
    1.0659711275980597,
    1.0700138265606787,
    1.0739853301148492,
    1.077776610377916,
    1.0812121006839914,
    1.0840798650905061,
    1.0861826718949315,
    1.087402272736384,
    1.0877477765558778,
    1.0873513924758162,
    1.0864055747448411,
    1.0850777483198457,
    1.0834482636601528,
    1.0814958513307504,
    1.0791241138936585,
    1.076198876994438,
    1.072570758633923,
    1.0680909243606116,
    1.0626499947931085,
    1.056245179883862,
    1.0490332835992675,
    1.0413148327446824,
    1.0334439816721561,
    1.025727283143704,
    1.018380341246102,
    1.0115458684763563,
    1.0053242294224272,
    0.9997816065040092,
    0.9949430579323455,
    0.9907914147202892,
    0.9872776834749705,
    0.9843355733685114,
    0.9818929417112848
  ],