{
  "bias_mev": [
    -20.0,
    -19.666666666666668,
    -19.333333333333332,
    -19.0,
    -18.666666666666668,
    -18.333333333333332,
    -18.0,
    -17.666666666666668,
    -17.333333333333332,
    -17.0,
    -16.666666666666668,
    -16.333333333333332,
    -16.0,
    -15.666666666666668,
    -15.333333333333334,
    -15.0,
    -14.666666666666668,
    -14.333333333333334,
    -14.0,
    -13.666666666666668,
    -13.333333333333334,
    -13.0,
    -12.666666666666668,
    -12.333333333333334,
    -12.0,
    -11.666666666666668,
    -11.333333333333334,
    -11.0,
    -10.666666666666668,
    -10.333333333333334,
    -10.0,
    -9.666666666666668,
    -9.333333333333334,
    -9.0,
    -8.666666666666668,
    -8.333333333333334,
    -8.0,
    -7.666666666666668,
    -7.333333333333334,
    -7.0,
    -6.666666666666668,
    -6.333333333333334,
    -6.0,
    -5.666666666666668,
    -5.333333333333334,
    -5.0,
    -4.666666666666668,
    -4.333333333333334,
    -4.0,
    -3.666666666666668,
    -3.3333333333333357,
    -3.0,
    -2.666666666666668,
    -2.3333333333333357,
    -2.0,
    -1.6666666666666679,
    -1.3333333333333357,
    -1.0,
    -0.6666666666666679,
    -0.3333333333333357,
    0.0,
    0.33333333333333215,
    0.6666666666666643,
    1.0,
    1.3333333333333321,
    1.6666666666666643,
    2.0,
    2.333333333333332,
    2.6666666666666643,
    3.0,
    3.333333333333332,
    3.6666666666666643,
    4.0,
    4.333333333333332,
    4.666666666666664,
    5.0,
    5.333333333333332,
    5.666666666666664,
    6.0,
    6.333333333333332,
    6.666666666666664,
    7.0,
    7.333333333333332,
    7.666666666666664,
    8.0,
    8.333333333333332,
    8.666666666666664,
    9.0,
    9.333333333333332,
    9.666666666666664,
    10.0,
    10.333333333333332,
    10.666666666666664,
    11.0,
    11.333333333333332,
    11.666666666666664,
    12.0,
    12.333333333333329,
    12.666666666666664,
    13.0,
    13.333333333333329,
    13.666666666666664,
    14.0,
    14.333333333333329,
    14.666666666666664,
    15.0,
    15.333333333333329,
    15.666666666666664,
    16.0,
    16.33333333333333,
    16.666666666666664,
    17.0,
    17.33333333333333,
    17.666666666666664,
    18.0,
    18.33333333333333,
    18.666666666666664,
    19.0,
    19.33333333333333,
    19.666666666666664,
    20.0
  ],
  "conductance": [
    0.9766523315629778,
    0.9795454734547071,
    0.9831928384527079,
    0.9876837538184017,
    0.993099425543805,
    0.9994995810027735,
    1.0068985546204496,
    1.0152331057670798,
    1.0243285933010793,
    1.033866342476017,
    1.04335133360009,
    1.052109064220484,
    1.0593829690728966,
    1.0645493612158108,
    1.0673230187490657,
    1.0677988381871661,
    1.0663229950495088,
    1.0633155811071908,
    1.0591574559882406,
    1.0541606792482843,
    1.04856519525852,
    1.0425121127334291,
    1.0360072705560766,
    1.0289211069793152,
    1.0210448340844824,
    1.012185945649353,
    1.0022681876671085,
    0.9913882940038569,
    0.979795021046682,
    0.9678102760252547,
    0.9557450634415655,
    0.9438408732827909,
    0.9322353923266634,
    0.9209487850787359,
    0.9099027586863562,
    0.8989836848767527,
    0.8881254843275406,
    0.8773567535340401,
    0.8667841563752159,
    0.856540815869071,
    0.8467428729462214,
    0.8374710307653754,
    0.8287708325851104,
    0.8206606926368591,
    0.8131407901171156,
    0.8062002047092567,
    0.7998219136316544,
    0.7939860479111063,
    0.7886719217094706,
    0.783859253974637,
    0.7795288774274105,
    0.7756631293195438,
    0.7722460481887057,
    0.7692634548329712,
    0.7667029664464794,
    0.7645539744534982,
    0.7628076050608564,
    0.7614566743450608,
    0.7604956451801361,
    0.7599205904829333,
    0.7597291654701164,
    0.7599205904829335,
    0.7604956451801357,
    0.7614566743450608,
    0.7628076050608567,
    0.7645539744534978,
    0.7667029664464794,
    0.7692634548329715,
    0.7722460481887055,
    0.775663129319544,
    0.7795288774274107,
    0.7838592539746367,
    0.7886719217094705,
    0.7939860479111066,
    0.7998219136316541,
    0.8062002047092566,
    0.8131407901171159,
    0.8206606926368589,
    0.8287708325851103,
    0.8374710307653755,
    0.8467428729462211,
    0.8565408158690709,
    0.8667841563752162,
    0.8773567535340397,
    0.8881254843275403,
    0.8989836848767531,
    0.9099027586863558,
    0.9209487850787358,
    0.9322353923266641,
    0.9438408732827905,
    0.9557450634415652,
    0.9678102760252552,
    0.9797950210466817,
    0.9913882940038568,
    1.002268187667109,
    1.0121859456493525,
    1.021044834084483,
    1.0289211069793158,
    1.0360072705560757,
    1.0425121127334296,
    1.0485651952585204,
    1.0541606792482834,
    1.059157455988241,
    1.0633155811071913,
    1.0663229950495081,
    1.0677988381871664,
    1.0673230187490665,
    1.0645493612158101,
    1.059382969072897,
    1.052109064220485,
    1.0433513336000895,
    1.033866342476017,
    1.0243285933010797,
    1.0152331057670794,
    1.0068985546204499,
    0.9994995810027744,
    0.9930994255438046,
    0.9876837538184018,
    0.9831928384527087,
    0.9795454734547069,
    0.9766523315629774
  ],