{
  "bias_mev": [
    -20.0,
    -19.666666666666668,
    -19.333333333333332,
    -19.0,
    -18.666666666666668,
    -18.333333333333332,
    -18.0,
    -17.666666666666668,
    -17.333333333333332,
    -17.0,
    -16.666666666666668,
    -16.333333333333332,
    -16.0,
    -15.666666666666668,
    -15.333333333333334,
    -15.0,
    -14.666666666666668,
    -14.333333333333334,
    -14.0,
    -13.666666666666668,
    -13.333333333333334,
    -13.0,
    -12.666666666666668,
    -12.333333333333334,
    -12.0,
    -11.666666666666668,
    -11.333333333333334,
    -11.0,
    -10.666666666666668,
    -10.333333333333334,
    -10.0,
    -9.666666666666668,
    -9.333333333333334,
    -9.0,
    -8.666666666666668,
    -8.333333333333334,
    -8.0,
    -7.666666666666668,
    -7.333333333333334,
    -7.0,
    -6.666666666666668,
    -6.333333333333334,
    -6.0,
    -5.666666666666668,
    -5.333333333333334,
    -5.0,
    -4.666666666666668,
    -4.333333333333334,
    -4.0,
    -3.666666666666668,
    -3.3333333333333357,
    -3.0,
    -2.666666666666668,
    -2.3333333333333357,
    -2.0,
    -1.6666666666666679,
    -1.3333333333333357,
    -1.0,
    -0.6666666666666679,
    -0.3333333333333357,
    0.0,
    0.33333333333333215,
    0.6666666666666643,
    1.0,
    1.3333333333333321,
    1.6666666666666643,
    2.0,
    2.333333333333332,
    2.6666666666666643,
    3.0,
    3.333333333333332,
    3.6666666666666643,
    4.0,
    4.333333333333332,
    4.666666666666664,
    5.0,
    5.333333333333332,
    5.666666666666664,
    6.0,
    6.333333333333332,
    6.666666666666664,
    7.0,
    7.333333333333332,
    7.666666666666664,
    8.0,
    8.333333333333332,
    8.666666666666664,
    9.0,
    9.333333333333332,
    9.666666666666664,
    10.0,
    10.333333333333332,
    10.666666666666664,
    11.0,
    11.333333333333332,
    11.666666666666664,
    12.0,
    12.333333333333329,
    12.666666666666664,
    13.0,
    13.333333333333329,
    13.666666666666664,
    14.0,
    14.333333333333329,
    14.666666666666664,
    15.0,
    15.333333333333329,
    15.666666666666664,
    16.0,
    16.33333333333333,
    16.666666666666664,
    17.0,
    17.33333333333333,
    17.666666666666664,
    18.0,
    18.33333333333333,
    18.666666666666664,
    19.0,
    19.33333333333333,
    19.666666666666664,
    20.0
  ],
  "conductance": [
    0.9780697161290639,
    0.9794167895928967,
    0.9818228143450578,
    0.9854505673541148,
    0.9905024849642372,
    0.9972049479964317,
    1.0057162479916364,
    1.0158924219081504,
    1.0271178734369335,
    1.0388061362814782,
    1.050931659855457,
    1.0630016513128235,
    1.0728665082758002,
    1.0780153381754767,
    1.0779451442326002,
    1.0739666138990307,
    1.0679329862117957,
    1.0610606837313818,
    1.0535199475664345,
    1.0453212397174627,
    1.0371486698242551,
    1.029848917175488,
    1.0235704272735242,
    1.0175372495975188,
    1.0105310766721876,
    1.0010714932587208,
    0.9880962139904585,
    0.9722524091271673,
    0.9551888123500188,
    0.9382934245112801,
    0.922383105473652,
    0.9078677755306692,
    0.8948808637566013,
    0.8832120935798068,
    0.8721162695483965,
    0.860572605894063,
    0.8482319976432272,
    0.8355775396621313,
    0.8232195448843689,
    0.8115281411266564,
    0.8006557337373946,
    0.7906345298760465,
    0.7814416557070373,
    0.773032334378229,
    0.7653554133250634,
    0.7583603252318296,
    0.7520000192641215,
    0.7462320110682393,
    0.7410185667320931,
    0.7363265050130253,
    0.7321268503182797,
    0.7283944473767296,
    0.7251075890384275,
    0.7222476793304866,
    0.7197989395602052,
    0.7177481584430031,
    0.7160844842274348,
    0.7147992557080144,
    0.7138858688941069,
    0.7133396764447009,
    0.7131579175327362,
    0.7133396764447016,
    0.713885868894106,
    0.7147992557080143,
    0.7160844842274356,
    0.7177481584430023,
    0.719798939560205,
    0.7222476793304874,
    0.7251075890384265,
    0.7283944473767298,
    0.7321268503182808,
    0.7363265050130245,
    0.7410185667320927,
    0.7462320110682403,
    0.752000019264121,
    0.7583603252318292,
    0.7653554133250643,
    0.7730323343782283,
    0.7814416557070367,
    0.7906345298760475,
    0.8006557337373941,
    0.811528141126656,
    0.8232195448843698,
    0.8355775396621306,
    0.8482319976432269,
    0.860572605894064,
    0.8721162695483956,
    0.8832120935798065,
    0.8948808637566021,
    0.9078677755306683,
    0.9223831054736517,
    0.9382934245112814,
    0.9551888123500182,
    0.9722524091271668,
    0.9880962139904598,
    1.0010714932587195,
    1.0105310766721878,
    1.0175372495975201,
    1.0235704272735224,
    1.0298489171754888,
    1.037148669824256,
    1.0453212397174605,
    1.053519947566435,
    1.0610606837313827,
    1.0679329862117934,
    1.0739666138990316,
    1.0779451442326016,
    1.078015338175475,
    1.0728665082758004,
    1.063001651312825,
    1.0509316598554561,
    1.0388061362814782,
    1.027117873436935,
    1.015892421908149,
    1.0057162479916362,
    0.9972049479964331,
    0.9905024849642362,
    0.9854505673541147,
    0.9818228143450588,
    0.9794167895928961,
    0.9780697161290636
  ],