{
  "bias_mev": [
    -20.0,
    -19.666666666666668,
    -19.333333333333332,
    -19.0,
    -18.666666666666668,
    -18.333333333333332,
    -18.0,
    -17.666666666666668,
    -17.333333333333332,
    -17.0,
    -16.666666666666668,
    -16.333333333333332,
    -16.0,
    -15.666666666666668,
    -15.333333333333334,
    -15.0,
    -14.666666666666668,
    -14.333333333333334,
    -14.0,
    -13.666666666666668,
    -13.333333333333334,
    -13.0,
    -12.666666666666668,
    -12.333333333333334,
    -12.0,
    -11.666666666666668,
    -11.333333333333334,
    -11.0,
    -10.666666666666668,
    -10.333333333333334,
    -10.0,
    -9.666666666666668,
    -9.333333333333334,
    -9.0,
    -8.666666666666668,
    -8.333333333333334,
    -8.0,
    -7.666666666666668,
    -7.333333333333334,
    -7.0,
    -6.666666666666668,
    -6.333333333333334,
    -6.0,
    -5.666666666666668,
    -5.333333333333334,
    -5.0,
    -4.666666666666668,
    -4.333333333333334,
    -4.0,
    -3.666666666666668,
    -3.3333333333333357,
    -3.0,
    -2.666666666666668,
    -2.3333333333333357,
    -2.0,
    -1.6666666666666679,
    -1.3333333333333357,
    -1.0,
    -0.6666666666666679,
    -0.3333333333333357,
    0.0,
    0.33333333333333215,
    0.6666666666666643,
    1.0,
    1.3333333333333321,
    1.6666666666666643,
    2.0,
    2.333333333333332,
    2.6666666666666643,
    3.0,
    3.333333333333332,
    3.6666666666666643,
    4.0,
    4.333333333333332,
    4.666666666666664,
    5.0,
    5.333333333333332,
    5.666666666666664,
    6.0,
    6.333333333333332,
    6.666666666666664,
    7.0,
    7.333333333333332,
    7.666666666666664,
    8.0,
    8.333333333333332,
    8.666666666666664,
    9.0,
    9.333333333333332,
    9.666666666666664,
    10.0,
    10.333333333333332,
    10.666666666666664,
    11.0,
    11.333333333333332,
    11.666666666666664,
    12.0,
    12.333333333333329,
    12.666666666666664,
    13.0,
    13.333333333333329,
    13.666666666666664,
    14.0,
    14.333333333333329,
    14.666666666666664,
    15.0,
    15.333333333333329,
    15.666666666666664,
    16.0,
    16.33333333333333,
    16.666666666666664,
    17.0,
    17.33333333333333,
    17.666666666666664,
    18.0,
    18.33333333333333,
    18.666666666666664,
    19.0,
    19.33333333333333,
    19.666666666666664,
    20.0
  ],
  "conductance": [
    0.9722716417046974,
    0.9750470633611127,
    0.9788484519104734,
    0.9838167912843142,
    0.9901248117949932,
    0.9979667788169811,
    1.0074866503393585,
    1.0186292130281152,
    1.0310908503187515,
    1.0447177474412028,
    1.0597226339865156,
    1.0757531751949219,
    1.0906124654478422,
    1.1008179766204491,
    1.1046127800969026,
    1.1029171291592295,
    1.0978027102119463,
    1.0910554273385562,
    1.0834303841734907,
    1.0750670309731865,
    1.0664084103756613,
    1.0581815339581857,
    1.050700218550632,
    1.0433899602057304,
    1.035007690710342,
    1.0241561130104613,
    1.0100779536616182,
    0.9934361842431197,
    0.975603331853612,
    0.9577322809687749,
    0.9405759849918724,
    0.9246142442032419,
    0.9100569976064578,
    0.8966424704943928,
    0.8835250122439154,
    0.8698126849582614,
    0.855453495686396,
    0.841057116965096,
    0.8272015128029288,
    0.8141966135952177,
    0.8021523548312358,
    0.7910751064706347,
    0.780925680116953,
    0.7716480083585344,
    0.7631824082624583,
    0.7554714453048064,
    0.7484623172165902,
    0.7421076128846193,
    0.7363653277377398,
    0.7311985586797972,
    0.7265750824154801,
    0.7224669143074268,
    0.7188498922933746,
    0.7157033043634817,
    0.713009565365317,
    0.7107539429042858,
    0.7089243295344498,
    0.7075110575984067,
    0.706506753103759,
    0.7059062254683889,
    0.7057063905983723,
    0.7059062254683898,
    0.7065067531037581,
    0.7075110575984067,
    0.7089243295344506,
    0.7107539429042848,
    0.713009565365317,
    0.7157033043634825,
    0.7188498922933734,
    0.7224669143074267,
    0.7265750824154809,
    0.7311985586797966,
    0.7363653277377394,
    0.7421076128846202,
    0.7484623172165898,
    0.7554714453048059,
    0.7631824082624593,
    0.7716480083585336,
    0.7809256801169524,
    0.7910751064706357,
    0.8021523548312351,
    0.8141966135952172,
    0.82720151280293,
    0.8410571169650952,
    0.8554534956863953,
    0.8698126849582624,
    0.8835250122439149,
    0.8966424704943923,
    0.9100569976064591,
    0.9246142442032411,
    0.9405759849918719,
    0.9577322809687762,
    0.9756033318536111,
    0.9934361842431193,
    1.0100779536616193,
    1.0241561130104602,
    1.0350076907103425,
    1.0433899602057315,
    1.05070021855063,
    1.0581815339581864,
    1.0664084103756628,
    1.0750670309731845,
    1.0834303841734916,
    1.0910554273385575,
    1.0978027102119443,
    1.1029171291592303,
    1.1046127800969041,
    1.1008179766204473,
    1.0906124654478426,
    1.0757531751949236,
    1.059722633986515,
    1.044717747441203,
    1.0310908503187528,
    1.0186292130281138,
    1.0074866503393585,
    0.9979667788169824,
    0.990124811794992,
    0.9838167912843141,
    0.9788484519104748,
    0.975047063361112,
    0.9722716417046972
  ],