{
  "bias_mev": [
    -20.0,
    -19.666666666666668,
    -19.333333333333332,
    -19.0,
    -18.666666666666668,
    -18.333333333333332,
    -18.0,
    -17.666666666666668,
    -17.333333333333332,
    -17.0,
    -16.666666666666668,
    -16.333333333333332,
    -16.0,
    -15.666666666666668,
    -15.333333333333334,
    -15.0,
    -14.666666666666668,
    -14.333333333333334,
    -14.0,
    -13.666666666666668,
    -13.333333333333334,
    -13.0,
    -12.666666666666668,
    -12.333333333333334,
    -12.0,
    -11.666666666666668,
    -11.333333333333334,
    -11.0,
    -10.666666666666668,
    -10.333333333333334,
    -10.0,
    -9.666666666666668,
    -9.333333333333334,
    -9.0,
    -8.666666666666668,
    -8.333333333333334,
    -8.0,
    -7.666666666666668,
    -7.333333333333334,
    -7.0,
    -6.666666666666668,
    -6.333333333333334,
    -6.0,
    -5.666666666666668,
    -5.333333333333334,
    -5.0,
    -4.666666666666668,
    -4.333333333333334,
    -4.0,
    -3.666666666666668,
    -3.3333333333333357,
    -3.0,
    -2.666666666666668,
    -2.3333333333333357,
    -2.0,
    -1.6666666666666679,
    -1.3333333333333357,
    -1.0,
    -0.6666666666666679,
    -0.3333333333333357,
    0.0,
    0.33333333333333215,
    0.6666666666666643,
    1.0,
    1.3333333333333321,
    1.6666666666666643,
    2.0,
    2.333333333333332,
    2.6666666666666643,
    3.0,
    3.333333333333332,
    3.6666666666666643,
    4.0,
    4.333333333333332,
    4.666666666666664,
    5.0,
    5.333333333333332,
    5.666666666666664,
    6.0,
    6.333333333333332,
    6.666666666666664,
    7.0,
    7.333333333333332,
    7.666666666666664,
    8.0,
    8.333333333333332,
    8.666666666666664,
    9.0,
    9.333333333333332,
    9.666666666666664,
    10.0,
    10.333333333333332,
    10.666666666666664,
    11.0,
    11.333333333333332,
    11.666666666666664,
    12.0,
    12.333333333333329,
    12.666666666666664,
    13.0,
    13.333333333333329,
    13.666666666666664,
    14.0,
    14.333333333333329,
    14.666666666666664,
    15.0,
    15.333333333333329,
    15.666666666666664,
    16.0,
    16.33333333333333,
    16.666666666666664,
    17.0,
    17.33333333333333,
    17.666666666666664,
    18.0,
    18.33333333333333,
    18.666666666666664,
    19.0,
    19.33333333333333,
    19.666666666666664,
    20.0
  ],
  "conductance": [
    0.9707173931236461,
    0.9742098307864073,
    0.9788884332840844,
    0.9847890721912987,
    0.9919119989628395,
    1.0002001214485903,
    1.0095094070732924,
    1.0195801079204776,
    1.0300076829082891,
    1.0401859523010737,
    1.049206342418982,
    1.0558080800577605,
    1.05857882702036,
    1.05645742191046,
    1.0492250274742805,
    1.0375726198253046,
    1.0227140969343396,
    1.0058824328898295,
    0.9880244062739514,
    0.9697541430065697,
    0.9514152703075411,
    0.9330973539939683,
    0.9146083176242755,
    0.8955149833905834,
    0.8753192169380442,
    0.8537152033523656,
    0.8307899937317907,
    0.807037834437476,
    0.7831782688636314,
    0.7599090656948774,
    0.737728735172794,
    0.7168601173187761,
    0.6972486346660534,
    0.678630297112903,
    0.6606807498662631,
    0.6432002431745008,
    0.6262174440399736,
    0.6099394586229204,
    0.5946134524824782,
    0.5804171272886186,
    0.5674252067655,
    0.5556277984277244,
    0.5449635561766151,
    0.5353475041974786,
    0.5266887722679919,
    0.5189000783346095,
    0.5119019766393597,
    0.5056242184047914,
    0.5000056832230237,
    0.49499368910320235,
    0.4905430958651373,
    0.4866154001165449,
    0.48317790767448826,
    0.48020301364468165,
    0.47766759430214445,
    0.4755525037888906,
    0.4738421648409856,
    0.47252424240302077,
    0.47158939015260637,
    0.4710310617068014,
    0.47084538018736355,
    0.47103106170680165,
    0.47158939015260615,
    0.4725242424030208,
    0.47384216484098585,
    0.47555250378889036,
    0.47766759430214445,
    0.48020301364468176,
    0.4831779076744881,
    0.48661540011654497,
    0.4905430958651374,
    0.4949936891032021,
    0.5000056832230237,
    0.5056242184047917,
    0.5119019766393595,
    0.5189000783346094,
    0.526688772267992,
    0.5353475041974783,
    0.544963556176615,
    0.5556277984277245,
    0.5674252067654997,
    0.5804171272886185,
    0.5946134524824784,
    0.6099394586229202,
    0.6262174440399736,
    0.6432002431745009,
    0.6606807498662627,
    0.6786302971129029,
    0.6972486346660536,
    0.7168601173187756,
    0.7377287351727939,
    0.7599090656948775,
    0.783178268863631,
    0.8070378344374758,
    0.830789993731791,
    0.853715203352365,
    0.8753192169380444,
    0.8955149833905836,
    0.9146083176242747,
    0.9330973539939688,
    0.9514152703075414,
    0.9697541430065687,
    0.9880244062739519,
    1.0058824328898297,
    1.0227140969343385,
    1.0375726198253048,
    1.0492250274742811,
    1.0564574219104594,
    1.0585788270203602,
    1.0558080800577612,
    1.0492063424189815,
    1.0401859523010737,
    1.0300076829082898,
    1.0195801079204774,
    1.0095094070732924,
    1.0002001214485907,
    0.9919119989628393,
    0.9847890721912987,
    0.9788884332840849,
    0.9742098307864073,
    0.9707173931236457
  ],