{
  "bias_mev": [
    -20.0,
    -19.666666666666668,
    -19.333333333333332,
    -19.0,
    -18.666666666666668,
    -18.333333333333332,
    -18.0,
    -17.666666666666668,
    -17.333333333333332,
    -17.0,
    -16.666666666666668,
    -16.333333333333332,
    -16.0,
    -15.666666666666668,
    -15.333333333333334,
    -15.0,
    -14.666666666666668,
    -14.333333333333334,
    -14.0,
    -13.666666666666668,
    -13.333333333333334,
    -13.0,
    -12.666666666666668,
    -12.333333333333334,
    -12.0,
    -11.666666666666668,
    -11.333333333333334,
    -11.0,
    -10.666666666666668,
    -10.333333333333334,
    -10.0,
    -9.666666666666668,
    -9.333333333333334,
    -9.0,
    -8.666666666666668,
    -8.333333333333334,
    -8.0,
    -7.666666666666668,
    -7.333333333333334,
    -7.0,
    -6.666666666666668,
    -6.333333333333334,
    -6.0,
    -5.666666666666668,
    -5.333333333333334,
    -5.0,
    -4.666666666666668,
    -4.333333333333334,
    -4.0,
    -3.666666666666668,
    -3.3333333333333357,
    -3.0,
    -2.666666666666668,
    -2.3333333333333357,
    -2.0,
    -1.6666666666666679,
    -1.3333333333333357,
    -1.0,
    -0.6666666666666679,
    -0.3333333333333357,
    0.0,
    0.33333333333333215,
    0.6666666666666643,
    1.0,
    1.3333333333333321,
    1.6666666666666643,
    2.0,
    2.333333333333332,
    2.6666666666666643,
    3.0,
    3.333333333333332,
    3.6666666666666643,
    4.0,
    4.333333333333332,
    4.666666666666664,
    5.0,
    5.333333333333332,
    5.666666666666664,
    6.0,
    6.333333333333332,
    6.666666666666664,
    7.0,
    7.333333333333332,
    7.666666666666664,
    8.0,
    8.333333333333332,
    8.666666666666664,
    9.0,
    9.333333333333332,
    9.666666666666664,
    10.0,
    10.333333333333332,
    10.666666666666664,
    11.0,
    11.333333333333332,
    11.666666666666664,
    12.0,
    12.333333333333329,
    12.666666666666664,
    13.0,
    13.333333333333329,
    13.666666666666664,
    14.0,
    14.333333333333329,
    14.666666666666664,
    15.0,
    15.333333333333329,
    15.666666666666664,
    16.0,
    16.33333333333333,
    16.666666666666664,
    17.0,
    17.33333333333333,
    17.666666666666664,
    18.0,
    18.33333333333333,
    18.666666666666664,
    19.0,
    19.33333333333333,
    19.666666666666664,
    20.0
  ],
  "conductance": [
    0.9722798278421781,
    0.9742978235996573,
    0.9778590566678015,
    0.9830751589315303,
    0.9900333062559158,
    0.998727384999421,
    1.0089488711086554,
    1.0201982512013912,
    1.0317452874296469,
    1.042835031963802,
    1.052705227234194,
    1.060213676113848,
    1.063645188560059,
    1.0613881987743912,
    1.0530276983942184,
    1.0396591498441465,
    1.023169052253385,
    1.0052552158822192,
    0.9869475098476699,
    0.9688069159991518,
    0.9512990345170377,
    0.9347518841757603,
    0.9189732935519788,
    0.9030531166130288,
    0.885634423723443,
    0.8655268751561407,
    0.8423853950000657,
    0.8170291603864924,
    0.7910320892492996,
    0.7659384695317283,
    0.7427564581451843,
    0.7218691367792567,
    0.7031262964682081,
    0.6859577705109592,
    0.6695653133317976,
    0.6532884340772747,
    0.6369621910633225,
    0.6209145276734742,
    0.6056362590395759,
    0.5914897396740683,
    0.5786297822546617,
    0.5670556574670649,
    0.5566851036689326,
    0.5474062131833825,
    0.5391048795848852,
    0.5316765660455082,
    0.5250299896447911,
    0.5190872020883486,
    0.513782308513672,
    0.5090598348199092,
    0.5048731547307599,
    0.5011831174803485,
    0.4979569031879473,
    0.49516708966575534,
    0.4927909014011921,
    0.4908096107136816,
    0.48920806474817463,
    0.48797431675412395,
    0.487099344743375,
    0.4865768447217625,
    0.4864030892020722,
    0.4865768447217628,
    0.48709934474337474,
    0.48797431675412384,
    0.48920806474817474,
    0.49080961071368134,
    0.49279090140119186,
    0.49516708966575557,
    0.49795690318794705,
    0.5011831174803485,
    0.50487315473076,
    0.509059834819909,
    0.5137823085136719,
    0.5190872020883486,
    0.5250299896447909,
    0.531676566045508,
    0.5391048795848854,
    0.5474062131833821,
    0.5566851036689326,
    0.5670556574670651,
    0.5786297822546613,
    0.5914897396740681,
    0.6056362590395757,
    0.620914527673474,
    0.6369621910633223,
    0.6532884340772749,
    0.6695653133317971,
    0.685957770510959,
    0.7031262964682085,
    0.7218691367792562,
    0.7427564581451844,
    0.7659384695317287,
    0.7910320892492994,
    0.8170291603864922,
    0.8423853950000658,
    0.8655268751561404,
    0.885634423723443,
    0.903053116613029,
    0.918973293551978,
    0.9347518841757607,
    0.9512990345170379,
    0.968806915999151,
    0.9869475098476703,
    1.0052552158822197,
    1.023169052253384,
    1.0396591498441472,
    1.0530276983942186,
    1.0613881987743903,
    1.0636451885600593,
    1.0602136761138485,
    1.0527052272341935,
    1.042835031963802,
    1.0317452874296476,
    1.0201982512013907,
    1.0089488711086556,
    0.9987273849994218,
    0.9900333062559155,
    0.9830751589315304,
    0.9778590566678023,
    0.9742978235996571,
    0.9722798278421781
  ],