{
  "bias_mev": [
    -20.0,
    -19.666666666666668,
    -19.333333333333332,
    -19.0,
    -18.666666666666668,
    -18.333333333333332,
    -18.0,
    -17.666666666666668,
    -17.333333333333332,
    -17.0,
    -16.666666666666668,
    -16.333333333333332,
    -16.0,
    -15.666666666666668,
    -15.333333333333334,
    -15.0,
    -14.666666666666668,
    -14.333333333333334,
    -14.0,
    -13.666666666666668,
    -13.333333333333334,
    -13.0,
    -12.666666666666668,
    -12.333333333333334,
    -12.0,
    -11.666666666666668,
    -11.333333333333334,
    -11.0,
    -10.666666666666668,
    -10.333333333333334,
    -10.0,
    -9.666666666666668,
    -9.333333333333334,
    -9.0,
    -8.666666666666668,
    -8.333333333333334,
    -8.0,
    -7.666666666666668,
    -7.333333333333334,
    -7.0,
    -6.666666666666668,
    -6.333333333333334,
    -6.0,
    -5.666666666666668,
    -5.333333333333334,
    -5.0,
    -4.666666666666668,
    -4.333333333333334,
    -4.0,
    -3.666666666666668,
    -3.3333333333333357,
    -3.0,
    -2.666666666666668,
    -2.3333333333333357,
    -2.0,
    -1.6666666666666679,
    -1.3333333333333357,
    -1.0,
    -0.6666666666666679,
    -0.3333333333333357,
    0.0,
    0.33333333333333215,
    0.6666666666666643,
    1.0,
    1.3333333333333321,
    1.6666666666666643,
    2.0,
    2.333333333333332,
    2.6666666666666643,
    3.0,
    3.333333333333332,
    3.6666666666666643,
    4.0,
    4.333333333333332,
    4.666666666666664,
    5.0,
    5.333333333333332,
    5.666666666666664,
    6.0,
    6.333333333333332,
    6.666666666666664,
    7.0,
    7.333333333333332,
    7.666666666666664,
    8.0,
    8.333333333333332,
    8.666666666666664,
    9.0,
    9.333333333333332,
    9.666666666666664,
    10.0,
    10.333333333333332,
    10.666666666666664,
    11.0,
    11.333333333333332,
    11.666666666666664,
    12.0,
    12.333333333333329,
    12.666666666666664,
    13.0,
    13.333333333333329,
    13.666666666666664,
    14.0,
    14.333333333333329,
    14.666666666666664,
    15.0,
    15.333333333333329,
    15.666666666666664,
    16.0,
    16.33333333333333,
    16.666666666666664,
    17.0,
    17.33333333333333,
    17.666666666666664,
    18.0,
    18.33333333333333,
    18.666666666666664,
    19.0,
    19.33333333333333,
    19.666666666666664,
    20.0
  ],
  "conductance": [
    0.9667232113920604,
    0.970249701994814,
    0.9750841014328915,
    0.9813471633766716,
    0.9891610715035846,
    0.9986232560338861,
    1.0097473611558716,
    1.0223863738503605,
    1.0361800682360633,
    1.050497691023796,
    1.064208688987239,
    1.0753911926113349,
    1.0816927454408107,
    1.081576447872008,
    1.0752402217595587,
    1.064244267449653,
    1.050473689526442,
    1.035352653932936,
    1.019678073151047,
    1.003922016287967,
    0.9884817091137427,
    0.9735614560248141,
    0.9589153053107472,
    0.943820638222864,
    0.9273549923633824,
    0.9088087595511102,
    0.8880911489770322,
    0.8658510775265653,
    0.8431294855017873,
    0.8208980868120602,
    0.7998370240060036,
    0.7803038423239704,
    0.7623168530155057,
    0.7455209025253282,
    0.7292822356535312,
    0.7130373020763452,
    0.6966777388252469,
    0.6805553923332939,
    0.6651508776633056,
    0.6508048392635509,
    0.6376628860195429,
    0.6257324055736962,
    0.6149494416168466,
    0.6052227741358002,
    0.5964568989460503,
    0.5885622244937507,
    0.5814587412465091,
    0.5750766848097926,
    0.5693559500676072,
    0.5642450764932991,
    0.5597001663587373,
    0.5556838828044613,
    0.55216457734592,
    0.5491155540983886,
    0.5465144611412032,
    0.5443427940807257,
    0.5425854965178682,
    0.5412306437833647,
    0.5402691986202085,
    0.5396948298888731,
    0.5395037876297987,
    0.5396948298888736,
    0.5402691986202081,
    0.5412306437833646,
    0.5425854965178687,
    0.5443427940807252,
    0.5465144611412033,
    0.5491155540983892,
    0.5521645773459195,
    0.5556838828044613,
    0.5597001663587378,
    0.5642450764932987,
    0.569355950067607,
    0.575076684809793,
    0.5814587412465086,
    0.5885622244937504,
    0.5964568989460507,
    0.6052227741357997,
    0.6149494416168464,
    0.6257324055736968,
    0.6376628860195425,
    0.6508048392635507,
    0.665150877663306,
    0.6805553923332934,
    0.6966777388252465,
    0.7130373020763455,
    0.7292822356535307,
    0.7455209025253277,
    0.7623168530155062,
    0.7803038423239699,
    0.7998370240060033,
    0.8208980868120609,
    0.8431294855017867,
    0.8658510775265649,
    0.8880911489770329,
    0.9088087595511092,
    0.9273549923633826,
    0.9438206382228643,
    0.9589153053107458,
    0.9735614560248143,
    0.9884817091137429,
    1.0039220162879656,
    1.019678073151047,
    1.0353526539329365,
    1.0504736895264404,
    1.0642442674496535,
    1.0752402217595591,
    1.0815764478720067,
    1.0816927454408105,
    1.0753911926113358,
    1.0642086889872384,
    1.050497691023796,
    1.0361800682360642,
    1.02238637385036,
    1.0097473611558716,
    0.9986232560338872,
    0.9891610715035839,
    0.9813471633766716,
    0.9750841014328925,
    0.9702497019948136,
    0.9667232113920601
  ],