{
  "bias_mev": [
    -20.0,
    -19.666666666666668,
    -19.333333333333332,
    -19.0,
    -18.666666666666668,
    -18.333333333333332,
    -18.0,
    -17.666666666666668,
    -17.333333333333332,
    -17.0,
    -16.666666666666668,
    -16.333333333333332,
    -16.0,
    -15.666666666666668,
    -15.333333333333334,
    -15.0,
    -14.666666666666668,
    -14.333333333333334,
    -14.0,
    -13.666666666666668,
    -13.333333333333334,
    -13.0,
    -12.666666666666668,
    -12.333333333333334,
    -12.0,
    -11.666666666666668,
    -11.333333333333334,
    -11.0,
    -10.666666666666668,
    -10.333333333333334,
    -10.0,
    -9.666666666666668,
    -9.333333333333334,
    -9.0,
    -8.666666666666668,
    -8.333333333333334,
    -8.0,
    -7.666666666666668,
    -7.333333333333334,
    -7.0,
    -6.666666666666668,
    -6.333333333333334,
    -6.0,
    -5.666666666666668,
    -5.333333333333334,
    -5.0,
    -4.666666666666668,
    -4.333333333333334,
    -4.0,
    -3.666666666666668,
    -3.3333333333333357,
    -3.0,
    -2.666666666666668,
    -2.3333333333333357,
    -2.0,
    -1.6666666666666679,
    -1.3333333333333357,
    -1.0,
    -0.6666666666666679,
    -0.3333333333333357,
    0.0,
    0.33333333333333215,
    0.6666666666666643,
    1.0,
    1.3333333333333321,
    1.6666666666666643,
    2.0,
    2.333333333333332,
    2.6666666666666643,
    3.0,
    3.333333333333332,
    3.6666666666666643,
    4.0,
    4.333333333333332,
    4.666666666666664,
    5.0,
    5.333333333333332,
    5.666666666666664,
    6.0,
    6.333333333333332,
    6.666666666666664,
    7.0,
    7.333333333333332,
    7.666666666666664,
    8.0,
    8.333333333333332,
    8.666666666666664,
    9.0,
    9.333333333333332,
    9.666666666666664,
    10.0,
    10.333333333333332,
    10.666666666666664,
    11.0,
    11.333333333333332,
    11.666666666666664,
    12.0,
    12.333333333333329,
    12.666666666666664,
    13.0,
    13.333333333333329,
    13.666666666666664,
    14.0,
    14.333333333333329,
    14.666666666666664,
    15.0,
    15.333333333333329,
    15.666666666666664,
    16.0,
    16.33333333333333,
    16.666666666666664,
    17.0,
    17.33333333333333,
    17.666666666666664,
    18.0,
    18.33333333333333,
    18.666666666666664,
    19.0,
    19.33333333333333,
    19.666666666666664,
    20.0
  ],
  "conductance": [
    0.9811848733400401,
    0.9817952289995939,
    0.9835570772570197,
    0.9866138604332451,
    0.9911274725094951,
    0.9972431111453413,
    1.0049940707949554,
    1.0141647117561245,
    1.0243007603449374,
    1.0350188334192476,
    1.0460856053777265,
    1.0567064836001852,
    1.064893103955091,
    1.06832220203434,
    1.0661057142520618,
    1.0591879127515096,
    1.0493434555272338,
    1.0380576615084873,
    1.0260518736145776,
    1.0136717469777516,
    1.0014403899227102,
    0.989949964515742,
    0.9793522003613512,
    0.9690923229138266,
    0.9580755161777952,
    0.9450806137344794,
    0.9294715953311442,
    0.9117733698464301,
    0.8932276581590465,
    0.8749836623282131,
    0.8577628917877669,
    0.8418988470218262,
    0.8274256261401044,
    0.8140914724744224,
    0.8013948540931556,
    0.7888518299395973,
    0.7763529600013146,
    0.7641387744575487,
    0.752505947310941,
    0.7416375660834091,
    0.7315990695467735,
    0.7223845510215309,
    0.7139545901138374,
    0.7062576684018589,
    0.6992405970980187,
    0.6928531005058451,
    0.6870495559117235,
    0.6817894163724137,
    0.6770370558512554,
    0.6727613875236306,
    0.6689354186208043,
    0.6655358152390699,
    0.6625425075244024,
    0.6599383453123977,
    0.6577088050082985,
    0.6558417445752072,
    0.6543272021842105,
    0.6531572339964608,
    0.6523257870170919,
    0.6518286036544402,
    0.6516631553805436,
    0.6518286036544408,
    0.652325787017091,
    0.6531572339964606,
    0.6543272021842113,
    0.6558417445752063,
    0.6577088050082986,
    0.6599383453123984,
    0.6625425075244016,
    0.66553581523907,
    0.6689354186208053,
    0.6727613875236298,
    0.6770370558512551,
    0.6817894163724146,
    0.6870495559117229,
    0.6928531005058447,
    0.6992405970980197,
    0.7062576684018584,
    0.7139545901138372,
    0.7223845510215318,
    0.7315990695467727,
    0.7416375660834087,
    0.7525059473109419,
    0.7641387744575482,
    0.7763529600013142,
    0.7888518299395983,
    0.8013948540931549,
    0.8140914724744219,
    0.8274256261401053,
    0.8418988470218255,
    0.8577628917877665,
    0.8749836623282142,
    0.8932276581590457,
    0.9117733698464298,
    0.9294715953311451,
    0.9450806137344783,
    0.9580755161777954,
    0.9690923229138273,
    0.9793522003613492,
    0.9899499645157426,
    1.001440389922711,
    1.0136717469777499,
    1.026051873614578,
    1.0380576615084884,
    1.0493434555272318,
    1.0591879127515103,
    1.066105714252063,
    1.0683222020343384,
    1.0648931039550915,
    1.0567064836001867,
    1.0460856053777254,
    1.0350188334192476,
    1.0243007603449388,
    1.0141647117561237,
    1.0049940707949554,
    0.9972431111453426,
    0.9911274725094937,
    0.9866138604332452,
    0.9835570772570211,
    0.981795228999593,
    0.9811848733400398
  ],