{
  "bias_mev": [
    -20.0,
    -19.666666666666668,
    -19.333333333333332,
    -19.0,
    -18.666666666666668,
    -18.333333333333332,
    -18.0,
    -17.666666666666668,
    -17.333333333333332,
    -17.0,
    -16.666666666666668,
    -16.333333333333332,
    -16.0,
    -15.666666666666668,
    -15.333333333333334,
    -15.0,
    -14.666666666666668,
    -14.333333333333334,
    -14.0,
    -13.666666666666668,
    -13.333333333333334,
    -13.0,
    -12.666666666666668,
    -12.333333333333334,
    -12.0,
    -11.666666666666668,
    -11.333333333333334,
    -11.0,
    -10.666666666666668,
    -10.333333333333334,
    -10.0,
    -9.666666666666668,
    -9.333333333333334,
    -9.0,
    -8.666666666666668,
    -8.333333333333334,
    -8.0,
    -7.666666666666668,
    -7.333333333333334,
    -7.0,
    -6.666666666666668,
    -6.333333333333334,
    -6.0,
    -5.666666666666668,
    -5.333333333333334,
    -5.0,
    -4.666666666666668,
    -4.333333333333334,
    -4.0,
    -3.666666666666668,
    -3.3333333333333357,
    -3.0,
    -2.666666666666668,
    -2.3333333333333357,
    -2.0,
    -1.6666666666666679,
    -1.3333333333333357,
    -1.0,
    -0.6666666666666679,
    -0.3333333333333357,
    0.0,
    0.33333333333333215,
    0.6666666666666643,
    1.0,
    1.3333333333333321,
    1.6666666666666643,
    2.0,
    2.333333333333332,
    2.6666666666666643,
    3.0,
    3.333333333333332,
    3.6666666666666643,
    4.0,
    4.333333333333332,
    4.666666666666664,
    5.0,
    5.333333333333332,
    5.666666666666664,
    6.0,
    6.333333333333332,
    6.666666666666664,
    7.0,
    7.333333333333332,
    7.666666666666664,
    8.0,
    8.333333333333332,
    8.666666666666664,
    9.0,
    9.333333333333332,
    9.666666666666664,
    10.0,
    10.333333333333332,
    10.666666666666664,
    11.0,
    11.333333333333332,
    11.666666666666664,
    12.0,
    12.333333333333329,
    12.666666666666664,
    13.0,
    13.333333333333329,
    13.666666666666664,
    14.0,
    14.333333333333329,
    14.666666666666664,
    15.0,
    15.333333333333329,
    15.666666666666664,
    16.0,
    16.33333333333333,
    16.666666666666664,
    17.0,
    17.33333333333333,
    17.666666666666664,
    18.0,
    18.33333333333333,
    18.666666666666664,
    19.0,
    19.33333333333333,
    19.666666666666664,
    20.0
  ],
  "conductance": [
    0.9619973591072983,
    0.9662995232154795,
    0.9719630499928964,
    0.9791385666289075,
    0.9879718593633522,
    0.9985761732141246,
    1.0109868265100113,
    1.0251134742344654,
    1.0407041981771323,
    1.0572489695563312,
    1.073662246926666,
    1.087855471024395,
    1.0968765720601898,
    1.098149067036623,
    1.0909679551073497,
    1.0767241684442794,
    1.0578210398535923,
    1.03648098473773,
    1.0142141296844194,
    0.9919131573352769,
    0.970121992665463,
    0.9490962360297974,
    0.9286737355086433,
    0.9082208054007047,
    0.886843048912146,
    0.8638364601833972,
    0.8391460214556961,
    0.8134574314109679,
    0.7878067022852032,
    0.7630930825151511,
    0.739846860998446,
    0.7182306766038357,
    0.6981159037735281,
    0.6791728596846833,
    0.6610212727120836,
    0.6434469616517694,
    0.6265245077942665,
    0.6105130512281152,
    0.5956559264785055,
    0.5820724910457031,
    0.5697630136878762,
    0.5586561586147865,
    0.548650869860637,
    0.5396412150376952,
    0.5315280636578124,
    0.5242233230472966,
    0.5176506139911696,
    0.5117444742774168,
    0.5064490854455859,
    0.5017169550591326,
    0.49750772104990215,
    0.49378712682644654,
    0.4905261671672764,
    0.4877003872919571,
    0.48528931322011637,
    0.4832759926029779,
    0.48164662813469106,
    0.4803902889443871,
    0.47949868846652755,
    0.4789660200167547,
    0.47878884366067204,
    0.47896602001675503,
    0.47949868846652727,
    0.48039028894438707,
    0.48164662813469133,
    0.4832759926029777,
    0.48528931322011637,
    0.4877003872919573,
    0.490526167167276,
    0.4937871268264465,
    0.4975077210499024,
    0.5017169550591324,
    0.5064490854455858,
    0.5117444742774171,
    0.5176506139911694,
    0.5242233230472966,
    0.5315280636578128,
    0.539641215037695,
    0.5486508698606368,
    0.5586561586147867,
    0.569763013687876,
    0.5820724910457029,
    0.5956559264785057,
    0.610513051228115,
    0.6265245077942664,
    0.6434469616517697,
    0.6610212727120832,
    0.6791728596846832,
    0.6981159037735286,
    0.7182306766038353,
    0.7398468609984459,
    0.7630930825151514,
    0.7878067022852029,
    0.8134574314109678,
    0.8391460214556964,
    0.8638364601833965,
    0.8868430489121462,
    0.9082208054007049,
    0.9286737355086422,
    0.9490962360297979,
    0.9701219926654632,
    0.9919131573352759,
    1.0142141296844198,
    1.03648098473773,
    1.0578210398535912,
    1.0767241684442797,
    1.0909679551073501,
    1.098149067036622,
    1.09687657206019,
    1.087855471024396,
    1.0736622469266655,
    1.0572489695563312,
    1.040704198177133,
    1.0251134742344647,
    1.0109868265100113,
    0.9985761732141253,
    0.987971859363352,
    0.9791385666289077,
    0.9719630499928973,
    0.9662995232154791,
    0.961997359107298
  ],