{
  "bias_mev": [
    -20.0,
    -19.666666666666668,
    -19.333333333333332,
    -19.0,
    -18.666666666666668,
    -18.333333333333332,
    -18.0,
    -17.666666666666668,
    -17.333333333333332,
    -17.0,
    -16.666666666666668,
    -16.333333333333332,
    -16.0,
    -15.666666666666668,
    -15.333333333333334,
    -15.0,
    -14.666666666666668,
    -14.333333333333334,
    -14.0,
    -13.666666666666668,
    -13.333333333333334,
    -13.0,
    -12.666666666666668,
    -12.333333333333334,
    -12.0,
    -11.666666666666668,
    -11.333333333333334,
    -11.0,
    -10.666666666666668,
    -10.333333333333334,
    -10.0,
    -9.666666666666668,
    -9.333333333333334,
    -9.0,
    -8.666666666666668,
    -8.333333333333334,
    -8.0,
    -7.666666666666668,
    -7.333333333333334,
    -7.0,
    -6.666666666666668,
    -6.333333333333334,
    -6.0,
    -5.666666666666668,
    -5.333333333333334,
    -5.0,
    -4.666666666666668,
    -4.333333333333334,
    -4.0,
    -3.666666666666668,
    -3.3333333333333357,
    -3.0,
    -2.666666666666668,
    -2.3333333333333357,
    -2.0,
    -1.6666666666666679,
    -1.3333333333333357,
    -1.0,
    -0.6666666666666679,
    -0.3333333333333357,
    0.0,
    0.33333333333333215,
    0.6666666666666643,
    1.0,
    1.3333333333333321,
    1.6666666666666643,
    2.0,
    2.333333333333332,
    2.6666666666666643,
    3.0,
    3.333333333333332,
    3.6666666666666643,
    4.0,
    4.333333333333332,
    4.666666666666664,
    5.0,
    5.333333333333332,
    5.666666666666664,
    6.0,
    6.333333333333332,
    6.666666666666664,
    7.0,
    7.333333333333332,
    7.666666666666664,
    8.0,
    8.333333333333332,
    8.666666666666664,
    9.0,
    9.333333333333332,
    9.666666666666664,
    10.0,
    10.333333333333332,
    10.666666666666664,
    11.0,
    11.333333333333332,
    11.666666666666664,
    12.0,
    12.333333333333329,
    12.666666666666664,
    13.0,
    13.333333333333329,
    13.666666666666664,
    14.0,
    14.333333333333329,
    14.666666666666664,
    15.0,
    15.333333333333329,
    15.666666666666664,
    16.0,
    16.33333333333333,
    16.666666666666664,
    17.0,
    17.33333333333333,
    17.666666666666664,
    18.0,
    18.33333333333333,
    18.666666666666664,
    19.0,
    19.33333333333333,
    19.666666666666664,
    20.0
  ],
  "conductance": [
    0.9710602353078265,
    0.9739628861784861,
    0.9779140368645847,
    0.9830615658361783,
    0.9895888143288099,
    0.9977105949870337,
    1.0076156181983946,
    1.0193254850895594,
    1.0325919584956136,
    1.0471688047135126,
    1.0629718159341683,
    1.0790571292729472,
    1.0926112967872739,
    1.1005286837004509,
    1.1021547538991854,
    1.0989787021997468,
    1.093056696889237,
    1.0858697165584312,
    1.0778954251258368,
    1.0692521336090202,
    1.0604705150642253,
    1.052244125616641,
    1.0447386763533826,
    1.0372909203142489,
    1.028764725069697,
    1.0179025331891125,
    1.0039752938436255,
    0.9875947440143206,
    0.970065462349879,
    0.9524880359892018,
    0.9355809663160627,
    0.9198120315955052,
    0.9054235923251766,
    0.8922438563492987,
    0.8795142188538937,
    0.8662780125894414,
    0.8523110700467416,
    0.8381640448229138,
    0.8244540141895025,
    0.811538338257682,
    0.7995556496086204,
    0.7885265778313637,
    0.7784185520247534,
    0.769178468714221,
    0.7607479114145741,
    0.7530699342908425,
    0.7460918765854943,
    0.7397663232374119,
    0.7340512138785776,
    0.7289095797917163,
    0.7243091395841653,
    0.7202218637274261,
    0.7166235588429778,
    0.7134934933366242,
    0.7108140716439975,
    0.7085705575504848,
    0.7067508440796071,
    0.7053452664148805,
    0.7043464542598047,
    0.7037492204485998,
    0.7035504832416701,
    0.7037492204486008,
    0.7043464542598037,
    0.7053452664148805,
    0.7067508440796079,
    0.7085705575504839,
    0.7108140716439973,
    0.7134934933366248,
    0.716623558842977,
    0.7202218637274261,
    0.7243091395841661,
    0.7289095797917156,
    0.7340512138785773,
    0.7397663232374126,
    0.7460918765854937,
    0.753069934290842,
    0.7607479114145751,
    0.7691784687142204,
    0.778418552024753,
    0.7885265778313647,
    0.7995556496086198,
    0.8115383382576813,
    0.8244540141895035,
    0.8381640448229133,
    0.8523110700467412,
    0.8662780125894425,
    0.879514218853893,
    0.8922438563492984,
    0.9054235923251776,
    0.9198120315955044,
    0.9355809663160621,
    0.952488035989203,
    0.9700654623498781,
    0.9875947440143202,
    1.0039752938436268,
    1.017902533189111,
    1.0287647250696972,
    1.0372909203142502,
    1.0447386763533808,
    1.052244125616642,
    1.0604705150642266,
    1.0692521336090182,
    1.0778954251258372,
    1.0858697165584328,
    1.0930566968892348,
    1.0989787021997477,
    1.1021547538991867,
    1.1005286837004493,
    1.092611296787274,
    1.0790571292729487,
    1.0629718159341672,
    1.0471688047135126,
    1.032591958495615,
    1.0193254850895583,
    1.0076156181983948,
    0.997710594987035,
    0.9895888143288087,
    0.9830615658361783,
    0.977914036864586,
    0.9739628861784855,
    0.9710602353078261
  ],