{
  "bias_mev": [
    -20.0,
    -19.666666666666668,
    -19.333333333333332,
    -19.0,
    -18.666666666666668,
    -18.333333333333332,
    -18.0,
    -17.666666666666668,
    -17.333333333333332,
    -17.0,
    -16.666666666666668,
    -16.333333333333332,
    -16.0,
    -15.666666666666668,
    -15.333333333333334,
    -15.0,
    -14.666666666666668,
    -14.333333333333334,
    -14.0,
    -13.666666666666668,
    -13.333333333333334,
    -13.0,
    -12.666666666666668,
    -12.333333333333334,
    -12.0,
    -11.666666666666668,
    -11.333333333333334,
    -11.0,
    -10.666666666666668,
    -10.333333333333334,
    -10.0,
    -9.666666666666668,
    -9.333333333333334,
    -9.0,
    -8.666666666666668,
    -8.333333333333334,
    -8.0,
    -7.666666666666668,
    -7.333333333333334,
    -7.0,
    -6.666666666666668,
    -6.333333333333334,
    -6.0,
    -5.666666666666668,
    -5.333333333333334,
    -5.0,
    -4.666666666666668,
    -4.333333333333334,
    -4.0,
    -3.666666666666668,
    -3.3333333333333357,
    -3.0,
    -2.666666666666668,
    -2.3333333333333357,
    -2.0,
    -1.6666666666666679,
    -1.3333333333333357,
    -1.0,
    -0.6666666666666679,
    -0.3333333333333357,
    0.0,
    0.33333333333333215,
    0.6666666666666643,
    1.0,
    1.3333333333333321,
    1.6666666666666643,
    2.0,
    2.333333333333332,
    2.6666666666666643,
    3.0,
    3.333333333333332,
    3.6666666666666643,
    4.0,
    4.333333333333332,
    4.666666666666664,
    5.0,
    5.333333333333332,
    5.666666666666664,
    6.0,
    6.333333333333332,
    6.666666666666664,
    7.0,
    7.333333333333332,
    7.666666666666664,
    8.0,
    8.333333333333332,
    8.666666666666664,
    9.0,
    9.333333333333332,
    9.666666666666664,
    10.0,
    10.333333333333332,
    10.666666666666664,
    11.0,
    11.333333333333332,
    11.666666666666664,
    12.0,
    12.333333333333329,
    12.666666666666664,
    13.0,
    13.333333333333329,
    13.666666666666664,
    14.0,
    14.333333333333329,
    14.666666666666664,
    15.0,
    15.333333333333329,
    15.666666666666664,
    16.0,
    16.33333333333333,
    16.666666666666664,
    17.0,
    17.33333333333333,
    17.666666666666664,
    18.0,
    18.33333333333333,
    18.666666666666664,
    19.0,
    19.33333333333333,
    19.666666666666664,
    20.0
  ],
  "conductance": [
    0.9644752019812961,
    0.9684063602815316,
    0.9735091273060752,
    0.9799678230948251,
    0.9879914788573652,
    0.997796104317985,
    1.0095526173253389,
    1.0233039938410986,
    1.0389180952741432,
    1.0560791977203403,
    1.0739467065506836,
    1.0904042412240387,
    1.102186859416715,
    1.1068309270276777,
    1.104300370113897,
    1.0963637845456184,
    1.0851351730610195,
    1.0721435356952433,
    1.0581975008208178,
    1.0438069130165422,
    1.0295081783415727,
    1.0157181481348811,
    1.002410676371542,
    0.9890033864344837,
    0.9745627288030281,
    0.9582193006798052,
    0.9397644188056026,
    0.9198722115515727,
    0.8995752182551371,
    0.8797104008631982,
    0.8607680657637653,
    0.842960335268253,
    0.8262873642922602,
    0.8105385445546277,
    0.7953209923952798,
    0.7802875560437512,
    0.7654325476135997,
    0.7510453094126539,
    0.7374328360254323,
    0.724770282397408,
    0.7131087285149001,
    0.702426740908291,
    0.6926701663449323,
    0.6837741554775113,
    0.6756736966480925,
    0.6683081280766866,
    0.6616227485630947,
    0.6555690987035115,
    0.6501046701658453,
    0.6451924008579842,
    0.6408001215148555,
    0.636900027075884,
    0.6334682022354683,
    0.6304842098603057,
    0.6279307416208825,
    0.6257933263640313,
    0.6240600905996708,
    0.6227215655727426,
    0.6217705360425348,
    0.6212019267569914,
    0.6210127235317153,
    0.6212019267569923,
    0.6217705360425341,
    0.6227215655727425,
    0.6240600905996716,
    0.6257933263640305,
    0.6279307416208826,
    0.6304842098603065,
    0.6334682022354675,
    0.6369000270758841,
    0.6408001215148564,
    0.6451924008579835,
    0.6501046701658449,
    0.6555690987035124,
    0.6616227485630941,
    0.6683081280766859,
    0.6756736966480934,
    0.6837741554775107,
    0.6926701663449318,
    0.7024267409082918,
    0.7131087285148996,
    0.7247702823974077,
    0.737432836025433,
    0.7510453094126532,
    0.7654325476135995,
    0.7802875560437522,
    0.7953209923952791,
    0.8105385445546271,
    0.8262873642922612,
    0.8429603352682522,
    0.8607680657637646,
    0.8797104008631991,
    0.8995752182551362,
    0.9198722115515722,
    0.9397644188056036,
    0.9582193006798042,
    0.9745627288030285,
    0.9890033864344847,
    1.0024106763715401,
    1.0157181481348818,
    1.0295081783415738,
    1.04380691301654,
    1.0581975008208184,
    1.0721435356952445,
    1.0851351730610175,
    1.0963637845456193,
    1.1043003701138985,
    1.106830927027676,
    1.1021868594167152,
    1.0904042412240404,
    1.0739467065506823,
    1.0560791977203403,
    1.0389180952741444,
    1.0233039938410975,
    1.0095526173253389,
    0.9977961043179863,
    0.987991478857364,
    0.9799678230948251,
    0.9735091273060767,
    0.9684063602815309,
    0.9644752019812958
  ],