{
  "bias_mev": [
    -20.0,
    -19.666666666666668,
    -19.333333333333332,
    -19.0,
    -18.666666666666668,
    -18.333333333333332,
    -18.0,
    -17.666666666666668,
    -17.333333333333332,
    -17.0,
    -16.666666666666668,
    -16.333333333333332,
    -16.0,
    -15.666666666666668,
    -15.333333333333334,
    -15.0,
    -14.666666666666668,
    -14.333333333333334,
    -14.0,
    -13.666666666666668,
    -13.333333333333334,
    -13.0,
    -12.666666666666668,
    -12.333333333333334,
    -12.0,
    -11.666666666666668,
    -11.333333333333334,
    -11.0,
    -10.666666666666668,
    -10.333333333333334,
    -10.0,
    -9.666666666666668,
    -9.333333333333334,
    -9.0,
    -8.666666666666668,
    -8.333333333333334,
    -8.0,
    -7.666666666666668,
    -7.333333333333334,
    -7.0,
    -6.666666666666668,
    -6.333333333333334,
    -6.0,
    -5.666666666666668,
    -5.333333333333334,
    -5.0,
    -4.666666666666668,
    -4.333333333333334,
    -4.0,
    -3.666666666666668,
    -3.3333333333333357,
    -3.0,
    -2.666666666666668,
    -2.3333333333333357,
    -2.0,
    -1.6666666666666679,
    -1.3333333333333357,
    -1.0,
    -0.6666666666666679,
    -0.3333333333333357,
    0.0,
    0.33333333333333215,
    0.6666666666666643,
    1.0,
    1.3333333333333321,
    1.6666666666666643,
    2.0,
    2.333333333333332,
    2.6666666666666643,
    3.0,
    3.333333333333332,
    3.6666666666666643,
    4.0,
    4.333333333333332,
    4.666666666666664,
    5.0,
    5.333333333333332,
    5.666666666666664,
    6.0,
    6.333333333333332,
    6.666666666666664,
    7.0,
    7.333333333333332,
    7.666666666666664,
    8.0,
    8.333333333333332,
    8.666666666666664,
    9.0,
    9.333333333333332,
    9.666666666666664,
    10.0,
    10.333333333333332,
    10.666666666666664,
    11.0,
    11.333333333333332,
    11.666666666666664,
    12.0,
    12.333333333333329,
    12.666666666666664,
    13.0,
    13.333333333333329,
    13.666666666666664,
    14.0,
    14.333333333333329,
    14.666666666666664,
    15.0,
    15.333333333333329,
    15.666666666666664,
    16.0,
    16.33333333333333,
    16.666666666666664,
    17.0,
    17.33333333333333,
    17.666666666666664,
    18.0,
    18.33333333333333,
    18.666666666666664,
    19.0,
    19.33333333333333,
    19.666666666666664,
    20.0
  ],
  "conductance": [
    0.9769790679742635,
    0.9800821646449245,
    0.9839026654470915,
    0.9885032181306256,
    0.9939243560546289,
    1.000171380751433,
    1.007197481779482,
    1.0148851546446314,
    1.0230291253726302,
    1.0313253852002893,
    1.0393744487509422,
    1.0467110732862948,
    1.0528683940058516,
    1.0574647926936207,
    1.0602790446838222,
    1.0612781998913412,
    1.0605891544603014,
    1.0584356138800637,
    1.0550720435871472,
    1.050733557982255,
    1.04560302933529,
    1.0397903550698728,
    1.0333244442173464,
    1.0261643369677984,
    1.018232749931525,
    1.0094648233320624,
    0.9998548876264746,
    0.98948210993407,
    0.9785049188714661,
    0.9671291138161454,
    0.9555649276522333,
    0.9439885875048126,
    0.9325183943489777,
    0.9212101452881941,
    0.910072357933678,
    0.899095496145138,
    0.888282479314423,
    0.8776665945590018,
    0.8673108811074479,
    0.8572941052976553,
    0.8476936493828272,
    0.8385731040206429,
    0.8299768988735337,
    0.8219305058642206,
    0.8144436411200018,
    0.8075143833050044,
    0.8011330210365442,
    0.7952851529532399,
    0.7899539734512415,
    0.7851218572755951,
    0.7807714056180719,
    0.7768861060879892,
    0.7734507285783924,
    0.7704515470848927,
    0.7678764507568416,
    0.7657149872432041,
    0.7639583669929539,
    0.7625994472695424,
    0.7616327079864734,
    0.7610542270609244,
    0.7608616600711163,
    0.7610542270609244,
    0.7616327079864735,
    0.7625994472695423,
    0.7639583669929539,
    0.7657149872432041,
    0.7678764507568416,
    0.7704515470848927,
    0.7734507285783924,
    0.7768861060879894,
    0.7807714056180719,
    0.7851218572755949,
    0.7899539734512415,
    0.7952851529532398,
    0.8011330210365442,
    0.8075143833050042,
    0.8144436411200019,
    0.8219305058642205,
    0.8299768988735335,
    0.838573104020643,
    0.8476936493828272,
    0.8572941052976553,
    0.8673108811074478,
    0.8776665945590016,
    0.888282479314423,
    0.8990954961451377,
    0.9100723579336777,
    0.9212101452881941,
    0.9325183943489777,
    0.9439885875048125,
    0.9555649276522334,
    0.9671291138161452,
    0.978504918871466,
    0.98948210993407,
    0.9998548876264746,
    1.0094648233320624,
    1.018232749931525,
    1.0261643369677984,
    1.0333244442173461,
    1.0397903550698724,
    1.0456030293352898,
    1.0507335579822548,
    1.055072043587147,
    1.0584356138800635,
    1.0605891544603014,
    1.0612781998913412,
    1.060279044683822,
    1.0574647926936205,
    1.0528683940058512,
    1.0467110732862948,
    1.0393744487509422,
    1.0313253852002893,
    1.0230291253726302,
    1.0148851546446314,
    1.0071974817794818,
    1.0001713807514332,
    0.993924356054629,
    0.9885032181306256,
    0.9839026654470916,
    0.9800821646449244,
    0.9769790679742634
  ],