{
  "bias_mev": [
    -20.0,
    -19.666666666666668,
    -19.333333333333332,
    -19.0,
    -18.666666666666668,
    -18.333333333333332,
    -18.0,
    -17.666666666666668,
    -17.333333333333332,
    -17.0,
    -16.666666666666668,
    -16.333333333333332,
    -16.0,
    -15.666666666666668,
    -15.333333333333334,
    -15.0,
    -14.666666666666668,
    -14.333333333333334,
    -14.0,
    -13.666666666666668,
    -13.333333333333334,
    -13.0,
    -12.666666666666668,
    -12.333333333333334,
    -12.0,
    -11.666666666666668,
    -11.333333333333334,
    -11.0,
    -10.666666666666668,
    -10.333333333333334,
    -10.0,
    -9.666666666666668,
    -9.333333333333334,
    -9.0,
    -8.666666666666668,
    -8.333333333333334,
    -8.0,
    -7.666666666666668,
    -7.333333333333334,
    -7.0,
    -6.666666666666668,
    -6.333333333333334,
    -6.0,
    -5.666666666666668,
    -5.333333333333334,
    -5.0,
    -4.666666666666668,
    -4.333333333333334,
    -4.0,
    -3.666666666666668,
    -3.3333333333333357,
    -3.0,
    -2.666666666666668,
    -2.3333333333333357,
    -2.0,
    -1.6666666666666679,
    -1.3333333333333357,
    -1.0,
    -0.6666666666666679,
    -0.3333333333333357,
    0.0,
    0.33333333333333215,
    0.6666666666666643,
    1.0,
    1.3333333333333321,
    1.6666666666666643,
    2.0,
    2.333333333333332,
    2.6666666666666643,
    3.0,
    3.333333333333332,
    3.6666666666666643,
    4.0,
    4.333333333333332,
    4.666666666666664,
    5.0,
    5.333333333333332,
    5.666666666666664,
    6.0,
    6.333333333333332,
    6.666666666666664,
    7.0,
    7.333333333333332,
    7.666666666666664,
    8.0,
    8.333333333333332,
    8.666666666666664,
    9.0,
    9.333333333333332,
    9.666666666666664,
    10.0,
    10.333333333333332,
    10.666666666666664,
    11.0,
    11.333333333333332,
    11.666666666666664,
    12.0,
    12.333333333333329,
    12.666666666666664,
    13.0,
    13.333333333333329,
    13.666666666666664,
    14.0,
    14.333333333333329,
    14.666666666666664,
    15.0,
    15.333333333333329,
    15.666666666666664,
    16.0,
    16.33333333333333,
    16.666666666666664,
    17.0,
    17.33333333333333,
    17.666666666666664,
    18.0,
    18.33333333333333,
    18.666666666666664,
    19.0,
    19.33333333333333,
    19.666666666666664,
    20.0
  ],
  "conductance": [
    0.9705025826601424,
    0.9737834358600264,
    0.978243520037446,
    0.9839660836894402,
    0.9910146608527267,
    0.9994113116007393,
    1.0090951243863946,
    1.0198658303808872,
    1.0313230077176423,
    1.0427944428145548,
    1.0532398583940052,
    1.0612276055570224,
    1.06522402798358,
    1.0642149433889172,
    1.058187772587164,
    1.0480331537947576,
    1.0350157874525465,
    1.0202738553121342,
    1.0046206051248778,
    0.9885955992779639,
    0.9725374459302767,
    0.956548730842908,
    0.9404355474619162,
    0.9237596671612958,
    0.9060238043618623,
    0.8869073912735187,
    0.8664514323698294,
    0.8450845012126641,
    0.8234602333967846,
    0.8022305060975302,
    0.7818915900011812,
    0.7627208023703398,
    0.7447537601972244,
    0.7277891060480078,
    0.711468815632144,
    0.6954631198704728,
    0.6796645459331021,
    0.6642278452641733,
    0.6494369966505793,
    0.6355452923178193,
    0.6226996067544422,
    0.61094387346403,
    0.6002532110941992,
    0.5905667749441929,
    0.5818098483572003,
    0.5739062240076067,
    0.5667842395778458,
    0.5603792354513375,
    0.5546341755873321,
    0.5494994048035892,
    0.544932051063205,
    0.5408953253448009,
    0.5373578374884218,
    0.5342929783987973,
    0.5316783856363241,
    0.5294954938497463,
    0.5277291648950597,
    0.526367390311187,
    0.525401058776761,
    0.5248237820940742,
    0.5246317745669817,
    0.5248237820940747,
    0.5254010587767606,
    0.5263673903111868,
    0.5277291648950602,
    0.5294954938497459,
    0.5316783856363241,
    0.5342929783987977,
    0.5373578374884214,
    0.540895325344801,
    0.5449320510632054,
    0.5494994048035886,
    0.554634175587332,
    0.5603792354513379,
    0.5667842395778455,
    0.5739062240076065,
    0.5818098483572008,
    0.5905667749441925,
    0.6002532110941989,
    0.6109438734640305,
    0.6226996067544419,
    0.6355452923178191,
    0.6494369966505796,
    0.6642278452641728,
    0.6796645459331019,
    0.6954631198704733,
    0.7114688156321435,
    0.7277891060480077,
    0.7447537601972248,
    0.7627208023703392,
    0.7818915900011809,
    0.8022305060975307,
    0.8234602333967841,
    0.8450845012126637,
    0.86645143236983,
    0.8869073912735179,
    0.9060238043618626,
    0.9237596671612962,
    0.9404355474619148,
    0.9565487308429081,
    0.9725374459302771,
    0.9885955992779626,
    1.0046206051248783,
    1.0202738553121349,
    1.035015787452545,
    1.0480331537947578,
    1.0581877725871647,
    1.064214943388916,
    1.06522402798358,
    1.0612276055570231,
    1.0532398583940046,
    1.0427944428145548,
    1.0313230077176432,
    1.0198658303808865,
    1.0090951243863944,
    0.9994113116007401,
    0.9910146608527262,
    0.9839660836894402,
    0.9782435200374467,
    0.9737834358600257,
    0.9705025826601419
  ],