{
  "bias_mev": [
    -20.0,
    -19.666666666666668,
    -19.333333333333332,
    -19.0,
    -18.666666666666668,
    -18.333333333333332,
    -18.0,
    -17.666666666666668,
    -17.333333333333332,
    -17.0,
    -16.666666666666668,
    -16.333333333333332,
    -16.0,
    -15.666666666666668,
    -15.333333333333334,
    -15.0,
    -14.666666666666668,
    -14.333333333333334,
    -14.0,
    -13.666666666666668,
    -13.333333333333334,
    -13.0,
    -12.666666666666668,
    -12.333333333333334,
    -12.0,
    -11.666666666666668,
    -11.333333333333334,
    -11.0,
    -10.666666666666668,
    -10.333333333333334,
    -10.0,
    -9.666666666666668,
    -9.333333333333334,
    -9.0,
    -8.666666666666668,
    -8.333333333333334,
    -8.0,
    -7.666666666666668,
    -7.333333333333334,
    -7.0,
    -6.666666666666668,
    -6.333333333333334,
    -6.0,
    -5.666666666666668,
    -5.333333333333334,
    -5.0,
    -4.666666666666668,
    -4.333333333333334,
    -4.0,
    -3.666666666666668,
    -3.3333333333333357,
    -3.0,
    -2.666666666666668,
    -2.3333333333333357,
    -2.0,
    -1.6666666666666679,
    -1.3333333333333357,
    -1.0,
    -0.6666666666666679,
    -0.3333333333333357,
    0.0,
    0.33333333333333215,
    0.6666666666666643,
    1.0,
    1.3333333333333321,
    1.6666666666666643,
    2.0,
    2.333333333333332,
    2.6666666666666643,
    3.0,
    3.333333333333332,
    3.6666666666666643,
    4.0,
    4.333333333333332,
    4.666666666666664,
    5.0,
    5.333333333333332,
    5.666666666666664,
    6.0,
    6.333333333333332,
    6.666666666666664,
    7.0,
    7.333333333333332,
    7.666666666666664,
    8.0,
    8.333333333333332,
    8.666666666666664,
    9.0,
    9.333333333333332,
    9.666666666666664,
    10.0,
    10.333333333333332,
    10.666666666666664,
    11.0,
    11.333333333333332,
    11.666666666666664,
    12.0,
    12.333333333333329,
    12.666666666666664,
    13.0,
    13.333333333333329,
    13.666666666666664,
    14.0,
    14.333333333333329,
    14.666666666666664,
    15.0,
    15.333333333333329,
    15.666666666666664,
    16.0,
    16.33333333333333,
    16.666666666666664,
    17.0,
    17.33333333333333,
    17.666666666666664,
    18.0,
    18.33333333333333,
    18.666666666666664,
    19.0,
    19.33333333333333,
    19.666666666666664,
    20.0
  ],
  "conductance": [
    0.9785321505259976,
    0.9798180509189688,
    0.9822105453187545,
    0.9858645712675896,
    0.9909615974448327,
    0.9976738778426364,
    1.006043467591996,
    1.0157698532712736,
    1.026202920249725,
    1.0369229655682266,
    1.0480685372579763,
    1.0594061643810566,
    1.069230170679916,
    1.0749852964458957,
    1.0754649289509601,
    1.0714830824036345,
    1.0648095928615249,
    1.0569035956517512,
    1.0482827489514994,
    1.0390609920682983,
    1.0297891373200871,
    1.0212516319423064,
    1.0136687062643617,
    1.0063022303882492,
    0.9977609284166932,
    0.9865194065825518,
    0.9717881678941427,
    0.9543543468425645,
    0.9358495942049646,
    0.9176553395791118,
    0.9005945906559554,
    0.885056252582736,
    0.8710967490091271,
    0.8583724820601486,
    0.8460675979447111,
    0.8333207968838483,
    0.8199829513158075,
    0.8065544231319687,
    0.7935848598591256,
    0.7813971359576403,
    0.7701161986828888,
    0.7597566331915986,
    0.7502825892194371,
    0.7416390716132326,
    0.7337667017014408,
    0.7266082451220409,
    0.7201112302583477,
    0.714228752376402,
    0.7089194616807872,
    0.7041472100500961,
    0.6998805812292398,
    0.6960924088300828,
    0.6927593281067184,
    0.6898613792364681,
    0.6873816664444855,
    0.6853060712800239,
    0.683623015975217,
    0.6823232722305457,
    0.6813998110366731,
    0.6808476897898266,
    0.6806639737568335,
    0.6808476897898275,
    0.6813998110366722,
    0.6823232722305456,
    0.6836230159752179,
    0.685306071280023,
    0.6873816664444854,
    0.689861379236469,
    0.6927593281067174,
    0.6960924088300828,
    0.6998805812292408,
    0.7041472100500953,
    0.7089194616807871,
    0.7142287523764032,
    0.7201112302583472,
    0.7266082451220406,
    0.7337667017014419,
    0.741639071613232,
    0.7502825892194366,
    0.7597566331915996,
    0.7701161986828883,
    0.7813971359576398,
    0.7935848598591267,
    0.8065544231319679,
    0.8199829513158071,
    0.8333207968838493,
    0.8460675979447103,
    0.8583724820601482,
    0.8710967490091286,
    0.8850562525827353,
    0.9005945906559553,
    0.917655339579113,
    0.9358495942049639,
    0.9543543468425639,
    0.9717881678941441,
    0.9865194065825507,
    0.9977609284166933,
    1.0063022303882503,
    1.0136687062643597,
    1.021251631942307,
    1.0297891373200883,
    1.0390609920682958,
    1.0482827489515003,
    1.056903595651752,
    1.0648095928615227,
    1.0714830824036352,
    1.0754649289509617,
    1.074985296445894,
    1.0692301706799163,
    1.0594061643810584,
    1.048068537257975,
    1.0369229655682266,
    1.026202920249726,
    1.0157698532712724,
    1.0060434675919956,
    0.9976738778426378,
    0.9909615974448313,
    0.9858645712675896,
    0.9822105453187557,
    0.9798180509189679,
    0.9785321505259973
  ],