{
  "bias_mev": [
    -20.0,
    -19.666666666666668,
    -19.333333333333332,
    -19.0,
    -18.666666666666668,
    -18.333333333333332,
    -18.0,
    -17.666666666666668,
    -17.333333333333332,
    -17.0,
    -16.666666666666668,
    -16.333333333333332,
    -16.0,
    -15.666666666666668,
    -15.333333333333334,
    -15.0,
    -14.666666666666668,
    -14.333333333333334,
    -14.0,
    -13.666666666666668,
    -13.333333333333334,
    -13.0,
    -12.666666666666668,
    -12.333333333333334,
    -12.0,
    -11.666666666666668,
    -11.333333333333334,
    -11.0,
    -10.666666666666668,
    -10.333333333333334,
    -10.0,
    -9.666666666666668,
    -9.333333333333334,
    -9.0,
    -8.666666666666668,
    -8.333333333333334,
    -8.0,
    -7.666666666666668,
    -7.333333333333334,
    -7.0,
    -6.666666666666668,
    -6.333333333333334,
    -6.0,
    -5.666666666666668,
    -5.333333333333334,
    -5.0,
    -4.666666666666668,
    -4.333333333333334,
    -4.0,
    -3.666666666666668,
    -3.3333333333333357,
    -3.0,
    -2.666666666666668,
    -2.3333333333333357,
    -2.0,
    -1.6666666666666679,
    -1.3333333333333357,
    -1.0,
    -0.6666666666666679,
    -0.3333333333333357,
    0.0,
    0.33333333333333215,
    0.6666666666666643,
    1.0,
    1.3333333333333321,
    1.6666666666666643,
    2.0,
    2.333333333333332,
    2.6666666666666643,
    3.0,
    3.333333333333332,
    3.6666666666666643,
    4.0,
    4.333333333333332,
    4.666666666666664,
    5.0,
    5.333333333333332,
    5.666666666666664,
    6.0,
    6.333333333333332,
    6.666666666666664,
    7.0,
    7.333333333333332,
    7.666666666666664,
    8.0,
    8.333333333333332,
    8.666666666666664,
    9.0,
    9.333333333333332,
    9.666666666666664,
    10.0,
    10.333333333333332,
    10.666666666666664,
    11.0,
    11.333333333333332,
    11.666666666666664,
    12.0,
    12.333333333333329,
    12.666666666666664,
    13.0,
    13.333333333333329,
    13.666666666666664,
    14.0,
    14.333333333333329,
    14.666666666666664,
    15.0,
    15.333333333333329,
    15.666666666666664,
    16.0,
    16.33333333333333,
    16.666666666666664,
    17.0,
    17.33333333333333,
    17.666666666666664,
    18.0,
    18.33333333333333,
    18.666666666666664,
    19.0,
    19.33333333333333,
    19.666666666666664,
    20.0
  ],
  "conductance": [
    0.9843323207986616,
    0.9859431145256142,
    0.98825581269575,
    0.9913150191995164,
    0.9951374304965667,
    0.9996995250863122,
    1.0049259123461975,
    1.0106818737569006,
    1.0167712771799027,
    1.0229377139145792,
    1.0288683473036209,
    1.0342084358512684,
    1.0385991151147602,
    1.0417386113657563,
    1.0434438927271916,
    1.0436805978871715,
    1.04254678746625,
    1.0402241309539113,
    1.0369229321821087,
    1.0328380797356995,
    1.0281168375852088,
    1.0228344808445793,
    1.0169818072457135,
    1.0104757614753614,
    1.0031992775994358,
    0.9950609930460761,
    0.9860510299404169,
    0.9762670691405186,
    0.965899297940976,
    0.9551841781249961,
    0.9443495782120837,
    0.933571625069746,
    0.9229540068168467,
    0.91253191931725,
    0.9022964949230906,
    0.8922291478570418,
    0.8823309105241612,
    0.8726349754621818,
    0.8632010900188112,
    0.8540999730713531,
    0.8453978020437354,
    0.8371465042841554,
    0.8293805088730407,
    0.8221179436523889,
    0.8153639124991711,
    0.809114191276476,
    0.803358492890508,
    0.7980830145838494,
    0.7932722761156282,
    0.7889103737041374,
    0.7849817964446411,
    0.7814719340990274,
    0.7783673762675571,
    0.7756560754076495,
    0.7733274240297114,
    0.7713722800571939,
    0.769782962850913,
    0.7685532345689351,
    0.7676782763028394,
    0.7671546649778657,
    0.7669803547320607,
    0.7671546649778657,
    0.7676782763028394,
    0.768553234568935,
    0.769782962850913,
    0.7713722800571938,
    0.7733274240297116,
    0.7756560754076497,
    0.7783673762675571,
    0.7814719340990276,
    0.7849817964446411,
    0.7889103737041374,
    0.7932722761156282,
    0.7980830145838494,
    0.8033584928905079,
    0.809114191276476,
    0.8153639124991711,
    0.8221179436523884,
    0.8293805088730407,
    0.837146504284155,
    0.8453978020437354,
    0.8540999730713528,
    0.8632010900188112,
    0.8726349754621818,
    0.882330910524161,
    0.8922291478570415,
    0.9022964949230904,
    0.91253191931725,
    0.9229540068168466,
    0.9335716250697457,
    0.9443495782120833,
    0.9551841781249959,
    0.965899297940976,
    0.9762670691405186,
    0.9860510299404166,
    0.9950609930460761,
    1.0031992775994356,
    1.0104757614753614,
    1.0169818072457135,
    1.0228344808445793,
    1.028116837585208,
    1.0328380797356993,
    1.0369229321821087,
    1.040224130953911,
    1.0425467874662502,
    1.0436805978871715,
    1.0434438927271912,
    1.041738611365756,
    1.0385991151147602,
    1.0342084358512684,
    1.0288683473036213,
    1.0229377139145792,
    1.0167712771799027,
    1.0106818737569008,
    1.0049259123461973,
    0.9996995250863122,
    0.9951374304965664,
    0.9913150191995164,
    0.9882558126957501,
    0.9859431145256142,
    0.9843323207986616
  ],