{
  "bias_mev": [
    -20.0,
    -19.666666666666668,
    -19.333333333333332,
    -19.0,
    -18.666666666666668,
    -18.333333333333332,
    -18.0,
    -17.666666666666668,
    -17.333333333333332,
    -17.0,
    -16.666666666666668,
    -16.333333333333332,
    -16.0,
    -15.666666666666668,
    -15.333333333333334,
    -15.0,
    -14.666666666666668,
    -14.333333333333334,
    -14.0,
    -13.666666666666668,
    -13.333333333333334,
    -13.0,
    -12.666666666666668,
    -12.333333333333334,
    -12.0,
    -11.666666666666668,
    -11.333333333333334,
    -11.0,
    -10.666666666666668,
    -10.333333333333334,
    -10.0,
    -9.666666666666668,
    -9.333333333333334,
    -9.0,
    -8.666666666666668,
    -8.333333333333334,
    -8.0,
    -7.666666666666668,
    -7.333333333333334,
    -7.0,
    -6.666666666666668,
    -6.333333333333334,
    -6.0,
    -5.666666666666668,
    -5.333333333333334,
    -5.0,
    -4.666666666666668,
    -4.333333333333334,
    -4.0,
    -3.666666666666668,
    -3.3333333333333357,
    -3.0,
    -2.666666666666668,
    -2.3333333333333357,
    -2.0,
    -1.6666666666666679,
    -1.3333333333333357,
    -1.0,
    -0.6666666666666679,
    -0.3333333333333357,
    0.0,
    0.33333333333333215,
    0.6666666666666643,
    1.0,
    1.3333333333333321,
    1.6666666666666643,
    2.0,
    2.333333333333332,
    2.6666666666666643,
    3.0,
    3.333333333333332,
    3.6666666666666643,
    4.0,
    4.333333333333332,
    4.666666666666664,
    5.0,
    5.333333333333332,
    5.666666666666664,
    6.0,
    6.333333333333332,
    6.666666666666664,
    7.0,
    7.333333333333332,
    7.666666666666664,
    8.0,
    8.333333333333332,
    8.666666666666664,
    9.0,
    9.333333333333332,
    9.666666666666664,
    10.0,
    10.333333333333332,
    10.666666666666664,
    11.0,
    11.333333333333332,
    11.666666666666664,
    12.0,
    12.333333333333329,
    12.666666666666664,
    13.0,
    13.333333333333329,
    13.666666666666664,
    14.0,
    14.333333333333329,
    14.666666666666664,
    15.0,
    15.333333333333329,
    15.666666666666664,
    16.0,
    16.33333333333333,
    16.666666666666664,
    17.0,
    17.33333333333333,
    17.666666666666664,
    18.0,
    18.33333333333333,
    18.666666666666664,
    19.0,
    19.33333333333333,
    19.666666666666664,
    20.0
  ],
  "conductance": [
    0.9770693155479855,
    0.9789880339554501,
    0.98221755348825,
    0.9867969377906575,
    0.9927124072021832,
    0.999850201443259,
    1.0079431028630377,
    1.0165446908431512,
    1.0250625107864988,
    1.0328152460795268,
    1.0390210062747371,
    1.0427335578013788,
    1.042932869092192,
    1.0388894571048048,
    1.030556763051473,
    1.0186215703432686,
    1.0041692273008966,
    0.9882512457509339,
    0.9716467891529735,
    0.9548735293213086,
    0.9382671435371669,
    0.9219478586682104,
    0.905706972134336,
    0.8889901263635587,
    0.8710818101905635,
    0.8514363858334497,
    0.8299928362991974,
    0.8072749476833763,
    0.7841875499008533,
    0.7616570689387452,
    0.740352137454344,
    0.7205770025201382,
    0.702289831277725,
    0.6851897335880096,
    0.6688654402837171,
    0.6529904287148713,
    0.6374719567474231,
    0.6224499947465914,
    0.6081678004389843,
    0.5948362633391713,
    0.5825713964236774,
    0.5713976677477388,
    0.5612779930952003,
    0.5521434547816115,
    0.5439137752288816,
    0.5365089182827756,
    0.5298546803636567,
    0.5238848294070172,
    0.5185414707699696,
    0.5137745991679572,
    0.5095413400405356,
    0.5058051270319218,
    0.5025349269737857,
    0.4997045558277788,
    0.4972920965895698,
    0.49527941575349643,
    0.4936517694585704,
    0.492397489220211,
    0.4915077378656571,
    0.4909763277970306,
    0.49079959547266705,
    0.49097632779703093,
    0.49150773786565677,
    0.492397489220211,
    0.49365176945857053,
    0.49527941575349627,
    0.4972920965895698,
    0.4997045558277789,
    0.5025349269737854,
    0.5058051270319218,
    0.5095413400405359,
    0.5137745991679569,
    0.5185414707699694,
    0.5238848294070173,
    0.5298546803636566,
    0.5365089182827755,
    0.5439137752288817,
    0.5521434547816112,
    0.5612779930952003,
    0.571397667747739,
    0.5825713964236771,
    0.594836263339171,
    0.6081678004389846,
    0.622449994746591,
    0.6374719567474229,
    0.6529904287148713,
    0.6688654402837166,
    0.6851897335880095,
    0.7022898312777254,
    0.7205770025201379,
    0.740352137454344,
    0.7616570689387454,
    0.7841875499008528,
    0.8072749476833762,
    0.8299928362991976,
    0.851436385833449,
    0.8710818101905637,
    0.8889901263635588,
    0.9057069721343352,
    0.921947858668211,
    0.9382671435371671,
    0.9548735293213081,
    0.9716467891529736,
    0.9882512457509339,
    1.004169227300896,
    1.0186215703432688,
    1.0305567630514734,
    1.0388894571048044,
    1.042932869092192,
    1.0427335578013797,
    1.0390210062747367,
    1.032815246079527,
    1.0250625107864992,
    1.0165446908431506,
    1.007943102863038,
    0.9998502014432598,
    0.992712407202183,
    0.9867969377906576,
    0.9822175534882507,
    0.9789880339554499,
    0.9770693155479852
  ],