{
  "bias_mev": [
    -20.0,
    -19.666666666666668,
    -19.333333333333332,
    -19.0,
    -18.666666666666668,
    -18.333333333333332,
    -18.0,
    -17.666666666666668,
    -17.333333333333332,
    -17.0,
    -16.666666666666668,
    -16.333333333333332,
    -16.0,
    -15.666666666666668,
    -15.333333333333334,
    -15.0,
    -14.666666666666668,
    -14.333333333333334,
    -14.0,
    -13.666666666666668,
    -13.333333333333334,
    -13.0,
    -12.666666666666668,
    -12.333333333333334,
    -12.0,
    -11.666666666666668,
    -11.333333333333334,
    -11.0,
    -10.666666666666668,
    -10.333333333333334,
    -10.0,
    -9.666666666666668,
    -9.333333333333334,
    -9.0,
    -8.666666666666668,
    -8.333333333333334,
    -8.0,
    -7.666666666666668,
    -7.333333333333334,
    -7.0,
    -6.666666666666668,
    -6.333333333333334,
    -6.0,
    -5.666666666666668,
    -5.333333333333334,
    -5.0,
    -4.666666666666668,
    -4.333333333333334,
    -4.0,
    -3.666666666666668,
    -3.3333333333333357,
    -3.0,
    -2.666666666666668,
    -2.3333333333333357,
    -2.0,
    -1.6666666666666679,
    -1.3333333333333357,
    -1.0,
    -0.6666666666666679,
    -0.3333333333333357,
    0.0,
    0.33333333333333215,
    0.6666666666666643,
    1.0,
    1.3333333333333321,
    1.6666666666666643,
    2.0,
    2.333333333333332,
    2.6666666666666643,
    3.0,
    3.333333333333332,
    3.6666666666666643,
    4.0,
    4.333333333333332,
    4.666666666666664,
    5.0,
    5.333333333333332,
    5.666666666666664,
    6.0,
    6.333333333333332,
    6.666666666666664,
    7.0,
    7.333333333333332,
    7.666666666666664,
    8.0,
    8.333333333333332,
    8.666666666666664,
    9.0,
    9.333333333333332,
    9.666666666666664,
    10.0,
    10.333333333333332,
    10.666666666666664,
    11.0,
    11.333333333333332,
    11.666666666666664,
    12.0,
    12.333333333333329,
    12.666666666666664,
    13.0,
    13.333333333333329,
    13.666666666666664,
    14.0,
    14.333333333333329,
    14.666666666666664,
    15.0,
    15.333333333333329,
    15.666666666666664,
    16.0,
    16.33333333333333,
    16.666666666666664,
    17.0,
    17.33333333333333,
    17.666666666666664,
    18.0,
    18.33333333333333,
    18.666666666666664,
    19.0,
    19.33333333333333,
    19.666666666666664,
    20.0
  ],
  "conductance": [
    0.9823387211610888,
    0.9847491220571492,
    0.9876044479110435,
    0.9909814551856143,
    0.9949631137993066,
    0.9996289344462352,
    1.0050334195480424,
    1.0111800222459602,
    1.0180214264179337,
    1.0254993372276278,
    1.0335458984923231,
    1.0419715228547215,
    1.0503481921478754,
    1.0580996798492865,
    1.064786885499873,
    1.0702910994129182,
    1.0747552103707045,
    1.0784081107852805,
    1.081433598302523,
    1.083967082009215,
    1.086157217212306,
    1.0881649355001604,
    1.0900847435300987,
    1.0918705302932623,
    1.0933271419080046,
    1.0941754331491444,
    1.0941874511407066,
    1.093319363020372,
    1.0917120072784108,
    1.0895872521041468,
    1.087158587815016,
    1.0845926668845696,
    1.0819958961772347,
    1.0794034329043765,
    1.076778089584826,
    1.074047361421591,
    1.071168694443103,
    1.0681599375241082,
    1.065077277228284,
    1.0619827925410674,
    1.0589280441981879,
    1.055951139213408,
    1.0530789553546867,
    1.050330136567519,
    1.0477175418194933,
    1.0452500043078554,
    1.0429335477617958,
    1.0407722231926233,
    1.0387686892272598,
    1.0369246198234192,
    1.0352409947398205,
    1.033718309260661,
    1.0323567274404168,
    1.0311561952124844,
    1.0301165245255335,
    1.0292374562365638,
    1.0285187071736113,
    1.0279600051902074,
    1.0275611149182522,
    1.027321856124796,
    1.0272421159848546,
    1.0273218561247976,
    1.027561114918251,
    1.0279600051902074,
    1.0285187071736124,
    1.0292374562365625,
    1.0301165245255333,
    1.0311561952124857,
    1.0323567274404153,
    1.033718309260661,
    1.0352409947398218,
    1.036924619823418,
    1.038768689227259,
    1.0407722231926249,
    1.042933547761795,
    1.0452500043078545,
    1.047717541819495,
    1.0503301365675184,
    1.0530789553546862,
    1.0559511392134096,
    1.058928044198187,
    1.061982792541067,
    1.065077277228285,
    1.0681599375241075,
    1.0711686944431023,
    1.0740473614215924,
    1.0767780895848256,
    1.079403432904376,
    1.0819958961772362,
    1.084592666884569,
    1.0871585878150156,
    1.0895872521041483,
    1.0917120072784106,
    1.0933193630203712,
    1.0941874511407077,
    1.0941754331491431,
    1.093327141908005,
    1.0918705302932639,
    1.0900847435300967,
    1.0881649355001612,
    1.0861572172123073,
    1.0839670820092129,
    1.0814335983025238,
    1.0784081107852819,
    1.0747552103707025,
    1.0702910994129191,
    1.0647868854998743,
    1.0580996798492848,
    1.0503481921478754,
    1.0419715228547228,
    1.0335458984923218,
    1.025499337227628,
    1.018021426417935,
    1.0111800222459588,
    1.0050334195480424,
    0.9996289344462368,
    0.9949631137993054,
    0.9909814551856145,
    0.987604447911045,
    0.984749122057148,
    0.9823387211610883
  ],