{
  "bias_mev": [
    -20.0,
    -19.666666666666668,
    -19.333333333333332,
    -19.0,
    -18.666666666666668,
    -18.333333333333332,
    -18.0,
    -17.666666666666668,
    -17.333333333333332,
    -17.0,
    -16.666666666666668,
    -16.333333333333332,
    -16.0,
    -15.666666666666668,
    -15.333333333333334,
    -15.0,
    -14.666666666666668,
    -14.333333333333334,
    -14.0,
    -13.666666666666668,
    -13.333333333333334,
    -13.0,
    -12.666666666666668,
    -12.333333333333334,
    -12.0,
    -11.666666666666668,
    -11.333333333333334,
    -11.0,
    -10.666666666666668,
    -10.333333333333334,
    -10.0,
    -9.666666666666668,
    -9.333333333333334,
    -9.0,
    -8.666666666666668,
    -8.333333333333334,
    -8.0,
    -7.666666666666668,
    -7.333333333333334,
    -7.0,
    -6.666666666666668,
    -6.333333333333334,
    -6.0,
    -5.666666666666668,
    -5.333333333333334,
    -5.0,
    -4.666666666666668,
    -4.333333333333334,
    -4.0,
    -3.666666666666668,
    -3.3333333333333357,
    -3.0,
    -2.666666666666668,
    -2.3333333333333357,
    -2.0,
    -1.6666666666666679,
    -1.3333333333333357,
    -1.0,
    -0.6666666666666679,
    -0.3333333333333357,
    0.0,
    0.33333333333333215,
    0.6666666666666643,
    1.0,
    1.3333333333333321,
    1.6666666666666643,
    2.0,
    2.333333333333332,
    2.6666666666666643,
    3.0,
    3.333333333333332,
    3.6666666666666643,
    4.0,
    4.333333333333332,
    4.666666666666664,
    5.0,
    5.333333333333332,
    5.666666666666664,
    6.0,
    6.333333333333332,
    6.666666666666664,
    7.0,
    7.333333333333332,
    7.666666666666664,
    8.0,
    8.333333333333332,
    8.666666666666664,
    9.0,
    9.333333333333332,
    9.666666666666664,
    10.0,
    10.333333333333332,
    10.666666666666664,
    11.0,
    11.333333333333332,
    11.666666666666664,
    12.0,
    12.333333333333329,
    12.666666666666664,
    13.0,
    13.333333333333329,
    13.666666666666664,
    14.0,
    14.333333333333329,
    14.666666666666664,
    15.0,
    15.333333333333329,
    15.666666666666664,
    16.0,
    16.33333333333333,
    16.666666666666664,
    17.0,
    17.33333333333333,
    17.666666666666664,
    18.0,
    18.33333333333333,
    18.666666666666664,
    19.0,
    19.33333333333333,
    19.666666666666664,
    20.0
  ],
  "conductance": [
    0.9663175392935962,
    0.9708314421732951,
    0.9765041019928955,
    0.9833985375582638,
    0.9915325189376897,
    1.000849795306231,
    1.0111807968133864,
    1.0221944398315441,
    1.0333469247168716,
    1.0438439033762248,
    1.0526519753073114,
    1.0586092484443503,
    1.0606549683989068,
    1.0581115087363795,
    1.0508765630475052,
    1.0394150448692125,
    1.0245674082615412,
    1.007293241189002,
    0.9884661619727277,
    0.9687629458428795,
    0.9486261110309819,
    0.9282663432040793,
    0.9076937157377294,
    0.8867852287257584,
    0.8653884004594092,
    0.8434345876345709,
    0.8210162903143308,
    0.7983919524673683,
    0.7759198640763998,
    0.7539608038656703,
    0.732796319495656,
    0.712588095864178,
    0.6933795151089688,
    0.6751289713604093,
    0.6577612499743184,
    0.6412192650491384,
    0.6254957178826189,
    0.610632615694016,
    0.5966952705201425,
    0.583740555207425,
    0.5717961896040907,
    0.5608556139605898,
    0.5508837864656763,
    0.5418271438993247,
    0.5336230773628889,
    0.5262069911997438,
    0.5195167617083455,
    0.5134951414933532,
    0.5080907818361954,
    0.5032584270698924,
    0.4989586656979821,
    0.49515747903914076,
    0.49182572648517137,
    0.48893864163313017,
    0.4864753750665457,
    0.48441859806582793,
    0.4827541703043577,
    0.4814708692804638,
    0.4805601771992602,
    0.48001612071487937,
    0.479835159514872,
    0.48001612071487937,
    0.4805601771992601,
    0.4814708692804638,
    0.48275417030435774,
    0.48441859806582793,
    0.48647537506654565,
    0.4889386416331301,
    0.4918257264851713,
    0.4951574790391407,
    0.498958665697982,
    0.5032584270698924,
    0.5080907818361953,
    0.5134951414933531,
    0.5195167617083454,
    0.5262069911997438,
    0.5336230773628887,
    0.5418271438993245,
    0.5508837864656762,
    0.5608556139605898,
    0.5717961896040906,
    0.5837405552074248,
    0.5966952705201425,
    0.610632615694016,
    0.6254957178826189,
    0.6412192650491382,
    0.6577612499743183,
    0.6751289713604092,
    0.6933795151089688,
    0.7125880958641779,
    0.732796319495656,
    0.7539608038656701,
    0.7759198640763995,
    0.7983919524673683,
    0.8210162903143304,
    0.8434345876345707,
    0.8653884004594093,
    0.8867852287257577,
    0.9076937157377291,
    0.9282663432040794,
    0.9486261110309817,
    0.9687629458428791,
    0.9884661619727277,
    1.0072932411890017,
    1.0245674082615408,
    1.0394150448692128,
    1.050876563047505,
    1.0581115087363795,
    1.0606549683989068,
    1.0586092484443503,
    1.0526519753073114,
    1.0438439033762248,
    1.0333469247168716,
    1.0221944398315443,
    1.0111807968133864,
    1.0008497953062312,
    0.99153251893769,
    0.9833985375582637,
    0.9765041019928954,
    0.970831442173295,
    0.9663175392935961
  ],