{
  "bias_mev": [
    -20.0,
    -19.666666666666668,
    -19.333333333333332,
    -19.0,
    -18.666666666666668,
    -18.333333333333332,
    -18.0,
    -17.666666666666668,
    -17.333333333333332,
    -17.0,
    -16.666666666666668,
    -16.333333333333332,
    -16.0,
    -15.666666666666668,
    -15.333333333333334,
    -15.0,
    -14.666666666666668,
    -14.333333333333334,
    -14.0,
    -13.666666666666668,
    -13.333333333333334,
    -13.0,
    -12.666666666666668,
    -12.333333333333334,
    -12.0,
    -11.666666666666668,
    -11.333333333333334,
    -11.0,
    -10.666666666666668,
    -10.333333333333334,
    -10.0,
    -9.666666666666668,
    -9.333333333333334,
    -9.0,
    -8.666666666666668,
    -8.333333333333334,
    -8.0,
    -7.666666666666668,
    -7.333333333333334,
    -7.0,
    -6.666666666666668,
    -6.333333333333334,
    -6.0,
    -5.666666666666668,
    -5.333333333333334,
    -5.0,
    -4.666666666666668,
    -4.333333333333334,
    -4.0,
    -3.666666666666668,
    -3.3333333333333357,
    -3.0,
    -2.666666666666668,
    -2.3333333333333357,
    -2.0,
    -1.6666666666666679,
    -1.3333333333333357,
    -1.0,
    -0.6666666666666679,
    -0.3333333333333357,
    0.0,
    0.33333333333333215,
    0.6666666666666643,
    1.0,
    1.3333333333333321,
    1.6666666666666643,
    2.0,
    2.333333333333332,
    2.6666666666666643,
    3.0,
    3.333333333333332,
    3.6666666666666643,
    4.0,
    4.333333333333332,
    4.666666666666664,
    5.0,
    5.333333333333332,
    5.666666666666664,
    6.0,
    6.333333333333332,
    6.666666666666664,
    7.0,
    7.333333333333332,
    7.666666666666664,
    8.0,
    8.333333333333332,
    8.666666666666664,
    9.0,
    9.333333333333332,
    9.666666666666664,
    10.0,
    10.333333333333332,
    10.666666666666664,
    11.0,
    11.333333333333332,
    11.666666666666664,
    12.0,
    12.333333333333329,
    12.666666666666664,
    13.0,
    13.333333333333329,
    13.666666666666664,
    14.0,
    14.333333333333329,
    14.666666666666664,
    15.0,
    15.333333333333329,
    15.666666666666664,
    16.0,
    16.33333333333333,
    16.666666666666664,
    17.0,
    17.33333333333333,
    17.666666666666664,
    18.0,
    18.33333333333333,
    18.666666666666664,
    19.0,
    19.33333333333333,
    19.666666666666664,
    20.0
  ],
  "conductance": [
    0.9677718149841621,
    0.9718064973849393,
    0.9769207846338404,
    0.9832210755464172,
    0.9907923866304043,
    0.9996754260243824,
    1.0098356989387953,
    1.0211259797049945,
    1.033235840058557,
    1.0456144960935059,
    1.057383009288201,
    1.0673319471528888,
    1.074133504053266,
    1.0767533135058307,
    1.0748175312715254,
    1.068674909520728,
    1.059149249185444,
    1.0471968100820428,
    1.0336663215991626,
    1.0192076676131903,
    1.0042588039495133,
    0.9890361028679299,
    0.9735236275474487,
    0.9575092145748182,
    0.9407011555346491,
    0.9228990291140365,
    0.9041343137086948,
    0.8846943507614922,
    0.8650206535894661,
    0.8455598686068337,
    0.8266519647162087,
    0.808484329125414,
    0.7910989865745185,
    0.7744367541112255,
    0.7584073797427926,
    0.7429621236951973,
    0.7281306445611533,
    0.7140036872553156,
    0.7006851101308411,
    0.6882513725469718,
    0.6767359736769074,
    0.6661336151831888,
    0.6564122862961939,
    0.6475252438606305,
    0.6394198600348141,
    0.6320431692451222,
    0.6253449286733866,
    0.6192790749648456,
    0.6138042432206425,
    0.6088837808431592,
    0.604485514399119,
    0.6005814148841374,
    0.5971472392393893,
    0.5941621874510878,
    0.5916085933894715,
    0.5894716563221407,
    0.5877392143727821,
    0.5864015585740414,
    0.5854512851744658,
    0.5848831837293871,
    0.5846941588148648,
    0.5848831837293871,
    0.5854512851744658,
    0.5864015585740415,
    0.5877392143727821,
    0.5894716563221406,
    0.5916085933894715,
    0.5941621874510878,
    0.5971472392393893,
    0.6005814148841374,
    0.604485514399119,
    0.6088837808431589,
    0.6138042432206424,
    0.6192790749648457,
    0.6253449286733865,
    0.632043169245122,
    0.6394198600348142,
    0.6475252438606305,
    0.6564122862961937,
    0.6661336151831888,
    0.6767359736769074,
    0.6882513725469717,
    0.7006851101308411,
    0.7140036872553154,
    0.7281306445611532,
    0.7429621236951972,
    0.7584073797427925,
    0.7744367541112254,
    0.7910989865745184,
    0.8084843291254136,
    0.8266519647162087,
    0.8455598686068339,
    0.8650206535894659,
    0.8846943507614923,
    0.9041343137086946,
    0.9228990291140361,
    0.9407011555346493,
    0.9575092145748181,
    0.9735236275474485,
    0.9890361028679299,
    1.004258803949513,
    1.0192076676131903,
    1.0336663215991628,
    1.0471968100820428,
    1.0591492491854435,
    1.0686749095207282,
    1.0748175312715254,
    1.0767533135058303,
    1.0741335040532662,
    1.0673319471528893,
    1.057383009288201,
    1.045614496093506,
    1.033235840058557,
    1.0211259797049945,
    1.0098356989387953,
    0.9996754260243828,
    0.9907923866304044,
    0.9832210755464175,
    0.9769207846338407,
    0.9718064973849393,
    0.967771814984162
  ],