{
  "bias_mev": [
    -20.0,
    -19.666666666666668,
    -19.333333333333332,
    -19.0,
    -18.666666666666668,
    -18.333333333333332,
    -18.0,
    -17.666666666666668,
    -17.333333333333332,
    -17.0,
    -16.666666666666668,
    -16.333333333333332,
    -16.0,
    -15.666666666666668,
    -15.333333333333334,
    -15.0,
    -14.666666666666668,
    -14.333333333333334,
    -14.0,
    -13.666666666666668,
    -13.333333333333334,
    -13.0,
    -12.666666666666668,
    -12.333333333333334,
    -12.0,
    -11.666666666666668,
    -11.333333333333334,
    -11.0,
    -10.666666666666668,
    -10.333333333333334,
    -10.0,
    -9.666666666666668,
    -9.333333333333334,
    -9.0,
    -8.666666666666668,
    -8.333333333333334,
    -8.0,
    -7.666666666666668,
    -7.333333333333334,
    -7.0,
    -6.666666666666668,
    -6.333333333333334,
    -6.0,
    -5.666666666666668,
    -5.333333333333334,
    -5.0,
    -4.666666666666668,
    -4.333333333333334,
    -4.0,
    -3.666666666666668,
    -3.3333333333333357,
    -3.0,
    -2.666666666666668,
    -2.3333333333333357,
    -2.0,
    -1.6666666666666679,
    -1.3333333333333357,
    -1.0,
    -0.6666666666666679,
    -0.3333333333333357,
    0.0,
    0.33333333333333215,
    0.6666666666666643,
    1.0,
    1.3333333333333321,
    1.6666666666666643,
    2.0,
    2.333333333333332,
    2.6666666666666643,
    3.0,
    3.333333333333332,
    3.6666666666666643,
    4.0,
    4.333333333333332,
    4.666666666666664,
    5.0,
    5.333333333333332,
    5.666666666666664,
    6.0,
    6.333333333333332,
    6.666666666666664,
    7.0,
    7.333333333333332,
    7.666666666666664,
    8.0,
    8.333333333333332,
    8.666666666666664,
    9.0,
    9.333333333333332,
    9.666666666666664,
    10.0,
    10.333333333333332,
    10.666666666666664,
    11.0,
    11.333333333333332,
    11.666666666666664,
    12.0,
    12.333333333333329,
    12.666666666666664,
    13.0,
    13.333333333333329,
    13.666666666666664,
    14.0,
    14.333333333333329,
    14.666666666666664,
    15.0,
    15.333333333333329,
    15.666666666666664,
    16.0,
    16.33333333333333,
    16.666666666666664,
    17.0,
    17.33333333333333,
    17.666666666666664,
    18.0,
    18.33333333333333,
    18.666666666666664,
    19.0,
    19.33333333333333,
    19.666666666666664,
    20.0
  ],
  "conductance": [
    0.9786597352653136,
    0.9819583041515428,
    0.9856717040134906,
    0.9898776462866096,
    0.9946620830291582,
    1.000109793454089,
    1.0062801358361622,
    1.0131731950034375,
    1.0207270235605213,
    1.0288803793996755,
    1.037609829451653,
    1.046822263010392,
    1.056199822676891,
    1.0652386339522046,
    1.0735203369861057,
    1.080912675398437,
    1.0875293544046478,
    1.0935624260746075,
    1.0991477181697704,
    1.1043708773674727,
    1.1093521828884056,
    1.1142480526814535,
    1.1191496639361156,
    1.1239882518880264,
    1.1285272326880231,
    1.132436298164071,
    1.1354414525324983,
    1.1374818640909072,
    1.1387069904015907,
    1.139353278363189,
    1.1396475114861484,
    1.139769277399297,
    1.1398345596302466,
    1.13987165953101,
    1.1398038403902908,
    1.1394950781214737,
    1.1388558800414672,
    1.1378956479526001,
    1.1366858370939021,
    1.135308656060247,
    1.1338330082354675,
    1.132310622412511,
    1.1307790850528086,
    1.1292656739253009,
    1.127790394233261,
    1.1263681204133025,
    1.1250100627726451,
    1.1237247726846789,
    1.1225188402189552,
    1.1213973863682278,
    1.1203644163309079,
    1.1194230771811893,
    1.1185758485095982,
    1.1178246851745839,
    1.11717112518687,
    1.1166163717182807,
    1.1161613555235956,
    1.1158067822141988,
    1.115553167528265,
    1.1154008628135563,
    1.1153500722507417,
    1.1154008628135579,
    1.1155531675282637,
    1.1158067822141988,
    1.1161613555235974,
    1.1166163717182795,
    1.11717112518687,
    1.1178246851745854,
    1.1185758485095971,
    1.1194230771811893,
    1.1203644163309094,
    1.1213973863682267,
    1.1225188402189545,
    1.1237247726846802,
    1.1250100627726443,
    1.126368120413302,
    1.1277903942332623,
    1.1292656739253004,
    1.130779085052808,
    1.1323106224125128,
    1.1338330082354666,
    1.1353086560602463,
    1.1366858370939035,
    1.1378956479525995,
    1.1388558800414665,
    1.1394950781214752,
    1.1398038403902901,
    1.1398716595310092,
    1.1398345596302484,
    1.1397692773992962,
    1.1396475114861475,
    1.1393532783631903,
    1.13870699040159,
    1.1374818640909063,
    1.1354414525324996,
    1.1324362981640697,
    1.1285272326880231,
    1.1239882518880278,
    1.1191496639361136,
    1.114248052681454,
    1.1093521828884072,
    1.104370877367471,
    1.0991477181697709,
    1.093562426074609,
    1.0875293544046458,
    1.0809126753984375,
    1.0735203369861073,
    1.065238633952203,
    1.0561998226768912,
    1.0468222630103936,
    1.0376098294516514,
    1.0288803793996755,
    1.0207270235605228,
    1.0131731950034364,
    1.0062801358361622,
    1.0001097934540903,
    0.9946620830291569,
    0.9898776462866096,
    0.9856717040134921,
    0.9819583041515421,
    0.9786597352653131
  ],