{
  "bias_mev": [
    -20.0,
    -19.666666666666668,
    -19.333333333333332,
    -19.0,
    -18.666666666666668,
    -18.333333333333332,
    -18.0,
    -17.666666666666668,
    -17.333333333333332,
    -17.0,
    -16.666666666666668,
    -16.333333333333332,
    -16.0,
    -15.666666666666668,
    -15.333333333333334,
    -15.0,
    -14.666666666666668,
    -14.333333333333334,
    -14.0,
    -13.666666666666668,
    -13.333333333333334,
    -13.0,
    -12.666666666666668,
    -12.333333333333334,
    -12.0,
    -11.666666666666668,
    -11.333333333333334,
    -11.0,
    -10.666666666666668,
    -10.333333333333334,
    -10.0,
    -9.666666666666668,
    -9.333333333333334,
    -9.0,
    -8.666666666666668,
    -8.333333333333334,
    -8.0,
    -7.666666666666668,
    -7.333333333333334,
    -7.0,
    -6.666666666666668,
    -6.333333333333334,
    -6.0,
    -5.666666666666668,
    -5.333333333333334,
    -5.0,
    -4.666666666666668,
    -4.333333333333334,
    -4.0,
    -3.666666666666668,
    -3.3333333333333357,
    -3.0,
    -2.666666666666668,
    -2.3333333333333357,
    -2.0,
    -1.6666666666666679,
    -1.3333333333333357,
    -1.0,
    -0.6666666666666679,
    -0.3333333333333357,
    0.0,
    0.33333333333333215,
    0.6666666666666643,
    1.0,
    1.3333333333333321,
    1.6666666666666643,
    2.0,
    2.333333333333332,
    2.6666666666666643,
    3.0,
    3.333333333333332,
    3.6666666666666643,
    4.0,
    4.333333333333332,
    4.666666666666664,
    5.0,
    5.333333333333332,
    5.666666666666664,
    6.0,
    6.333333333333332,
    6.666666666666664,
    7.0,
    7.333333333333332,
    7.666666666666664,
    8.0,
    8.333333333333332,
    8.666666666666664,
    9.0,
    9.333333333333332,
    9.666666666666664,
    10.0,
    10.333333333333332,
    10.666666666666664,
    11.0,
    11.333333333333332,
    11.666666666666664,
    12.0,
    12.333333333333329,
    12.666666666666664,
    13.0,
    13.333333333333329,
    13.666666666666664,
    14.0,
    14.333333333333329,
    14.666666666666664,
    15.0,
    15.333333333333329,
    15.666666666666664,
    16.0,
    16.33333333333333,
    16.666666666666664,
    17.0,
    17.33333333333333,
    17.666666666666664,
    18.0,
    18.33333333333333,
    18.666666666666664,
    19.0,
    19.33333333333333,
    19.666666666666664,
    20.0
  ],
  "conductance": [
    0.9750165977844408,
    0.9781004079526944,
    0.9820210132840199,
    0.9868667749926435,
    0.9927081820389242,
    0.9995831699086275,
    1.0074786061612901,
    1.0163117824844863,
    1.0259126626890946,
    1.036000802703778,
    1.0461546386142098,
    1.0557973548137427,
    1.0642487417245996,
    1.0708662867808336,
    1.0752202975648442,
    1.0771987124148188,
    1.0769831575704611,
    1.0749312872873986,
    1.0714473362450263,
    1.0668955070837358,
    1.0615548938094619,
    1.0555885139162662,
    1.0490183092795826,
    1.0417277585072002,
    1.0335153836591338,
    1.0241933459927117,
    1.0136908620867415,
    1.0021104285890896,
    0.9897099179046748,
    0.976828076650496,
    0.9637955771006992,
    0.9508649378262825,
    0.9381735407690824,
    0.9257448670851601,
    0.9135283315831039,
    0.901463939389195,
    0.889540003964665,
    0.8778139002383808,
    0.8663928555047689,
    0.855397210547793,
    0.844930137047941,
    0.8350634331906981,
    0.8258367064500381,
    0.8172634147228605,
    0.8093386450113403,
    0.8020460164984735,
    0.7953628822902202,
    0.7892638863091526,
    0.7837232319740727,
    0.7787160436898578,
    0.7742191301000696,
    0.7702113712037651,
    0.7666738786777043,
    0.7635900256888767,
    0.7609454064952212,
    0.7587277627598898,
    0.7569268987532749,
    0.7555345985000054,
    0.7545445523916016,
    0.7539522974814866,
    0.7537551737454204,
    0.7539522974814865,
    0.7545445523916016,
    0.7555345985000054,
    0.7569268987532748,
    0.7587277627598898,
    0.7609454064952212,
    0.7635900256888767,
    0.7666738786777042,
    0.7702113712037653,
    0.7742191301000695,
    0.7787160436898578,
    0.7837232319740727,
    0.7892638863091526,
    0.7953628822902202,
    0.8020460164984735,
    0.8093386450113402,
    0.8172634147228605,
    0.8258367064500381,
    0.835063433190698,
    0.8449301370479408,
    0.8553972105477929,
    0.8663928555047689,
    0.8778139002383806,
    0.889540003964665,
    0.901463939389195,
    0.9135283315831038,
    0.92574486708516,
    0.9381735407690823,
    0.9508649378262823,
    0.9637955771006992,
    0.9768280766504958,
    0.9897099179046746,
    1.0021104285890898,
    1.0136908620867415,
    1.0241933459927117,
    1.033515383659134,
    1.0417277585072002,
    1.0490183092795824,
    1.0555885139162662,
    1.0615548938094617,
    1.066895507083736,
    1.0714473362450263,
    1.0749312872873984,
    1.0769831575704611,
    1.0771987124148188,
    1.0752202975648444,
    1.0708662867808336,
    1.0642487417245996,
    1.0557973548137431,
    1.04615463861421,
    1.036000802703778,
    1.025912662689095,
    1.0163117824844865,
    1.0074786061612901,
    0.9995831699086278,
    0.9927081820389243,
    0.9868667749926437,
    0.9820210132840199,
    0.9781004079526944,
    0.9750165977844407
  ],