{
  "bias_mev": [
    -20.0,
    -19.666666666666668,
    -19.333333333333332,
    -19.0,
    -18.666666666666668,
    -18.333333333333332,
    -18.0,
    -17.666666666666668,
    -17.333333333333332,
    -17.0,
    -16.666666666666668,
    -16.333333333333332,
    -16.0,
    -15.666666666666668,
    -15.333333333333334,
    -15.0,
    -14.666666666666668,
    -14.333333333333334,
    -14.0,
    -13.666666666666668,
    -13.333333333333334,
    -13.0,
    -12.666666666666668,
    -12.333333333333334,
    -12.0,
    -11.666666666666668,
    -11.333333333333334,
    -11.0,
    -10.666666666666668,
    -10.333333333333334,
    -10.0,
    -9.666666666666668,
    -9.333333333333334,
    -9.0,
    -8.666666666666668,
    -8.333333333333334,
    -8.0,
    -7.666666666666668,
    -7.333333333333334,
    -7.0,
    -6.666666666666668,
    -6.333333333333334,
    -6.0,
    -5.666666666666668,
    -5.333333333333334,
    -5.0,
    -4.666666666666668,
    -4.333333333333334,
    -4.0,
    -3.666666666666668,
    -3.3333333333333357,
    -3.0,
    -2.666666666666668,
    -2.3333333333333357,
    -2.0,
    -1.6666666666666679,
    -1.3333333333333357,
    -1.0,
    -0.6666666666666679,
    -0.3333333333333357,
    0.0,
    0.33333333333333215,
    0.6666666666666643,
    1.0,
    1.3333333333333321,
    1.6666666666666643,
    2.0,
    2.333333333333332,
    2.6666666666666643,
    3.0,
    3.333333333333332,
    3.6666666666666643,
    4.0,
    4.333333333333332,
    4.666666666666664,
    5.0,
    5.333333333333332,
    5.666666666666664,
    6.0,
    6.333333333333332,
    6.666666666666664,
    7.0,
    7.333333333333332,
    7.666666666666664,
    8.0,
    8.333333333333332,
    8.666666666666664,
    9.0,
    9.333333333333332,
    9.666666666666664,
    10.0,
    10.333333333333332,
    10.666666666666664,
    11.0,
    11.333333333333332,
    11.666666666666664,
    12.0,
    12.333333333333329,
    12.666666666666664,
    13.0,
    13.333333333333329,
    13.666666666666664,
    14.0,
    14.333333333333329,
    14.666666666666664,
    15.0,
    15.333333333333329,
    15.666666666666664,
    16.0,
    16.33333333333333,
    16.666666666666664,
    17.0,
    17.33333333333333,
    17.666666666666664,
    18.0,
    18.33333333333333,
    18.666666666666664,
    19.0,
    19.33333333333333,
    19.666666666666664,
    20.0
  ],
  "conductance": [
    0.9727275321296385,
    0.9765551478522222,
    0.9811003775522563,
    0.9864581334874223,
    0.992715401393597,
    0.9999376671048564,
    1.0081489865574942,
    1.0173066261056718,
    1.0272717777683258,
    1.037778350048515,
    1.0484087829221647,
    1.058602512638748,
    1.0677291308426136,
    1.07522418249157,
    1.0807269404616289,
    1.0841431439055427,
    1.0856083545701511,
    1.0853931663529688,
    1.083810029166886,
    1.0811529326762153,
    1.0776642393758822,
    1.0735104959280037,
    1.0687629996888595,
    1.0633960197075305,
    1.0573162482904603,
    1.0504214682307857,
    1.0426664797260699,
    1.0341044603324083,
    1.0248839395894365,
    1.0152091001604036,
    1.005289195141768,
    0.995298918666629,
    0.9853578784091169,
    0.9755288468059772,
    0.965832435251186,
    0.956273066501187,
    0.9468651648245583,
    0.9376467644497458,
    0.9286761568671078,
    0.9200184603439491,
    0.9117323269623712,
    0.9038624173957508,
    0.8964377664384154,
    0.8894737084959441,
    0.8829751089649729,
    0.8769395634808419,
    0.8713600192635653,
    0.8662267216112022,
    0.8615285764002437,
    0.8572540672106401,
    0.8533918548888917,
    0.8499311595184708,
    0.8468619970785081,
    0.8441753208868661,
    0.841863101741021,
    0.8399183694219929,
    0.8383352306072072,
    0.8371088731424892,
    0.836235563229663,
    0.8357126398189089,
    0.8355385089620757,
    0.835712639818909,
    0.8362355632296629,
    0.8371088731424889,
    0.8383352306072072,
    0.8399183694219929,
    0.8418631017410209,
    0.8441753208868663,
    0.846861997078508,
    0.8499311595184708,
    0.8533918548888919,
    0.85725406721064,
    0.8615285764002437,
    0.866226721611202,
    0.8713600192635653,
    0.8769395634808418,
    0.8829751089649729,
    0.889473708495944,
    0.8964377664384153,
    0.9038624173957508,
    0.9117323269623709,
    0.920018460343949,
    0.9286761568671079,
    0.9376467644497456,
    0.9468651648245583,
    0.9562730665011869,
    0.9658324352511856,
    0.9755288468059771,
    0.985357878409117,
    0.9952989186666289,
    1.005289195141768,
    1.0152091001604033,
    1.0248839395894362,
    1.034104460332408,
    1.0426664797260699,
    1.0504214682307857,
    1.05731624829046,
    1.0633960197075303,
    1.068762999688859,
    1.0735104959280033,
    1.077664239375882,
    1.081152932676215,
    1.083810029166886,
    1.085393166352969,
    1.085608354570151,
    1.0841431439055425,
    1.080726940461629,
    1.0752241824915696,
    1.0677291308426138,
    1.058602512638748,
    1.0484087829221647,
    1.037778350048515,
    1.0272717777683258,
    1.0173066261056718,
    1.0081489865574942,
    0.9999376671048564,
    0.9927154013935972,
    0.9864581334874221,
    0.9811003775522564,
    0.976555147852222,
    0.972727532129638
  ],