{
  "bias_mev": [
    -20.0,
    -19.666666666666668,
    -19.333333333333332,
    -19.0,
    -18.666666666666668,
    -18.333333333333332,
    -18.0,
    -17.666666666666668,
    -17.333333333333332,
    -17.0,
    -16.666666666666668,
    -16.333333333333332,
    -16.0,
    -15.666666666666668,
    -15.333333333333334,
    -15.0,
    -14.666666666666668,
    -14.333333333333334,
    -14.0,
    -13.666666666666668,
    -13.333333333333334,
    -13.0,
    -12.666666666666668,
    -12.333333333333334,
    -12.0,
    -11.666666666666668,
    -11.333333333333334,
    -11.0,
    -10.666666666666668,
    -10.333333333333334,
    -10.0,
    -9.666666666666668,
    -9.333333333333334,
    -9.0,
    -8.666666666666668,
    -8.333333333333334,
    -8.0,
    -7.666666666666668,
    -7.333333333333334,
    -7.0,
    -6.666666666666668,
    -6.333333333333334,
    -6.0,
    -5.666666666666668,
    -5.333333333333334,
    -5.0,
    -4.666666666666668,
    -4.333333333333334,
    -4.0,
    -3.666666666666668,
    -3.3333333333333357,
    -3.0,
    -2.666666666666668,
    -2.3333333333333357,
    -2.0,
    -1.6666666666666679,
    -1.3333333333333357,
    -1.0,
    -0.6666666666666679,
    -0.3333333333333357,
    0.0,
    0.33333333333333215,
    0.6666666666666643,
    1.0,
    1.3333333333333321,
    1.6666666666666643,
    2.0,
    2.333333333333332,
    2.6666666666666643,
    3.0,
    3.333333333333332,
    3.6666666666666643,
    4.0,
    4.333333333333332,
    4.666666666666664,
    5.0,
    5.333333333333332,
    5.666666666666664,
    6.0,
    6.333333333333332,
    6.666666666666664,
    7.0,
    7.333333333333332,
    7.666666666666664,
    8.0,
    8.333333333333332,
    8.666666666666664,
    9.0,
    9.333333333333332,
    9.666666666666664,
    10.0,
    10.333333333333332,
    10.666666666666664,
    11.0,
    11.333333333333332,
    11.666666666666664,
    12.0,
    12.333333333333329,
    12.666666666666664,
    13.0,
    13.333333333333329,
    13.666666666666664,
    14.0,
    14.333333333333329,
    14.666666666666664,
    15.0,
    15.333333333333329,
    15.666666666666664,
    16.0,
    16.33333333333333,
    16.666666666666664,
    17.0,
    17.33333333333333,
    17.666666666666664,
    18.0,
    18.33333333333333,
    18.666666666666664,
    19.0,
    19.33333333333333,
    19.666666666666664,
    20.0
  ],
  "conductance": [
    0.9603334904043365,
    0.9654307193543679,
    0.9719244132325836,
    0.9799063814068256,
    0.9894236001330451,
    1.0004460162074484,
    1.0128222052442208,
    1.0262217992199056,
    1.0400624437046124,
    1.0534289310926535,
    1.0650313795337962,
    1.073301321724217,
    1.0767061882883957,
    1.0742100443359772,
    1.0656305477055381,
    1.0516601008924418,
    1.033556514517107,
    1.0127196373816427,
    0.9903697742821586,
    0.9673985412499038,
    0.9443391367805192,
    0.9213844489397808,
    0.8984346225651131,
    0.8751983148526754,
    0.8513577485650344,
    0.8267540186839364,
    0.8015078770707644,
    0.7760096406579395,
    0.7507893035821006,
    0.7263484501360252,
    0.7030371626303209,
    0.6810092874822825,
    0.6602465597201237,
    0.6406284892771447,
    0.6220218984056192,
    0.604356087668715,
    0.5876502182282691,
    0.5719860285407999,
    0.5574538904405306,
    0.5441089979497892,
    0.5319548594661346,
    0.5209492762371384,
    0.5110200665580122,
    0.502080824766446,
    0.4940425401943901,
    0.4868206179611993,
    0.480338353555784,
    0.47452813291057605,
    0.46933136118746854,
    0.46469777977530846,
    0.460584557509235,
    0.45695536070792586,
    0.4537794984146227,
    0.45103117968403084,
    0.4486888895262115,
    0.44673487636939796,
    0.4451547388867855,
    0.4439370993518654,
    0.4430733519752702,
    0.44255747672587437,
    0.4423859113785988,
    0.4425574767258744,
    0.4430733519752702,
    0.4439370993518655,
    0.4451547388867856,
    0.44673487636939785,
    0.44868888952621155,
    0.45103117968403084,
    0.45377949841462273,
    0.4569553607079258,
    0.46058455750923494,
    0.46469777977530835,
    0.46933136118746843,
    0.47452813291057616,
    0.48033835355578397,
    0.48682061796119924,
    0.49404254019439,
    0.5020808247664459,
    0.5110200665580121,
    0.5209492762371383,
    0.5319548594661344,
    0.5441089979497892,
    0.5574538904405306,
    0.5719860285407997,
    0.5876502182282691,
    0.6043560876687148,
    0.622021898405619,
    0.6406284892771447,
    0.6602465597201236,
    0.6810092874822822,
    0.7030371626303208,
    0.726348450136025,
    0.7507893035821003,
    0.7760096406579395,
    0.8015078770707642,
    0.8267540186839359,
    0.8513577485650342,
    0.8751983148526751,
    0.8984346225651128,
    0.9213844489397807,
    0.9443391367805187,
    0.9673985412499035,
    0.9903697742821583,
    1.0127196373816425,
    1.0335565145171068,
    1.0516601008924418,
    1.0656305477055377,
    1.0742100443359774,
    1.0767061882883955,
    1.073301321724217,
    1.0650313795337965,
    1.053428931092653,
    1.0400624437046124,
    1.0262217992199056,
    1.0128222052442208,
    1.0004460162074487,
    0.9894236001330454,
    0.9799063814068255,
    0.9719244132325838,
    0.9654307193543676,
    0.9603334904043365
  ],