{
  "bias_mev": [
    -20.0,
    -19.666666666666668,
    -19.333333333333332,
    -19.0,
    -18.666666666666668,
    -18.333333333333332,
    -18.0,
    -17.666666666666668,
    -17.333333333333332,
    -17.0,
    -16.666666666666668,
    -16.333333333333332,
    -16.0,
    -15.666666666666668,
    -15.333333333333334,
    -15.0,
    -14.666666666666668,
    -14.333333333333334,
    -14.0,
    -13.666666666666668,
    -13.333333333333334,
    -13.0,
    -12.666666666666668,
    -12.333333333333334,
    -12.0,
    -11.666666666666668,
    -11.333333333333334,
    -11.0,
    -10.666666666666668,
    -10.333333333333334,
    -10.0,
    -9.666666666666668,
    -9.333333333333334,
    -9.0,
    -8.666666666666668,
    -8.333333333333334,
    -8.0,
    -7.666666666666668,
    -7.333333333333334,
    -7.0,
    -6.666666666666668,
    -6.333333333333334,
    -6.0,
    -5.666666666666668,
    -5.333333333333334,
    -5.0,
    -4.666666666666668,
    -4.333333333333334,
    -4.0,
    -3.666666666666668,
    -3.3333333333333357,
    -3.0,
    -2.666666666666668,
    -2.3333333333333357,
    -2.0,
    -1.6666666666666679,
    -1.3333333333333357,
    -1.0,
    -0.6666666666666679,
    -0.3333333333333357,
    0.0,
    0.33333333333333215,
    0.6666666666666643,
    1.0,
    1.3333333333333321,
    1.6666666666666643,
    2.0,
    2.333333333333332,
    2.6666666666666643,
    3.0,
    3.333333333333332,
    3.6666666666666643,
    4.0,
    4.333333333333332,
    4.666666666666664,
    5.0,
    5.333333333333332,
    5.666666666666664,
    6.0,
    6.333333333333332,
    6.666666666666664,
    7.0,
    7.333333333333332,
    7.666666666666664,
    8.0,
    8.333333333333332,
    8.666666666666664,
    9.0,
    9.333333333333332,
    9.666666666666664,
    10.0,
    10.333333333333332,
    10.666666666666664,
    11.0,
    11.333333333333332,
    11.666666666666664,
    12.0,
    12.333333333333329,
    12.666666666666664,
    13.0,
    13.333333333333329,
    13.666666666666664,
    14.0,
    14.333333333333329,
    14.666666666666664,
    15.0,
    15.333333333333329,
    15.666666666666664,
    16.0,
    16.33333333333333,
    16.666666666666664,
    17.0,
    17.33333333333333,
    17.666666666666664,
    18.0,
    18.33333333333333,
    18.666666666666664,
    19.0,
    19.33333333333333,
    19.666666666666664,
    20.0
  ],
  "conductance": [
    0.9766842632085535,
    0.9787248812990123,
    0.98202510697886,
    0.9866463634077894,
    0.9925978568355529,
    0.9997820981820505,
    1.0079389593091697,
    1.0166409287224074,
    1.025371059371541,
    1.0335884826850643,
    1.0406305171877568,
    1.0455440427619667,
    1.0471962075011763,
    1.0447764483669502,
    1.038266393667016,
    1.028418619087415,
    1.0163117926635779,
    1.0028938854805856,
    0.9888201444801772,
    0.9745497369915588,
    0.9604168973121322,
    0.9465165401575498,
    0.9325488219189426,
    0.9178456961977413,
    0.9016359174832665,
    0.883436976415495,
    0.8633684613789897,
    0.842150248629092,
    0.8207699509416603,
    0.8000980935949543,
    0.7806791590328418,
    0.7626938514816388,
    0.7460003880600274,
    0.7302255358809968,
    0.7149373832607179,
    0.6998695120852421,
    0.6850431451450537,
    0.6706894361413256,
    0.6570764707550522,
    0.644392000885341,
    0.6327185304143825,
    0.6220583549558194,
    0.6123672686267817,
    0.6035799855962323,
    0.5956253932415384,
    0.5884344672575414,
    0.5819438248296921,
    0.5760969484564558,
    0.5708442647194828,
    0.5661427139959418,
    0.5619551348730639,
    0.5582496200303277,
    0.5549989143067283,
    0.5521798826470271,
    0.5497730548933,
    0.5477622450223101,
    0.5461342387574626,
    0.5448785425980827,
    0.5439871877310953,
    0.5434545832825032,
    0.5432774145710044,
    0.5434545832825035,
    0.5439871877310948,
    0.5448785425980828,
    0.546134238757463,
    0.5477622450223096,
    0.5497730548933,
    0.5521798826470273,
    0.5549989143067278,
    0.5582496200303279,
    0.5619551348730645,
    0.5661427139959414,
    0.5708442647194828,
    0.5760969484564562,
    0.581943824829692,
    0.5884344672575412,
    0.5956253932415388,
    0.6035799855962319,
    0.6123672686267815,
    0.6220583549558197,
    0.632718530414382,
    0.6443920008853408,
    0.6570764707550527,
    0.6706894361413253,
    0.6850431451450535,
    0.6998695120852426,
    0.7149373832607175,
    0.7302255358809967,
    0.7460003880600281,
    0.7626938514816384,
    0.7806791590328415,
    0.8000980935949549,
    0.8207699509416598,
    0.8421502486290917,
    0.8633684613789904,
    0.8834369764154942,
    0.9016359174832668,
    0.9178456961977419,
    0.9325488219189415,
    0.94651654015755,
    0.9604168973121323,
    0.9745497369915574,
    0.9888201444801775,
    1.002893885480586,
    1.0163117926635763,
    1.0284186190874154,
    1.0382663936670165,
    1.0447764483669488,
    1.0471962075011763,
    1.0455440427619673,
    1.0406305171877561,
    1.033588482685064,
    1.0253710593715417,
    1.0166409287224067,
    1.0079389593091694,
    0.9997820981820511,
    0.9925978568355522,
    0.9866463634077894,
    0.9820251069788606,
    0.9787248812990117,
    0.976684263208553
  ],