{
  "bias_mev": [
    -20.0,
    -19.666666666666668,
    -19.333333333333332,
    -19.0,
    -18.666666666666668,
    -18.333333333333332,
    -18.0,
    -17.666666666666668,
    -17.333333333333332,
    -17.0,
    -16.666666666666668,
    -16.333333333333332,
    -16.0,
    -15.666666666666668,
    -15.333333333333334,
    -15.0,
    -14.666666666666668,
    -14.333333333333334,
    -14.0,
    -13.666666666666668,
    -13.333333333333334,
    -13.0,
    -12.666666666666668,
    -12.333333333333334,
    -12.0,
    -11.666666666666668,
    -11.333333333333334,
    -11.0,
    -10.666666666666668,
    -10.333333333333334,
    -10.0,
    -9.666666666666668,
    -9.333333333333334,
    -9.0,
    -8.666666666666668,
    -8.333333333333334,
    -8.0,
    -7.666666666666668,
    -7.333333333333334,
    -7.0,
    -6.666666666666668,
    -6.333333333333334,
    -6.0,
    -5.666666666666668,
    -5.333333333333334,
    -5.0,
    -4.666666666666668,
    -4.333333333333334,
    -4.0,
    -3.666666666666668,
    -3.3333333333333357,
    -3.0,
    -2.666666666666668,
    -2.3333333333333357,
    -2.0,
    -1.6666666666666679,
    -1.3333333333333357,
    -1.0,
    -0.6666666666666679,
    -0.3333333333333357,
    0.0,
    0.33333333333333215,
    0.6666666666666643,
    1.0,
    1.3333333333333321,
    1.6666666666666643,
    2.0,
    2.333333333333332,
    2.6666666666666643,
    3.0,
    3.333333333333332,
    3.6666666666666643,
    4.0,
    4.333333333333332,
    4.666666666666664,
    5.0,
    5.333333333333332,
    5.666666666666664,
    6.0,
    6.333333333333332,
    6.666666666666664,
    7.0,
    7.333333333333332,
    7.666666666666664,
    8.0,
    8.333333333333332,
    8.666666666666664,
    9.0,
    9.333333333333332,
    9.666666666666664,
    10.0,
    10.333333333333332,
    10.666666666666664,
    11.0,
    11.333333333333332,
    11.666666666666664,
    12.0,
    12.333333333333329,
    12.666666666666664,
    13.0,
    13.333333333333329,
    13.666666666666664,
    14.0,
    14.333333333333329,
    14.666666666666664,
    15.0,
    15.333333333333329,
    15.666666666666664,
    16.0,
    16.33333333333333,
    16.666666666666664,
    17.0,
    17.33333333333333,
    17.666666666666664,
    18.0,
    18.33333333333333,
    18.666666666666664,
    19.0,
    19.33333333333333,
    19.666666666666664,
    20.0
  ],
  "conductance": [
    0.9808050411264637,
    0.9820926552591644,
    0.9843369594907994,
    0.9876584766662712,
    0.9921861005952352,
    0.9980357303047616,
    1.0052537269743964,
    1.01372022529338,
    1.0230813105616579,
    1.0328297737278687,
    1.042396246315123,
    1.0509397205351068,
    1.057216311772161,
    1.0601519342030679,
    1.0595550656212542,
    1.0560846934920334,
    1.0506921431569376,
    1.0440924882564762,
    1.0366565745281946,
    1.0286981686608156,
    1.0206394810709034,
    1.0127992907724275,
    1.0051273388905289,
    0.9972036307160299,
    0.9884194469352606,
    0.9781158924668393,
    0.9658789693033488,
    0.9519170878660197,
    0.9369678182028043,
    0.9218594771442931,
    0.9072227794712127,
    0.8934343163272449,
    0.8806380842598606,
    0.8687408345346036,
    0.8573985780961859,
    0.8461404398088315,
    0.8346831053760871,
    0.8231092949483135,
    0.8117082322190182,
    0.8007535284189395,
    0.7904169672363852,
    0.7807782144854698,
    0.771857627316151,
    0.7636429443360732,
    0.75610600051989,
    0.7492121848015717,
    0.7429255142099862,
    0.7372112341860017,
    0.7320370632117459,
    0.7273737081599002,
    0.7231949960368278,
    0.7194778119468663,
    0.7162019471787173,
    0.7133499138893216,
    0.710906756614907,
    0.708859876307833,
    0.7071988745949553,
    0.7059154216147723,
    0.7050031485209945,
    0.704457564642257,
    0.7042759988524405,
    0.7044575646422576,
    0.7050031485209939,
    0.7059154216147723,
    0.7071988745949559,
    0.7088598763078322,
    0.7109067566149071,
    0.7133499138893222,
    0.7162019471787164,
    0.7194778119468663,
    0.7231949960368286,
    0.7273737081598995,
    0.7320370632117457,
    0.7372112341860025,
    0.7429255142099859,
    0.7492121848015714,
    0.7561060005198905,
    0.7636429443360726,
    0.7718576273161507,
    0.7807782144854708,
    0.7904169672363844,
    0.800753528418939,
    0.8117082322190191,
    0.8231092949483132,
    0.8346831053760869,
    0.8461404398088324,
    0.8573985780961856,
    0.8687408345346034,
    0.8806380842598618,
    0.8934343163272445,
    0.9072227794712124,
    0.921859477144294,
    0.9369678182028035,
    0.9519170878660194,
    0.9658789693033498,
    0.978115892466838,
    0.9884194469352608,
    0.9972036307160308,
    1.005127338890527,
    1.0127992907724281,
    1.0206394810709043,
    1.0286981686608139,
    1.0366565745281955,
    1.044092488256477,
    1.050692143156936,
    1.0560846934920338,
    1.0595550656212551,
    1.0601519342030663,
    1.0572163117721611,
    1.0509397205351079,
    1.0423962463151217,
    1.0328297737278687,
    1.023081310561659,
    1.0137202252933788,
    1.0052537269743962,
    0.9980357303047628,
    0.9921861005952342,
    0.9876584766662709,
    0.9843369594908007,
    0.9820926552591639,
    0.9808050411264635
  ],