{
  "bias_mev": [
    -20.0,
    -19.666666666666668,
    -19.333333333333332,
    -19.0,
    -18.666666666666668,
    -18.333333333333332,
    -18.0,
    -17.666666666666668,
    -17.333333333333332,
    -17.0,
    -16.666666666666668,
    -16.333333333333332,
    -16.0,
    -15.666666666666668,
    -15.333333333333334,
    -15.0,
    -14.666666666666668,
    -14.333333333333334,
    -14.0,
    -13.666666666666668,
    -13.333333333333334,
    -13.0,
    -12.666666666666668,
    -12.333333333333334,
    -12.0,
    -11.666666666666668,
    -11.333333333333334,
    -11.0,
    -10.666666666666668,
    -10.333333333333334,
    -10.0,
    -9.666666666666668,
    -9.333333333333334,
    -9.0,
    -8.666666666666668,
    -8.333333333333334,
    -8.0,
    -7.666666666666668,
    -7.333333333333334,
    -7.0,
    -6.666666666666668,
    -6.333333333333334,
    -6.0,
    -5.666666666666668,
    -5.333333333333334,
    -5.0,
    -4.666666666666668,
    -4.333333333333334,
    -4.0,
    -3.666666666666668,
    -3.3333333333333357,
    -3.0,
    -2.666666666666668,
    -2.3333333333333357,
    -2.0,
    -1.6666666666666679,
    -1.3333333333333357,
    -1.0,
    -0.6666666666666679,
    -0.3333333333333357,
    0.0,
    0.33333333333333215,
    0.6666666666666643,
    1.0,
    1.3333333333333321,
    1.6666666666666643,
    2.0,
    2.333333333333332,
    2.6666666666666643,
    3.0,
    3.333333333333332,
    3.6666666666666643,
    4.0,
    4.333333333333332,
    4.666666666666664,
    5.0,
    5.333333333333332,
    5.666666666666664,
    6.0,
    6.333333333333332,
    6.666666666666664,
    7.0,
    7.333333333333332,
    7.666666666666664,
    8.0,
    8.333333333333332,
    8.666666666666664,
    9.0,
    9.333333333333332,
    9.666666666666664,
    10.0,
    10.333333333333332,
    10.666666666666664,
    11.0,
    11.333333333333332,
    11.666666666666664,
    12.0,
    12.333333333333329,
    12.666666666666664,
    13.0,
    13.333333333333329,
    13.666666666666664,
    14.0,
    14.333333333333329,
    14.666666666666664,
    15.0,
    15.333333333333329,
    15.666666666666664,
    16.0,
    16.33333333333333,
    16.666666666666664,
    17.0,
    17.33333333333333,
    17.666666666666664,
    18.0,
    18.33333333333333,
    18.666666666666664,
    19.0,
    19.33333333333333,
    19.666666666666664,
    20.0
  ],
  "conductance": [
    0.981891504947897,
    0.9836716323335217,
    0.9862166964419046,
    0.9896115941544591,
    0.9939222665914293,
    0.9991763620051145,
    1.0053420314961126,
    1.0123154610846892,
    1.0199234966002872,
    1.0279289543445829,
    1.036015746562607,
    1.0437615700572858,
    1.050654031086336,
    1.0561947878188465,
    1.0600501438582572,
    1.06214413432118,
    1.0626340778857302,
    1.061805397751507,
    1.0599680636001616,
    1.0574012621035445,
    1.0543280246000613,
    1.0508802500740675,
    1.0470523419044593,
    1.0426835402537173,
    1.0375062458034956,
    1.0312576174613524,
    1.023807141487713,
    1.0152315870357458,
    1.005795682989466,
    0.9958596635294077,
    0.9857723930921753,
    0.9757934028899776,
    0.9660553272241719,
    0.9565651283360075,
    0.9472434488287984,
    0.9379928789208362,
    0.9287644357079288,
    0.9195862921496663,
    0.9105469874229165,
    0.9017570806381981,
    0.8933166717489525,
    0.8852996764560954,
    0.8777518439828245,
    0.870695635097484,
    0.8641368459244638,
    0.8580705075238655,
    0.8524853294440186,
    0.8473667535366447,
    0.8426989326037327,
    0.8384659567653256,
    0.8346525829941339,
    0.831244648613715,
    0.8282292893973944,
    0.8255950400627479,
    0.8233318663025492,
    0.8214311589918762,
    0.8198857095081056,
    0.8186896777864242,
    0.8178385601938514,
    0.8173291614964514,
    0.8171595734551889,
    0.8173291614964512,
    0.8178385601938514,
    0.818689677786424,
    0.8198857095081054,
    0.8214311589918762,
    0.8233318663025492,
    0.8255950400627479,
    0.8282292893973942,
    0.831244648613715,
    0.8346525829941337,
    0.8384659567653253,
    0.8426989326037325,
    0.8473667535366447,
    0.8524853294440186,
    0.8580705075238657,
    0.8641368459244638,
    0.8706956350974837,
    0.8777518439828244,
    0.8852996764560953,
    0.8933166717489521,
    0.901757080638198,
    0.9105469874229163,
    0.919586292149666,
    0.9287644357079288,
    0.9379928789208362,
    0.9472434488287982,
    0.9565651283360076,
    0.9660553272241721,
    0.9757934028899776,
    0.9857723930921753,
    0.9958596635294076,
    1.005795682989466,
    1.0152315870357458,
    1.023807141487713,
    1.0312576174613521,
    1.0375062458034956,
    1.0426835402537171,
    1.0470523419044593,
    1.0508802500740677,
    1.0543280246000613,
    1.0574012621035445,
    1.0599680636001618,
    1.0618053977515072,
    1.0626340778857304,
    1.0621441343211797,
    1.0600501438582572,
    1.056194787818847,
    1.0506540310863361,
    1.0437615700572858,
    1.036015746562607,
    1.0279289543445826,
    1.0199234966002877,
    1.0123154610846892,
    1.0053420314961126,
    0.9991763620051146,
    0.9939222665914297,
    0.9896115941544592,
    0.9862166964419047,
    0.9836716323335217,
    0.981891504947897
  ],