{
  "bias_mev": [
    -20.0,
    -19.666666666666668,
    -19.333333333333332,
    -19.0,
    -18.666666666666668,
    -18.333333333333332,
    -18.0,
    -17.666666666666668,
    -17.333333333333332,
    -17.0,
    -16.666666666666668,
    -16.333333333333332,
    -16.0,
    -15.666666666666668,
    -15.333333333333334,
    -15.0,
    -14.666666666666668,
    -14.333333333333334,
    -14.0,
    -13.666666666666668,
    -13.333333333333334,
    -13.0,
    -12.666666666666668,
    -12.333333333333334,
    -12.0,
    -11.666666666666668,
    -11.333333333333334,
    -11.0,
    -10.666666666666668,
    -10.333333333333334,
    -10.0,
    -9.666666666666668,
    -9.333333333333334,
    -9.0,
    -8.666666666666668,
    -8.333333333333334,
    -8.0,
    -7.666666666666668,
    -7.333333333333334,
    -7.0,
    -6.666666666666668,
    -6.333333333333334,
    -6.0,
    -5.666666666666668,
    -5.333333333333334,
    -5.0,
    -4.666666666666668,
    -4.333333333333334,
    -4.0,
    -3.666666666666668,
    -3.3333333333333357,
    -3.0,
    -2.666666666666668,
    -2.3333333333333357,
    -2.0,
    -1.6666666666666679,
    -1.3333333333333357,
    -1.0,
    -0.6666666666666679,
    -0.3333333333333357,
    0.0,
    0.33333333333333215,
    0.6666666666666643,
    1.0,
    1.3333333333333321,
    1.6666666666666643,
    2.0,
    2.333333333333332,
    2.6666666666666643,
    3.0,
    3.333333333333332,
    3.6666666666666643,
    4.0,
    4.333333333333332,
    4.666666666666664,
    5.0,
    5.333333333333332,
    5.666666666666664,
    6.0,
    6.333333333333332,
    6.666666666666664,
    7.0,
    7.333333333333332,
    7.666666666666664,
    8.0,
    8.333333333333332,
    8.666666666666664,
    9.0,
    9.333333333333332,
    9.666666666666664,
    10.0,
    10.333333333333332,
    10.666666666666664,
    11.0,
    11.333333333333332,
    11.666666666666664,
    12.0,
    12.333333333333329,
    12.666666666666664,
    13.0,
    13.333333333333329,
    13.666666666666664,
    14.0,
    14.333333333333329,
    14.666666666666664,
    15.0,
    15.333333333333329,
    15.666666666666664,
    16.0,
    16.33333333333333,
    16.666666666666664,
    17.0,
    17.33333333333333,
    17.666666666666664,
    18.0,
    18.33333333333333,
    18.666666666666664,
    19.0,
    19.33333333333333,
    19.666666666666664,
    20.0
  ],
  "conductance": [
    0.9735371910557129,
    0.977201237967861,
    0.9815371263475327,
    0.986647504377306,
    0.9926376757536772,
    0.9996037060103667,
    1.0076128833443145,
    1.0166833293121154,
    1.026773068493992,
    1.0377662773371206,
    1.0494113997622367,
    1.0612086785589911,
    1.0723714438486,
    1.0820117391395583,
    1.0894827868493349,
    1.0945952318902574,
    1.0975571878276447,
    1.0987592511658608,
    1.0985932227665316,
    1.0973898189252622,
    1.0954297826425534,
    1.0929350337539232,
    1.0900129748189058,
    1.0866065665163216,
    1.0825105989650508,
    1.077470754615576,
    1.0713283321564055,
    1.0641213988554175,
    1.0560681800294665,
    1.0474663069205665,
    1.038596495387668,
    1.0296710888244638,
    1.0208160965465425,
    1.012070747744035,
    1.0034083755715149,
    0.9947863601703,
    0.9862017489466037,
    0.9777096400629495,
    0.9693988327059456,
    0.9613578269469517,
    0.953655580846177,
    0.946337811009621,
    0.9394308289201871,
    0.9329470072018191,
    0.9268894719374589,
    0.921255530308421,
    0.9160390102913198,
    0.9112318112534895,
    0.9068249187427398,
    0.9028090647642177,
    0.8991751554424771,
    0.8959145461923296,
    0.8930192167996491,
    0.8904818807888936,
    0.8882960517778291,
    0.8864560819229783,
    0.884957182575487,
    0.883795433963285,
    0.8829677884981896,
    0.8824720707957161,
    0.88230697644337,
    0.8824720707957167,
    0.8829677884981889,
    0.8837954339632849,
    0.8849571825754874,
    0.8864560819229775,
    0.8882960517778291,
    0.8904818807888941,
    0.8930192167996485,
    0.8959145461923296,
    0.8991751554424776,
    0.9028090647642171,
    0.9068249187427393,
    0.9112318112534903,
    0.9160390102913195,
    0.9212555303084206,
    0.9268894719374595,
    0.9329470072018187,
    0.9394308289201869,
    0.9463378110096219,
    0.9536555808461763,
    0.9613578269469513,
    0.9693988327059463,
    0.9777096400629489,
    0.9862017489466033,
    0.9947863601703009,
    1.0034083755715144,
    1.0120707477440347,
    1.020816096546543,
    1.0296710888244631,
    1.0385964953876676,
    1.0474663069205674,
    1.0560681800294658,
    1.0641213988554172,
    1.0713283321564062,
    1.0774707546155755,
    1.0825105989650512,
    1.086606566516322,
    1.0900129748189042,
    1.0929350337539234,
    1.095429782642554,
    1.0973898189252607,
    1.0985932227665318,
    1.0987592511658617,
    1.0975571878276433,
    1.0945952318902576,
    1.0894827868493357,
    1.0820117391395572,
    1.0723714438486,
    1.061208678558992,
    1.0494113997622359,
    1.0377662773371206,
    1.0267730684939929,
    1.016683329312115,
    1.0076128833443143,
    0.9996037060103677,
    0.9926376757536766,
    0.9866475043773058,
    0.9815371263475334,
    0.9772012379678606,
    0.9735371910557125
  ],