{
  "bias_mev": [
    -20.0,
    -19.666666666666668,
    -19.333333333333332,
    -19.0,
    -18.666666666666668,
    -18.333333333333332,
    -18.0,
    -17.666666666666668,
    -17.333333333333332,
    -17.0,
    -16.666666666666668,
    -16.333333333333332,
    -16.0,
    -15.666666666666668,
    -15.333333333333334,
    -15.0,
    -14.666666666666668,
    -14.333333333333334,
    -14.0,
    -13.666666666666668,
    -13.333333333333334,
    -13.0,
    -12.666666666666668,
    -12.333333333333334,
    -12.0,
    -11.666666666666668,
    -11.333333333333334,
    -11.0,
    -10.666666666666668,
    -10.333333333333334,
    -10.0,
    -9.666666666666668,
    -9.333333333333334,
    -9.0,
    -8.666666666666668,
    -8.333333333333334,
    -8.0,
    -7.666666666666668,
    -7.333333333333334,
    -7.0,
    -6.666666666666668,
    -6.333333333333334,
    -6.0,
    -5.666666666666668,
    -5.333333333333334,
    -5.0,
    -4.666666666666668,
    -4.333333333333334,
    -4.0,
    -3.666666666666668,
    -3.3333333333333357,
    -3.0,
    -2.666666666666668,
    -2.3333333333333357,
    -2.0,
    -1.6666666666666679,
    -1.3333333333333357,
    -1.0,
    -0.6666666666666679,
    -0.3333333333333357,
    0.0,
    0.33333333333333215,
    0.6666666666666643,
    1.0,
    1.3333333333333321,
    1.6666666666666643,
    2.0,
    2.333333333333332,
    2.6666666666666643,
    3.0,
    3.333333333333332,
    3.6666666666666643,
    4.0,
    4.333333333333332,
    4.666666666666664,
    5.0,
    5.333333333333332,
    5.666666666666664,
    6.0,
    6.333333333333332,
    6.666666666666664,
    7.0,
    7.333333333333332,
    7.666666666666664,
    8.0,
    8.333333333333332,
    8.666666666666664,
    9.0,
    9.333333333333332,
    9.666666666666664,
    10.0,
    10.333333333333332,
    10.666666666666664,
    11.0,
    11.333333333333332,
    11.666666666666664,
    12.0,
    12.333333333333329,
    12.666666666666664,
    13.0,
    13.333333333333329,
    13.666666666666664,
    14.0,
    14.333333333333329,
    14.666666666666664,
    15.0,
    15.333333333333329,
    15.666666666666664,
    16.0,
    16.33333333333333,
    16.666666666666664,
    17.0,
    17.33333333333333,
    17.666666666666664,
    18.0,
    18.33333333333333,
    18.666666666666664,
    19.0,
    19.33333333333333,
    19.666666666666664,
    20.0
  ],
  "conductance": [
    0.975436916123724,
    0.9770671018123359,
    0.9800559923948856,
    0.9845333389403191,
    0.9906179392191546,
    0.9983558104900816,
    1.0076100722422736,
    1.0179645487207685,
    1.0288012801674324,
    1.039556999889027,
    1.0497260517953586,
    1.0583616961230526,
    1.063782700824453,
    1.0642967896176452,
    1.0593851972772519,
    1.0499924963895773,
    1.0377720540606326,
    1.0241448681531078,
    1.009906818122408,
    0.9955183417913154,
    0.9814789292594257,
    0.9681915896652018,
    0.9555212676632064,
    0.9426139262028063,
    0.9281846324747769,
    0.9111036508168542,
    0.891071699917972,
    0.8689189247844545,
    0.8461170688170356,
    0.8240211057449849,
    0.8034837773285355,
    0.7848367577247254,
    0.7679654170074042,
    0.7523643374872305,
    0.7372918929426336,
    0.7221545623445961,
    0.7068721978718601,
    0.6918149925599302,
    0.677445851707967,
    0.6640755056377485,
    0.6518292444338859,
    0.6407074166941039,
    0.6306479173481965,
    0.6215656488226501,
    0.6133726323285233,
    0.6059867756839921,
    0.5993349420596433,
    0.5933534224128079,
    0.5879873424981817,
    0.5831897139286524,
    0.5789204401170123,
    0.5751454020217217,
    0.5718356646562258,
    0.5689668090700839,
    0.5665183802298877,
    0.5644734368518664,
    0.5628181891493284,
    0.5615417120696404,
    0.5606357237443426,
    0.5600944210682024,
    0.5599143663766709,
    0.5600944210682028,
    0.560635723744342,
    0.5615417120696404,
    0.5628181891493288,
    0.5644734368518659,
    0.5665183802298877,
    0.5689668090700842,
    0.5718356646562254,
    0.5751454020217218,
    0.5789204401170129,
    0.5831897139286518,
    0.5879873424981814,
    0.5933534224128083,
    0.5993349420596431,
    0.6059867756839917,
    0.6133726323285239,
    0.6215656488226498,
    0.630647917348196,
    0.6407074166941044,
    0.6518292444338853,
    0.6640755056377481,
    0.6774458517079673,
    0.6918149925599297,
    0.70687219787186,
    0.7221545623445965,
    0.7372918929426332,
    0.7523643374872302,
    0.7679654170074046,
    0.7848367577247248,
    0.8034837773285352,
    0.8240211057449854,
    0.8461170688170349,
    0.868918924784454,
    0.8910716999179724,
    0.9111036508168536,
    0.9281846324747771,
    0.9426139262028065,
    0.9555212676632049,
    0.9681915896652021,
    0.9814789292594259,
    0.995518341791314,
    1.009906818122408,
    1.024144868153108,
    1.037772054060631,
    1.0499924963895777,
    1.0593851972772526,
    1.0642967896176438,
    1.063782700824453,
    1.0583616961230535,
    1.0497260517953582,
    1.0395569998890273,
    1.0288012801674333,
    1.0179645487207678,
    1.0076100722422736,
    0.9983558104900824,
    0.9906179392191539,
    0.9845333389403189,
    0.9800559923948866,
    0.9770671018123354,
    0.9754369161237235
  ],