{
  "bias_mev": [
    -20.0,
    -19.666666666666668,
    -19.333333333333332,
    -19.0,
    -18.666666666666668,
    -18.333333333333332,
    -18.0,
    -17.666666666666668,
    -17.333333333333332,
    -17.0,
    -16.666666666666668,
    -16.333333333333332,
    -16.0,
    -15.666666666666668,
    -15.333333333333334,
    -15.0,
    -14.666666666666668,
    -14.333333333333334,
    -14.0,
    -13.666666666666668,
    -13.333333333333334,
    -13.0,
    -12.666666666666668,
    -12.333333333333334,
    -12.0,
    -11.666666666666668,
    -11.333333333333334,
    -11.0,
    -10.666666666666668,
    -10.333333333333334,
    -10.0,
    -9.666666666666668,
    -9.333333333333334,
    -9.0,
    -8.666666666666668,
    -8.333333333333334,
    -8.0,
    -7.666666666666668,
    -7.333333333333334,
    -7.0,
    -6.666666666666668,
    -6.333333333333334,
    -6.0,
    -5.666666666666668,
    -5.333333333333334,
    -5.0,
    -4.666666666666668,
    -4.333333333333334,
    -4.0,
    -3.666666666666668,
    -3.3333333333333357,
    -3.0,
    -2.666666666666668,
    -2.3333333333333357,
    -2.0,
    -1.6666666666666679,
    -1.3333333333333357,
    -1.0,
    -0.6666666666666679,
    -0.3333333333333357,
    0.0,
    0.33333333333333215,
    0.6666666666666643,
    1.0,
    1.3333333333333321,
    1.6666666666666643,
    2.0,
    2.333333333333332,
    2.6666666666666643,
    3.0,
    3.333333333333332,
    3.6666666666666643,
    4.0,
    4.333333333333332,
    4.666666666666664,
    5.0,
    5.333333333333332,
    5.666666666666664,
    6.0,
    6.333333333333332,
    6.666666666666664,
    7.0,
    7.333333333333332,
    7.666666666666664,
    8.0,
    8.333333333333332,
    8.666666666666664,
    9.0,
    9.333333333333332,
    9.666666666666664,
    10.0,
    10.333333333333332,
    10.666666666666664,
    11.0,
    11.333333333333332,
    11.666666666666664,
    12.0,
    12.333333333333329,
    12.666666666666664,
    13.0,
    13.333333333333329,
    13.666666666666664,
    14.0,
    14.333333333333329,
    14.666666666666664,
    15.0,
    15.333333333333329,
    15.666666666666664,
    16.0,
    16.33333333333333,
    16.666666666666664,
    17.0,
    17.33333333333333,
    17.666666666666664,
    18.0,
    18.33333333333333,
    18.666666666666664,
    19.0,
    19.33333333333333,
    19.666666666666664,
    20.0
  ],
  "conductance": [
    0.9777838769423151,
    0.9805889009415693,
    0.9840917800406574,
    0.9883746372696505,
    0.9935118570459975,
    0.9995570585103696,
    1.0065239491096007,
    1.0143694938934829,
    1.0229887108803721,
    1.0322097353659845,
    1.0417542282028571,
    1.0511630818022293,
    1.0597768285220521,
    1.0668752097176672,
    1.0719334849402655,
    1.0748002049819796,
    1.075667907774428,
    1.0749024080445757,
    1.0728801313743788,
    1.0699184803645558,
    1.0662709570723665,
    1.0621109864403635,
    1.057482528777548,
    1.0522668881275596,
    1.0462204980436889,
    1.0390885319885212,
    1.030743867119845,
    1.0212695589162266,
    1.010933189020299,
    1.0000867668626636,
    0.9890653021820106,
    0.9781199345981119,
    0.9673820498574376,
    0.9568562484939531,
    0.9464565450964679,
    0.9360869337487773,
    0.9257220155234763,
    0.915430447757513,
    0.9053378994554004,
    0.8955747830627859,
    0.8862440854288529,
    0.8774130747825226,
    0.8691181370443297,
    0.8613733136229298,
    0.8541780694478427,
    0.8475230766355928,
    0.841394142363785,
    0.8357747501127207,
    0.8306476562248372,
    0.8259958703664013,
    0.8218032429080318,
    0.8180548046509464,
    0.8147369521332053,
    0.8118375379459126,
    0.8093459039261762,
    0.8072528813960969,
    0.8055507739047365,
    0.8042333323668516,
    0.8032957289211999,
    0.8027345335233592,
    0.8025476957799073,
    0.8027345335233596,
    0.8032957289211995,
    0.8042333323668515,
    0.805550773904737,
    0.8072528813960962,
    0.809345903926176,
    0.8118375379459131,
    0.8147369521332047,
    0.8180548046509464,
    0.8218032429080322,
    0.825995870366401,
    0.8306476562248369,
    0.8357747501127214,
    0.8413941423637846,
    0.8475230766355926,
    0.8541780694478434,
    0.8613733136229295,
    0.8691181370443295,
    0.8774130747825228,
    0.8862440854288525,
    0.8955747830627857,
    0.9053378994554008,
    0.9154304477575128,
    0.925722015523476,
    0.9360869337487776,
    0.9464565450964678,
    0.9568562484939529,
    0.9673820498574384,
    0.9781199345981113,
    0.9890653021820103,
    1.0000867668626638,
    1.0109331890202986,
    1.0212695589162264,
    1.0307438671198454,
    1.039088531988521,
    1.046220498043689,
    1.05226688812756,
    1.057482528777547,
    1.062110986440364,
    1.066270957072367,
    1.0699184803645552,
    1.072880131374379,
    1.0749024080445762,
    1.0756679077744271,
    1.07480020498198,
    1.0719334849402664,
    1.0668752097176664,
    1.0597768285220521,
    1.0511630818022302,
    1.041754228202857,
    1.0322097353659845,
    1.0229887108803726,
    1.0143694938934824,
    1.0065239491096005,
    0.9995570585103704,
    0.9935118570459969,
    0.9883746372696507,
    0.9840917800406583,
    0.9805889009415689,
    0.9777838769423147
  ],