{
  "bias_mev": [
    -20.0,
    -19.666666666666668,
    -19.333333333333332,
    -19.0,
    -18.666666666666668,
    -18.333333333333332,
    -18.0,
    -17.666666666666668,
    -17.333333333333332,
    -17.0,
    -16.666666666666668,
    -16.333333333333332,
    -16.0,
    -15.666666666666668,
    -15.333333333333334,
    -15.0,
    -14.666666666666668,
    -14.333333333333334,
    -14.0,
    -13.666666666666668,
    -13.333333333333334,
    -13.0,
    -12.666666666666668,
    -12.333333333333334,
    -12.0,
    -11.666666666666668,
    -11.333333333333334,
    -11.0,
    -10.666666666666668,
    -10.333333333333334,
    -10.0,
    -9.666666666666668,
    -9.333333333333334,
    -9.0,
    -8.666666666666668,
    -8.333333333333334,
    -8.0,
    -7.666666666666668,
    -7.333333333333334,
    -7.0,
    -6.666666666666668,
    -6.333333333333334,
    -6.0,
    -5.666666666666668,
    -5.333333333333334,
    -5.0,
    -4.666666666666668,
    -4.333333333333334,
    -4.0,
    -3.666666666666668,
    -3.3333333333333357,
    -3.0,
    -2.666666666666668,
    -2.3333333333333357,
    -2.0,
    -1.6666666666666679,
    -1.3333333333333357,
    -1.0,
    -0.6666666666666679,
    -0.3333333333333357,
    0.0,
    0.33333333333333215,
    0.6666666666666643,
    1.0,
    1.3333333333333321,
    1.6666666666666643,
    2.0,
    2.333333333333332,
    2.6666666666666643,
    3.0,
    3.333333333333332,
    3.6666666666666643,
    4.0,
    4.333333333333332,
    4.666666666666664,
    5.0,
    5.333333333333332,
    5.666666666666664,
    6.0,
    6.333333333333332,
    6.666666666666664,
    7.0,
    7.333333333333332,
    7.666666666666664,
    8.0,
    8.333333333333332,
    8.666666666666664,
    9.0,
    9.333333333333332,
    9.666666666666664,
    10.0,
    10.333333333333332,
    10.666666666666664,
    11.0,
    11.333333333333332,
    11.666666666666664,
    12.0,
    12.333333333333329,
    12.666666666666664,
    13.0,
    13.333333333333329,
    13.666666666666664,
    14.0,
    14.333333333333329,
    14.666666666666664,
    15.0,
    15.333333333333329,
    15.666666666666664,
    16.0,
    16.33333333333333,
    16.666666666666664,
    17.0,
    17.33333333333333,
    17.666666666666664,
    18.0,
    18.33333333333333,
    18.666666666666664,
    19.0,
    19.33333333333333,
    19.666666666666664,
    20.0
  ],
  "conductance": [
    0.9741421774207912,
    0.9757732164322588,
    0.9789469560283973,
    0.9837691763527593,
    0.9903150185518542,
    0.9985587652745653,
    1.0082774872403835,
    1.0190042085920472,
    1.0301333013257625,
    1.04107969278118,
    1.0511303814420487,
    1.058950251082557,
    1.062449351335356,
    1.0596577848990507,
    1.050012482129821,
    1.0347107917306815,
    1.0158695829228916,
    0.9954181217239824,
    0.9745842261647484,
    0.9540867427524117,
    0.9344668440019837,
    0.9160340623681854,
    0.898557870877722,
    0.8811573737731457,
    0.8625894765609204,
    0.841830060942473,
    0.8186911647746554,
    0.7940140978754953,
    0.7691903697927182,
    0.7454742208049836,
    0.7236208248029297,
    0.7038705702889283,
    0.6860557856060427,
    0.6697173300467945,
    0.654279139110072,
    0.63931752153835,
    0.6247606574397262,
    0.6108229407869391,
    0.5977756372981209,
    0.5857881232435093,
    0.574903548050966,
    0.5650800812737888,
    0.5562360022670134,
    0.5482787112790501,
    0.5411191588135666,
    0.5346775210365905,
    0.5288845459021284,
    0.5236810548555492,
    0.5190168076629236,
    0.5148492600612965,
    0.5111424207369709,
    0.5078658708829181,
    0.5049939507286172,
    0.5025050961750055,
    0.5003813033456629,
    0.49860769981929365,
    0.4971722043696238,
    0.49606526049512545,
    0.49527963223620897,
    0.49481025357327885,
    0.4946541250825389,
    0.49481025357327907,
    0.49527963223620863,
    0.4960652604951255,
    0.497172204369624,
    0.4986076998192933,
    0.500381303345663,
    0.5025050961750058,
    0.5049939507286171,
    0.5078658708829182,
    0.511142420736971,
    0.5148492600612963,
    0.5190168076629235,
    0.5236810548555493,
    0.5288845459021282,
    0.5346775210365903,
    0.5411191588135669,
    0.5482787112790498,
    0.5562360022670133,
    0.565080081273789,
    0.5749035480509658,
    0.5857881232435092,
    0.597775637298121,
    0.6108229407869388,
    0.624760657439726,
    0.6393175215383502,
    0.6542791391100716,
    0.6697173300467942,
    0.6860557856060431,
    0.7038705702889277,
    0.7236208248029293,
    0.7454742208049839,
    0.7691903697927176,
    0.7940140978754953,
    0.8186911647746558,
    0.8418300609424726,
    0.8625894765609209,
    0.881157373773146,
    0.8985578708777213,
    0.9160340623681861,
    0.9344668440019839,
    0.9540867427524109,
    0.9745842261647486,
    0.9954181217239827,
    1.0158695829228905,
    1.034710791730682,
    1.0500124821298213,
    1.05965778489905,
    1.0624493513353561,
    1.0589502510825575,
    1.0511303814420485,
    1.0410796927811803,
    1.0301333013257632,
    1.0190042085920472,
    1.0082774872403837,
    0.9985587652745659,
    0.990315018551854,
    0.9837691763527597,
    0.978946956028398,
    0.9757732164322581,
    0.9741421774207908
  ],