{
  "bias_mev": [
    -20.0,
    -19.666666666666668,
    -19.333333333333332,
    -19.0,
    -18.666666666666668,
    -18.333333333333332,
    -18.0,
    -17.666666666666668,
    -17.333333333333332,
    -17.0,
    -16.666666666666668,
    -16.333333333333332,
    -16.0,
    -15.666666666666668,
    -15.333333333333334,
    -15.0,
    -14.666666666666668,
    -14.333333333333334,
    -14.0,
    -13.666666666666668,
    -13.333333333333334,
    -13.0,
    -12.666666666666668,
    -12.333333333333334,
    -12.0,
    -11.666666666666668,
    -11.333333333333334,
    -11.0,
    -10.666666666666668,
    -10.333333333333334,
    -10.0,
    -9.666666666666668,
    -9.333333333333334,
    -9.0,
    -8.666666666666668,
    -8.333333333333334,
    -8.0,
    -7.666666666666668,
    -7.333333333333334,
    -7.0,
    -6.666666666666668,
    -6.333333333333334,
    -6.0,
    -5.666666666666668,
    -5.333333333333334,
    -5.0,
    -4.666666666666668,
    -4.333333333333334,
    -4.0,
    -3.666666666666668,
    -3.3333333333333357,
    -3.0,
    -2.666666666666668,
    -2.3333333333333357,
    -2.0,
    -1.6666666666666679,
    -1.3333333333333357,
    -1.0,
    -0.6666666666666679,
    -0.3333333333333357,
    0.0,
    0.33333333333333215,
    0.6666666666666643,
    1.0,
    1.3333333333333321,
    1.6666666666666643,
    2.0,
    2.333333333333332,
    2.6666666666666643,
    3.0,
    3.333333333333332,
    3.6666666666666643,
    4.0,
    4.333333333333332,
    4.666666666666664,
    5.0,
    5.333333333333332,
    5.666666666666664,
    6.0,
    6.333333333333332,
    6.666666666666664,
    7.0,
    7.333333333333332,
    7.666666666666664,
    8.0,
    8.333333333333332,
    8.666666666666664,
    9.0,
    9.333333333333332,
    9.666666666666664,
    10.0,
    10.333333333333332,
    10.666666666666664,
    11.0,
    11.333333333333332,
    11.666666666666664,
    12.0,
    12.333333333333329,
    12.666666666666664,
    13.0,
    13.333333333333329,
    13.666666666666664,
    14.0,
    14.333333333333329,
    14.666666666666664,
    15.0,
    15.333333333333329,
    15.666666666666664,
    16.0,
    16.33333333333333,
    16.666666666666664,
    17.0,
    17.33333333333333,
    17.666666666666664,
    18.0,
    18.33333333333333,
    18.666666666666664,
    19.0,
    19.33333333333333,
    19.666666666666664,
    20.0
  ],
  "conductance": [
    0.9783923549801512,
    0.9798714044361891,
    0.9824189030888523,
    0.9861852634970351,
    0.991326666405217,
    0.99796019106523,
    1.0060782067376521,
    1.0154667419449617,
    1.0257478512945721,
    1.0365524165501407,
    1.0475133587427887,
    1.0578976707455041,
    1.0663826405949066,
    1.0715683265780727,
    1.0728424695826857,
    1.0706491979288697,
    1.0660185449288089,
    1.0599133374998657,
    1.0529256625362267,
    1.0454512323160712,
    1.0379380472716486,
    1.0307852150199472,
    1.0240112207309089,
    1.0170818443231204,
    1.0090588750768197,
    0.9989836447137268,
    0.9863957395799502,
    0.9716639597458607,
    0.9557538211471573,
    0.9397038768811584,
    0.9242895873770428,
    0.9099427296784104,
    0.8967595682102611,
    0.8845030924850885,
    0.8726710243126643,
    0.8607542958975184,
    0.8485610744045636,
    0.8362760266193141,
    0.8242439135095455,
    0.8127585449802532,
    0.8019919633883164,
    0.7920131470304257,
    0.7828272850954759,
    0.7744067813106486,
    0.7667101000259272,
    0.759691843239662,
    0.7533076813604151,
    0.7475165373695762,
    0.7422813841784202,
    0.7375693738204054,
    0.7333516650569464,
    0.7296031322408105,
    0.7263020445702351,
    0.7234297575926915,
    0.7209704351765008,
    0.718910808524955,
    0.7172399732641751,
    0.7159492231978843,
    0.7150319184603466,
    0.7144833857284182,
    0.7143008484724034,
    0.7144833857284184,
    0.7150319184603466,
    0.7159492231978845,
    0.7172399732641753,
    0.7189108085249547,
    0.7209704351765007,
    0.7234297575926917,
    0.7263020445702348,
    0.7296031322408104,
    0.7333516650569465,
    0.7375693738204053,
    0.74228138417842,
    0.7475165373695762,
    0.753307681360415,
    0.7596918432396619,
    0.7667101000259273,
    0.7744067813106486,
    0.7828272850954759,
    0.7920131470304258,
    0.8019919633883164,
    0.8127585449802532,
    0.8242439135095457,
    0.8362760266193136,
    0.8485610744045636,
    0.8607542958975184,
    0.8726710243126643,
    0.8845030924850882,
    0.8967595682102611,
    0.9099427296784098,
    0.9242895873770425,
    0.9397038768811584,
    0.9557538211471568,
    0.9716639597458606,
    0.9863957395799501,
    0.9989836447137265,
    1.0090588750768195,
    1.0170818443231204,
    1.0240112207309084,
    1.0307852150199472,
    1.0379380472716486,
    1.0454512323160703,
    1.0529256625362269,
    1.0599133374998657,
    1.066018544928808,
    1.0706491979288697,
    1.0728424695826861,
    1.0715683265780722,
    1.0663826405949066,
    1.0578976707455048,
    1.0475133587427885,
    1.0365524165501403,
    1.0257478512945724,
    1.0154667419449614,
    1.006078206737652,
    0.9979601910652303,
    0.9913266664052169,
    0.9861852634970348,
    0.9824189030888526,
    0.9798714044361889,
    0.9783923549801509
  ],