{
  "bias_mev": [
    -20.0,
    -19.666666666666668,
    -19.333333333333332,
    -19.0,
    -18.666666666666668,
    -18.333333333333332,
    -18.0,
    -17.666666666666668,
    -17.333333333333332,
    -17.0,
    -16.666666666666668,
    -16.333333333333332,
    -16.0,
    -15.666666666666668,
    -15.333333333333334,
    -15.0,
    -14.666666666666668,
    -14.333333333333334,
    -14.0,
    -13.666666666666668,
    -13.333333333333334,
    -13.0,
    -12.666666666666668,
    -12.333333333333334,
    -12.0,
    -11.666666666666668,
    -11.333333333333334,
    -11.0,
    -10.666666666666668,
    -10.333333333333334,
    -10.0,
    -9.666666666666668,
    -9.333333333333334,
    -9.0,
    -8.666666666666668,
    -8.333333333333334,
    -8.0,
    -7.666666666666668,
    -7.333333333333334,
    -7.0,
    -6.666666666666668,
    -6.333333333333334,
    -6.0,
    -5.666666666666668,
    -5.333333333333334,
    -5.0,
    -4.666666666666668,
    -4.333333333333334,
    -4.0,
    -3.666666666666668,
    -3.3333333333333357,
    -3.0,
    -2.666666666666668,
    -2.3333333333333357,
    -2.0,
    -1.6666666666666679,
    -1.3333333333333357,
    -1.0,
    -0.6666666666666679,
    -0.3333333333333357,
    0.0,
    0.33333333333333215,
    0.6666666666666643,
    1.0,
    1.3333333333333321,
    1.6666666666666643,
    2.0,
    2.333333333333332,
    2.6666666666666643,
    3.0,
    3.333333333333332,
    3.6666666666666643,
    4.0,
    4.333333333333332,
    4.666666666666664,
    5.0,
    5.333333333333332,
    5.666666666666664,
    6.0,
    6.333333333333332,
    6.666666666666664,
    7.0,
    7.333333333333332,
    7.666666666666664,
    8.0,
    8.333333333333332,
    8.666666666666664,
    9.0,
    9.333333333333332,
    9.666666666666664,
    10.0,
    10.333333333333332,
    10.666666666666664,
    11.0,
    11.333333333333332,
    11.666666666666664,
    12.0,
    12.333333333333329,
    12.666666666666664,
    13.0,
    13.333333333333329,
    13.666666666666664,
    14.0,
    14.333333333333329,
    14.666666666666664,
    15.0,
    15.333333333333329,
    15.666666666666664,
    16.0,
    16.33333333333333,
    16.666666666666664,
    17.0,
    17.33333333333333,
    17.666666666666664,
    18.0,
    18.33333333333333,
    18.666666666666664,
    19.0,
    19.33333333333333,
    19.666666666666664,
    20.0
  ],
  "conductance": [
    0.9863867248418019,
    0.9874665328356422,
    0.9892234038480742,
    0.9917236487470159,
    0.9950161950977179,
    0.9991187515724027,
    1.0039997525242572,
    1.00955945863106,
    1.0156147016967974,
    1.02189083020523,
    1.0280249543203068,
    1.0335902152544372,
    1.038152847211438,
    1.041356646616694,
    1.0430006490607955,
    1.0430688689235585,
    1.041699930446122,
    1.039121539750773,
    1.0355866463370988,
    1.0313309069655392,
    1.0265468571534655,
    1.0213624649200206,
    1.015822873138442,
    1.0098869232281429,
    1.0034500814677008,
    0.9963936107532126,
    0.9886445570064285,
    0.980220813464284,
    0.9712397015805121,
    0.9618885734250033,
    0.95237606503673,
    0.9428866854802338,
    0.93355203644438,
    0.9244419038436277,
    0.9155735816100977,
    0.9069347843147806,
    0.8985110039033671,
    0.8903054540179983,
    0.8823442303506136,
    0.8746687681998309,
    0.8673237140616513,
    0.8603472567850731,
    0.8537664733026639,
    0.8475968529822943,
    0.841844105674255,
    0.8365067021360789,
    0.8315782799933283,
    0.8270495781614934,
    0.8229098548558998,
    0.8191478657841255,
    0.8157525088728921,
    0.8127132325394375,
    0.8100202835005366,
    0.8076648492135243,
    0.8056391331395629,
    0.8039363885773697,
    0.8025509281181733,
    0.8014781198735295,
    0.800714377695686,
    0.8002571500106621,
    0.8001049101628471,
    0.8002571500106623,
    0.8007143776956859,
    0.8014781198735296,
    0.8025509281181734,
    0.8039363885773697,
    0.805639133139563,
    0.8076648492135245,
    0.8100202835005366,
    0.8127132325394375,
    0.8157525088728922,
    0.8191478657841255,
    0.8229098548558996,
    0.8270495781614937,
    0.8315782799933285,
    0.8365067021360789,
    0.8418441056742552,
    0.8475968529822944,
    0.8537664733026638,
    0.8603472567850734,
    0.8673237140616513,
    0.8746687681998309,
    0.8823442303506137,
    0.8903054540179982,
    0.8985110039033671,
    0.9069347843147809,
    0.9155735816100977,
    0.9244419038436277,
    0.9335520364443803,
    0.9428866854802337,
    0.95237606503673,
    0.9618885734250034,
    0.971239701580512,
    0.980220813464284,
    0.9886445570064286,
    0.9963936107532129,
    1.0034500814677008,
    1.0098869232281427,
    1.0158228731384418,
    1.0213624649200206,
    1.0265468571534655,
    1.0313309069655388,
    1.0355866463370988,
    1.039121539750773,
    1.0416999304461219,
    1.0430688689235585,
    1.0430006490607955,
    1.041356646616694,
    1.038152847211438,
    1.0335902152544372,
    1.0280249543203066,
    1.02189083020523,
    1.0156147016967974,
    1.00955945863106,
    1.0039997525242572,
    0.9991187515724027,
    0.9950161950977178,
    0.9917236487470158,
    0.9892234038480742,
    0.9874665328356419,
    0.9863867248418018
  ],