{
  "bias_mev": [
    -20.0,
    -19.666666666666668,
    -19.333333333333332,
    -19.0,
    -18.666666666666668,
    -18.333333333333332,
    -18.0,
    -17.666666666666668,
    -17.333333333333332,
    -17.0,
    -16.666666666666668,
    -16.333333333333332,
    -16.0,
    -15.666666666666668,
    -15.333333333333334,
    -15.0,
    -14.666666666666668,
    -14.333333333333334,
    -14.0,
    -13.666666666666668,
    -13.333333333333334,
    -13.0,
    -12.666666666666668,
    -12.333333333333334,
    -12.0,
    -11.666666666666668,
    -11.333333333333334,
    -11.0,
    -10.666666666666668,
    -10.333333333333334,
    -10.0,
    -9.666666666666668,
    -9.333333333333334,
    -9.0,
    -8.666666666666668,
    -8.333333333333334,
    -8.0,
    -7.666666666666668,
    -7.333333333333334,
    -7.0,
    -6.666666666666668,
    -6.333333333333334,
    -6.0,
    -5.666666666666668,
    -5.333333333333334,
    -5.0,
    -4.666666666666668,
    -4.333333333333334,
    -4.0,
    -3.666666666666668,
    -3.3333333333333357,
    -3.0,
    -2.666666666666668,
    -2.3333333333333357,
    -2.0,
    -1.6666666666666679,
    -1.3333333333333357,
    -1.0,
    -0.6666666666666679,
    -0.3333333333333357,
    0.0,
    0.33333333333333215,
    0.6666666666666643,
    1.0,
    1.3333333333333321,
    1.6666666666666643,
    2.0,
    2.333333333333332,
    2.6666666666666643,
    3.0,
    3.333333333333332,
    3.6666666666666643,
    4.0,
    4.333333333333332,
    4.666666666666664,
    5.0,
    5.333333333333332,
    5.666666666666664,
    6.0,
    6.333333333333332,
    6.666666666666664,
    7.0,
    7.333333333333332,
    7.666666666666664,
    8.0,
    8.333333333333332,
    8.666666666666664,
    9.0,
    9.333333333333332,
    9.666666666666664,
    10.0,
    10.333333333333332,
    10.666666666666664,
    11.0,
    11.333333333333332,
    11.666666666666664,
    12.0,
    12.333333333333329,
    12.666666666666664,
    13.0,
    13.333333333333329,
    13.666666666666664,
    14.0,
    14.333333333333329,
    14.666666666666664,
    15.0,
    15.333333333333329,
    15.666666666666664,
    16.0,
    16.33333333333333,
    16.666666666666664,
    17.0,
    17.33333333333333,
    17.666666666666664,
    18.0,
    18.33333333333333,
    18.666666666666664,
    19.0,
    19.33333333333333,
    19.666666666666664,
    20.0
  ],
  "conductance": [
    0.9756005198414095,
    0.9785698192724737,
    0.9823645719885016,
    0.987074044011322,
    0.9927707452879396,
    0.9994966696906086,
    1.007245752559316,
    1.0159464348107516,
    1.025445402156929,
    1.0354860403807475,
    1.045676433561456,
    1.0554665892416464,
    1.064184431956707,
    1.071164111881621,
    1.0759247419916593,
    1.0782955098164855,
    1.0784136840075533,
    1.076616526159527,
    1.0733080133737052,
    1.0688629308113338,
    1.063574375915896,
    1.0576193207149578,
    1.0510323929973564,
    1.043707635641542,
    1.0354511440812932,
    1.0260793198454967,
    1.0155228893249237,
    1.00388445642786,
    0.991421914425733,
    0.9784746182373772,
    0.9653744275611271,
    0.9523753007563643,
    0.9396159882229291,
    0.9271210686138007,
    0.914840715897381,
    0.9027153958114054,
    0.8907336807559574,
    0.8789530937794511,
    0.8674809471595032,
    0.8564376137682252,
    0.8459262424830382,
    0.836018556650281,
    0.8267540474071917,
    0.8181460289306202,
    0.8101894305421933,
    0.8028677103553786,
    0.7961580643460315,
    0.7900349878161713,
    0.7844725466116053,
    0.7794457397826043,
    0.774931263149872,
    0.7709078962329982,
    0.7673566621168031,
    0.7642608566884268,
    0.7616060076333501,
    0.7593798001690613,
    0.7575719917209273,
    0.7561743286138837,
    0.755180472308844,
    0.7545859394041384,
    0.7543880576862542,
    0.7545859394041383,
    0.7551804723088439,
    0.7561743286138838,
    0.7575719917209272,
    0.7593798001690613,
    0.7616060076333501,
    0.7642608566884267,
    0.7673566621168031,
    0.7709078962329982,
    0.7749312631498719,
    0.7794457397826045,
    0.7844725466116051,
    0.7900349878161713,
    0.7961580643460313,
    0.8028677103553785,
    0.8101894305421933,
    0.8181460289306202,
    0.8267540474071917,
    0.8360185566502808,
    0.8459262424830382,
    0.8564376137682249,
    0.8674809471595032,
    0.8789530937794509,
    0.8907336807559574,
    0.9027153958114053,
    0.914840715897381,
    0.927121068613801,
    0.9396159882229291,
    0.9523753007563643,
    0.9653744275611273,
    0.9784746182373771,
    0.9914219144257328,
    1.0038844564278597,
    1.0155228893249237,
    1.0260793198454967,
    1.0354511440812932,
    1.043707635641542,
    1.0510323929973562,
    1.057619320714958,
    1.063574375915896,
    1.0688629308113335,
    1.0733080133737056,
    1.076616526159527,
    1.0784136840075536,
    1.0782955098164855,
    1.0759247419916596,
    1.071164111881621,
    1.064184431956707,
    1.0554665892416466,
    1.045676433561456,
    1.0354860403807475,
    1.0254454021569295,
    1.0159464348107519,
    1.0072457525593161,
    0.999496669690609,
    0.9927707452879395,
    0.9870740440113221,
    0.9823645719885019,
    0.9785698192724736,
    0.9756005198414094
  ],