{
  "bias_mev": [
    -20.0,
    -19.666666666666668,
    -19.333333333333332,
    -19.0,
    -18.666666666666668,
    -18.333333333333332,
    -18.0,
    -17.666666666666668,
    -17.333333333333332,
    -17.0,
    -16.666666666666668,
    -16.333333333333332,
    -16.0,
    -15.666666666666668,
    -15.333333333333334,
    -15.0,
    -14.666666666666668,
    -14.333333333333334,
    -14.0,
    -13.666666666666668,
    -13.333333333333334,
    -13.0,
    -12.666666666666668,
    -12.333333333333334,
    -12.0,
    -11.666666666666668,
    -11.333333333333334,
    -11.0,
    -10.666666666666668,
    -10.333333333333334,
    -10.0,
    -9.666666666666668,
    -9.333333333333334,
    -9.0,
    -8.666666666666668,
    -8.333333333333334,
    -8.0,
    -7.666666666666668,
    -7.333333333333334,
    -7.0,
    -6.666666666666668,
    -6.333333333333334,
    -6.0,
    -5.666666666666668,
    -5.333333333333334,
    -5.0,
    -4.666666666666668,
    -4.333333333333334,
    -4.0,
    -3.666666666666668,
    -3.3333333333333357,
    -3.0,
    -2.666666666666668,
    -2.3333333333333357,
    -2.0,
    -1.6666666666666679,
    -1.3333333333333357,
    -1.0,
    -0.6666666666666679,
    -0.3333333333333357,
    0.0,
    0.33333333333333215,
    0.6666666666666643,
    1.0,
    1.3333333333333321,
    1.6666666666666643,
    2.0,
    2.333333333333332,
    2.6666666666666643,
    3.0,
    3.333333333333332,
    3.6666666666666643,
    4.0,
    4.333333333333332,
    4.666666666666664,
    5.0,
    5.333333333333332,
    5.666666666666664,
    6.0,
    6.333333333333332,
    6.666666666666664,
    7.0,
    7.333333333333332,
    7.666666666666664,
    8.0,
    8.333333333333332,
    8.666666666666664,
    9.0,
    9.333333333333332,
    9.666666666666664,
    10.0,
    10.333333333333332,
    10.666666666666664,
    11.0,
    11.333333333333332,
    11.666666666666664,
    12.0,
    12.333333333333329,
    12.666666666666664,
    13.0,
    13.333333333333329,
    13.666666666666664,
    14.0,
    14.333333333333329,
    14.666666666666664,
    15.0,
    15.333333333333329,
    15.666666666666664,
    16.0,
    16.33333333333333,
    16.666666666666664,
    17.0,
    17.33333333333333,
    17.666666666666664,
    18.0,
    18.33333333333333,
    18.666666666666664,
    19.0,
    19.33333333333333,
    19.666666666666664,
    20.0
  ],
  "conductance": [
    0.9654224310505163,
    0.9691558150693294,
    0.9740362832122302,
    0.9802475678449135,
    0.9880018349228261,
    0.9975308533957306,
    1.00904697861121,
    1.0226616846970105,
    1.0382923126958872,
    1.055604238500346,
    1.0737607531141469,
    1.0907515645476749,
    1.1033387086433524,
    1.108838913632991,
    1.1069568585295615,
    1.0993776773595794,
    1.0882624093146427,
    1.0752105784249475,
    1.0610893613327115,
    1.0464567742892155,
    1.0318756465646843,
    1.0177634313631865,
    1.0040899272336075,
    0.9903044240039852,
    0.9755595464631734,
    0.959076241849553,
    0.9406444319028887,
    0.920843900085435,
    0.9006261179371401,
    0.8808011375516962,
    0.8618631778179602,
    0.8440418592066312,
    0.8273727520843231,
    0.8117045811120631,
    0.7966885001612015,
    0.7819213132115161,
    0.7672634326608277,
    0.7529348818140702,
    0.739267885596672,
    0.7264907552983674,
    0.7146939072044715,
    0.7038769033805361,
    0.6939948029267612,
    0.6849859113049798,
    0.6767855864165555,
    0.6693323782650104,
    0.6625704005208557,
    0.6564499515860005,
    0.6509273655200788,
    0.6459645573531885,
    0.6415284787813748,
    0.6375905813933574,
    0.6341263279155965,
    0.631114765231732,
    0.628538160702519,
    0.626381698128782,
    0.6246332279201556,
    0.6232830658625995,
    0.6223238354341458,
    0.6217503494710065,
    0.6215595279329352,
    0.6217503494710073,
    0.6223238354341449,
    0.6232830658625996,
    0.6246332279201565,
    0.6263816981287813,
    0.628538160702519,
    0.6311147652317326,
    0.6341263279155959,
    0.6375905813933574,
    0.6415284787813755,
    0.6459645573531877,
    0.6509273655200786,
    0.6564499515860012,
    0.6625704005208553,
    0.6693323782650099,
    0.6767855864165562,
    0.6849859113049793,
    0.6939948029267609,
    0.703876903380537,
    0.7146939072044709,
    0.726490755298367,
    0.7392678855966729,
    0.7529348818140695,
    0.7672634326608272,
    0.7819213132115168,
    0.796688500161201,
    0.8117045811120627,
    0.8273727520843243,
    0.8440418592066304,
    0.8618631778179596,
    0.8808011375516972,
    0.9006261179371392,
    0.9208439000854346,
    0.9406444319028897,
    0.9590762418495516,
    0.9755595464631737,
    0.9903044240039862,
    1.0040899272336055,
    1.0177634313631871,
    1.0318756465646854,
    1.0464567742892135,
    1.0610893613327121,
    1.0752105784249484,
    1.0882624093146407,
    1.09937767735958,
    1.106956858529563,
    1.108838913632989,
    1.1033387086433524,
    1.0907515645476766,
    1.0737607531141458,
    1.0556042385003455,
    1.0382923126958885,
    1.022661684697009,
    1.00904697861121,
    0.9975308533957318,
    0.988001834922825,
    0.9802475678449135,
    0.9740362832122317,
    0.9691558150693286,
    0.9654224310505157
  ],