{
  "bias_mev": [
    -20.0,
    -19.666666666666668,
    -19.333333333333332,
    -19.0,
    -18.666666666666668,
    -18.333333333333332,
    -18.0,
    -17.666666666666668,
    -17.333333333333332,
    -17.0,
    -16.666666666666668,
    -16.333333333333332,
    -16.0,
    -15.666666666666668,
    -15.333333333333334,
    -15.0,
    -14.666666666666668,
    -14.333333333333334,
    -14.0,
    -13.666666666666668,
    -13.333333333333334,
    -13.0,
    -12.666666666666668,
    -12.333333333333334,
    -12.0,
    -11.666666666666668,
    -11.333333333333334,
    -11.0,
    -10.666666666666668,
    -10.333333333333334,
    -10.0,
    -9.666666666666668,
    -9.333333333333334,
    -9.0,
    -8.666666666666668,
    -8.333333333333334,
    -8.0,
    -7.666666666666668,
    -7.333333333333334,
    -7.0,
    -6.666666666666668,
    -6.333333333333334,
    -6.0,
    -5.666666666666668,
    -5.333333333333334,
    -5.0,
    -4.666666666666668,
    -4.333333333333334,
    -4.0,
    -3.666666666666668,
    -3.3333333333333357,
    -3.0,
    -2.666666666666668,
    -2.3333333333333357,
    -2.0,
    -1.6666666666666679,
    -1.3333333333333357,
    -1.0,
    -0.6666666666666679,
    -0.3333333333333357,
    0.0,
    0.33333333333333215,
    0.6666666666666643,
    1.0,
    1.3333333333333321,
    1.6666666666666643,
    2.0,
    2.333333333333332,
    2.6666666666666643,
    3.0,
    3.333333333333332,
    3.6666666666666643,
    4.0,
    4.333333333333332,
    4.666666666666664,
    5.0,
    5.333333333333332,
    5.666666666666664,
    6.0,
    6.333333333333332,
    6.666666666666664,
    7.0,
    7.333333333333332,
    7.666666666666664,
    8.0,
    8.333333333333332,
    8.666666666666664,
    9.0,
    9.333333333333332,
    9.666666666666664,
    10.0,
    10.333333333333332,
    10.666666666666664,
    11.0,
    11.333333333333332,
    11.666666666666664,
    12.0,
    12.333333333333329,
    12.666666666666664,
    13.0,
    13.333333333333329,
    13.666666666666664,
    14.0,
    14.333333333333329,
    14.666666666666664,
    15.0,
    15.333333333333329,
    15.666666666666664,
    16.0,
    16.33333333333333,
    16.666666666666664,
    17.0,
    17.33333333333333,
    17.666666666666664,
    18.0,
    18.33333333333333,
    18.666666666666664,
    19.0,
    19.33333333333333,
    19.666666666666664,
    20.0
  ],
  "conductance": [
    0.9742100325126845,
    0.9771954813093223,
    0.9810273366919019,
    0.9858261170766871,
    0.9917181495567452,
    0.9988224552513133,
    1.0072188025441926,
    1.0168990284670993,
    1.02771957647362,
    1.0393630201164314,
    1.0512687729364827,
    1.062542064976237,
    1.072041613995308,
    1.0787877327585387,
    1.0823973091658385,
    1.083139921684814,
    1.0816387000631116,
    1.0785257991568762,
    1.0742848749520881,
    1.0692870139656827,
    1.0638472773359,
    1.0581726618180514,
    1.0522593961758595,
    1.0458683737181178,
    1.0386137268815459,
    1.030117553874352,
    1.0201904806822897,
    1.0089510622870537,
    0.9967804571062596,
    0.9841607887636367,
    0.9715331529191668,
    0.9592253403954549,
    0.9474135032803369,
    0.9360906074092128,
    0.925074624985532,
    0.9141128740075559,
    0.9030522308862313,
    0.8919339598596419,
    0.8809396776059899,
    0.8702768263598164,
    0.8601053553392749,
    0.8505213201535077,
    0.8415691014835297,
    0.8332591146700925,
    0.8255820150332523,
    0.8185181066458598,
    0.8120430433818253,
    0.8061311165631729,
    0.8007570823807192,
    0.7958971354329201,
    0.7915293919630427,
    0.7876340957352106,
    0.7841936703475653,
    0.7811926899137673,
    0.7786178099491092,
    0.776457682778297,
    0.7747028715352874,
    0.7733457708135529,
    0.7723805385005968,
    0.7718030412789257,
    0.7716108150998782,
    0.7718030412789262,
    0.7723805385005964,
    0.7733457708135529,
    0.7747028715352878,
    0.7764576827782965,
    0.7786178099491091,
    0.7811926899137677,
    0.7841936703475652,
    0.7876340957352106,
    0.7915293919630431,
    0.7958971354329195,
    0.8007570823807191,
    0.8061311165631732,
    0.8120430433818251,
    0.8185181066458594,
    0.8255820150332527,
    0.8332591146700923,
    0.8415691014835296,
    0.850521320153508,
    0.8601053553392747,
    0.8702768263598163,
    0.8809396776059905,
    0.8919339598596417,
    0.903052230886231,
    0.9141128740075561,
    0.9250746249855317,
    0.9360906074092125,
    0.9474135032803376,
    0.9592253403954544,
    0.9715331529191665,
    0.984160788763637,
    0.9967804571062592,
    1.0089510622870537,
    1.02019048068229,
    1.0301175538743519,
    1.0386137268815463,
    1.0458683737181182,
    1.0522593961758586,
    1.0581726618180516,
    1.0638472773359005,
    1.069287013965682,
    1.0742848749520884,
    1.0785257991568764,
    1.0816387000631107,
    1.0831399216848143,
    1.0823973091658394,
    1.078787732758538,
    1.072041613995308,
    1.0625420649762378,
    1.0512687729364822,
    1.0393630201164314,
    1.0277195764736207,
    1.0168990284670991,
    1.0072188025441926,
    0.998822455251314,
    0.9917181495567449,
    0.9858261170766873,
    0.9810273366919023,
    0.977195481309322,
    0.9742100325126843
  ],