{
  "bias_mev": [
    -20.0,
    -19.666666666666668,
    -19.333333333333332,
    -19.0,
    -18.666666666666668,
    -18.333333333333332,
    -18.0,
    -17.666666666666668,
    -17.333333333333332,
    -17.0,
    -16.666666666666668,
    -16.333333333333332,
    -16.0,
    -15.666666666666668,
    -15.333333333333334,
    -15.0,
    -14.666666666666668,
    -14.333333333333334,
    -14.0,
    -13.666666666666668,
    -13.333333333333334,
    -13.0,
    -12.666666666666668,
    -12.333333333333334,
    -12.0,
    -11.666666666666668,
    -11.333333333333334,
    -11.0,
    -10.666666666666668,
    -10.333333333333334,
    -10.0,
    -9.666666666666668,
    -9.333333333333334,
    -9.0,
    -8.666666666666668,
    -8.333333333333334,
    -8.0,
    -7.666666666666668,
    -7.333333333333334,
    -7.0,
    -6.666666666666668,
    -6.333333333333334,
    -6.0,
    -5.666666666666668,
    -5.333333333333334,
    -5.0,
    -4.666666666666668,
    -4.333333333333334,
    -4.0,
    -3.666666666666668,
    -3.3333333333333357,
    -3.0,
    -2.666666666666668,
    -2.3333333333333357,
    -2.0,
    -1.6666666666666679,
    -1.3333333333333357,
    -1.0,
    -0.6666666666666679,
    -0.3333333333333357,
    0.0,
    0.33333333333333215,
    0.6666666666666643,
    1.0,
    1.3333333333333321,
    1.6666666666666643,
    2.0,
    2.333333333333332,
    2.6666666666666643,
    3.0,
    3.333333333333332,
    3.6666666666666643,
    4.0,
    4.333333333333332,
    4.666666666666664,
    5.0,
    5.333333333333332,
    5.666666666666664,
    6.0,
    6.333333333333332,
    6.666666666666664,
    7.0,
    7.333333333333332,
    7.666666666666664,
    8.0,
    8.333333333333332,
    8.666666666666664,
    9.0,
    9.333333333333332,
    9.666666666666664,
    10.0,
    10.333333333333332,
    10.666666666666664,
    11.0,
    11.333333333333332,
    11.666666666666664,
    12.0,
    12.333333333333329,
    12.666666666666664,
    13.0,
    13.333333333333329,
    13.666666666666664,
    14.0,
    14.333333333333329,
    14.666666666666664,
    15.0,
    15.333333333333329,
    15.666666666666664,
    16.0,
    16.33333333333333,
    16.666666666666664,
    17.0,
    17.33333333333333,
    17.666666666666664,
    18.0,
    18.33333333333333,
    18.666666666666664,
    19.0,
    19.33333333333333,
    19.666666666666664,
    20.0
  ],
  "conductance": [
    0.9716381400433589,
    0.9752549652077125,
    0.9797322546887459,
    0.9851830686812862,
    0.9917115925919241,
    0.9993980298930186,
    1.0082770710092654,
    1.0183112509514824,
    1.0293590985184484,
    1.0411345284147557,
    1.053159823018708,
    1.064741785671175,
    1.0750285268693087,
    1.0831788629978212,
    1.0885859980294241,
    1.091029099774096,
    1.0906696336325727,
    1.0879217774580836,
    1.0832924648008024,
    1.0772646760027467,
    1.070235535609059,
    1.0624821934031832,
    1.054136716442343,
    1.0451806384788567,
    1.0354818829917045,
    1.0248786447147922,
    1.0132817143051702,
    1.0007454504444333,
    0.9874709782658484,
    0.9737479542370225,
    0.9598748009563703,
    0.9460952754620027,
    0.932566889437603,
    0.9193604122788513,
    0.906484838427343,
    0.8939282013958748,
    0.8816966800519983,
    0.8698330145110716,
    0.8584088931205534,
    0.8475031684530905,
    0.8371819794757408,
    0.8274888417896331,
    0.8184439845588605,
    0.8100487265322034,
    0.8022912308340918,
    0.7951516644768697,
    0.7886061020463557,
    0.7826291922765558,
    0.7771958479348761,
    0.7722822458467382,
    0.7678663722507343,
    0.7639282834224974,
    0.7604501960688652,
    0.7574164813232632,
    0.7548136085116467,
    0.7526300668776646,
    0.7508562821131021,
    0.7494845375416503,
    0.748508905568467,
    0.7479251924947663,
    0.74773089834019,
    0.7479251924947663,
    0.748508905568467,
    0.7494845375416503,
    0.7508562821131021,
    0.7526300668776646,
    0.7548136085116467,
    0.757416481323263,
    0.7604501960688652,
    0.7639282834224975,
    0.7678663722507342,
    0.7722822458467382,
    0.7771958479348758,
    0.7826291922765558,
    0.7886061020463555,
    0.7951516644768696,
    0.8022912308340917,
    0.8100487265322032,
    0.8184439845588606,
    0.8274888417896331,
    0.8371819794757405,
    0.8475031684530905,
    0.858408893120553,
    0.8698330145110716,
    0.8816966800519983,
    0.8939282013958747,
    0.906484838427343,
    0.9193604122788512,
    0.9325668894376027,
    0.9460952754620023,
    0.9598748009563702,
    0.9737479542370223,
    0.9874709782658483,
    1.0007454504444333,
    1.0132817143051698,
    1.024878644714792,
    1.0354818829917045,
    1.045180638478857,
    1.0541367164423427,
    1.0624821934031832,
    1.0702355356090587,
    1.0772646760027467,
    1.0832924648008024,
    1.0879217774580836,
    1.090669633632573,
    1.0910290997740961,
    1.0885859980294244,
    1.0831788629978212,
    1.0750285268693087,
    1.0647417856711752,
    1.0531598230187083,
    1.0411345284147557,
    1.0293590985184486,
    1.0183112509514827,
    1.0082770710092654,
    0.9993980298930187,
    0.9917115925919241,
    0.9851830686812862,
    0.9797322546887461,
    0.9752549652077125,
    0.9716381400433589
  ],