{
  "bias_mev": [
    -20.0,
    -19.666666666666668,
    -19.333333333333332,
    -19.0,
    -18.666666666666668,
    -18.333333333333332,
    -18.0,
    -17.666666666666668,
    -17.333333333333332,
    -17.0,
    -16.666666666666668,
    -16.333333333333332,
    -16.0,
    -15.666666666666668,
    -15.333333333333334,
    -15.0,
    -14.666666666666668,
    -14.333333333333334,
    -14.0,
    -13.666666666666668,
    -13.333333333333334,
    -13.0,
    -12.666666666666668,
    -12.333333333333334,
    -12.0,
    -11.666666666666668,
    -11.333333333333334,
    -11.0,
    -10.666666666666668,
    -10.333333333333334,
    -10.0,
    -9.666666666666668,
    -9.333333333333334,
    -9.0,
    -8.666666666666668,
    -8.333333333333334,
    -8.0,
    -7.666666666666668,
    -7.333333333333334,
    -7.0,
    -6.666666666666668,
    -6.333333333333334,
    -6.0,
    -5.666666666666668,
    -5.333333333333334,
    -5.0,
    -4.666666666666668,
    -4.333333333333334,
    -4.0,
    -3.666666666666668,
    -3.3333333333333357,
    -3.0,
    -2.666666666666668,
    -2.3333333333333357,
    -2.0,
    -1.6666666666666679,
    -1.3333333333333357,
    -1.0,
    -0.6666666666666679,
    -0.3333333333333357,
    0.0,
    0.33333333333333215,
    0.6666666666666643,
    1.0,
    1.3333333333333321,
    1.6666666666666643,
    2.0,
    2.333333333333332,
    2.6666666666666643,
    3.0,
    3.333333333333332,
    3.6666666666666643,
    4.0,
    4.333333333333332,
    4.666666666666664,
    5.0,
    5.333333333333332,
    5.666666666666664,
    6.0,
    6.333333333333332,
    6.666666666666664,
    7.0,
    7.333333333333332,
    7.666666666666664,
    8.0,
    8.333333333333332,
    8.666666666666664,
    9.0,
    9.333333333333332,
    9.666666666666664,
    10.0,
    10.333333333333332,
    10.666666666666664,
    11.0,
    11.333333333333332,
    11.666666666666664,
    12.0,
    12.333333333333329,
    12.666666666666664,
    13.0,
    13.333333333333329,
    13.666666666666664,
    14.0,
    14.333333333333329,
    14.666666666666664,
    15.0,
    15.333333333333329,
    15.666666666666664,
    16.0,
    16.33333333333333,
    16.666666666666664,
    17.0,
    17.33333333333333,
    17.666666666666664,
    18.0,
    18.33333333333333,
    18.666666666666664,
    19.0,
    19.33333333333333,
    19.666666666666664,
    20.0
  ],
  "conductance": [
    0.9768587280620774,
    0.9782927766577251,
    0.9811881370756846,
    0.9856074264287492,
    0.9915612954142307,
    0.998967556945974,
    1.0076045889772796,
    1.0170772158640313,
    1.026807359954042,
    1.0360349146202035,
    1.0438060926835058,
    1.04898886575236,
    1.0504273820666308,
    1.0472735960326771,
    1.0393258410739374,
    1.0271196108419698,
    1.0116988545213494,
    0.9942413338498349,
    0.9757691565623285,
    0.9570385520589645,
    0.9385361480324983,
    0.9204687506580629,
    0.9027278880087185,
    0.8849056503247612,
    0.8664316243994786,
    0.8468162431845044,
    0.8258981195908283,
    0.8039580457533642,
    0.7816261240739275,
    0.7596459402917698,
    0.7386401908238527,
    0.7189770068310534,
    0.700747345614963,
    0.6838216411719049,
    0.6679560195198053,
    0.6529174701629397,
    0.6385799529059016,
    0.6249472452936248,
    0.6121052710678677,
    0.6001517263892814,
    0.5891480111716998,
    0.5791053859465504,
    0.5699935896892757,
    0.5617567431990781,
    0.5543275838376461,
    0.5476371794998288,
    0.5416204316155642,
    0.5362186211172321,
    0.531380183033869,
    0.5270605486358957,
    0.5232215682787028,
    0.5198307985349191,
    0.5168607960586571,
    0.5142884811619671,
    0.5120945925300222,
    0.510263234499417,
    0.5087815098699354,
    0.5076392286173189,
    0.5068286830450537,
    0.5063444812730977,
    0.5061834327420693,
    0.5063444812730976,
    0.5068286830450537,
    0.507639228617319,
    0.5087815098699354,
    0.510263234499417,
    0.5120945925300221,
    0.5142884811619671,
    0.5168607960586571,
    0.5198307985349191,
    0.5232215682787028,
    0.5270605486358957,
    0.531380183033869,
    0.5362186211172322,
    0.5416204316155642,
    0.5476371794998288,
    0.5543275838376461,
    0.561756743199078,
    0.5699935896892757,
    0.5791053859465501,
    0.5891480111716997,
    0.6001517263892814,
    0.6121052710678676,
    0.6249472452936247,
    0.6385799529059016,
    0.6529174701629396,
    0.6679560195198051,
    0.6838216411719048,
    0.7007473456149629,
    0.7189770068310529,
    0.7386401908238527,
    0.7596459402917697,
    0.781626124073927,
    0.8039580457533643,
    0.8258981195908279,
    0.8468162431845042,
    0.8664316243994786,
    0.8849056503247605,
    0.9027278880087182,
    0.9204687506580631,
    0.938536148032498,
    0.9570385520589642,
    0.9757691565623285,
    0.9942413338498347,
    1.0116988545213492,
    1.0271196108419698,
    1.039325841073937,
    1.047273596032677,
    1.0504273820666308,
    1.04898886575236,
    1.0438060926835058,
    1.0360349146202033,
    1.026807359954042,
    1.0170772158640318,
    1.0076045889772796,
    0.9989675569459743,
    0.9915612954142307,
    0.9856074264287492,
    0.9811881370756849,
    0.9782927766577251,
    0.9768587280620774
  ],