{
  "bias_mev": [
    -20.0,
    -19.666666666666668,
    -19.333333333333332,
    -19.0,
    -18.666666666666668,
    -18.333333333333332,
    -18.0,
    -17.666666666666668,
    -17.333333333333332,
    -17.0,
    -16.666666666666668,
    -16.333333333333332,
    -16.0,
    -15.666666666666668,
    -15.333333333333334,
    -15.0,
    -14.666666666666668,
    -14.333333333333334,
    -14.0,
    -13.666666666666668,
    -13.333333333333334,
    -13.0,
    -12.666666666666668,
    -12.333333333333334,
    -12.0,
    -11.666666666666668,
    -11.333333333333334,
    -11.0,
    -10.666666666666668,
    -10.333333333333334,
    -10.0,
    -9.666666666666668,
    -9.333333333333334,
    -9.0,
    -8.666666666666668,
    -8.333333333333334,
    -8.0,
    -7.666666666666668,
    -7.333333333333334,
    -7.0,
    -6.666666666666668,
    -6.333333333333334,
    -6.0,
    -5.666666666666668,
    -5.333333333333334,
    -5.0,
    -4.666666666666668,
    -4.333333333333334,
    -4.0,
    -3.666666666666668,
    -3.3333333333333357,
    -3.0,
    -2.666666666666668,
    -2.3333333333333357,
    -2.0,
    -1.6666666666666679,
    -1.3333333333333357,
    -1.0,
    -0.6666666666666679,
    -0.3333333333333357,
    0.0,
    0.33333333333333215,
    0.6666666666666643,
    1.0,
    1.3333333333333321,
    1.6666666666666643,
    2.0,
    2.333333333333332,
    2.6666666666666643,
    3.0,
    3.333333333333332,
    3.6666666666666643,
    4.0,
    4.333333333333332,
    4.666666666666664,
    5.0,
    5.333333333333332,
    5.666666666666664,
    6.0,
    6.333333333333332,
    6.666666666666664,
    7.0,
    7.333333333333332,
    7.666666666666664,
    8.0,
    8.333333333333332,
    8.666666666666664,
    9.0,
    9.333333333333332,
    9.666666666666664,
    10.0,
    10.333333333333332,
    10.666666666666664,
    11.0,
    11.333333333333332,
    11.666666666666664,
    12.0,
    12.333333333333329,
    12.666666666666664,
    13.0,
    13.333333333333329,
    13.666666666666664,
    14.0,
    14.333333333333329,
    14.666666666666664,
    15.0,
    15.333333333333329,
    15.666666666666664,
    16.0,
    16.33333333333333,
    16.666666666666664,
    17.0,
    17.33333333333333,
    17.666666666666664,
    18.0,
    18.33333333333333,
    18.666666666666664,
    19.0,
    19.33333333333333,
    19.666666666666664,
    20.0
  ],
  "conductance": [
    0.9780651421571885,
    0.9814147838312326,
    0.9852092850409169,
    0.9895292521397917,
    0.9944598951078579,
    1.0000811127482654,
    1.006448767110421,
    1.0135719674954282,
    1.0213995880539444,
    1.0298202063149544,
    1.0386531680927407,
    1.047622381817382,
    1.056368788800848,
    1.064549486606312,
    1.0719603874389747,
    1.0785778633167489,
    1.0845024224885378,
    1.0898690145502083,
    1.094796159963129,
    1.0993922003407097,
    1.1037709318959903,
    1.1080279920490927,
    1.1121889812532397,
    1.116175123154311,
    1.119811841256619,
    1.122879232092565,
    1.1251968740951832,
    1.1267052114482807,
    1.127483437104184,
    1.1276992328327897,
    1.1275417140220838,
    1.1271741897697538,
    1.1267067908521957,
    1.12617915012733,
    1.1255574987949588,
    1.12476221704921,
    1.1237221984442127,
    1.1224178286031112,
    1.1208830860099523,
    1.1191800893224082,
    1.1173741157961636,
    1.115520886417306,
    1.1136635925151148,
    1.1118343256203105,
    1.1100566001331114,
    1.1083476526578397,
    1.1067202037924735,
    1.10518372407619,
    1.10374532509088,
    1.1024103864915236,
    1.1011830012311041,
    1.1000662957599212,
    1.0990626634228886,
    1.0981739366998884,
    1.097401515611001,
    1.096746464114308,
    1.096209582665426,
    1.095791462634388,
    1.0954925265695687,
    1.0953130570923348,
    1.0952532163259683,
    1.095313057092335,
    1.0954925265695685,
    1.095791462634388,
    1.0962095826654263,
    1.0967464641143077,
    1.0974015156110009,
    1.0981739366998886,
    1.0990626634228882,
    1.1000662957599212,
    1.1011830012311048,
    1.1024103864915231,
    1.10374532509088,
    1.1051837240761904,
    1.106720203792473,
    1.1083476526578397,
    1.110056600133112,
    1.1118343256203103,
    1.1136635925151142,
    1.1155208864173063,
    1.1173741157961636,
    1.1191800893224082,
    1.1208830860099528,
    1.1224178286031112,
    1.1237221984442125,
    1.1247622170492106,
    1.1255574987949586,
    1.1261791501273297,
    1.126706790852196,
    1.1271741897697536,
    1.1275417140220838,
    1.1276992328327902,
    1.1274834371041835,
    1.1267052114482807,
    1.1251968740951839,
    1.1228792320925647,
    1.1198118412566191,
    1.1161751231543118,
    1.1121889812532388,
    1.1080279920490934,
    1.103770931895991,
    1.099392200340709,
    1.094796159963129,
    1.089869014550209,
    1.0845024224885373,
    1.0785778633167493,
    1.0719603874389756,
    1.0645494866063117,
    1.056368788800848,
    1.0476223818173824,
    1.03865316809274,
    1.0298202063149544,
    1.0213995880539448,
    1.013571967495428,
    1.0064487671104208,
    1.0000811127482658,
    0.9944598951078576,
    0.9895292521397917,
    0.9852092850409174,
    0.9814147838312324,
    0.9780651421571884
  ],