{
  "bias_mev": [
    -20.0,
    -19.666666666666668,
    -19.333333333333332,
    -19.0,
    -18.666666666666668,
    -18.333333333333332,
    -18.0,
    -17.666666666666668,
    -17.333333333333332,
    -17.0,
    -16.666666666666668,
    -16.333333333333332,
    -16.0,
    -15.666666666666668,
    -15.333333333333334,
    -15.0,
    -14.666666666666668,
    -14.333333333333334,
    -14.0,
    -13.666666666666668,
    -13.333333333333334,
    -13.0,
    -12.666666666666668,
    -12.333333333333334,
    -12.0,
    -11.666666666666668,
    -11.333333333333334,
    -11.0,
    -10.666666666666668,
    -10.333333333333334,
    -10.0,
    -9.666666666666668,
    -9.333333333333334,
    -9.0,
    -8.666666666666668,
    -8.333333333333334,
    -8.0,
    -7.666666666666668,
    -7.333333333333334,
    -7.0,
    -6.666666666666668,
    -6.333333333333334,
    -6.0,
    -5.666666666666668,
    -5.333333333333334,
    -5.0,
    -4.666666666666668,
    -4.333333333333334,
    -4.0,
    -3.666666666666668,
    -3.3333333333333357,
    -3.0,
    -2.666666666666668,
    -2.3333333333333357,
    -2.0,
    -1.6666666666666679,
    -1.3333333333333357,
    -1.0,
    -0.6666666666666679,
    -0.3333333333333357,
    0.0,
    0.33333333333333215,
    0.6666666666666643,
    1.0,
    1.3333333333333321,
    1.6666666666666643,
    2.0,
    2.333333333333332,
    2.6666666666666643,
    3.0,
    3.333333333333332,
    3.6666666666666643,
    4.0,
    4.333333333333332,
    4.666666666666664,
    5.0,
    5.333333333333332,
    5.666666666666664,
    6.0,
    6.333333333333332,
    6.666666666666664,
    7.0,
    7.333333333333332,
    7.666666666666664,
    8.0,
    8.333333333333332,
    8.666666666666664,
    9.0,
    9.333333333333332,
    9.666666666666664,
    10.0,
    10.333333333333332,
    10.666666666666664,
    11.0,
    11.333333333333332,
    11.666666666666664,
    12.0,
    12.333333333333329,
    12.666666666666664,
    13.0,
    13.333333333333329,
    13.666666666666664,
    14.0,
    14.333333333333329,
    14.666666666666664,
    15.0,
    15.333333333333329,
    15.666666666666664,
    16.0,
    16.33333333333333,
    16.666666666666664,
    17.0,
    17.33333333333333,
    17.666666666666664,
    18.0,
    18.33333333333333,
    18.666666666666664,
    19.0,
    19.33333333333333,
    19.666666666666664,
    20.0
  ],
  "conductance": [
    0.9811578885208825,
    0.9837075845466711,
    0.9867538057608183,
    0.9903779991395449,
    0.9946641613602973,
    0.9996851190435074,
    1.0054765963347725,
    1.0120109712612289,
    1.0192039641325221,
    1.0269619098997576,
    1.0351913021042856,
    1.0437026975631674,
    1.052107483445102,
    1.0598882427432224,
    1.0666381137103034,
    1.0722333743227217,
    1.0767986995704595,
    1.0805501797710746,
    1.0836700264329535,
    1.0862995814423633,
    1.0885917799864246,
    1.0907004097388913,
    1.0926909695419837,
    1.0944626874397343,
    1.0957542383024799,
    1.096238629688698,
    1.0956793460737089,
    1.0940593331695438,
    1.091570179671902,
    1.0884963452983993,
    1.0851108131865543,
    1.081623281477409,
    1.0781561712299508,
    1.0747266320792874,
    1.0712502514460305,
    1.0676011738758886,
    1.0637062322586155,
    1.059587830846062,
    1.0553318986130842,
    1.0510373782491373,
    1.0467879004752703,
    1.0426451813655147,
    1.0386519650781263,
    1.0348369407144955,
    1.0312189778731318,
    1.0278102236027287,
    1.0246182462007924,
    1.021647498044717,
    1.0189003160982415,
    1.0163776124148156,
    1.014079356042257,
    1.012004913130965,
    1.0101532894325878,
    1.0085233047155562,
    1.0071137190708028,
    1.005923324784698,
    1.0049510132460215,
    1.0041958234915433,
    1.0036569770121302,
    1.0033339020370744,
    1.003226249490482,
    1.0033339020370757,
    1.003656977012129,
    1.0041958234915433,
    1.0049510132460229,
    1.0059233247846964,
    1.007113719070803,
    1.0085233047155575,
    1.0101532894325869,
    1.0120049131309647,
    1.014079356042258,
    1.0163776124148145,
    1.0189003160982415,
    1.0216474980447185,
    1.024618246200792,
    1.0278102236027278,
    1.0312189778731333,
    1.034836940714495,
    1.0386519650781256,
    1.0426451813655162,
    1.0467879004752696,
    1.051037378249137,
    1.0553318986130855,
    1.0595878308460613,
    1.0637062322586148,
    1.06760117387589,
    1.0712502514460303,
    1.0747266320792868,
    1.078156171229952,
    1.0816232814774085,
    1.085110813186554,
    1.0884963452984004,
    1.0915701796719015,
    1.0940593331695434,
    1.0956793460737102,
    1.0962386296886968,
    1.09575423830248,
    1.0944626874397354,
    1.092690969541982,
    1.090700409738892,
    1.0885917799864258,
    1.0862995814423617,
    1.083670026432954,
    1.0805501797710764,
    1.076798699570458,
    1.0722333743227226,
    1.0666381137103047,
    1.0598882427432206,
    1.0521074834451023,
    1.043702697563169,
    1.0351913021042847,
    1.0269619098997576,
    1.0192039641325232,
    1.0120109712612277,
    1.0054765963347723,
    0.9996851190435087,
    0.994664161360296,
    0.9903779991395447,
    0.9867538057608193,
    0.9837075845466701,
    0.981157888520882
  ],