{
  "bias_mev": [
    -20.0,
    -19.666666666666668,
    -19.333333333333332,
    -19.0,
    -18.666666666666668,
    -18.333333333333332,
    -18.0,
    -17.666666666666668,
    -17.333333333333332,
    -17.0,
    -16.666666666666668,
    -16.333333333333332,
    -16.0,
    -15.666666666666668,
    -15.333333333333334,
    -15.0,
    -14.666666666666668,
    -14.333333333333334,
    -14.0,
    -13.666666666666668,
    -13.333333333333334,
    -13.0,
    -12.666666666666668,
    -12.333333333333334,
    -12.0,
    -11.666666666666668,
    -11.333333333333334,
    -11.0,
    -10.666666666666668,
    -10.333333333333334,
    -10.0,
    -9.666666666666668,
    -9.333333333333334,
    -9.0,
    -8.666666666666668,
    -8.333333333333334,
    -8.0,
    -7.666666666666668,
    -7.333333333333334,
    -7.0,
    -6.666666666666668,
    -6.333333333333334,
    -6.0,
    -5.666666666666668,
    -5.333333333333334,
    -5.0,
    -4.666666666666668,
    -4.333333333333334,
    -4.0,
    -3.666666666666668,
    -3.3333333333333357,
    -3.0,
    -2.666666666666668,
    -2.3333333333333357,
    -2.0,
    -1.6666666666666679,
    -1.3333333333333357,
    -1.0,
    -0.6666666666666679,
    -0.3333333333333357,
    0.0,
    0.33333333333333215,
    0.6666666666666643,
    1.0,
    1.3333333333333321,
    1.6666666666666643,
    2.0,
    2.333333333333332,
    2.6666666666666643,
    3.0,
    3.333333333333332,
    3.6666666666666643,
    4.0,
    4.333333333333332,
    4.666666666666664,
    5.0,
    5.333333333333332,
    5.666666666666664,
    6.0,
    6.333333333333332,
    6.666666666666664,
    7.0,
    7.333333333333332,
    7.666666666666664,
    8.0,
    8.333333333333332,
    8.666666666666664,
    9.0,
    9.333333333333332,
    9.666666666666664,
    10.0,
    10.333333333333332,
    10.666666666666664,
    11.0,
    11.333333333333332,
    11.666666666666664,
    12.0,
    12.333333333333329,
    12.666666666666664,
    13.0,
    13.333333333333329,
    13.666666666666664,
    14.0,
    14.333333333333329,
    14.666666666666664,
    15.0,
    15.333333333333329,
    15.666666666666664,
    16.0,
    16.33333333333333,
    16.666666666666664,
    17.0,
    17.33333333333333,
    17.666666666666664,
    18.0,
    18.33333333333333,
    18.666666666666664,
    19.0,
    19.33333333333333,
    19.666666666666664,
    20.0
  ],
  "conductance": [
    0.9795104026422102,
    0.9811047679732918,
    0.9838109195014698,
    0.9877061426078421,
    0.9928317398287223,
    0.999158434402725,
    1.0065438372212578,
    1.0147001600645527,
    1.0231902828588788,
    1.0314433128990501,
    1.0387607802646852,
    1.0443343099446087,
    1.0473631706974411,
    1.0472929440286227,
    1.0440274382253023,
    1.037938042997022,
    1.0296685358113224,
    1.0198936920266655,
    1.00918022096657,
    0.9979636367179633,
    0.9865462948881188,
    0.9750492263695597,
    0.96335551485408,
    0.9511256557313262,
    0.9379158767203455,
    0.9233672242050389,
    0.9073927743432685,
    0.8902619155190614,
    0.8725191481490047,
    0.8547918744038896,
    0.8376066574299321,
    0.8212846095541062,
    0.8059143917716288,
    0.7913816034243129,
    0.777449190283875,
    0.763880227942071,
    0.7505544040192781,
    0.73750974088384,
    0.7248939064797434,
    0.7128788344557445,
    0.7015982436938257,
    0.6911262487501506,
    0.6814839094738327,
    0.6726557075612695,
    0.6646052772320422,
    0.6572868083814704,
    0.6506521527294283,
    0.6446547763638535,
    0.6392517059959284,
    0.6344043090541663,
    0.6300784443204689,
    0.6262443002756803,
    0.6228760988065166,
    0.6199517593196653,
    0.6174525715631806,
    0.6153628999057701,
    0.6136699283349917,
    0.6123634486378231,
    0.6114356910738806,
    0.6108811956498502,
    0.6106967219277286,
    0.6108811956498502,
    0.6114356910738806,
    0.612363448637823,
    0.6136699283349916,
    0.6153628999057698,
    0.6174525715631807,
    0.6199517593196653,
    0.6228760988065164,
    0.6262443002756802,
    0.6300784443204689,
    0.6344043090541662,
    0.6392517059959283,
    0.6446547763638534,
    0.6506521527294281,
    0.6572868083814704,
    0.6646052772320422,
    0.6726557075612695,
    0.6814839094738326,
    0.6911262487501506,
    0.7015982436938255,
    0.7128788344557446,
    0.7248939064797432,
    0.7375097408838398,
    0.7505544040192778,
    0.7638802279420708,
    0.7774491902838747,
    0.791381603424313,
    0.8059143917716287,
    0.8212846095541061,
    0.8376066574299321,
    0.8547918744038896,
    0.8725191481490043,
    0.8902619155190619,
    0.9073927743432685,
    0.9233672242050387,
    0.9379158767203455,
    0.951125655731326,
    0.9633555148540798,
    0.9750492263695599,
    0.9865462948881186,
    0.9979636367179632,
    1.00918022096657,
    1.0198936920266655,
    1.0296685358113222,
    1.037938042997022,
    1.0440274382253025,
    1.0472929440286225,
    1.0473631706974411,
    1.044334309944609,
    1.0387607802646854,
    1.0314433128990501,
    1.023190282858879,
    1.0147001600645527,
    1.0065438372212576,
    0.9991584344027254,
    0.9928317398287224,
    0.9877061426078422,
    0.9838109195014699,
    0.9811047679732916,
    0.9795104026422102
  ],