{
  "bias_mev": [
    -20.0,
    -19.666666666666668,
    -19.333333333333332,
    -19.0,
    -18.666666666666668,
    -18.333333333333332,
    -18.0,
    -17.666666666666668,
    -17.333333333333332,
    -17.0,
    -16.666666666666668,
    -16.333333333333332,
    -16.0,
    -15.666666666666668,
    -15.333333333333334,
    -15.0,
    -14.666666666666668,
    -14.333333333333334,
    -14.0,
    -13.666666666666668,
    -13.333333333333334,
    -13.0,
    -12.666666666666668,
    -12.333333333333334,
    -12.0,
    -11.666666666666668,
    -11.333333333333334,
    -11.0,
    -10.666666666666668,
    -10.333333333333334,
    -10.0,
    -9.666666666666668,
    -9.333333333333334,
    -9.0,
    -8.666666666666668,
    -8.333333333333334,
    -8.0,
    -7.666666666666668,
    -7.333333333333334,
    -7.0,
    -6.666666666666668,
    -6.333333333333334,
    -6.0,
    -5.666666666666668,
    -5.333333333333334,
    -5.0,
    -4.666666666666668,
    -4.333333333333334,
    -4.0,
    -3.666666666666668,
    -3.3333333333333357,
    -3.0,
    -2.666666666666668,
    -2.3333333333333357,
    -2.0,
    -1.6666666666666679,
    -1.3333333333333357,
    -1.0,
    -0.6666666666666679,
    -0.3333333333333357,
    0.0,
    0.33333333333333215,
    0.6666666666666643,
    1.0,
    1.3333333333333321,
    1.6666666666666643,
    2.0,
    2.333333333333332,
    2.6666666666666643,
    3.0,
    3.333333333333332,
    3.6666666666666643,
    4.0,
    4.333333333333332,
    4.666666666666664,
    5.0,
    5.333333333333332,
    5.666666666666664,
    6.0,
    6.333333333333332,
    6.666666666666664,
    7.0,
    7.333333333333332,
    7.666666666666664,
    8.0,
    8.333333333333332,
    8.666666666666664,
    9.0,
    9.333333333333332,
    9.666666666666664,
    10.0,
    10.333333333333332,
    10.666666666666664,
    11.0,
    11.333333333333332,
    11.666666666666664,
    12.0,
    12.333333333333329,
    12.666666666666664,
    13.0,
    13.333333333333329,
    13.666666666666664,
    14.0,
    14.333333333333329,
    14.666666666666664,
    15.0,
    15.333333333333329,
    15.666666666666664,
    16.0,
    16.33333333333333,
    16.666666666666664,
    17.0,
    17.33333333333333,
    17.666666666666664,
    18.0,
    18.33333333333333,
    18.666666666666664,
    19.0,
    19.33333333333333,
    19.666666666666664,
    20.0
  ],
  "conductance": [
    0.9731993934235615,
    0.9754683862742637,
    0.9792854804721195,
    0.9846909679408838,
    0.991653066207655,
    1.0000194174390784,
    1.0094624145363569,
    1.0194358080719925,
    1.0291580380957106,
    1.0376270275383788,
    1.0436778160026672,
    1.0461268248495772,
    1.0440357050230966,
    1.0370141690613377,
    1.0253736752954217,
    1.0100100244456864,
    0.9920892046278427,
    0.9727304473648797,
    0.952826440693634,
    0.9329978149587935,
    0.913591470185174,
    0.8946648342866734,
    0.8759835023308647,
    0.8570928541629412,
    0.837483911416473,
    0.8168100253091702,
    0.7950637184798454,
    0.7726179612001541,
    0.7501028398126559,
    0.7281916955148722,
    0.7074119098736528,
    0.688047414102222,
    0.6701334157562218,
    0.6535161038488132,
    0.6379518423898828,
    0.6232176881605214,
    0.6091925331456765,
    0.5958745154630399,
    0.5833385921855706,
    0.571673763463599,
    0.5609381492404696,
    0.5511439119761301,
    0.5422633575735107,
    0.5342430598546782,
    0.5270173971261813,
    0.520518253056531,
    0.514680767319888,
    0.5094461476907801,
    0.5047626400022835,
    0.5005854854226529,
    0.4968763972532479,
    0.4936028635968897,
    0.4907374361546245,
    0.4882570797340374,
    0.48614261054075575,
    0.48437822801990316,
    0.4829511346009699,
    0.4818512340492736,
    0.48107089880726717,
    0.48060479789262733,
    0.48044977868879024,
    0.48060479789262733,
    0.48107089880726717,
    0.4818512340492736,
    0.4829511346009699,
    0.48437822801990305,
    0.48614261054075586,
    0.4882570797340374,
    0.4907374361546244,
    0.4936028635968896,
    0.4968763972532478,
    0.5005854854226529,
    0.5047626400022835,
    0.50944614769078,
    0.514680767319888,
    0.520518253056531,
    0.5270173971261811,
    0.5342430598546782,
    0.5422633575735107,
    0.5511439119761301,
    0.5609381492404694,
    0.5716737634635989,
    0.5833385921855705,
    0.5958745154630396,
    0.6091925331456763,
    0.6232176881605214,
    0.6379518423898825,
    0.653516103848813,
    0.6701334157562218,
    0.6880474141022218,
    0.7074119098736528,
    0.728191695514872,
    0.7501028398126556,
    0.772617961200154,
    0.7950637184798452,
    0.8168100253091699,
    0.837483911416473,
    0.857092854162941,
    0.8759835023308644,
    0.894664834286673,
    0.9135914701851736,
    0.9329978149587931,
    0.952826440693634,
    0.9727304473648791,
    0.9920892046278424,
    1.0100100244456864,
    1.025373675295421,
    1.0370141690613377,
    1.0440357050230964,
    1.0461268248495772,
    1.0436778160026672,
    1.037627027538379,
    1.0291580380957104,
    1.0194358080719923,
    1.0094624145363564,
    1.0000194174390784,
    0.991653066207655,
    0.9846909679408836,
    0.9792854804721195,
    0.9754683862742637,
    0.9731993934235615
  ],