{
  "bias_mev": [
    -20.0,
    -19.666666666666668,
    -19.333333333333332,
    -19.0,
    -18.666666666666668,
    -18.333333333333332,
    -18.0,
    -17.666666666666668,
    -17.333333333333332,
    -17.0,
    -16.666666666666668,
    -16.333333333333332,
    -16.0,
    -15.666666666666668,
    -15.333333333333334,
    -15.0,
    -14.666666666666668,
    -14.333333333333334,
    -14.0,
    -13.666666666666668,
    -13.333333333333334,
    -13.0,
    -12.666666666666668,
    -12.333333333333334,
    -12.0,
    -11.666666666666668,
    -11.333333333333334,
    -11.0,
    -10.666666666666668,
    -10.333333333333334,
    -10.0,
    -9.666666666666668,
    -9.333333333333334,
    -9.0,
    -8.666666666666668,
    -8.333333333333334,
    -8.0,
    -7.666666666666668,
    -7.333333333333334,
    -7.0,
    -6.666666666666668,
    -6.333333333333334,
    -6.0,
    -5.666666666666668,
    -5.333333333333334,
    -5.0,
    -4.666666666666668,
    -4.333333333333334,
    -4.0,
    -3.666666666666668,
    -3.3333333333333357,
    -3.0,
    -2.666666666666668,
    -2.3333333333333357,
    -2.0,
    -1.6666666666666679,
    -1.3333333333333357,
    -1.0,
    -0.6666666666666679,
    -0.3333333333333357,
    0.0,
    0.33333333333333215,
    0.6666666666666643,
    1.0,
    1.3333333333333321,
    1.6666666666666643,
    2.0,
    2.333333333333332,
    2.6666666666666643,
    3.0,
    3.333333333333332,
    3.6666666666666643,
    4.0,
    4.333333333333332,
    4.666666666666664,
    5.0,
    5.333333333333332,
    5.666666666666664,
    6.0,
    6.333333333333332,
    6.666666666666664,
    7.0,
    7.333333333333332,
    7.666666666666664,
    8.0,
    8.333333333333332,
    8.666666666666664,
    9.0,
    9.333333333333332,
    9.666666666666664,
    10.0,
    10.333333333333332,
    10.666666666666664,
    11.0,
    11.333333333333332,
    11.666666666666664,
    12.0,
    12.333333333333329,
    12.666666666666664,
    13.0,
    13.333333333333329,
    13.666666666666664,
    14.0,
    14.333333333333329,
    14.666666666666664,
    15.0,
    15.333333333333329,
    15.666666666666664,
    16.0,
    16.33333333333333,
    16.666666666666664,
    17.0,
    17.33333333333333,
    17.666666666666664,
    18.0,
    18.33333333333333,
    18.666666666666664,
    19.0,
    19.33333333333333,
    19.666666666666664,
    20.0
  ],
  "conductance": [
    0.9786227254056957,
    0.9814564149690593,
    0.9848175034652218,
    0.9888111112027138,
    0.9935637851279664,
    0.9992174493437724,
    1.0058953030594513,
    1.0136244224946982,
    1.0222817137652447,
    1.0317095711661768,
    1.0418398330127203,
    1.0524328100567995,
    1.0627465606403876,
    1.07184691671147,
    1.0792808641562734,
    1.0852036911013827,
    1.0900726809136874,
    1.0942664469836743,
    1.0979128456597074,
    1.1010823020518268,
    1.1040153327351192,
    1.1070234608247775,
    1.110236274243949,
    1.113487064364177,
    1.1163883927298968,
    1.1183921388499023,
    1.1189994615216685,
    1.1181542550350447,
    1.1162163713131446,
    1.1136430118300662,
    1.1108096421409432,
    1.1079878644648609,
    1.1053550177727214,
    1.1029615429055053,
    1.1006602778350278,
    1.098141882662077,
    1.0951823714538744,
    1.0918029143847248,
    1.0881619054661869,
    1.0844177671114423,
    1.080683564304477,
    1.0770316698366982,
    1.0735072101031293,
    1.0701383402173532,
    1.0669426878028871,
    1.0639312398848748,
    1.0611107109584828,
    1.0584850222150919,
    1.056056251489438,
    1.0538252593834936,
    1.0517921115426803,
    1.0499563691119602,
    1.0483172918466586,
    1.046873982073548,
    1.0456254878069335,
    1.0445708771523332,
    1.043709292179821,
    1.0430399878576382,
    1.0425623598940934,
    1.042275964132039,
    1.0421805292810156,
    1.0422759641320407,
    1.0425623598940916,
    1.0430399878576382,
    1.0437092921798223,
    1.0445708771523317,
    1.0456254878069338,
    1.046873982073549,
    1.0483172918466572,
    1.0499563691119602,
    1.051792111542682,
    1.0538252593834923,
    1.0560562514894374,
    1.0584850222150932,
    1.061110710958482,
    1.0639312398848744,
    1.0669426878028885,
    1.0701383402173523,
    1.0735072101031284,
    1.0770316698366995,
    1.0806835643044765,
    1.0844177671114419,
    1.0881619054661884,
    1.0918029143847243,
    1.0951823714538735,
    1.0981418826620786,
    1.1006602778350274,
    1.1029615429055049,
    1.1053550177727227,
    1.1079878644648602,
    1.110809642140943,
    1.1136430118300678,
    1.1162163713131437,
    1.118154255035044,
    1.1189994615216698,
    1.118392138849901,
    1.116388392729897,
    1.1134870643641788,
    1.1102362742439469,
    1.1070234608247786,
    1.1040153327351208,
    1.1010823020518248,
    1.0979128456597083,
    1.094266446983676,
    1.0900726809136851,
    1.0852036911013836,
    1.0792808641562752,
    1.071846916711468,
    1.062746560640388,
    1.0524328100568012,
    1.0418398330127192,
    1.0317095711661766,
    1.022281713765246,
    1.013624422494697,
    1.0058953030594513,
    0.9992174493437738,
    0.9935637851279654,
    0.9888111112027139,
    0.9848175034652233,
    0.9814564149690588,
    0.9786227254056953
  ],