{
  "bias_mev": [
    -20.0,
    -19.666666666666668,
    -19.333333333333332,
    -19.0,
    -18.666666666666668,
    -18.333333333333332,
    -18.0,
    -17.666666666666668,
    -17.333333333333332,
    -17.0,
    -16.666666666666668,
    -16.333333333333332,
    -16.0,
    -15.666666666666668,
    -15.333333333333334,
    -15.0,
    -14.666666666666668,
    -14.333333333333334,
    -14.0,
    -13.666666666666668,
    -13.333333333333334,
    -13.0,
    -12.666666666666668,
    -12.333333333333334,
    -12.0,
    -11.666666666666668,
    -11.333333333333334,
    -11.0,
    -10.666666666666668,
    -10.333333333333334,
    -10.0,
    -9.666666666666668,
    -9.333333333333334,
    -9.0,
    -8.666666666666668,
    -8.333333333333334,
    -8.0,
    -7.666666666666668,
    -7.333333333333334,
    -7.0,
    -6.666666666666668,
    -6.333333333333334,
    -6.0,
    -5.666666666666668,
    -5.333333333333334,
    -5.0,
    -4.666666666666668,
    -4.333333333333334,
    -4.0,
    -3.666666666666668,
    -3.3333333333333357,
    -3.0,
    -2.666666666666668,
    -2.3333333333333357,
    -2.0,
    -1.6666666666666679,
    -1.3333333333333357,
    -1.0,
    -0.6666666666666679,
    -0.3333333333333357,
    0.0,
    0.33333333333333215,
    0.6666666666666643,
    1.0,
    1.3333333333333321,
    1.6666666666666643,
    2.0,
    2.333333333333332,
    2.6666666666666643,
    3.0,
    3.333333333333332,
    3.6666666666666643,
    4.0,
    4.333333333333332,
    4.666666666666664,
    5.0,
    5.333333333333332,
    5.666666666666664,
    6.0,
    6.333333333333332,
    6.666666666666664,
    7.0,
    7.333333333333332,
    7.666666666666664,
    8.0,
    8.333333333333332,
    8.666666666666664,
    9.0,
    9.333333333333332,
    9.666666666666664,
    10.0,
    10.333333333333332,
    10.666666666666664,
    11.0,
    11.333333333333332,
    11.666666666666664,
    12.0,
    12.333333333333329,
    12.666666666666664,
    13.0,
    13.333333333333329,
    13.666666666666664,
    14.0,
    14.333333333333329,
    14.666666666666664,
    15.0,
    15.333333333333329,
    15.666666666666664,
    16.0,
    16.33333333333333,
    16.666666666666664,
    17.0,
    17.33333333333333,
    17.666666666666664,
    18.0,
    18.33333333333333,
    18.666666666666664,
    19.0,
    19.33333333333333,
    19.666666666666664,
    20.0
  ],
  "conductance": [
    0.9710601836266989,
    0.9756400032811878,
    0.9807391747611457,
    0.9864542563361823,
    0.9928951797208695,
    1.00017819528839,
    1.008405504475111,
    1.0176350427497138,
    1.027873642416413,
    1.0391188173442878,
    1.0513572821277877,
    1.0644058252035535,
    1.0777181854541917,
    1.0904765959793055,
    1.1020148120535629,
    1.1121135576170877,
    1.12092662171968,
    1.1287361476207916,
    1.1357634930103977,
    1.1421573662923679,
    1.1480872342266513,
    1.1537568064786914,
    1.1593041370623212,
    1.1646983767381438,
    1.1697195905770028,
    1.174028152889153,
    1.1773263031159706,
    1.1795353613677955,
    1.1808018821231467,
    1.181368321255494,
    1.181468662318896,
    1.1812889531711253,
    1.180954663285597,
    1.180514202438195,
    1.1799270459675355,
    1.1791017168248246,
    1.177981765643131,
    1.1765880949191416,
    1.1749891044308771,
    1.1732594675045283,
    1.1714611543636255,
    1.1696407806766755,
    1.167832440035609,
    1.1660610824599813,
    1.1643451688237159,
    1.1626985460553296,
    1.1611317376010948,
    1.159652833790454,
    1.15826811445977,
    1.1569824917876426,
    1.1557998307330046,
    1.1547231846552757,
    1.1537549710273276,
    1.1528971040128173,
    1.1521510953822358,
    1.1515181317362662,
    1.150999133641099,
    1.150594800653351,
    1.1503056450670135,
    1.1501320163876005,
    1.1500741179213945,
    1.1501320163876019,
    1.1503056450670117,
    1.150594800653351,
    1.1509991336411,
    1.1515181317362644,
    1.1521510953822358,
    1.1528971040128189,
    1.153754971027326,
    1.1547231846552757,
    1.155799830733006,
    1.1569824917876415,
    1.1582681144597697,
    1.1596528337904553,
    1.161131737601094,
    1.1626985460553287,
    1.1643451688237176,
    1.1660610824599806,
    1.1678324400356082,
    1.169640780676677,
    1.1714611543636249,
    1.1732594675045276,
    1.174989104430879,
    1.1765880949191407,
    1.1779817656431304,
    1.1791017168248266,
    1.1799270459675348,
    1.1805142024381938,
    1.1809546632855983,
    1.1812889531711241,
    1.181468662318895,
    1.1813683212554955,
    1.180801882123146,
    1.1795353613677946,
    1.1773263031159722,
    1.1740281528891516,
    1.169719590577003,
    1.1646983767381451,
    1.159304137062319,
    1.1537568064786923,
    1.1480872342266528,
    1.1421573662923659,
    1.1357634930103986,
    1.1287361476207933,
    1.1209266217196778,
    1.1121135576170886,
    1.1020148120535644,
    1.090476595979304,
    1.0777181854541917,
    1.0644058252035546,
    1.0513572821277866,
    1.0391188173442878,
    1.027873642416414,
    1.017635042749713,
    1.008405504475111,
    1.000178195288391,
    0.992895179720868,
    0.9864542563361824,
    0.9807391747611469,
    0.975640003281187,
    0.9710601836266987
  ],