{
  "bias_mev": [
    -20.0,
    -19.666666666666668,
    -19.333333333333332,
    -19.0,
    -18.666666666666668,
    -18.333333333333332,
    -18.0,
    -17.666666666666668,
    -17.333333333333332,
    -17.0,
    -16.666666666666668,
    -16.333333333333332,
    -16.0,
    -15.666666666666668,
    -15.333333333333334,
    -15.0,
    -14.666666666666668,
    -14.333333333333334,
    -14.0,
    -13.666666666666668,
    -13.333333333333334,
    -13.0,
    -12.666666666666668,
    -12.333333333333334,
    -12.0,
    -11.666666666666668,
    -11.333333333333334,
    -11.0,
    -10.666666666666668,
    -10.333333333333334,
    -10.0,
    -9.666666666666668,
    -9.333333333333334,
    -9.0,
    -8.666666666666668,
    -8.333333333333334,
    -8.0,
    -7.666666666666668,
    -7.333333333333334,
    -7.0,
    -6.666666666666668,
    -6.333333333333334,
    -6.0,
    -5.666666666666668,
    -5.333333333333334,
    -5.0,
    -4.666666666666668,
    -4.333333333333334,
    -4.0,
    -3.666666666666668,
    -3.3333333333333357,
    -3.0,
    -2.666666666666668,
    -2.3333333333333357,
    -2.0,
    -1.6666666666666679,
    -1.3333333333333357,
    -1.0,
    -0.6666666666666679,
    -0.3333333333333357,
    0.0,
    0.33333333333333215,
    0.6666666666666643,
    1.0,
    1.3333333333333321,
    1.6666666666666643,
    2.0,
    2.333333333333332,
    2.6666666666666643,
    3.0,
    3.333333333333332,
    3.6666666666666643,
    4.0,
    4.333333333333332,
    4.666666666666664,
    5.0,
    5.333333333333332,
    5.666666666666664,
    6.0,
    6.333333333333332,
    6.666666666666664,
    7.0,
    7.333333333333332,
    7.666666666666664,
    8.0,
    8.333333333333332,
    8.666666666666664,
    9.0,
    9.333333333333332,
    9.666666666666664,
    10.0,
    10.333333333333332,
    10.666666666666664,
    11.0,
    11.333333333333332,
    11.666666666666664,
    12.0,
    12.333333333333329,
    12.666666666666664,
    13.0,
    13.333333333333329,
    13.666666666666664,
    14.0,
    14.333333333333329,
    14.666666666666664,
    15.0,
    15.333333333333329,
    15.666666666666664,
    16.0,
    16.33333333333333,
    16.666666666666664,
    17.0,
    17.33333333333333,
    17.666666666666664,
    18.0,
    18.33333333333333,
    18.666666666666664,
    19.0,
    19.33333333333333,
    19.666666666666664,
    20.0
  ],
  "conductance": [
    0.9811215666362728,
    0.9818973992652709,
    0.9838123773402762,
    0.9870007428600809,
    0.9915925443952259,
    0.9976705140286961,
    1.005201480595389,
    1.013986434915818,
    1.0237047063394638,
    1.034012233623505,
    1.0444604687531,
    1.0541653769216,
    1.0616593652372948,
    1.065400423412434,
    1.064631758821325,
    1.0597319855296272,
    1.051805546047849,
    1.042015078923389,
    1.0312002440820365,
    1.0199313271865666,
    1.0086972191918355,
    0.9978737040867606,
    0.987499348944707,
    0.9771358206164364,
    0.965980665341183,
    0.9532156083093563,
    0.9384616365965814,
    0.9220351270828989,
    0.9047543999648878,
    0.8875122213193216,
    0.8709792562109786,
    0.8555193479732802,
    0.8412058317517542,
    0.8278624877640488,
    0.8151549915347843,
    0.8027723085144043,
    0.7906037371967322,
    0.7787535319707548,
    0.7674131391976794,
    0.7567411820495541,
    0.7468216963813084,
    0.7376748494682317,
    0.7292813670889331,
    0.7216025887952259,
    0.7145929127667647,
    0.7082064338287194,
    0.7024000706741401,
    0.6971348020811856,
    0.6923759612531452,
    0.6880930969188639,
    0.6842596595669034,
    0.6808526385437277,
    0.6778522081235725,
    0.6752414071041359,
    0.6730058602920279,
    0.6711335427620114,
    0.6696145846111429,
    0.6684411128740839,
    0.667607127215534,
    0.6671084064233159,
    0.6669424433255139,
    0.6671084064233159,
    0.667607127215534,
    0.668441112874084,
    0.6696145846111429,
    0.6711335427620114,
    0.6730058602920278,
    0.6752414071041359,
    0.6778522081235724,
    0.6808526385437277,
    0.6842596595669037,
    0.6880930969188637,
    0.6923759612531452,
    0.6971348020811857,
    0.70240007067414,
    0.7082064338287194,
    0.7145929127667648,
    0.7216025887952257,
    0.7292813670889331,
    0.7376748494682317,
    0.7468216963813082,
    0.7567411820495539,
    0.7674131391976793,
    0.7787535319707546,
    0.790603737196732,
    0.8027723085144045,
    0.815154991534784,
    0.8278624877640486,
    0.8412058317517542,
    0.8555193479732799,
    0.8709792562109786,
    0.8875122213193216,
    0.9047543999648875,
    0.9220351270828986,
    0.9384616365965814,
    0.953215608309356,
    0.965980665341183,
    0.9771358206164364,
    0.9874993489447069,
    0.9978737040867609,
    1.0086972191918357,
    1.0199313271865662,
    1.0312002440820365,
    1.0420150789233893,
    1.0518055460478486,
    1.0597319855296277,
    1.0646317588213252,
    1.0654004234124337,
    1.0616593652372948,
    1.0541653769216006,
    1.0444604687531,
    1.0340122336235051,
    1.0237047063394642,
    1.0139864349158179,
    1.0052014805953895,
    0.9976705140286964,
    0.9915925443952257,
    0.987000742860081,
    0.9838123773402767,
    0.9818973992652706,
    0.9811215666362726
  ],