{
  "bias_mev": [
    -20.0,
    -19.666666666666668,
    -19.333333333333332,
    -19.0,
    -18.666666666666668,
    -18.333333333333332,
    -18.0,
    -17.666666666666668,
    -17.333333333333332,
    -17.0,
    -16.666666666666668,
    -16.333333333333332,
    -16.0,
    -15.666666666666668,
    -15.333333333333334,
    -15.0,
    -14.666666666666668,
    -14.333333333333334,
    -14.0,
    -13.666666666666668,
    -13.333333333333334,
    -13.0,
    -12.666666666666668,
    -12.333333333333334,
    -12.0,
    -11.666666666666668,
    -11.333333333333334,
    -11.0,
    -10.666666666666668,
    -10.333333333333334,
    -10.0,
    -9.666666666666668,
    -9.333333333333334,
    -9.0,
    -8.666666666666668,
    -8.333333333333334,
    -8.0,
    -7.666666666666668,
    -7.333333333333334,
    -7.0,
    -6.666666666666668,
    -6.333333333333334,
    -6.0,
    -5.666666666666668,
    -5.333333333333334,
    -5.0,
    -4.666666666666668,
    -4.333333333333334,
    -4.0,
    -3.666666666666668,
    -3.3333333333333357,
    -3.0,
    -2.666666666666668,
    -2.3333333333333357,
    -2.0,
    -1.6666666666666679,
    -1.3333333333333357,
    -1.0,
    -0.6666666666666679,
    -0.3333333333333357,
    0.0,
    0.33333333333333215,
    0.6666666666666643,
    1.0,
    1.3333333333333321,
    1.6666666666666643,
    2.0,
    2.333333333333332,
    2.6666666666666643,
    3.0,
    3.333333333333332,
    3.6666666666666643,
    4.0,
    4.333333333333332,
    4.666666666666664,
    5.0,
    5.333333333333332,
    5.666666666666664,
    6.0,
    6.333333333333332,
    6.666666666666664,
    7.0,
    7.333333333333332,
    7.666666666666664,
    8.0,
    8.333333333333332,
    8.666666666666664,
    9.0,
    9.333333333333332,
    9.666666666666664,
    10.0,
    10.333333333333332,
    10.666666666666664,
    11.0,
    11.333333333333332,
    11.666666666666664,
    12.0,
    12.333333333333329,
    12.666666666666664,
    13.0,
    13.333333333333329,
    13.666666666666664,
    14.0,
    14.333333333333329,
    14.666666666666664,
    15.0,
    15.333333333333329,
    15.666666666666664,
    16.0,
    16.33333333333333,
    16.666666666666664,
    17.0,
    17.33333333333333,
    17.666666666666664,
    18.0,
    18.33333333333333,
    18.666666666666664,
    19.0,
    19.33333333333333,
    19.666666666666664,
    20.0
  ],
  "conductance": [
    0.9802643469064138,
    0.9831454192855934,
    0.9864885194767757,
    0.990367037986886,
    0.9948521683819238,
    1.000001373170746,
    1.0058422767631172,
    1.012360299122675,
    1.019500533209171,
    1.027178025696696,
    1.0352684085219868,
    1.0435686263100004,
    1.051774468899203,
    1.0595351682302705,
    1.0665699221855274,
    1.0727558591330288,
    1.078125167570215,
    1.0827956154901741,
    1.0869023690545376,
    1.0905726899539216,
    1.093926032356577,
    1.0970566699970818,
    1.0999899689080601,
    1.102646163175903,
    1.1048484189116794,
    1.1063841874088411,
    1.1070965593493332,
    1.1069552469689488,
    1.1060626410795655,
    1.1046020046536766,
    1.1027719925311668,
    1.1007379720556179,
    1.0986032924991098,
    1.0963968915864721,
    1.0940827136579938,
    1.0915967523006498,
    1.0888959069361972,
    1.0859861446572345,
    1.0829165221497716,
    1.0797555262522585,
    1.0765705389504483,
    1.0734177825310298,
    1.0703402514241378,
    1.0673693452869777,
    1.0645274637131983,
    1.0618303955092148,
    1.0592891875117936,
    1.0569115123758959,
    1.05470264405221,
    1.0526661492432332,
    1.0508043793987123,
    1.0491188237243159,
    1.047610364978936,
    1.0462794666159405,
    1.0451263108117108,
    1.0441509008470955,
    1.0433531371973168,
    1.0427328738764572,
    1.0422899596305935,
    1.042024267187146,
    1.0419357127537299,
    1.042024267187146,
    1.042289959630593,
    1.0427328738764572,
    1.043353137197317,
    1.0441509008470953,
    1.0451263108117108,
    1.0462794666159405,
    1.0476103649789354,
    1.0491188237243159,
    1.0508043793987127,
    1.0526661492432328,
    1.05470264405221,
    1.056911512375896,
    1.0592891875117934,
    1.061830395509215,
    1.0645274637131983,
    1.0673693452869777,
    1.0703402514241378,
    1.0734177825310296,
    1.0765705389504479,
    1.079755526252258,
    1.0829165221497716,
    1.0859861446572343,
    1.088895906936197,
    1.0915967523006498,
    1.0940827136579938,
    1.0963968915864717,
    1.09860329249911,
    1.1007379720556176,
    1.1027719925311663,
    1.1046020046536766,
    1.1060626410795658,
    1.1069552469689488,
    1.1070965593493332,
    1.1063841874088411,
    1.1048484189116796,
    1.102646163175903,
    1.09998996890806,
    1.097056669997082,
    1.0939260323565774,
    1.0905726899539214,
    1.0869023690545379,
    1.0827956154901743,
    1.0781251675702148,
    1.0727558591330293,
    1.0665699221855278,
    1.0595351682302703,
    1.0517744688992032,
    1.0435686263100008,
    1.035268408521987,
    1.0271780256966963,
    1.0195005332091713,
    1.012360299122675,
    1.0058422767631172,
    1.0000013731707462,
    0.9948521683819237,
    0.990367037986886,
    0.9864885194767761,
    0.9831454192855933,
    0.9802643469064137
  ],