{
  "bias_mev": [
    -20.0,
    -19.666666666666668,
    -19.333333333333332,
    -19.0,
    -18.666666666666668,
    -18.333333333333332,
    -18.0,
    -17.666666666666668,
    -17.333333333333332,
    -17.0,
    -16.666666666666668,
    -16.333333333333332,
    -16.0,
    -15.666666666666668,
    -15.333333333333334,
    -15.0,
    -14.666666666666668,
    -14.333333333333334,
    -14.0,
    -13.666666666666668,
    -13.333333333333334,
    -13.0,
    -12.666666666666668,
    -12.333333333333334,
    -12.0,
    -11.666666666666668,
    -11.333333333333334,
    -11.0,
    -10.666666666666668,
    -10.333333333333334,
    -10.0,
    -9.666666666666668,
    -9.333333333333334,
    -9.0,
    -8.666666666666668,
    -8.333333333333334,
    -8.0,
    -7.666666666666668,
    -7.333333333333334,
    -7.0,
    -6.666666666666668,
    -6.333333333333334,
    -6.0,
    -5.666666666666668,
    -5.333333333333334,
    -5.0,
    -4.666666666666668,
    -4.333333333333334,
    -4.0,
    -3.666666666666668,
    -3.3333333333333357,
    -3.0,
    -2.666666666666668,
    -2.3333333333333357,
    -2.0,
    -1.6666666666666679,
    -1.3333333333333357,
    -1.0,
    -0.6666666666666679,
    -0.3333333333333357,
    0.0,
    0.33333333333333215,
    0.6666666666666643,
    1.0,
    1.3333333333333321,
    1.6666666666666643,
    2.0,
    2.333333333333332,
    2.6666666666666643,
    3.0,
    3.333333333333332,
    3.6666666666666643,
    4.0,
    4.333333333333332,
    4.666666666666664,
    5.0,
    5.333333333333332,
    5.666666666666664,
    6.0,
    6.333333333333332,
    6.666666666666664,
    7.0,
    7.333333333333332,
    7.666666666666664,
    8.0,
    8.333333333333332,
    8.666666666666664,
    9.0,
    9.333333333333332,
    9.666666666666664,
    10.0,
    10.333333333333332,
    10.666666666666664,
    11.0,
    11.333333333333332,
    11.666666666666664,
    12.0,
    12.333333333333329,
    12.666666666666664,
    13.0,
    13.333333333333329,
    13.666666666666664,
    14.0,
    14.333333333333329,
    14.666666666666664,
    15.0,
    15.333333333333329,
    15.666666666666664,
    16.0,
    16.33333333333333,
    16.666666666666664,
    17.0,
    17.33333333333333,
    17.666666666666664,
    18.0,
    18.33333333333333,
    18.666666666666664,
    19.0,
    19.33333333333333,
    19.666666666666664,
    20.0
  ],
  "conductance": [
    0.9694711226218664,
    0.9727635944404591,
    0.9772480083755514,
    0.9830398109563498,
    0.9902397738658183,
    0.9989068420500933,
    1.0090188088640426,
    1.0204396230271569,
    1.0329034997265651,
    1.0459689160720964,
    1.0588725201788451,
    1.0703705481172525,
    1.0788679887696002,
    1.0829896649014623,
    1.082221551071405,
    1.077062646812491,
    1.068622233208292,
    1.0580684276894905,
    1.0463065122264656,
    1.0339567397837586,
    1.02143206279071,
    1.0089152835918656,
    0.9962565112260819,
    0.9829600580104647,
    0.9683651450236119,
    0.9519667185612447,
    0.9337058464948851,
    0.9140360314004046,
    0.8937236360670084,
    0.8735556188428097,
    0.8541317768748411,
    0.8357679860415772,
    0.8184671762505982,
    0.8019621121732787,
    0.7858721900454984,
    0.7699374221665303,
    0.7541689754878945,
    0.738801924836215,
    0.7241313770986159,
    0.7103830553108567,
    0.6976733606842822,
    0.6860274566871787,
    0.6754132330441985,
    0.6657698666581707,
    0.6570262518050146,
    0.6491111703054073,
    0.6419581825208603,
    0.6355075508626713,
    0.6297066430100456,
    0.6245096283944511,
    0.619876894535709,
    0.6157743940246487,
    0.612173019153978,
    0.6090480437102799,
    0.6063786436594122,
    0.6041474958693198,
    0.6023404489876466,
    0.6009462592138242,
    0.5999563840109293,
    0.5993648278269905,
    0.5991680351822243,
    0.5993648278269906,
    0.5999563840109292,
    0.6009462592138242,
    0.6023404489876466,
    0.6041474958693197,
    0.6063786436594122,
    0.6090480437102799,
    0.6121730191539779,
    0.6157743940246487,
    0.6198768945357092,
    0.6245096283944512,
    0.6297066430100455,
    0.6355075508626713,
    0.6419581825208601,
    0.6491111703054072,
    0.6570262518050146,
    0.6657698666581706,
    0.6754132330441985,
    0.6860274566871787,
    0.6976733606842821,
    0.7103830553108567,
    0.7241313770986159,
    0.7388019248362148,
    0.7541689754878945,
    0.7699374221665302,
    0.7858721900454981,
    0.8019621121732786,
    0.8184671762505981,
    0.8357679860415771,
    0.854131776874841,
    0.8735556188428097,
    0.8937236360670082,
    0.9140360314004046,
    0.9337058464948851,
    0.9519667185612446,
    0.9683651450236122,
    0.9829600580104646,
    0.9962565112260819,
    1.0089152835918656,
    1.02143206279071,
    1.0339567397837586,
    1.0463065122264656,
    1.0580684276894907,
    1.0686222332082917,
    1.077062646812491,
    1.0822215510714053,
    1.0829896649014623,
    1.0788679887696002,
    1.070370548117253,
    1.0588725201788454,
    1.0459689160720966,
    1.0329034997265656,
    1.0204396230271569,
    1.0090188088640426,
    0.9989068420500933,
    0.9902397738658183,
    0.98303981095635,
    0.9772480083755519,
    0.9727635944404591,
    0.9694711226218664
  ],