{
  "bias_mev": [
    -20.0,
    -19.666666666666668,
    -19.333333333333332,
    -19.0,
    -18.666666666666668,
    -18.333333333333332,
    -18.0,
    -17.666666666666668,
    -17.333333333333332,
    -17.0,
    -16.666666666666668,
    -16.333333333333332,
    -16.0,
    -15.666666666666668,
    -15.333333333333334,
    -15.0,
    -14.666666666666668,
    -14.333333333333334,
    -14.0,
    -13.666666666666668,
    -13.333333333333334,
    -13.0,
    -12.666666666666668,
    -12.333333333333334,
    -12.0,
    -11.666666666666668,
    -11.333333333333334,
    -11.0,
    -10.666666666666668,
    -10.333333333333334,
    -10.0,
    -9.666666666666668,
    -9.333333333333334,
    -9.0,
    -8.666666666666668,
    -8.333333333333334,
    -8.0,
    -7.666666666666668,
    -7.333333333333334,
    -7.0,
    -6.666666666666668,
    -6.333333333333334,
    -6.0,
    -5.666666666666668,
    -5.333333333333334,
    -5.0,
    -4.666666666666668,
    -4.333333333333334,
    -4.0,
    -3.666666666666668,
    -3.3333333333333357,
    -3.0,
    -2.666666666666668,
    -2.3333333333333357,
    -2.0,
    -1.6666666666666679,
    -1.3333333333333357,
    -1.0,
    -0.6666666666666679,
    -0.3333333333333357,
    0.0,
    0.33333333333333215,
    0.6666666666666643,
    1.0,
    1.3333333333333321,
    1.6666666666666643,
    2.0,
    2.333333333333332,
    2.6666666666666643,
    3.0,
    3.333333333333332,
    3.6666666666666643,
    4.0,
    4.333333333333332,
    4.666666666666664,
    5.0,
    5.333333333333332,
    5.666666666666664,
    6.0,
    6.333333333333332,
    6.666666666666664,
    7.0,
    7.333333333333332,
    7.666666666666664,
    8.0,
    8.333333333333332,
    8.666666666666664,
    9.0,
    9.333333333333332,
    9.666666666666664,
    10.0,
    10.333333333333332,
    10.666666666666664,
    11.0,
    11.333333333333332,
    11.666666666666664,
    12.0,
    12.333333333333329,
    12.666666666666664,
    13.0,
    13.333333333333329,
    13.666666666666664,
    14.0,
    14.333333333333329,
    14.666666666666664,
    15.0,
    15.333333333333329,
    15.666666666666664,
    16.0,
    16.33333333333333,
    16.666666666666664,
    17.0,
    17.33333333333333,
    17.666666666666664,
    18.0,
    18.33333333333333,
    18.666666666666664,
    19.0,
    19.33333333333333,
    19.666666666666664,
    20.0
  ],
  "conductance": [
    0.9842989166133262,
    0.9859560706621839,
    0.9882388917357218,
    0.9912138249490069,
    0.9949317332258478,
    0.9994151070372024,
    1.004643489586339,
    1.0105427484007714,
    1.016982393121009,
    1.0237768246685914,
    1.0306804032063557,
    1.0373782180998063,
    1.0434979156277824,
    1.0486678370439007,
    1.05260728786838,
    1.0551958603114286,
    1.0564790113453457,
    1.056616088074797,
    1.0558124231402934,
    1.0542700977689907,
    1.0521593968359122,
    1.0495931660057436,
    1.0465978414652994,
    1.043098316777673,
    1.0389393943171379,
    1.0339483098627569,
    1.028015897664686,
    1.0211569384710788,
    1.013518186495754,
    1.0053343113633046,
    0.9968604639882276,
    0.9883124477565924,
    0.9798302348848064,
    0.971468391308669,
    0.9632130567469119,
    0.9550203143621577,
    0.9468601290132354,
    0.9387441788523735,
    0.9307265979402328,
    0.922885333813638,
    0.9153001354968205,
    0.9080378248834114,
    0.9011466978776952,
    0.8946571544454401,
    0.8885851225776639,
    0.8829360207870698,
    0.877708214749047,
    0.8728956704743008,
    0.8684898499071817,
    0.8644810060308545,
    0.8608590409348551,
    0.8576140608180267,
    0.8547367269904397,
    0.8522184722999981,
    0.8500516302129756,
    0.8482295081498045,
    0.8467464260306012,
    0.8455977338540697,
    0.8447798173900206,
    0.8442900979059945,
    0.8441270297206398,
    0.8442900979059945,
    0.8447798173900203,
    0.8455977338540697,
    0.8467464260306011,
    0.8482295081498042,
    0.8500516302129756,
    0.8522184722999981,
    0.8547367269904396,
    0.8576140608180268,
    0.8608590409348551,
    0.8644810060308544,
    0.8684898499071817,
    0.8728956704743009,
    0.8777082147490469,
    0.8829360207870695,
    0.8885851225776639,
    0.8946571544454398,
    0.9011466978776952,
    0.9080378248834117,
    0.9153001354968204,
    0.9228853338136379,
    0.9307265979402327,
    0.9387441788523733,
    0.9468601290132351,
    0.9550203143621577,
    0.9632130567469116,
    0.9714683913086689,
    0.9798302348848065,
    0.9883124477565921,
    0.9968604639882274,
    1.0053343113633046,
    1.0135181864957539,
    1.0211569384710788,
    1.0280158976646858,
    1.0339483098627567,
    1.0389393943171377,
    1.0430983167776724,
    1.0465978414652988,
    1.0495931660057436,
    1.052159396835912,
    1.0542700977689905,
    1.0558124231402932,
    1.0566160880747968,
    1.0564790113453453,
    1.0551958603114282,
    1.05260728786838,
    1.0486678370439002,
    1.0434979156277824,
    1.0373782180998063,
    1.030680403206356,
    1.0237768246685914,
    1.0169823931210091,
    1.0105427484007714,
    1.004643489586339,
    0.9994151070372026,
    0.9949317332258478,
    0.9912138249490069,
    0.988238891735722,
    0.9859560706621842,
    0.9842989166133261
  ],