{
  "bias_mev": [
    -20.0,
    -19.666666666666668,
    -19.333333333333332,
    -19.0,
    -18.666666666666668,
    -18.333333333333332,
    -18.0,
    -17.666666666666668,
    -17.333333333333332,
    -17.0,
    -16.666666666666668,
    -16.333333333333332,
    -16.0,
    -15.666666666666668,
    -15.333333333333334,
    -15.0,
    -14.666666666666668,
    -14.333333333333334,
    -14.0,
    -13.666666666666668,
    -13.333333333333334,
    -13.0,
    -12.666666666666668,
    -12.333333333333334,
    -12.0,
    -11.666666666666668,
    -11.333333333333334,
    -11.0,
    -10.666666666666668,
    -10.333333333333334,
    -10.0,
    -9.666666666666668,
    -9.333333333333334,
    -9.0,
    -8.666666666666668,
    -8.333333333333334,
    -8.0,
    -7.666666666666668,
    -7.333333333333334,
    -7.0,
    -6.666666666666668,
    -6.333333333333334,
    -6.0,
    -5.666666666666668,
    -5.333333333333334,
    -5.0,
    -4.666666666666668,
    -4.333333333333334,
    -4.0,
    -3.666666666666668,
    -3.3333333333333357,
    -3.0,
    -2.666666666666668,
    -2.3333333333333357,
    -2.0,
    -1.6666666666666679,
    -1.3333333333333357,
    -1.0,
    -0.6666666666666679,
    -0.3333333333333357,
    0.0,
    0.33333333333333215,
    0.6666666666666643,
    1.0,
    1.3333333333333321,
    1.6666666666666643,
    2.0,
    2.333333333333332,
    2.6666666666666643,
    3.0,
    3.333333333333332,
    3.6666666666666643,
    4.0,
    4.333333333333332,
    4.666666666666664,
    5.0,
    5.333333333333332,
    5.666666666666664,
    6.0,
    6.333333333333332,
    6.666666666666664,
    7.0,
    7.333333333333332,
    7.666666666666664,
    8.0,
    8.333333333333332,
    8.666666666666664,
    9.0,
    9.333333333333332,
    9.666666666666664,
    10.0,
    10.333333333333332,
    10.666666666666664,
    11.0,
    11.333333333333332,
    11.666666666666664,
    12.0,
    12.333333333333329,
    12.666666666666664,
    13.0,
    13.333333333333329,
    13.666666666666664,
    14.0,
    14.333333333333329,
    14.666666666666664,
    15.0,
    15.333333333333329,
    15.666666666666664,
    16.0,
    16.33333333333333,
    16.666666666666664,
    17.0,
    17.33333333333333,
    17.666666666666664,
    18.0,
    18.33333333333333,
    18.666666666666664,
    19.0,
    19.33333333333333,
    19.666666666666664,
    20.0
  ],
  "conductance": [
    0.9739104918476499,
    0.9780203124602965,
    0.982618229261272,
    0.9877917722366963,
    0.9936346201933391,
    1.0002378290217404,
    1.0076727331580713,
    1.0159705611535237,
    1.0251121968736372,
    1.0350312537937731,
    1.0456010673291771,
    1.0565821667717592,
    1.0675860265003185,
    1.0781488776179042,
    1.087899843758303,
    1.0966837346961364,
    1.1045482538125773,
    1.1116410886581,
    1.118118226331588,
    1.124119850318747,
    1.1297833134203699,
    1.1352284082722477,
    1.1405029950533903,
    1.1455350782384797,
    1.1501346896711733,
    1.154054344605758,
    1.157091063904472,
    1.1591784310074682,
    1.1604043741707215,
    1.1609548828305134,
    1.1610407207122004,
    1.1608449557905989,
    1.1604902717961811,
    1.1600177705501409,
    1.1593864877001046,
    1.1585108689282724,
    1.157324094355732,
    1.1558204198490245,
    1.1540504192419516,
    1.1520904017087155,
    1.1500161424806663,
    1.1478907962009268,
    1.145762843196158,
    1.143668214895301,
    1.1416332706557522,
    1.1396773890265557,
    1.1378149225517495,
    1.1360565959999362,
    1.1344104909779913,
    1.1328827406812174,
    1.1314780250828562,
    1.1301999285441777,
    1.129051201552791,
    1.1280339546287086,
    1.127149803397688,
    1.1263999778523464,
    1.125785404827412,
    1.1253067700046617,
    1.1249645638858303,
    1.1247591148389584,
    1.1246906113467792,
    1.1247591148389589,
    1.1249645638858297,
    1.1253067700046617,
    1.1257854048274123,
    1.126399977852346,
    1.127149803397688,
    1.128033954628709,
    1.12905120155279,
    1.1301999285441775,
    1.1314780250828567,
    1.132882740681217,
    1.134410490977991,
    1.1360565959999367,
    1.1378149225517495,
    1.1396773890265555,
    1.1416332706557526,
    1.143668214895301,
    1.145762843196158,
    1.1478907962009273,
    1.150016142480666,
    1.1520904017087155,
    1.1540504192419518,
    1.1558204198490243,
    1.1573240943557317,
    1.1585108689282726,
    1.1593864877001043,
    1.1600177705501407,
    1.1604902717961816,
    1.1608449557905987,
    1.1610407207122002,
    1.1609548828305138,
    1.1604043741707213,
    1.1591784310074682,
    1.1570910639044725,
    1.1540543446057578,
    1.1501346896711735,
    1.14553507823848,
    1.1405029950533896,
    1.1352284082722481,
    1.1297833134203703,
    1.1241198503187468,
    1.118118226331588,
    1.1116410886581005,
    1.1045482538125768,
    1.0966837346961364,
    1.0878998437583034,
    1.0781488776179038,
    1.0675860265003185,
    1.0565821667717599,
    1.0456010673291767,
    1.0350312537937731,
    1.0251121968736376,
    1.0159705611535232,
    1.0076727331580715,
    1.000237829021741,
    0.9936346201933388,
    0.9877917722366967,
    0.9826182292612723,
    0.9780203124602963,
    0.9739104918476497
  ],