{
  "bias_mev": [
    -20.0,
    -19.666666666666668,
    -19.333333333333332,
    -19.0,
    -18.666666666666668,
    -18.333333333333332,
    -18.0,
    -17.666666666666668,
    -17.333333333333332,
    -17.0,
    -16.666666666666668,
    -16.333333333333332,
    -16.0,
    -15.666666666666668,
    -15.333333333333334,
    -15.0,
    -14.666666666666668,
    -14.333333333333334,
    -14.0,
    -13.666666666666668,
    -13.333333333333334,
    -13.0,
    -12.666666666666668,
    -12.333333333333334,
    -12.0,
    -11.666666666666668,
    -11.333333333333334,
    -11.0,
    -10.666666666666668,
    -10.333333333333334,
    -10.0,
    -9.666666666666668,
    -9.333333333333334,
    -9.0,
    -8.666666666666668,
    -8.333333333333334,
    -8.0,
    -7.666666666666668,
    -7.333333333333334,
    -7.0,
    -6.666666666666668,
    -6.333333333333334,
    -6.0,
    -5.666666666666668,
    -5.333333333333334,
    -5.0,
    -4.666666666666668,
    -4.333333333333334,
    -4.0,
    -3.666666666666668,
    -3.3333333333333357,
    -3.0,
    -2.666666666666668,
    -2.3333333333333357,
    -2.0,
    -1.6666666666666679,
    -1.3333333333333357,
    -1.0,
    -0.6666666666666679,
    -0.3333333333333357,
    0.0,
    0.33333333333333215,
    0.6666666666666643,
    1.0,
    1.3333333333333321,
    1.6666666666666643,
    2.0,
    2.333333333333332,
    2.6666666666666643,
    3.0,
    3.333333333333332,
    3.6666666666666643,
    4.0,
    4.333333333333332,
    4.666666666666664,
    5.0,
    5.333333333333332,
    5.666666666666664,
    6.0,
    6.333333333333332,
    6.666666666666664,
    7.0,
    7.333333333333332,
    7.666666666666664,
    8.0,
    8.333333333333332,
    8.666666666666664,
    9.0,
    9.333333333333332,
    9.666666666666664,
    10.0,
    10.333333333333332,
    10.666666666666664,
    11.0,
    11.333333333333332,
    11.666666666666664,
    12.0,
    12.333333333333329,
    12.666666666666664,
    13.0,
    13.333333333333329,
    13.666666666666664,
    14.0,
    14.333333333333329,
    14.666666666666664,
    15.0,
    15.333333333333329,
    15.666666666666664,
    16.0,
    16.33333333333333,
    16.666666666666664,
    17.0,
    17.33333333333333,
    17.666666666666664,
    18.0,
    18.33333333333333,
    18.666666666666664,
    19.0,
    19.33333333333333,
    19.666666666666664,
    20.0
  ],
  "conductance": [
    0.966142674427935,
    0.9698614465513046,
    0.9747224830907157,
    0.9808996338858278,
    0.9885858069774459,
    0.9979706977138775,
    1.009185648860008,
    1.0222351444841191,
    1.0370112711464614,
    1.0533851928623041,
    1.070942279169217,
    1.0881521266435068,
    1.1019756888636112,
    1.1093010983317675,
    1.1091392764900403,
    1.1027980355961737,
    1.0924467336354582,
    1.0798865124786188,
    1.0661539557246225,
    1.0518383809007774,
    1.037495659909535,
    1.0235992251539532,
    1.0102046838271352,
    0.9967606372215018,
    0.9822783233930867,
    0.9658077497382757,
    0.9471029708384819,
    0.9268619786607036,
    0.9061702824293058,
    0.8859095528562512,
    0.8665933271523913,
    0.8484334230989117,
    0.8314020776193825,
    0.8152391922378304,
    0.7995336556625723,
    0.7840131343284954,
    0.7687763953194453,
    0.7541417506708384,
    0.7403817928769415,
    0.7276287987040662,
    0.7159052399884189,
    0.705174537415208,
    0.6953754009183204,
    0.6864399017728589,
    0.6783018574743059,
    0.6709002868187648,
    0.664180522101427,
    0.6580942617193842,
    0.6525991786402274,
    0.6476583746328033,
    0.6432398134793962,
    0.6393157911792176,
    0.6358624652528001,
    0.6328594484544386,
    0.6302894647260682,
    0.6281380623028435,
    0.6263933781476956,
    0.6250459481773524,
    0.6240885584669397,
    0.6235161335044457,
    0.6233256584817344,
    0.6235161335044465,
    0.6240885584669389,
    0.6250459481773523,
    0.6263933781476964,
    0.6281380623028426,
    0.6302894647260683,
    0.6328594484544395,
    0.6358624652527994,
    0.6393157911792177,
    0.6432398134793968,
    0.6476583746328026,
    0.6525991786402271,
    0.6580942617193851,
    0.6641805221014264,
    0.6709002868187645,
    0.6783018574743067,
    0.6864399017728583,
    0.6953754009183198,
    0.7051745374152089,
    0.7159052399884183,
    0.7276287987040659,
    0.7403817928769424,
    0.7541417506708377,
    0.7687763953194446,
    0.7840131343284962,
    0.7995336556625717,
    0.8152391922378297,
    0.8314020776193836,
    0.8484334230989109,
    0.866593327152391,
    0.8859095528562522,
    0.9061702824293051,
    0.9268619786607033,
    0.9471029708384832,
    0.9658077497382747,
    0.982278323393087,
    0.9967606372215025,
    1.0102046838271335,
    1.0235992251539536,
    1.037495659909536,
    1.0518383809007754,
    1.0661539557246233,
    1.0798865124786199,
    1.0924467336354562,
    1.1027980355961744,
    1.1091392764900418,
    1.1093010983317657,
    1.1019756888636112,
    1.0881521266435086,
    1.0709422791692158,
    1.0533851928623041,
    1.0370112711464627,
    1.022235144484118,
    1.009185648860008,
    0.9979706977138788,
    0.9885858069774448,
    0.9808996338858278,
    0.9747224830907171,
    0.9698614465513038,
    0.9661426744279346
  ],