{
  "bias_mev": [
    -20.0,
    -19.666666666666668,
    -19.333333333333332,
    -19.0,
    -18.666666666666668,
    -18.333333333333332,
    -18.0,
    -17.666666666666668,
    -17.333333333333332,
    -17.0,
    -16.666666666666668,
    -16.333333333333332,
    -16.0,
    -15.666666666666668,
    -15.333333333333334,
    -15.0,
    -14.666666666666668,
    -14.333333333333334,
    -14.0,
    -13.666666666666668,
    -13.333333333333334,
    -13.0,
    -12.666666666666668,
    -12.333333333333334,
    -12.0,
    -11.666666666666668,
    -11.333333333333334,
    -11.0,
    -10.666666666666668,
    -10.333333333333334,
    -10.0,
    -9.666666666666668,
    -9.333333333333334,
    -9.0,
    -8.666666666666668,
    -8.333333333333334,
    -8.0,
    -7.666666666666668,
    -7.333333333333334,
    -7.0,
    -6.666666666666668,
    -6.333333333333334,
    -6.0,
    -5.666666666666668,
    -5.333333333333334,
    -5.0,
    -4.666666666666668,
    -4.333333333333334,
    -4.0,
    -3.666666666666668,
    -3.3333333333333357,
    -3.0,
    -2.666666666666668,
    -2.3333333333333357,
    -2.0,
    -1.6666666666666679,
    -1.3333333333333357,
    -1.0,
    -0.6666666666666679,
    -0.3333333333333357,
    0.0,
    0.33333333333333215,
    0.6666666666666643,
    1.0,
    1.3333333333333321,
    1.6666666666666643,
    2.0,
    2.333333333333332,
    2.6666666666666643,
    3.0,
    3.333333333333332,
    3.6666666666666643,
    4.0,
    4.333333333333332,
    4.666666666666664,
    5.0,
    5.333333333333332,
    5.666666666666664,
    6.0,
    6.333333333333332,
    6.666666666666664,
    7.0,
    7.333333333333332,
    7.666666666666664,
    8.0,
    8.333333333333332,
    8.666666666666664,
    9.0,
    9.333333333333332,
    9.666666666666664,
    10.0,
    10.333333333333332,
    10.666666666666664,
    11.0,
    11.333333333333332,
    11.666666666666664,
    12.0,
    12.333333333333329,
    12.666666666666664,
    13.0,
    13.333333333333329,
    13.666666666666664,
    14.0,
    14.333333333333329,
    14.666666666666664,
    15.0,
    15.333333333333329,
    15.666666666666664,
    16.0,
    16.33333333333333,
    16.666666666666664,
    17.0,
    17.33333333333333,
    17.666666666666664,
    18.0,
    18.33333333333333,
    18.666666666666664,
    19.0,
    19.33333333333333,
    19.666666666666664,
    20.0
  ],
  "conductance": [
    0.9808341364711579,
    0.9832044026074342,
    0.9861134679744349,
    0.9896638207852931,
    0.9939744105342497,
    0.9991659277279445,
    1.005316214514317,
    1.0124001630718176,
    1.0203131670455647,
    1.0290142892677874,
    1.0385058430953675,
    1.0484882676418654,
    1.0581153776854384,
    1.0663898039055189,
    1.072835665986252,
    1.0776100160086846,
    1.0811772569257503,
    1.0839389366240173,
    1.0860808019587036,
    1.0877282881535144,
    1.0891228386221834,
    1.0905440704563567,
    1.0921079408935759,
    1.093654110423578,
    1.0947762513872323,
    1.0949512866920719,
    1.0938459821655817,
    1.091551943211468,
    1.0884301417482385,
    1.0848586654036747,
    1.0811285271785616,
    1.0774380100971983,
    1.0738935109978238,
    1.0704824175715024,
    1.0670640919813081,
    1.0634733243240535,
    1.0596651222349565,
    1.055715138251753,
    1.051731106060755,
    1.0477998598493086,
    1.0439792785948803,
    1.0403054566759586,
    1.03680040642649,
    1.0334773548287886,
    1.030344029664859,
    1.0274046704918165,
    1.0246612790394183,
    1.0221144159371107,
    1.0197637212044297,
    1.017608262064975,
    1.0156467699481233,
    1.013877804639438,
    1.012299869496721,
    1.0109114931727918,
    1.0097112880334875,
    1.0086979921213086,
    1.0078704993426513,
    1.0072278811094821,
    1.006769401679575,
    1.006494528749033,
    1.0064029403522436,
    1.0064945287490346,
    1.0067694016795734,
    1.007227881109482,
    1.0078704993426526,
    1.0086979921213075,
    1.0097112880334873,
    1.0109114931727932,
    1.0122998694967198,
    1.013877804639438,
    1.0156467699481249,
    1.017608262064974,
    1.019763721204429,
    1.022114415937112,
    1.0246612790394174,
    1.0274046704918156,
    1.0303440296648603,
    1.0334773548287879,
    1.0368004064264893,
    1.0403054566759602,
    1.0439792785948798,
    1.047799859849308,
    1.0517311060607566,
    1.055715138251752,
    1.0596651222349558,
    1.063473324324055,
    1.0670640919813073,
    1.070482417571502,
    1.0738935109978252,
    1.0774380100971974,
    1.081128527178561,
    1.084858665403676,
    1.0884301417482376,
    1.0915519432114673,
    1.093845982165583,
    1.094951286692071,
    1.094776251387233,
    1.0936541104235789,
    1.0921079408935737,
    1.0905440704563574,
    1.0891228386221847,
    1.0877282881535124,
    1.0860808019587043,
    1.0839389366240189,
    1.0811772569257485,
    1.0776100160086852,
    1.0728356659862535,
    1.0663898039055169,
    1.0581153776854382,
    1.048488267641867,
    1.038505843095366,
    1.0290142892677874,
    1.0203131670455658,
    1.0124001630718165,
    1.0053162145143166,
    0.9991659277279459,
    0.9939744105342487,
    0.9896638207852928,
    0.9861134679744362,
    0.9832044026074334,
    0.9808341364711575
  ],