{
  "bias_mev": [
    -20.0,
    -19.666666666666668,
    -19.333333333333332,
    -19.0,
    -18.666666666666668,
    -18.333333333333332,
    -18.0,
    -17.666666666666668,
    -17.333333333333332,
    -17.0,
    -16.666666666666668,
    -16.333333333333332,
    -16.0,
    -15.666666666666668,
    -15.333333333333334,
    -15.0,
    -14.666666666666668,
    -14.333333333333334,
    -14.0,
    -13.666666666666668,
    -13.333333333333334,
    -13.0,
    -12.666666666666668,
    -12.333333333333334,
    -12.0,
    -11.666666666666668,
    -11.333333333333334,
    -11.0,
    -10.666666666666668,
    -10.333333333333334,
    -10.0,
    -9.666666666666668,
    -9.333333333333334,
    -9.0,
    -8.666666666666668,
    -8.333333333333334,
    -8.0,
    -7.666666666666668,
    -7.333333333333334,
    -7.0,
    -6.666666666666668,
    -6.333333333333334,
    -6.0,
    -5.666666666666668,
    -5.333333333333334,
    -5.0,
    -4.666666666666668,
    -4.333333333333334,
    -4.0,
    -3.666666666666668,
    -3.3333333333333357,
    -3.0,
    -2.666666666666668,
    -2.3333333333333357,
    -2.0,
    -1.6666666666666679,
    -1.3333333333333357,
    -1.0,
    -0.6666666666666679,
    -0.3333333333333357,
    0.0,
    0.33333333333333215,
    0.6666666666666643,
    1.0,
    1.3333333333333321,
    1.6666666666666643,
    2.0,
    2.333333333333332,
    2.6666666666666643,
    3.0,
    3.333333333333332,
    3.6666666666666643,
    4.0,
    4.333333333333332,
    4.666666666666664,
    5.0,
    5.333333333333332,
    5.666666666666664,
    6.0,
    6.333333333333332,
    6.666666666666664,
    7.0,
    7.333333333333332,
    7.666666666666664,
    8.0,
    8.333333333333332,
    8.666666666666664,
    9.0,
    9.333333333333332,
    9.666666666666664,
    10.0,
    10.333333333333332,
    10.666666666666664,
    11.0,
    11.333333333333332,
    11.666666666666664,
    12.0,
    12.333333333333329,
    12.666666666666664,
    13.0,
    13.333333333333329,
    13.666666666666664,
    14.0,
    14.333333333333329,
    14.666666666666664,
    15.0,
    15.333333333333329,
    15.666666666666664,
    16.0,
    16.33333333333333,
    16.666666666666664,
    17.0,
    17.33333333333333,
    17.666666666666664,
    18.0,
    18.33333333333333,
    18.666666666666664,
    19.0,
    19.33333333333333,
    19.666666666666664,
    20.0
  ],
  "conductance": [
    0.983110557078099,
    0.9846869082694686,
    0.9870152506200355,
    0.9901752730741692,
    0.994230260194144,
    0.9992035741339891,
    1.0050488766540058,
    1.0116328591465358,
    1.0187498064218323,
    1.0261466344077208,
    1.0334986092624934,
    1.040340713425395,
    1.0460766109922133,
    1.050152603918533,
    1.0522847757502476,
    1.0525406093763872,
    1.0512285944265458,
    1.04871752618104,
    1.0453258512599362,
    1.0413159646850985,
    1.0369103261138137,
    1.0322471317018327,
    1.0272991707511046,
    1.0218430991942054,
    1.0155304814003758,
    1.0080439371904502,
    0.9992679915866618,
    0.9893670180376444,
    0.9787144970973228,
    0.9677432711153557,
    0.9568207684977977,
    0.9461845912253583,
    0.9359212284210989,
    0.9259762883385103,
    0.9162085706376687,
    0.9064867530539618,
    0.8967744746307692,
    0.8871427307090005,
    0.8777189420901739,
    0.8686293341310535,
    0.8599685734033682,
    0.8517947695799992,
    0.8441363457659369,
    0.8370012487046093,
    0.8303846473161414,
    0.824274383010753,
    0.8186545339812404,
    0.8135076461290397,
    0.8088160887380036,
    0.8045628558311769,
    0.8007320230551869,
    0.7973089932135558,
    0.7942806138658542,
    0.791635219067908,
    0.7893626277609127,
    0.787454119121711,
    0.7859023975701535,
    0.7847015553573949,
    0.783847037659329,
    0.7833356132079053,
    0.783165352294332,
    0.7833356132079058,
    0.7838470376593283,
    0.7847015553573953,
    0.7859023975701539,
    0.7874541191217105,
    0.7893626277609127,
    0.7916352190679087,
    0.7942806138658539,
    0.7973089932135558,
    0.8007320230551873,
    0.8045628558311765,
    0.8088160887380031,
    0.8135076461290404,
    0.8186545339812401,
    0.824274383010753,
    0.8303846473161419,
    0.837001248704609,
    0.8441363457659365,
    0.85179476958,
    0.8599685734033679,
    0.8686293341310534,
    0.8777189420901743,
    0.887142730709,
    0.8967744746307691,
    0.9064867530539623,
    0.9162085706376686,
    0.9259762883385099,
    0.9359212284210993,
    0.9461845912253578,
    0.9568207684977975,
    0.9677432711153566,
    0.9787144970973224,
    0.989367018037644,
    0.9992679915866625,
    1.0080439371904495,
    1.0155304814003763,
    1.0218430991942058,
    1.0272991707511037,
    1.0322471317018334,
    1.0369103261138142,
    1.0413159646850976,
    1.0453258512599368,
    1.0487175261810406,
    1.051228594426545,
    1.0525406093763876,
    1.0522847757502483,
    1.050152603918532,
    1.0460766109922133,
    1.0403407134253955,
    1.0334986092624927,
    1.0261466344077208,
    1.018749806421833,
    1.0116328591465353,
    1.0050488766540058,
    0.9992035741339896,
    0.9942302601941433,
    0.990175273074169,
    0.9870152506200361,
    0.984686908269468,
    0.9831105570780987
  ],