{
  "bias_mev": [
    -20.0,
    -19.666666666666668,
    -19.333333333333332,
    -19.0,
    -18.666666666666668,
    -18.333333333333332,
    -18.0,
    -17.666666666666668,
    -17.333333333333332,
    -17.0,
    -16.666666666666668,
    -16.333333333333332,
    -16.0,
    -15.666666666666668,
    -15.333333333333334,
    -15.0,
    -14.666666666666668,
    -14.333333333333334,
    -14.0,
    -13.666666666666668,
    -13.333333333333334,
    -13.0,
    -12.666666666666668,
    -12.333333333333334,
    -12.0,
    -11.666666666666668,
    -11.333333333333334,
    -11.0,
    -10.666666666666668,
    -10.333333333333334,
    -10.0,
    -9.666666666666668,
    -9.333333333333334,
    -9.0,
    -8.666666666666668,
    -8.333333333333334,
    -8.0,
    -7.666666666666668,
    -7.333333333333334,
    -7.0,
    -6.666666666666668,
    -6.333333333333334,
    -6.0,
    -5.666666666666668,
    -5.333333333333334,
    -5.0,
    -4.666666666666668,
    -4.333333333333334,
    -4.0,
    -3.666666666666668,
    -3.3333333333333357,
    -3.0,
    -2.666666666666668,
    -2.3333333333333357,
    -2.0,
    -1.6666666666666679,
    -1.3333333333333357,
    -1.0,
    -0.6666666666666679,
    -0.3333333333333357,
    0.0,
    0.33333333333333215,
    0.6666666666666643,
    1.0,
    1.3333333333333321,
    1.6666666666666643,
    2.0,
    2.333333333333332,
    2.6666666666666643,
    3.0,
    3.333333333333332,
    3.6666666666666643,
    4.0,
    4.333333333333332,
    4.666666666666664,
    5.0,
    5.333333333333332,
    5.666666666666664,
    6.0,
    6.333333333333332,
    6.666666666666664,
    7.0,
    7.333333333333332,
    7.666666666666664,
    8.0,
    8.333333333333332,
    8.666666666666664,
    9.0,
    9.333333333333332,
    9.666666666666664,
    10.0,
    10.333333333333332,
    10.666666666666664,
    11.0,
    11.333333333333332,
    11.666666666666664,
    12.0,
    12.333333333333329,
    12.666666666666664,
    13.0,
    13.333333333333329,
    13.666666666666664,
    14.0,
    14.333333333333329,
    14.666666666666664,
    15.0,
    15.333333333333329,
    15.666666666666664,
    16.0,
    16.33333333333333,
    16.666666666666664,
    17.0,
    17.33333333333333,
    17.666666666666664,
    18.0,
    18.33333333333333,
    18.666666666666664,
    19.0,
    19.33333333333333,
    19.666666666666664,
    20.0
  ],
  "conductance": [
    0.970385189241365,
    0.9733687251211414,
    0.9774509956033054,
    0.9827754336438193,
    0.9895144699073495,
    0.9978590682933065,
    1.0079589055251148,
    1.019802122316545,
    1.033151338083803,
    1.0477337522642498,
    1.0632366324661597,
    1.0784294430247305,
    1.090557601593797,
    1.0969079146275518,
    1.0970006052190868,
    1.09231230029385,
    1.0848357730682672,
    1.0759993514412018,
    1.0663546401513997,
    1.0561527221513392,
    1.0459205610980118,
    1.036222559736267,
    1.027093866859734,
    1.0178516893678808,
    1.0074285145785935,
    0.9947329917870328,
    0.9792428451148979,
    0.96156020114218,
    0.9428831646564368,
    0.9242610480525446,
    0.9063984065754151,
    0.8897407488082463,
    0.8744882278555466,
    0.8604427907412998,
    0.8468980613526623,
    0.8329995568621251,
    0.8185076938115723,
    0.803890621113899,
    0.7897398278388966,
    0.7764253704944972,
    0.7640978360172788,
    0.7527801134817886,
    0.7424355115551499,
    0.7330042268206454,
    0.7244207144096818,
    0.7166214207969761,
    0.7095479218099381,
    0.7031479235551266,
    0.6973752984417491,
    0.6921897138992423,
    0.687556118052394,
    0.6834442054171201,
    0.6798279172271366,
    0.6766849978573836,
    0.6739966130358681,
    0.6717470283808038,
    0.6699233439264901,
    0.6685152795328904,
    0.6675150063127782,
    0.6669170199055664,
    0.6667180523073355,
    0.6669170199055673,
    0.6675150063127772,
    0.6685152795328904,
    0.6699233439264909,
    0.6717470283808028,
    0.673996613035868,
    0.6766849978573846,
    0.6798279172271358,
    0.6834442054171203,
    0.687556118052395,
    0.6921897138992414,
    0.6973752984417487,
    0.7031479235551278,
    0.7095479218099378,
    0.7166214207969757,
    0.7244207144096828,
    0.7330042268206449,
    0.7424355115551494,
    0.7527801134817897,
    0.7640978360172781,
    0.7764253704944969,
    0.7897398278388976,
    0.8038906211138982,
    0.8185076938115718,
    0.8329995568621262,
    0.8468980613526618,
    0.8604427907412993,
    0.8744882278555478,
    0.8897407488082456,
    0.906398406575415,
    0.9242610480525459,
    0.9428831646564361,
    0.9615602011421793,
    0.9792428451148993,
    0.9947329917870315,
    1.0074285145785937,
    1.017851689367882,
    1.027093866859732,
    1.0362225597362678,
    1.0459205610980131,
    1.0561527221513372,
    1.0663546401514004,
    1.0759993514412032,
    1.084835773068265,
    1.0923123002938504,
    1.0970006052190882,
    1.0969079146275498,
    1.090557601593797,
    1.078429443024732,
    1.0632366324661586,
    1.0477337522642496,
    1.0331513380838044,
    1.0198021223165439,
    1.0079589055251148,
    0.997859068293308,
    0.9895144699073483,
    0.9827754336438191,
    0.9774509956033067,
    0.9733687251211407,
    0.9703851892413646
  ],