{
  "bias_mev": [
    -20.0,
    -19.666666666666668,
    -19.333333333333332,
    -19.0,
    -18.666666666666668,
    -18.333333333333332,
    -18.0,
    -17.666666666666668,
    -17.333333333333332,
    -17.0,
    -16.666666666666668,
    -16.333333333333332,
    -16.0,
    -15.666666666666668,
    -15.333333333333334,
    -15.0,
    -14.666666666666668,
    -14.333333333333334,
    -14.0,
    -13.666666666666668,
    -13.333333333333334,
    -13.0,
    -12.666666666666668,
    -12.333333333333334,
    -12.0,
    -11.666666666666668,
    -11.333333333333334,
    -11.0,
    -10.666666666666668,
    -10.333333333333334,
    -10.0,
    -9.666666666666668,
    -9.333333333333334,
    -9.0,
    -8.666666666666668,
    -8.333333333333334,
    -8.0,
    -7.666666666666668,
    -7.333333333333334,
    -7.0,
    -6.666666666666668,
    -6.333333333333334,
    -6.0,
    -5.666666666666668,
    -5.333333333333334,
    -5.0,
    -4.666666666666668,
    -4.333333333333334,
    -4.0,
    -3.666666666666668,
    -3.3333333333333357,
    -3.0,
    -2.666666666666668,
    -2.3333333333333357,
    -2.0,
    -1.6666666666666679,
    -1.3333333333333357,
    -1.0,
    -0.6666666666666679,
    -0.3333333333333357,
    0.0,
    0.33333333333333215,
    0.6666666666666643,
    1.0,
    1.3333333333333321,
    1.6666666666666643,
    2.0,
    2.333333333333332,
    2.6666666666666643,
    3.0,
    3.333333333333332,
    3.6666666666666643,
    4.0,
    4.333333333333332,
    4.666666666666664,
    5.0,
    5.333333333333332,
    5.666666666666664,
    6.0,
    6.333333333333332,
    6.666666666666664,
    7.0,
    7.333333333333332,
    7.666666666666664,
    8.0,
    8.333333333333332,
    8.666666666666664,
    9.0,
    9.333333333333332,
    9.666666666666664,
    10.0,
    10.333333333333332,
    10.666666666666664,
    11.0,
    11.333333333333332,
    11.666666666666664,
    12.0,
    12.333333333333329,
    12.666666666666664,
    13.0,
    13.333333333333329,
    13.666666666666664,
    14.0,
    14.333333333333329,
    14.666666666666664,
    15.0,
    15.333333333333329,
    15.666666666666664,
    16.0,
    16.33333333333333,
    16.666666666666664,
    17.0,
    17.33333333333333,
    17.666666666666664,
    18.0,
    18.33333333333333,
    18.666666666666664,
    19.0,
    19.33333333333333,
    19.666666666666664,
    20.0
  ],
  "conductance": [
    0.983686197071455,
    0.9854476243930146,
    0.9878101804132046,
    0.9908545899820598,
    0.9946562892562114,
    0.999268718563842,
    1.0046977005940376,
    1.0108808069957516,
    1.0176966548134407,
    1.0250012379169842,
    1.0326290802974956,
    1.040314733555376,
    1.0476162584930677,
    1.0539840597916337,
    1.0589780857972377,
    1.0624464921054715,
    1.0645170851701315,
    1.0654506425667163,
    1.0655047137912474,
    1.0648974501905704,
    1.063828634133443,
    1.062459686394017,
    1.0608365773980128,
    1.0588299774365484,
    1.0561597134627287,
    1.0525093732465016,
    1.0476861371835477,
    1.0417318234803217,
    1.034901532918251,
    1.0275447727841867,
    1.019989793276606,
    1.0124778395345673,
    1.0051343244495397,
    0.9979610168835383,
    0.9908608862711835,
    0.9837112634994771,
    0.9764517876744222,
    0.9691191671939481,
    0.9618146694541092,
    0.9546523156490123,
    0.9477267583650705,
    0.9411044042808511,
    0.9348266697100431,
    0.9289165117471156,
    0.9233843951691368,
    0.9182327487830074,
    0.9134590341342056,
    0.9090577859184747,
    0.9050219490113136,
    0.9013437494990332,
    0.8980152603865074,
    0.8950287676370164,
    0.8923770054493009,
    0.8900533057692385,
    0.8880516915860446,
    0.8863669335564553,
    0.8849945829718208,
    0.8839309897818046,
    0.8831733115207042,
    0.8827195170415789,
    0.8825683876214804,
    0.8827195170415796,
    0.8831733115207033,
    0.8839309897818045,
    0.8849945829718214,
    0.8863669335564549,
    0.8880516915860446,
    0.8900533057692389,
    0.8923770054493001,
    0.8950287676370166,
    0.8980152603865081,
    0.9013437494990324,
    0.9050219490113133,
    0.9090577859184754,
    0.9134590341342052,
    0.9182327487830071,
    0.9233843951691375,
    0.9289165117471153,
    0.9348266697100428,
    0.9411044042808516,
    0.9477267583650699,
    0.9546523156490118,
    0.9618146694541101,
    0.9691191671939476,
    0.9764517876744216,
    0.9837112634994779,
    0.9908608862711832,
    0.997961016883538,
    1.0051343244495403,
    1.0124778395345666,
    1.0199897932766055,
    1.0275447727841873,
    1.0349015329182505,
    1.041731823480321,
    1.0476861371835486,
    1.0525093732465012,
    1.056159713462729,
    1.058829977436549,
    1.0608365773980115,
    1.0624596863940174,
    1.063828634133444,
    1.0648974501905693,
    1.065504713791248,
    1.0654506425667167,
    1.06451708517013,
    1.062446492105472,
    1.0589780857972384,
    1.0539840597916323,
    1.0476162584930677,
    1.0403147335553768,
    1.0326290802974947,
    1.025001237916984,
    1.0176966548134416,
    1.0108808069957511,
    1.0046977005940376,
    0.9992687185638428,
    0.9946562892562107,
    0.9908545899820598,
    0.9878101804132055,
    0.9854476243930141,
    0.9836861970714544
  ],