{
  "bias_mev": [
    -20.0,
    -19.666666666666668,
    -19.333333333333332,
    -19.0,
    -18.666666666666668,
    -18.333333333333332,
    -18.0,
    -17.666666666666668,
    -17.333333333333332,
    -17.0,
    -16.666666666666668,
    -16.333333333333332,
    -16.0,
    -15.666666666666668,
    -15.333333333333334,
    -15.0,
    -14.666666666666668,
    -14.333333333333334,
    -14.0,
    -13.666666666666668,
    -13.333333333333334,
    -13.0,
    -12.666666666666668,
    -12.333333333333334,
    -12.0,
    -11.666666666666668,
    -11.333333333333334,
    -11.0,
    -10.666666666666668,
    -10.333333333333334,
    -10.0,
    -9.666666666666668,
    -9.333333333333334,
    -9.0,
    -8.666666666666668,
    -8.333333333333334,
    -8.0,
    -7.666666666666668,
    -7.333333333333334,
    -7.0,
    -6.666666666666668,
    -6.333333333333334,
    -6.0,
    -5.666666666666668,
    -5.333333333333334,
    -5.0,
    -4.666666666666668,
    -4.333333333333334,
    -4.0,
    -3.666666666666668,
    -3.3333333333333357,
    -3.0,
    -2.666666666666668,
    -2.3333333333333357,
    -2.0,
    -1.6666666666666679,
    -1.3333333333333357,
    -1.0,
    -0.6666666666666679,
    -0.3333333333333357,
    0.0,
    0.33333333333333215,
    0.6666666666666643,
    1.0,
    1.3333333333333321,
    1.6666666666666643,
    2.0,
    2.333333333333332,
    2.6666666666666643,
    3.0,
    3.333333333333332,
    3.6666666666666643,
    4.0,
    4.333333333333332,
    4.666666666666664,
    5.0,
    5.333333333333332,
    5.666666666666664,
    6.0,
    6.333333333333332,
    6.666666666666664,
    7.0,
    7.333333333333332,
    7.666666666666664,
    8.0,
    8.333333333333332,
    8.666666666666664,
    9.0,
    9.333333333333332,
    9.666666666666664,
    10.0,
    10.333333333333332,
    10.666666666666664,
    11.0,
    11.333333333333332,
    11.666666666666664,
    12.0,
    12.333333333333329,
    12.666666666666664,
    13.0,
    13.333333333333329,
    13.666666666666664,
    14.0,
    14.333333333333329,
    14.666666666666664,
    15.0,
    15.333333333333329,
    15.666666666666664,
    16.0,
    16.33333333333333,
    16.666666666666664,
    17.0,
    17.33333333333333,
    17.666666666666664,
    18.0,
    18.33333333333333,
    18.666666666666664,
    19.0,
    19.33333333333333,
    19.666666666666664,
    20.0
  ],
  "conductance": [
    0.9869631065948353,
    0.9879345568045701,
    0.9895958193415956,
    0.9920022863156284,
    0.9951887721181534,
    0.9991570836717331,
    1.0038628088607469,
    1.0092049327451251,
    1.0150192101712197,
    1.0210714233763936,
    1.0270485276289882,
    1.0325598278889851,
    1.0371723849513357,
    1.040490221182049,
    1.0422482845286343,
    1.042369296383281,
    1.0409537266435618,
    1.0382185326603384,
    1.03442499311021,
    1.0298242439495222,
    1.0246221440975727,
    1.0189525337600593,
    1.0128574065833493,
    1.0062864637395674,
    0.999128407480366,
    0.9912707550768286,
    0.9826655148499303,
    0.9733695026458237,
    0.963540219446191,
    0.9533940832048151,
    0.9431517823735167,
    0.9329938672609189,
    0.9230374589415248,
    0.9133352123262123,
    0.9038929106473105,
    0.8946978077485803,
    0.8857453868031819,
    0.8770531233197469,
    0.8686584379906829,
    0.8606073163394149,
    0.8529424672138817,
    0.8456960979488434,
    0.8388877927814311,
    0.8325257195530923,
    0.8266092344278658,
    0.8211316326216297,
    0.8160824717705515,
    0.8114493192456838,
    0.8072189734756358,
    0.8033782733015218,
    0.7999146103784773,
    0.7968162384507271,
    0.7940724488223746,
    0.7916736604772464,
    0.7896114575882685,
    0.7878785960639071,
    0.7864689932356841,
    0.785377709776211,
    0.7846009296489631,
    0.7841359417494558,
    0.7839811255015435,
    0.7841359417494561,
    0.7846009296489629,
    0.7853777097762108,
    0.7864689932356841,
    0.7878785960639071,
    0.7896114575882685,
    0.7916736604772465,
    0.7940724488223745,
    0.7968162384507271,
    0.7999146103784773,
    0.8033782733015218,
    0.8072189734756358,
    0.8114493192456839,
    0.8160824717705517,
    0.8211316326216297,
    0.8266092344278658,
    0.8325257195530918,
    0.8388877927814312,
    0.8456960979488432,
    0.8529424672138817,
    0.8606073163394147,
    0.8686584379906825,
    0.8770531233197469,
    0.8857453868031818,
    0.8946978077485803,
    0.9038929106473106,
    0.9133352123262124,
    0.9230374589415246,
    0.9329938672609188,
    0.9431517823735167,
    0.9533940832048149,
    0.9635402194461908,
    0.9733695026458237,
    0.9826655148499303,
    0.9912707550768284,
    0.9991284074803662,
    1.0062864637395674,
    1.012857406583349,
    1.0189525337600593,
    1.0246221440975727,
    1.0298242439495222,
    1.03442499311021,
    1.0382185326603381,
    1.0409537266435618,
    1.0423692963832807,
    1.0422482845286343,
    1.0404902211820488,
    1.0371723849513357,
    1.0325598278889851,
    1.0270485276289882,
    1.0210714233763936,
    1.0150192101712194,
    1.0092049327451253,
    1.0038628088607469,
    0.9991570836717331,
    0.9951887721181534,
    0.9920022863156283,
    0.9895958193415956,
    0.9879345568045699,
    0.9869631065948353
  ],