{
  "bias_mev": [
    -20.0,
    -19.666666666666668,
    -19.333333333333332,
    -19.0,
    -18.666666666666668,
    -18.333333333333332,
    -18.0,
    -17.666666666666668,
    -17.333333333333332,
    -17.0,
    -16.666666666666668,
    -16.333333333333332,
    -16.0,
    -15.666666666666668,
    -15.333333333333334,
    -15.0,
    -14.666666666666668,
    -14.333333333333334,
    -14.0,
    -13.666666666666668,
    -13.333333333333334,
    -13.0,
    -12.666666666666668,
    -12.333333333333334,
    -12.0,
    -11.666666666666668,
    -11.333333333333334,
    -11.0,
    -10.666666666666668,
    -10.333333333333334,
    -10.0,
    -9.666666666666668,
    -9.333333333333334,
    -9.0,
    -8.666666666666668,
    -8.333333333333334,
    -8.0,
    -7.666666666666668,
    -7.333333333333334,
    -7.0,
    -6.666666666666668,
    -6.333333333333334,
    -6.0,
    -5.666666666666668,
    -5.333333333333334,
    -5.0,
    -4.666666666666668,
    -4.333333333333334,
    -4.0,
    -3.666666666666668,
    -3.3333333333333357,
    -3.0,
    -2.666666666666668,
    -2.3333333333333357,
    -2.0,
    -1.6666666666666679,
    -1.3333333333333357,
    -1.0,
    -0.6666666666666679,
    -0.3333333333333357,
    0.0,
    0.33333333333333215,
    0.6666666666666643,
    1.0,
    1.3333333333333321,
    1.6666666666666643,
    2.0,
    2.333333333333332,
    2.6666666666666643,
    3.0,
    3.333333333333332,
    3.6666666666666643,
    4.0,
    4.333333333333332,
    4.666666666666664,
    5.0,
    5.333333333333332,
    5.666666666666664,
    6.0,
    6.333333333333332,
    6.666666666666664,
    7.0,
    7.333333333333332,
    7.666666666666664,
    8.0,
    8.333333333333332,
    8.666666666666664,
    9.0,
    9.333333333333332,
    9.666666666666664,
    10.0,
    10.333333333333332,
    10.666666666666664,
    11.0,
    11.333333333333332,
    11.666666666666664,
    12.0,
    12.333333333333329,
    12.666666666666664,
    13.0,
    13.333333333333329,
    13.666666666666664,
    14.0,
    14.333333333333329,
    14.666666666666664,
    15.0,
    15.333333333333329,
    15.666666666666664,
    16.0,
    16.33333333333333,
    16.666666666666664,
    17.0,
    17.33333333333333,
    17.666666666666664,
    18.0,
    18.33333333333333,
    18.666666666666664,
    19.0,
    19.33333333333333,
    19.666666666666664,
    20.0
  ],
  "conductance": [
    0.9795569299739707,
    0.980538169508827,
    0.9827617449846491,
    0.9863489987053177,
    0.9914026076180118,
    0.9979630015860914,
    1.0059489095331302,
    1.0151157194270974,
    1.02506944208934,
    1.0352944765735645,
    1.0450730007786213,
    1.0533225164586002,
    1.058657874315332,
    1.0598842030714986,
    1.0565910478470462,
    1.0493021543826428,
    1.0390975718437556,
    1.0270898398907473,
    1.014134684437854,
    1.0008465610182489,
    0.9876932781680204,
    0.9749514922478415,
    0.9625608502923931,
    0.9500647060060284,
    0.936747556736918,
    0.9219450359815454,
    0.905400025172266,
    0.8874361205600428,
    0.8687989735662464,
    0.8503142537859738,
    0.8326209808739036,
    0.8160695623626988,
    0.8007258707932795,
    0.7864230678366914,
    0.7728623333356975,
    0.759767938812012,
    0.747025074477734,
    0.7346996615028235,
    0.722947211568682,
    0.7119107632852242,
    0.7016726873807201,
    0.6922546247942897,
    0.6836366219209223,
    0.6757765222633283,
    0.6686234815922348,
    0.6621257718826733,
    0.6562346788632812,
    0.6509061223141066,
    0.6461010801883332,
    0.6417854426916576,
    0.6379296306582826,
    0.6345081458060129,
    0.6314991312892938,
    0.6288839755059594,
    0.6266469699531031,
    0.6247750217535073,
    0.6232574172891945,
    0.622085632096096,
    0.6212531822403311,
    0.6207555130486826,
    0.620589921940974,
    0.6207555130486826,
    0.6212531822403312,
    0.6220856320960959,
    0.6232574172891945,
    0.6247750217535072,
    0.626646969953103,
    0.6288839755059594,
    0.6314991312892936,
    0.6345081458060128,
    0.6379296306582826,
    0.6417854426916575,
    0.6461010801883333,
    0.6509061223141065,
    0.6562346788632811,
    0.6621257718826733,
    0.668623481592235,
    0.6757765222633284,
    0.6836366219209223,
    0.6922546247942897,
    0.7016726873807201,
    0.7119107632852242,
    0.7229472115686821,
    0.7346996615028234,
    0.747025074477734,
    0.7597679388120121,
    0.7728623333356973,
    0.7864230678366914,
    0.8007258707932795,
    0.8160695623626987,
    0.8326209808739033,
    0.8503142537859738,
    0.8687989735662459,
    0.8874361205600428,
    0.905400025172266,
    0.9219450359815452,
    0.9367475567369182,
    0.9500647060060284,
    0.9625608502923929,
    0.9749514922478416,
    0.9876932781680203,
    1.0008465610182489,
    1.0141346844378545,
    1.0270898398907473,
    1.0390975718437556,
    1.0493021543826428,
    1.0565910478470462,
    1.0598842030714986,
    1.058657874315332,
    1.0533225164586006,
    1.045073000778621,
    1.0352944765735648,
    1.0250694420893405,
    1.0151157194270977,
    1.0059489095331302,
    0.9979630015860916,
    0.9914026076180116,
    0.9863489987053179,
    0.9827617449846495,
    0.9805381695088268,
    0.9795569299739705
  ],