{
  "bias_mev": [
    -20.0,
    -19.666666666666668,
    -19.333333333333332,
    -19.0,
    -18.666666666666668,
    -18.333333333333332,
    -18.0,
    -17.666666666666668,
    -17.333333333333332,
    -17.0,
    -16.666666666666668,
    -16.333333333333332,
    -16.0,
    -15.666666666666668,
    -15.333333333333334,
    -15.0,
    -14.666666666666668,
    -14.333333333333334,
    -14.0,
    -13.666666666666668,
    -13.333333333333334,
    -13.0,
    -12.666666666666668,
    -12.333333333333334,
    -12.0,
    -11.666666666666668,
    -11.333333333333334,
    -11.0,
    -10.666666666666668,
    -10.333333333333334,
    -10.0,
    -9.666666666666668,
    -9.333333333333334,
    -9.0,
    -8.666666666666668,
    -8.333333333333334,
    -8.0,
    -7.666666666666668,
    -7.333333333333334,
    -7.0,
    -6.666666666666668,
    -6.333333333333334,
    -6.0,
    -5.666666666666668,
    -5.333333333333334,
    -5.0,
    -4.666666666666668,
    -4.333333333333334,
    -4.0,
    -3.666666666666668,
    -3.3333333333333357,
    -3.0,
    -2.666666666666668,
    -2.3333333333333357,
    -2.0,
    -1.6666666666666679,
    -1.3333333333333357,
    -1.0,
    -0.6666666666666679,
    -0.3333333333333357,
    0.0,
    0.33333333333333215,
    0.6666666666666643,
    1.0,
    1.3333333333333321,
    1.6666666666666643,
    2.0,
    2.333333333333332,
    2.6666666666666643,
    3.0,
    3.333333333333332,
    3.6666666666666643,
    4.0,
    4.333333333333332,
    4.666666666666664,
    5.0,
    5.333333333333332,
    5.666666666666664,
    6.0,
    6.333333333333332,
    6.666666666666664,
    7.0,
    7.333333333333332,
    7.666666666666664,
    8.0,
    8.333333333333332,
    8.666666666666664,
    9.0,
    9.333333333333332,
    9.666666666666664,
    10.0,
    10.333333333333332,
    10.666666666666664,
    11.0,
    11.333333333333332,
    11.666666666666664,
    12.0,
    12.333333333333329,
    12.666666666666664,
    13.0,
    13.333333333333329,
    13.666666666666664,
    14.0,
    14.333333333333329,
    14.666666666666664,
    15.0,
    15.333333333333329,
    15.666666666666664,
    16.0,
    16.33333333333333,
    16.666666666666664,
    17.0,
    17.33333333333333,
    17.666666666666664,
    18.0,
    18.33333333333333,
    18.666666666666664,
    19.0,
    19.33333333333333,
    19.666666666666664,
    20.0
  ],
  "conductance": [
    0.9745193900626963,
    0.9781162974052711,
    0.9822919138197458,
    0.9871555005449427,
    0.9928362708508613,
    0.9994752616496186,
    1.007189369324676,
    1.0160036310062421,
    1.025827099820277,
    1.0365852655156687,
    1.0483330246285756,
    1.0610124767416567,
    1.0740179112744,
    1.0861894023117191,
    1.0965354264257154,
    1.1048234132076438,
    1.111436571817316,
    1.1169091093237067,
    1.1215723887140496,
    1.1255748690409808,
    1.1291343746861804,
    1.132578458588866,
    1.1361182408889499,
    1.1396356025290562,
    1.1426775913703642,
    1.1446132808753222,
    1.1449438782005905,
    1.143645837324366,
    1.14110266274596,
    1.137797423846729,
    1.1341409828528919,
    1.130443227550122,
    1.1268999519100662,
    1.1235317700889609,
    1.1201315337190265,
    1.1163839212955002,
    1.112136323133005,
    1.1074793664612332,
    1.1026041853283621,
    1.0976808464200358,
    1.092827076789264,
    1.0881174928190576,
    1.0835981556731533,
    1.0792972597801467,
    1.0752318577648219,
    1.071411963870165,
    1.067843082870297,
    1.0645278044327557,
    1.0614668336404613,
    1.0586596727261781,
    1.056105081328797,
    1.053801392614755,
    1.0517467335055124,
    1.049939179851828,
    1.0483768667141635,
    1.0470580671836627,
    1.0459812488414157,
    1.045145114091159,
    1.0445486286660741,
    1.044191041268931,
    1.0440718963447815,
    1.0441910412689321,
    1.044548628666073,
    1.045145114091159,
    1.0459812488414173,
    1.0470580671836613,
    1.0483768667141637,
    1.0499391798518294,
    1.051746733505511,
    1.053801392614755,
    1.0561050813287982,
    1.0586596727261768,
    1.061466833640461,
    1.064527804432757,
    1.067843082870296,
    1.071411963870164,
    1.0752318577648234,
    1.0792972597801462,
    1.0835981556731524,
    1.088117492819059,
    1.0928270767892634,
    1.0976808464200352,
    1.1026041853283637,
    1.1074793664612324,
    1.1121363231330041,
    1.1163839212955018,
    1.1201315337190256,
    1.1235317700889602,
    1.1268999519100675,
    1.130443227550121,
    1.1341409828528914,
    1.1377974238467305,
    1.141102662745959,
    1.1436458373243652,
    1.144943878200592,
    1.144613280875321,
    1.1426775913703646,
    1.1396356025290575,
    1.1361182408889476,
    1.1325784585888667,
    1.129134374686182,
    1.1255748690409788,
    1.1215723887140503,
    1.116909109323708,
    1.1114365718173138,
    1.1048234132076449,
    1.0965354264257172,
    1.0861894023117176,
    1.0740179112744002,
    1.061012476741658,
    1.0483330246285743,
    1.0365852655156687,
    1.0258270998202785,
    1.016003631006241,
    1.007189369324676,
    0.9994752616496199,
    0.9928362708508601,
    0.9871555005449426,
    0.9822919138197471,
    0.9781162974052703,
    0.9745193900626961
  ],