{
  "bias_mev": [
    -20.0,
    -19.666666666666668,
    -19.333333333333332,
    -19.0,
    -18.666666666666668,
    -18.333333333333332,
    -18.0,
    -17.666666666666668,
    -17.333333333333332,
    -17.0,
    -16.666666666666668,
    -16.333333333333332,
    -16.0,
    -15.666666666666668,
    -15.333333333333334,
    -15.0,
    -14.666666666666668,
    -14.333333333333334,
    -14.0,
    -13.666666666666668,
    -13.333333333333334,
    -13.0,
    -12.666666666666668,
    -12.333333333333334,
    -12.0,
    -11.666666666666668,
    -11.333333333333334,
    -11.0,
    -10.666666666666668,
    -10.333333333333334,
    -10.0,
    -9.666666666666668,
    -9.333333333333334,
    -9.0,
    -8.666666666666668,
    -8.333333333333334,
    -8.0,
    -7.666666666666668,
    -7.333333333333334,
    -7.0,
    -6.666666666666668,
    -6.333333333333334,
    -6.0,
    -5.666666666666668,
    -5.333333333333334,
    -5.0,
    -4.666666666666668,
    -4.333333333333334,
    -4.0,
    -3.666666666666668,
    -3.3333333333333357,
    -3.0,
    -2.666666666666668,
    -2.3333333333333357,
    -2.0,
    -1.6666666666666679,
    -1.3333333333333357,
    -1.0,
    -0.6666666666666679,
    -0.3333333333333357,
    0.0,
    0.33333333333333215,
    0.6666666666666643,
    1.0,
    1.3333333333333321,
    1.6666666666666643,
    2.0,
    2.333333333333332,
    2.6666666666666643,
    3.0,
    3.333333333333332,
    3.6666666666666643,
    4.0,
    4.333333333333332,
    4.666666666666664,
    5.0,
    5.333333333333332,
    5.666666666666664,
    6.0,
    6.333333333333332,
    6.666666666666664,
    7.0,
    7.333333333333332,
    7.666666666666664,
    8.0,
    8.333333333333332,
    8.666666666666664,
    9.0,
    9.333333333333332,
    9.666666666666664,
    10.0,
    10.333333333333332,
    10.666666666666664,
    11.0,
    11.333333333333332,
    11.666666666666664,
    12.0,
    12.333333333333329,
    12.666666666666664,
    13.0,
    13.333333333333329,
    13.666666666666664,
    14.0,
    14.333333333333329,
    14.666666666666664,
    15.0,
    15.333333333333329,
    15.666666666666664,
    16.0,
    16.33333333333333,
    16.666666666666664,
    17.0,
    17.33333333333333,
    17.666666666666664,
    18.0,
    18.33333333333333,
    18.666666666666664,
    19.0,
    19.33333333333333,
    19.666666666666664,
    20.0
  ],
  "conductance": [
    0.9786151464429569,
    0.9805059347237925,
    0.9835839648839227,
    0.9878822236407291,
    0.9933767446351907,
    0.9999548201537871,
    1.0073819744015344,
    1.015280784544013,
    1.0231309496106082,
    1.030287456963465,
    1.036012106246303,
    1.0395377176999856,
    1.0401971376385617,
    1.0375983100340591,
    1.031749990111214,
    1.0230458501200348,
    1.012113865626846,
    0.9996282800081611,
    0.9861776975649098,
    0.9722071326602147,
    0.957991219482859,
    0.9436062304862113,
    0.9289192488736714,
    0.9136348113390428,
    0.89741191807517,
    0.880020057192667,
    0.8614712999687723,
    0.8420613937446653,
    0.8222933744886405,
    0.8027258375660751,
    0.7838237553714686,
    0.7658665520017126,
    0.7489252744529484,
    0.7328984197164715,
    0.7175920595496849,
    0.7028212653349815,
    0.6884932588752783,
    0.6746341653584311,
    0.6613552549749452,
    0.648791837875522,
    0.6370532486046151,
    0.6262005743120075,
    0.6162474903391112,
    0.6071722761687719,
    0.5989316839210178,
    0.5914722060828344,
    0.5847377100935797,
    0.5786739641063605,
    0.5732309750658758,
    0.568363959126521,
    0.5640335334735054,
    0.560205507018864,
    0.556850493898306,
    0.5539434743356566,
    0.5514633676042031,
    0.5493926476872191,
    0.5477170137486859,
    0.5464251181152182,
    0.5455083501484972,
    0.5449606728264687,
    0.5447785087394108,
    0.5449606728264687,
    0.5455083501484973,
    0.5464251181152184,
    0.5477170137486859,
    0.549392647687219,
    0.5514633676042031,
    0.5539434743356565,
    0.556850493898306,
    0.560205507018864,
    0.5640335334735054,
    0.5683639591265209,
    0.5732309750658758,
    0.5786739641063606,
    0.5847377100935797,
    0.5914722060828344,
    0.5989316839210178,
    0.6071722761687718,
    0.6162474903391113,
    0.6262005743120075,
    0.6370532486046151,
    0.648791837875522,
    0.6613552549749453,
    0.674634165358431,
    0.6884932588752782,
    0.7028212653349812,
    0.7175920595496846,
    0.7328984197164715,
    0.7489252744529483,
    0.7658665520017125,
    0.7838237553714685,
    0.8027258375660751,
    0.8222933744886404,
    0.8420613937446653,
    0.861471299968772,
    0.8800200571926667,
    0.89741191807517,
    0.9136348113390427,
    0.9289192488736714,
    0.9436062304862115,
    0.957991219482859,
    0.9722071326602146,
    0.9861776975649098,
    0.9996282800081606,
    1.012113865626846,
    1.0230458501200348,
    1.031749990111214,
    1.037598310034059,
    1.0401971376385617,
    1.0395377176999856,
    1.0360121062463032,
    1.030287456963465,
    1.0231309496106087,
    1.0152807845440133,
    1.0073819744015347,
    0.9999548201537871,
    0.9933767446351907,
    0.9878822236407291,
    0.983583964883923,
    0.9805059347237927,
    0.9786151464429569
  ],