{
  "bias_mev": [
    -20.0,
    -19.666666666666668,
    -19.333333333333332,
    -19.0,
    -18.666666666666668,
    -18.333333333333332,
    -18.0,
    -17.666666666666668,
    -17.333333333333332,
    -17.0,
    -16.666666666666668,
    -16.333333333333332,
    -16.0,
    -15.666666666666668,
    -15.333333333333334,
    -15.0,
    -14.666666666666668,
    -14.333333333333334,
    -14.0,
    -13.666666666666668,
    -13.333333333333334,
    -13.0,
    -12.666666666666668,
    -12.333333333333334,
    -12.0,
    -11.666666666666668,
    -11.333333333333334,
    -11.0,
    -10.666666666666668,
    -10.333333333333334,
    -10.0,
    -9.666666666666668,
    -9.333333333333334,
    -9.0,
    -8.666666666666668,
    -8.333333333333334,
    -8.0,
    -7.666666666666668,
    -7.333333333333334,
    -7.0,
    -6.666666666666668,
    -6.333333333333334,
    -6.0,
    -5.666666666666668,
    -5.333333333333334,
    -5.0,
    -4.666666666666668,
    -4.333333333333334,
    -4.0,
    -3.666666666666668,
    -3.3333333333333357,
    -3.0,
    -2.666666666666668,
    -2.3333333333333357,
    -2.0,
    -1.6666666666666679,
    -1.3333333333333357,
    -1.0,
    -0.6666666666666679,
    -0.3333333333333357,
    0.0,
    0.33333333333333215,
    0.6666666666666643,
    1.0,
    1.3333333333333321,
    1.6666666666666643,
    2.0,
    2.333333333333332,
    2.6666666666666643,
    3.0,
    3.333333333333332,
    3.6666666666666643,
    4.0,
    4.333333333333332,
    4.666666666666664,
    5.0,
    5.333333333333332,
    5.666666666666664,
    6.0,
    6.333333333333332,
    6.666666666666664,
    7.0,
    7.333333333333332,
    7.666666666666664,
    8.0,
    8.333333333333332,
    8.666666666666664,
    9.0,
    9.333333333333332,
    9.666666666666664,
    10.0,
    10.333333333333332,
    10.666666666666664,
    11.0,
    11.333333333333332,
    11.666666666666664,
    12.0,
    12.333333333333329,
    12.666666666666664,
    13.0,
    13.333333333333329,
    13.666666666666664,
    14.0,
    14.333333333333329,
    14.666666666666664,
    15.0,
    15.333333333333329,
    15.666666666666664,
    16.0,
    16.33333333333333,
    16.666666666666664,
    17.0,
    17.33333333333333,
    17.666666666666664,
    18.0,
    18.33333333333333,
    18.666666666666664,
    19.0,
    19.33333333333333,
    19.666666666666664,
    20.0
  ],
  "conductance": [
    0.9751598911855793,
    0.9772434898034423,
    0.9806863308725798,
    0.98555543914617,
    0.9918600757180281,
    0.9995072972526875,
    1.0082601764405987,
    1.0177262479354676,
    1.0273855514339574,
    1.0366155002114896,
    1.0446591167514132,
    1.0505872470023587,
    1.0534102183555971,
    1.0523926206709568,
    1.0473747429261804,
    1.0388342309984664,
    1.0276461640641177,
    1.0147445586306711,
    1.0009052766543012,
    0.9866946711953342,
    0.9724663671333733,
    0.9583055739229047,
    0.9439628669614369,
    0.9288959537589943,
    0.912473724150332,
    0.8942765949183071,
    0.8743410620863817,
    0.8531963682994561,
    0.8316672331949682,
    0.8105791612269018,
    0.7905302279328287,
    0.7717921558565968,
    0.754319416938489,
    0.7378377718215537,
    0.7219970915564228,
    0.706544819838083,
    0.6914324080300079,
    0.6767962078855496,
    0.6628513313601091,
    0.6497872955602909,
    0.6377170182253624,
    0.6266749452083318,
    0.6166383323210525,
    0.6075514951434495,
    0.599344407421002,
    0.5919443853943047,
    0.585282394731833,
    0.5792959034538262,
    0.5739297708799881,
    0.5691361333828246,
    0.5648738440964837,
    0.561107764905045,
    0.5578080582174476,
    0.5549495438314563,
    0.5525111439568388,
    0.5504754192316074,
    0.5488281898967471,
    0.5475582334465603,
    0.5466570499981299,
    0.5461186877707307,
    0.5459396226779475,
    0.5461186877707307,
    0.5466570499981299,
    0.5475582334465602,
    0.5488281898967471,
    0.5504754192316074,
    0.5525111439568389,
    0.5549495438314563,
    0.5578080582174476,
    0.561107764905045,
    0.5648738440964836,
    0.5691361333828245,
    0.5739297708799882,
    0.5792959034538262,
    0.585282394731833,
    0.5919443853943047,
    0.5993444074210018,
    0.6075514951434494,
    0.6166383323210524,
    0.6266749452083317,
    0.6377170182253624,
    0.649787295560291,
    0.662851331360109,
    0.6767962078855493,
    0.6914324080300078,
    0.7065448198380829,
    0.7219970915564226,
    0.7378377718215537,
    0.754319416938489,
    0.7717921558565966,
    0.7905302279328287,
    0.8105791612269015,
    0.831667233194968,
    0.853196368299456,
    0.8743410620863814,
    0.894276594918307,
    0.9124737241503322,
    0.928895953758994,
    0.9439628669614366,
    0.9583055739229047,
    0.972466367133373,
    0.9866946711953338,
    1.0009052766543012,
    1.0147445586306707,
    1.0276461640641177,
    1.0388342309984662,
    1.0473747429261802,
    1.0523926206709564,
    1.0534102183555967,
    1.0505872470023587,
    1.0446591167514132,
    1.0366155002114894,
    1.0273855514339574,
    1.0177262479354676,
    1.0082601764405985,
    0.9995072972526877,
    0.9918600757180281,
    0.98555543914617,
    0.98068633087258,
    0.9772434898034423,
    0.9751598911855793
  ],