{
  "bias_mev": [
    -20.0,
    -19.666666666666668,
    -19.333333333333332,
    -19.0,
    -18.666666666666668,
    -18.333333333333332,
    -18.0,
    -17.666666666666668,
    -17.333333333333332,
    -17.0,
    -16.666666666666668,
    -16.333333333333332,
    -16.0,
    -15.666666666666668,
    -15.333333333333334,
    -15.0,
    -14.666666666666668,
    -14.333333333333334,
    -14.0,
    -13.666666666666668,
    -13.333333333333334,
    -13.0,
    -12.666666666666668,
    -12.333333333333334,
    -12.0,
    -11.666666666666668,
    -11.333333333333334,
    -11.0,
    -10.666666666666668,
    -10.333333333333334,
    -10.0,
    -9.666666666666668,
    -9.333333333333334,
    -9.0,
    -8.666666666666668,
    -8.333333333333334,
    -8.0,
    -7.666666666666668,
    -7.333333333333334,
    -7.0,
    -6.666666666666668,
    -6.333333333333334,
    -6.0,
    -5.666666666666668,
    -5.333333333333334,
    -5.0,
    -4.666666666666668,
    -4.333333333333334,
    -4.0,
    -3.666666666666668,
    -3.3333333333333357,
    -3.0,
    -2.666666666666668,
    -2.3333333333333357,
    -2.0,
    -1.6666666666666679,
    -1.3333333333333357,
    -1.0,
    -0.6666666666666679,
    -0.3333333333333357,
    0.0,
    0.33333333333333215,
    0.6666666666666643,
    1.0,
    1.3333333333333321,
    1.6666666666666643,
    2.0,
    2.333333333333332,
    2.6666666666666643,
    3.0,
    3.333333333333332,
    3.6666666666666643,
    4.0,
    4.333333333333332,
    4.666666666666664,
    5.0,
    5.333333333333332,
    5.666666666666664,
    6.0,
    6.333333333333332,
    6.666666666666664,
    7.0,
    7.333333333333332,
    7.666666666666664,
    8.0,
    8.333333333333332,
    8.666666666666664,
    9.0,
    9.333333333333332,
    9.666666666666664,
    10.0,
    10.333333333333332,
    10.666666666666664,
    11.0,
    11.333333333333332,
    11.666666666666664,
    12.0,
    12.333333333333329,
    12.666666666666664,
    13.0,
    13.333333333333329,
    13.666666666666664,
    14.0,
    14.333333333333329,
    14.666666666666664,
    15.0,
    15.333333333333329,
    15.666666666666664,
    16.0,
    16.33333333333333,
    16.666666666666664,
    17.0,
    17.33333333333333,
    17.666666666666664,
    18.0,
    18.33333333333333,
    18.666666666666664,
    19.0,
    19.33333333333333,
    19.666666666666664,
    20.0
  ],
  "conductance": [
    0.9730352695743284,
    0.9753912309030078,
    0.9792907226223813,
    0.9847668303939529,
    0.9917775983950272,
    1.0001585633390948,
    1.0095722292753062,
    1.0194715456119803,
    1.0290886337726162,
    1.037447376112304,
    1.0434102486766346,
    1.045810680298179,
    1.0437124782110248,
    1.0367167513690305,
    1.0251227084570895,
    1.0098151900432522,
    0.9919522283940397,
    0.9726481072217423,
    0.9527923790618295,
    0.9330012110045848,
    0.9136116753304239,
    0.8946647280562128,
    0.8759073088028295,
    0.8568736345691278,
    0.8370618747932201,
    0.8161558505377965,
    0.7941941940431092,
    0.7715924937351712,
    0.749001874222223,
    0.7270900357363657,
    0.7063596274887082,
    0.6870627203831979,
    0.6692059380003493,
    0.6526180007629898,
    0.6370537483439532,
    0.6223037107970654,
    0.6082669769821705,
    0.594957550456879,
    0.5824556519935951,
    0.5708461120535441,
    0.5601785024874132,
    0.550456548637228,
    0.5416463963810816,
    0.5336910315177139,
    0.526523249476878,
    0.5200746299653004,
    0.5142807015679206,
    0.5090833667581837,
    0.5044316479738664,
    0.5002815302905873,
    0.49659538850436913,
    0.49334127512388454,
    0.49049221157802625,
    0.4880255472516923,
    0.48592240927319374,
    0.4841672453841119,
    0.48274745324473617,
    0.4816530865885877,
    0.4808766286384964,
    0.480412824496923,
    0.4802585660090158,
    0.4804128244969231,
    0.4808766286384964,
    0.4816530865885876,
    0.48274745324473617,
    0.48416724538411166,
    0.48592240927319386,
    0.4880255472516923,
    0.49049221157802625,
    0.49334127512388454,
    0.49659538850436913,
    0.5002815302905873,
    0.5044316479738664,
    0.5090833667581836,
    0.5142807015679204,
    0.5200746299653004,
    0.5265232494768779,
    0.5336910315177138,
    0.5416463963810815,
    0.5504565486372279,
    0.560178502487413,
    0.5708461120535441,
    0.582455651993595,
    0.5949575504568789,
    0.6082669769821704,
    0.6223037107970651,
    0.6370537483439529,
    0.6526180007629897,
    0.6692059380003492,
    0.6870627203831976,
    0.706359627488708,
    0.7270900357363655,
    0.7490018742222225,
    0.7715924937351711,
    0.794194194043109,
    0.8161558505377963,
    0.83706187479322,
    0.8568736345691272,
    0.8759073088028289,
    0.8946647280562128,
    0.9136116753304234,
    0.9330012110045842,
    0.9527923790618292,
    0.9726481072217421,
    0.9919522283940396,
    1.009815190043252,
    1.025122708457089,
    1.0367167513690305,
    1.0437124782110248,
    1.0458106802981788,
    1.0434102486766346,
    1.0374473761123038,
    1.0290886337726162,
    1.0194715456119803,
    1.0095722292753064,
    1.0001585633390948,
    0.9917775983950272,
    0.9847668303939526,
    0.9792907226223815,
    0.9753912309030078,
    0.9730352695743284
  ],