{
  "bias_mev": [
    -20.0,
    -19.666666666666668,
    -19.333333333333332,
    -19.0,
    -18.666666666666668,
    -18.333333333333332,
    -18.0,
    -17.666666666666668,
    -17.333333333333332,
    -17.0,
    -16.666666666666668,
    -16.333333333333332,
    -16.0,
    -15.666666666666668,
    -15.333333333333334,
    -15.0,
    -14.666666666666668,
    -14.333333333333334,
    -14.0,
    -13.666666666666668,
    -13.333333333333334,
    -13.0,
    -12.666666666666668,
    -12.333333333333334,
    -12.0,
    -11.666666666666668,
    -11.333333333333334,
    -11.0,
    -10.666666666666668,
    -10.333333333333334,
    -10.0,
    -9.666666666666668,
    -9.333333333333334,
    -9.0,
    -8.666666666666668,
    -8.333333333333334,
    -8.0,
    -7.666666666666668,
    -7.333333333333334,
    -7.0,
    -6.666666666666668,
    -6.333333333333334,
    -6.0,
    -5.666666666666668,
    -5.333333333333334,
    -5.0,
    -4.666666666666668,
    -4.333333333333334,
    -4.0,
    -3.666666666666668,
    -3.3333333333333357,
    -3.0,
    -2.666666666666668,
    -2.3333333333333357,
    -2.0,
    -1.6666666666666679,
    -1.3333333333333357,
    -1.0,
    -0.6666666666666679,
    -0.3333333333333357,
    0.0,
    0.33333333333333215,
    0.6666666666666643,
    1.0,
    1.3333333333333321,
    1.6666666666666643,
    2.0,
    2.333333333333332,
    2.6666666666666643,
    3.0,
    3.333333333333332,
    3.6666666666666643,
    4.0,
    4.333333333333332,
    4.666666666666664,
    5.0,
    5.333333333333332,
    5.666666666666664,
    6.0,
    6.333333333333332,
    6.666666666666664,
    7.0,
    7.333333333333332,
    7.666666666666664,
    8.0,
    8.333333333333332,
    8.666666666666664,
    9.0,
    9.333333333333332,
    9.666666666666664,
    10.0,
    10.333333333333332,
    10.666666666666664,
    11.0,
    11.333333333333332,
    11.666666666666664,
    12.0,
    12.333333333333329,
    12.666666666666664,
    13.0,
    13.333333333333329,
    13.666666666666664,
    14.0,
    14.333333333333329,
    14.666666666666664,
    15.0,
    15.333333333333329,
    15.666666666666664,
    16.0,
    16.33333333333333,
    16.666666666666664,
    17.0,
    17.33333333333333,
    17.666666666666664,
    18.0,
    18.33333333333333,
    18.666666666666664,
    19.0,
    19.33333333333333,
    19.666666666666664,
    20.0
  ],
  "conductance": [
    0.9731561413455807,
    0.9771675334475419,
    0.9817620525152206,
    0.9870335396782218,
    0.9930782117639824,
    0.9999857526214907,
    1.0078253890488837,
    1.0166296852459404,
    1.0263790919270572,
    1.0369826024060795,
    1.0482424050811119,
    1.0598086117703924,
    1.0711728006781707,
    1.0817557899609385,
    1.0910705188470045,
    1.098856709844425,
    1.1051025186199666,
    1.1099663852414496,
    1.1136750108614542,
    1.1164574348363558,
    1.1185195310545284,
    1.1200263526323186,
    1.1210711858512696,
    1.1216451887201286,
    1.1216376253363398,
    1.1208827082186288,
    1.119239737031855,
    1.1166660187719524,
    1.1132403350042428,
    1.109130418753519,
    1.1045354795168878,
    1.0996365829521537,
    1.0945668976949143,
    1.0894005015651969,
    1.0841588258248707,
    1.0788347306043153,
    1.07342509081431,
    1.0679532429176792,
    1.0624700373874316,
    1.0570399750018733,
    1.0517260296644557,
    1.0465807531561282,
    1.0416437808356847,
    1.0369429915042994,
    1.0324969435162836,
    1.028317327303809,
    1.02441097927312,
    1.020781394571471,
    1.0174298166083389,
    1.0143560074619027,
    1.0115587896030778,
    1.0090364272834251,
    1.006786896248375,
    1.0048080755358946,
    1.003097884574958,
    1.0016543815456838,
    1.0004758340198767,
    0.9995607695228483,
    0.9989080113245887,
    0.9985167031285012,
    0.9983863251423913,
    0.9985167031285014,
    0.9989080113245886,
    0.9995607695228484,
    1.0004758340198767,
    1.0016543815456838,
    1.003097884574958,
    1.0048080755358946,
    1.006786896248375,
    1.0090364272834251,
    1.011558789603078,
    1.0143560074619025,
    1.0174298166083389,
    1.0207813945714712,
    1.0244109792731195,
    1.028317327303809,
    1.0324969435162834,
    1.0369429915042991,
    1.0416437808356847,
    1.0465807531561284,
    1.0517260296644555,
    1.057039975001873,
    1.0624700373874316,
    1.067953242917679,
    1.07342509081431,
    1.0788347306043153,
    1.0841588258248704,
    1.0894005015651966,
    1.0945668976949143,
    1.0996365829521535,
    1.1045354795168878,
    1.109130418753519,
    1.1132403350042426,
    1.1166660187719524,
    1.119239737031855,
    1.1208827082186286,
    1.12163762533634,
    1.1216451887201289,
    1.1210711858512692,
    1.1200263526323186,
    1.1185195310545284,
    1.1164574348363554,
    1.1136750108614544,
    1.1099663852414499,
    1.1051025186199666,
    1.0988567098444255,
    1.0910705188470047,
    1.0817557899609385,
    1.0711728006781707,
    1.0598086117703929,
    1.0482424050811119,
    1.0369826024060795,
    1.0263790919270577,
    1.0166296852459407,
    1.0078253890488837,
    0.9999857526214908,
    0.9930782117639824,
    0.9870335396782218,
    0.9817620525152206,
    0.9771675334475418,
    0.9731561413455804
  ],