{
  "bias_mev": [
    -20.0,
    -19.666666666666668,
    -19.333333333333332,
    -19.0,
    -18.666666666666668,
    -18.333333333333332,
    -18.0,
    -17.666666666666668,
    -17.333333333333332,
    -17.0,
    -16.666666666666668,
    -16.333333333333332,
    -16.0,
    -15.666666666666668,
    -15.333333333333334,
    -15.0,
    -14.666666666666668,
    -14.333333333333334,
    -14.0,
    -13.666666666666668,
    -13.333333333333334,
    -13.0,
    -12.666666666666668,
    -12.333333333333334,
    -12.0,
    -11.666666666666668,
    -11.333333333333334,
    -11.0,
    -10.666666666666668,
    -10.333333333333334,
    -10.0,
    -9.666666666666668,
    -9.333333333333334,
    -9.0,
    -8.666666666666668,
    -8.333333333333334,
    -8.0,
    -7.666666666666668,
    -7.333333333333334,
    -7.0,
    -6.666666666666668,
    -6.333333333333334,
    -6.0,
    -5.666666666666668,
    -5.333333333333334,
    -5.0,
    -4.666666666666668,
    -4.333333333333334,
    -4.0,
    -3.666666666666668,
    -3.3333333333333357,
    -3.0,
    -2.666666666666668,
    -2.3333333333333357,
    -2.0,
    -1.6666666666666679,
    -1.3333333333333357,
    -1.0,
    -0.6666666666666679,
    -0.3333333333333357,
    0.0,
    0.33333333333333215,
    0.6666666666666643,
    1.0,
    1.3333333333333321,
    1.6666666666666643,
    2.0,
    2.333333333333332,
    2.6666666666666643,
    3.0,
    3.333333333333332,
    3.6666666666666643,
    4.0,
    4.333333333333332,
    4.666666666666664,
    5.0,
    5.333333333333332,
    5.666666666666664,
    6.0,
    6.333333333333332,
    6.666666666666664,
    7.0,
    7.333333333333332,
    7.666666666666664,
    8.0,
    8.333333333333332,
    8.666666666666664,
    9.0,
    9.333333333333332,
    9.666666666666664,
    10.0,
    10.333333333333332,
    10.666666666666664,
    11.0,
    11.333333333333332,
    11.666666666666664,
    12.0,
    12.333333333333329,
    12.666666666666664,
    13.0,
    13.333333333333329,
    13.666666666666664,
    14.0,
    14.333333333333329,
    14.666666666666664,
    15.0,
    15.333333333333329,
    15.666666666666664,
    16.0,
    16.33333333333333,
    16.666666666666664,
    17.0,
    17.33333333333333,
    17.666666666666664,
    18.0,
    18.33333333333333,
    18.666666666666664,
    19.0,
    19.33333333333333,
    19.666666666666664,
    20.0
  ],
  "conductance": [
    0.9759669234196409,
    0.9772947267841462,
    0.9800127255641059,
    0.9842600366088569,
    0.9901726838965313,
    0.9978286322486825,
    1.0071454071513921,
    1.017775059570615,
    1.0291163575151199,
    1.0404274472409079,
    1.0507036752293883,
    1.0583103104058906,
    1.0611995086699284,
    1.0580613742842595,
    1.0492081310001067,
    1.0362209401961329,
    1.0209308764513767,
    1.004640450521222,
    0.988038743937101,
    0.9716105089055707,
    0.9558684597604715,
    0.9411204943549191,
    0.9271473610953663,
    0.9131736017469751,
    0.8981230000216304,
    0.8810425711239547,
    0.8616719686359128,
    0.8407087435943852,
    0.819372751702435,
    0.7987649689190114,
    0.7795661791991013,
    0.7620446363465456,
    0.7461396471103918,
    0.7315188330332758,
    0.7176756374508494,
    0.7041679184453008,
    0.69087179709054,
    0.6779749706696259,
    0.6657529282052586,
    0.6543958874019717,
    0.6439754150003977,
    0.6344803625685395,
    0.6258580067888936,
    0.6180407821873352,
    0.6109600382431903,
    0.604552025397629,
    0.5987599456740796,
    0.5935342086335232,
    0.5888319549559653,
    0.5846163405323939,
    0.5808557965748344,
    0.5775233518264337,
    0.5745960445818842,
    0.57205442711034,
    0.5698821552480717,
    0.5680656529823619,
    0.5665938418705101,
    0.565457926330466,
    0.5646512273963931,
    0.5641690591123294,
    0.5640086432154499,
    0.5641690591123298,
    0.5646512273963925,
    0.565457926330466,
    0.5665938418705107,
    0.5680656529823613,
    0.5698821552480717,
    0.5720544271103404,
    0.5745960445818836,
    0.5775233518264337,
    0.5808557965748349,
    0.5846163405323934,
    0.5888319549559651,
    0.5935342086335238,
    0.5987599456740793,
    0.6045520253976288,
    0.6109600382431908,
    0.6180407821873348,
    0.6258580067888934,
    0.6344803625685401,
    0.6439754150003972,
    0.6543958874019715,
    0.6657529282052589,
    0.6779749706696253,
    0.6908717970905398,
    0.7041679184453014,
    0.7176756374508488,
    0.7315188330332753,
    0.7461396471103923,
    0.762044636346545,
    0.7795661791991011,
    0.7987649689190119,
    0.8193727517024344,
    0.8407087435943849,
    0.8616719686359132,
    0.8810425711239539,
    0.8981230000216306,
    0.9131736017469751,
    0.927147361095365,
    0.9411204943549192,
    0.9558684597604717,
    0.9716105089055692,
    0.9880387439371016,
    1.0046404505212225,
    1.0209308764513751,
    1.036220940196133,
    1.0492081310001071,
    1.0580613742842582,
    1.0611995086699284,
    1.0583103104058915,
    1.0507036752293872,
    1.0404274472409079,
    1.0291163575151208,
    1.0177750595706145,
    1.0071454071513921,
    0.9978286322486832,
    0.9901726838965307,
    0.9842600366088566,
    0.9800127255641069,
    0.9772947267841459,
    0.9759669234196404
  ],