{
  "bias_mev": [
    -20.0,
    -19.666666666666668,
    -19.333333333333332,
    -19.0,
    -18.666666666666668,
    -18.333333333333332,
    -18.0,
    -17.666666666666668,
    -17.333333333333332,
    -17.0,
    -16.666666666666668,
    -16.333333333333332,
    -16.0,
    -15.666666666666668,
    -15.333333333333334,
    -15.0,
    -14.666666666666668,
    -14.333333333333334,
    -14.0,
    -13.666666666666668,
    -13.333333333333334,
    -13.0,
    -12.666666666666668,
    -12.333333333333334,
    -12.0,
    -11.666666666666668,
    -11.333333333333334,
    -11.0,
    -10.666666666666668,
    -10.333333333333334,
    -10.0,
    -9.666666666666668,
    -9.333333333333334,
    -9.0,
    -8.666666666666668,
    -8.333333333333334,
    -8.0,
    -7.666666666666668,
    -7.333333333333334,
    -7.0,
    -6.666666666666668,
    -6.333333333333334,
    -6.0,
    -5.666666666666668,
    -5.333333333333334,
    -5.0,
    -4.666666666666668,
    -4.333333333333334,
    -4.0,
    -3.666666666666668,
    -3.3333333333333357,
    -3.0,
    -2.666666666666668,
    -2.3333333333333357,
    -2.0,
    -1.6666666666666679,
    -1.3333333333333357,
    -1.0,
    -0.6666666666666679,
    -0.3333333333333357,
    0.0,
    0.33333333333333215,
    0.6666666666666643,
    1.0,
    1.3333333333333321,
    1.6666666666666643,
    2.0,
    2.333333333333332,
    2.6666666666666643,
    3.0,
    3.333333333333332,
    3.6666666666666643,
    4.0,
    4.333333333333332,
    4.666666666666664,
    5.0,
    5.333333333333332,
    5.666666666666664,
    6.0,
    6.333333333333332,
    6.666666666666664,
    7.0,
    7.333333333333332,
    7.666666666666664,
    8.0,
    8.333333333333332,
    8.666666666666664,
    9.0,
    9.333333333333332,
    9.666666666666664,
    10.0,
    10.333333333333332,
    10.666666666666664,
    11.0,
    11.333333333333332,
    11.666666666666664,
    12.0,
    12.333333333333329,
    12.666666666666664,
    13.0,
    13.333333333333329,
    13.666666666666664,
    14.0,
    14.333333333333329,
    14.666666666666664,
    15.0,
    15.333333333333329,
    15.666666666666664,
    16.0,
    16.33333333333333,
    16.666666666666664,
    17.0,
    17.33333333333333,
    17.666666666666664,
    18.0,
    18.33333333333333,
    18.666666666666664,
    19.0,
    19.33333333333333,
    19.666666666666664,
    20.0
  ],
  "conductance": [
    0.9747650842613803,
    0.9775022065945902,
    0.9811595248554599,
    0.9858454739742964,
    0.9916739789716598,
    0.9987494875655339,
    1.0071269031410592,
    1.0167539638985623,
    1.027451600181561,
    1.0389717765558957,
    1.0509537541409963,
    1.0625928766374526,
    1.0724135274005688,
    1.078812538624418,
    1.0810549711346202,
    1.0795399479711243,
    1.075278776815622,
    1.0692739190575429,
    1.0621718195148258,
    1.0543300947553564,
    1.0460775525459565,
    1.0377492321355066,
    1.029465342505656,
    1.0209430985105745,
    1.0115556265354144,
    1.0006042361480119,
    0.987697573974461,
    0.9730410671292103,
    0.9572990979103869,
    0.9412169998566411,
    0.9253930931652772,
    0.910225173156648,
    0.8958864006504412,
    0.8822746881542713,
    0.8690298397637458,
    0.8557569915115845,
    0.8423430978177692,
    0.8290015452560071,
    0.8160509913467415,
    0.8037380532301335,
    0.7921981771565376,
    0.7814822074281192,
    0.7715903321229873,
    0.7624962558884334,
    0.7541616473027875,
    0.7465441385585018,
    0.7396015469361987,
    0.7332939860973718,
    0.7275848257786922,
    0.7224410348709356,
    0.7178332036151042,
    0.713735407821297,
    0.7101250044575763,
    0.7069824071215882,
    0.7042908671858055,
    0.7020362737788663,
    0.7002069788056374,
    0.6987936494542509,
    0.6977891487057228,
    0.6971884434665448,
    0.6969885396386803,
    0.6971884434665455,
    0.6977891487057222,
    0.6987936494542508,
    0.7002069788056382,
    0.7020362737788657,
    0.7042908671858055,
    0.706982407121589,
    0.7101250044575754,
    0.713735407821297,
    0.7178332036151049,
    0.7224410348709349,
    0.7275848257786921,
    0.7332939860973728,
    0.7396015469361983,
    0.7465441385585011,
    0.7541616473027882,
    0.7624962558884328,
    0.771590332122987,
    0.78148220742812,
    0.7921981771565371,
    0.8037380532301331,
    0.8160509913467425,
    0.8290015452560066,
    0.8423430978177688,
    0.8557569915115852,
    0.8690298397637453,
    0.8822746881542711,
    0.8958864006504423,
    0.9102251731566471,
    0.9253930931652767,
    0.941216999856642,
    0.9572990979103864,
    0.9730410671292098,
    0.9876975739744622,
    1.000604236148011,
    1.011555626535415,
    1.0209430985105754,
    1.0294653425056544,
    1.037749232135507,
    1.0460775525459574,
    1.0543300947553549,
    1.0621718195148264,
    1.0692739190575442,
    1.07527877681562,
    1.079539947971125,
    1.0810549711346216,
    1.0788125386244167,
    1.072413527400569,
    1.0625928766374537,
    1.0509537541409955,
    1.038971776555896,
    1.0274516001815621,
    1.0167539638985612,
    1.0071269031410592,
    0.998749487565535,
    0.9916739789716589,
    0.9858454739742966,
    0.9811595248554611,
    0.9775022065945898,
    0.9747650842613802
  ],