{
  "bias_mev": [
    -20.0,
    -19.666666666666668,
    -19.333333333333332,
    -19.0,
    -18.666666666666668,
    -18.333333333333332,
    -18.0,
    -17.666666666666668,
    -17.333333333333332,
    -17.0,
    -16.666666666666668,
    -16.333333333333332,
    -16.0,
    -15.666666666666668,
    -15.333333333333334,
    -15.0,
    -14.666666666666668,
    -14.333333333333334,
    -14.0,
    -13.666666666666668,
    -13.333333333333334,
    -13.0,
    -12.666666666666668,
    -12.333333333333334,
    -12.0,
    -11.666666666666668,
    -11.333333333333334,
    -11.0,
    -10.666666666666668,
    -10.333333333333334,
    -10.0,
    -9.666666666666668,
    -9.333333333333334,
    -9.0,
    -8.666666666666668,
    -8.333333333333334,
    -8.0,
    -7.666666666666668,
    -7.333333333333334,
    -7.0,
    -6.666666666666668,
    -6.333333333333334,
    -6.0,
    -5.666666666666668,
    -5.333333333333334,
    -5.0,
    -4.666666666666668,
    -4.333333333333334,
    -4.0,
    -3.666666666666668,
    -3.3333333333333357,
    -3.0,
    -2.666666666666668,
    -2.3333333333333357,
    -2.0,
    -1.6666666666666679,
    -1.3333333333333357,
    -1.0,
    -0.6666666666666679,
    -0.3333333333333357,
    0.0,
    0.33333333333333215,
    0.6666666666666643,
    1.0,
    1.3333333333333321,
    1.6666666666666643,
    2.0,
    2.333333333333332,
    2.6666666666666643,
    3.0,
    3.333333333333332,
    3.6666666666666643,
    4.0,
    4.333333333333332,
    4.666666666666664,
    5.0,
    5.333333333333332,
    5.666666666666664,
    6.0,
    6.333333333333332,
    6.666666666666664,
    7.0,
    7.333333333333332,
    7.666666666666664,
    8.0,
    8.333333333333332,
    8.666666666666664,
    9.0,
    9.333333333333332,
    9.666666666666664,
    10.0,
    10.333333333333332,
    10.666666666666664,
    11.0,
    11.333333333333332,
    11.666666666666664,
    12.0,
    12.333333333333329,
    12.666666666666664,
    13.0,
    13.333333333333329,
    13.666666666666664,
    14.0,
    14.333333333333329,
    14.666666666666664,
    15.0,
    15.333333333333329,
    15.666666666666664,
    16.0,
    16.33333333333333,
    16.666666666666664,
    17.0,
    17.33333333333333,
    17.666666666666664,
    18.0,
    18.33333333333333,
    18.666666666666664,
    19.0,
    19.33333333333333,
    19.666666666666664,
    20.0
  ],
  "conductance": [
    0.9832013121952569,
    0.9853236921838293,
    0.9879465758556356,
    0.9911445921707468,
    0.9949897911713962,
    0.9995412509891547,
    1.004829626087268,
    1.0108407008090838,
    1.017503220381214,
    1.0246792381564156,
    1.0321485584875234,
    1.0395950655686799,
    1.0466316912361837,
    1.0528872773836504,
    1.0581141921619082,
    1.062242192726568,
    1.0653502952132246,
    1.0675941957721509,
    1.0691451016109668,
    1.070163992093768,
    1.0707931229787115,
    1.0711372326743578,
    1.0712329012215658,
    1.0710285378024056,
    1.0703961395801243,
    1.0691794625161593,
    1.0672633627059365,
    1.0646294084416101,
    1.0613648097805002,
    1.0576259230619764,
    1.0535866018078777,
    1.0493972327660563,
    1.0451613534342714,
    1.0409277169742985,
    1.0366976659144587,
    1.032448035952293,
    1.0281608505413526,
    1.0238430813315413,
    1.0195273209812572,
    1.0152597162427663,
    1.0110869516195764,
    1.0070485618036966,
    1.0031745745953673,
    0.999486193911504,
    0.9959975750838672,
    0.9927176629625151,
    0.9896517151876266,
    0.9868024504326384,
    0.9841708762526532,
    0.9817568743083368,
    0.9795596114533788,
    0.9775778287198854,
    0.9758100453267109,
    0.9742547034801924,
    0.9729102716793927,
    0.9717753186918875,
    0.9708485665866425,
    0.9701289286301046,
    0.9696155360721022,
    0.9693077565995721,
    0.9692052063370016,
    0.9693077565995724,
    0.9696155360721022,
    0.9701289286301045,
    0.9708485665866425,
    0.9717753186918873,
    0.9729102716793927,
    0.9742547034801923,
    0.9758100453267106,
    0.9775778287198854,
    0.9795596114533791,
    0.9817568743083365,
    0.9841708762526531,
    0.9868024504326381,
    0.9896517151876266,
    0.9927176629625151,
    0.9959975750838675,
    0.9994861939115041,
    1.003174574595367,
    1.0070485618036966,
    1.0110869516195762,
    1.0152597162427663,
    1.0195273209812568,
    1.0238430813315411,
    1.0281608505413526,
    1.032448035952293,
    1.0366976659144584,
    1.0409277169742985,
    1.0451613534342714,
    1.0493972327660563,
    1.0535866018078777,
    1.0576259230619764,
    1.0613648097804997,
    1.0646294084416095,
    1.0672633627059365,
    1.069179462516159,
    1.070396139580124,
    1.071028537802406,
    1.0712329012215656,
    1.0711372326743578,
    1.0707931229787118,
    1.0701639920937678,
    1.069145101610967,
    1.067594195772151,
    1.0653502952132243,
    1.062242192726568,
    1.0581141921619084,
    1.0528872773836502,
    1.0466316912361837,
    1.03959506556868,
    1.0321485584875234,
    1.0246792381564156,
    1.017503220381214,
    1.0108407008090838,
    1.004829626087268,
    0.999541250989155,
    0.9949897911713962,
    0.9911445921707469,
    0.9879465758556359,
    0.9853236921838293,
    0.9832013121952565
  ],