{
  "bias_mev": [
    -20.0,
    -19.666666666666668,
    -19.333333333333332,
    -19.0,
    -18.666666666666668,
    -18.333333333333332,
    -18.0,
    -17.666666666666668,
    -17.333333333333332,
    -17.0,
    -16.666666666666668,
    -16.333333333333332,
    -16.0,
    -15.666666666666668,
    -15.333333333333334,
    -15.0,
    -14.666666666666668,
    -14.333333333333334,
    -14.0,
    -13.666666666666668,
    -13.333333333333334,
    -13.0,
    -12.666666666666668,
    -12.333333333333334,
    -12.0,
    -11.666666666666668,
    -11.333333333333334,
    -11.0,
    -10.666666666666668,
    -10.333333333333334,
    -10.0,
    -9.666666666666668,
    -9.333333333333334,
    -9.0,
    -8.666666666666668,
    -8.333333333333334,
    -8.0,
    -7.666666666666668,
    -7.333333333333334,
    -7.0,
    -6.666666666666668,
    -6.333333333333334,
    -6.0,
    -5.666666666666668,
    -5.333333333333334,
    -5.0,
    -4.666666666666668,
    -4.333333333333334,
    -4.0,
    -3.666666666666668,
    -3.3333333333333357,
    -3.0,
    -2.666666666666668,
    -2.3333333333333357,
    -2.0,
    -1.6666666666666679,
    -1.3333333333333357,
    -1.0,
    -0.6666666666666679,
    -0.3333333333333357,
    0.0,
    0.33333333333333215,
    0.6666666666666643,
    1.0,
    1.3333333333333321,
    1.6666666666666643,
    2.0,
    2.333333333333332,
    2.6666666666666643,
    3.0,
    3.333333333333332,
    3.6666666666666643,
    4.0,
    4.333333333333332,
    4.666666666666664,
    5.0,
    5.333333333333332,
    5.666666666666664,
    6.0,
    6.333333333333332,
    6.666666666666664,
    7.0,
    7.333333333333332,
    7.666666666666664,
    8.0,
    8.333333333333332,
    8.666666666666664,
    9.0,
    9.333333333333332,
    9.666666666666664,
    10.0,
    10.333333333333332,
    10.666666666666664,
    11.0,
    11.333333333333332,
    11.666666666666664,
    12.0,
    12.333333333333329,
    12.666666666666664,
    13.0,
    13.333333333333329,
    13.666666666666664,
    14.0,
    14.333333333333329,
    14.666666666666664,
    15.0,
    15.333333333333329,
    15.666666666666664,
    16.0,
    16.33333333333333,
    16.666666666666664,
    17.0,
    17.33333333333333,
    17.666666666666664,
    18.0,
    18.33333333333333,
    18.666666666666664,
    19.0,
    19.33333333333333,
    19.666666666666664,
    20.0
  ],
  "conductance": [
    0.9728193545471103,
    0.9753717019259506,
    0.9794137869550976,
    0.9849672996439514,
    0.9919779048597602,
    1.000274537698548,
    1.0095338524620576,
    1.0192692700530934,
    1.0288495571874339,
    1.0375227346669966,
    1.0444219566082784,
    1.0485919716405099,
    1.0491253034668373,
    1.0454227443741952,
    1.0374354204440428,
    1.0257024385604414,
    1.0111472066788223,
    0.994775179380764,
    0.9774465898112427,
    0.9597816189169853,
    0.9421334466927712,
    0.924557926972241,
    0.9067960006372241,
    0.8883435874933425,
    0.8686451971815392,
    0.8473552514459379,
    0.8245425187970671,
    0.8007201260045064,
    0.7766798825108501,
    0.7532299846570214,
    0.7309717168566393,
    0.7101894813553199,
    0.6908549210278356,
    0.6727175416094993,
    0.6554507690394088,
    0.6388059403243366,
    0.6227078220337869,
    0.6072495143735936,
    0.5926102293791569,
    0.5789616043307076,
    0.5664114291505653,
    0.5549919355016978,
    0.5446750007959305,
    0.5353951500606291,
    0.5270695432905633,
    0.519611628929864,
    0.5129389976329893,
    0.5069771324414252,
    0.5016606606749883,
    0.4969332610924631,
    0.4927469458742693,
    0.4890611238212921,
    0.48584165400863305,
    0.4830599854991814,
    0.4806924178497215,
    0.4787194870387818,
    0.47712546823691004,
    0.4758979824051134,
    0.4750276935443655,
    0.47450808515368026,
    0.47433530690332654,
    0.47450808515368026,
    0.4750276935443656,
    0.4758979824051134,
    0.47712546823691004,
    0.4787194870387818,
    0.4806924178497215,
    0.4830599854991814,
    0.485841654008633,
    0.4890611238212921,
    0.4927469458742693,
    0.496933261092463,
    0.5016606606749884,
    0.5069771324414251,
    0.5129389976329892,
    0.5196116289298639,
    0.5270695432905633,
    0.535395150060629,
    0.5446750007959306,
    0.5549919355016978,
    0.5664114291505651,
    0.5789616043307075,
    0.5926102293791569,
    0.6072495143735932,
    0.6227078220337868,
    0.6388059403243365,
    0.6554507690394086,
    0.6727175416094991,
    0.6908549210278354,
    0.7101894813553196,
    0.7309717168566392,
    0.7532299846570213,
    0.7766798825108497,
    0.8007201260045063,
    0.824542518797067,
    0.8473552514459376,
    0.8686451971815392,
    0.888343587493342,
    0.9067960006372238,
    0.924557926972241,
    0.9421334466927707,
    0.9597816189169848,
    0.9774465898112427,
    0.9947751793807635,
    1.011147206678822,
    1.0257024385604412,
    1.0374354204440426,
    1.0454227443741952,
    1.049125303466837,
    1.04859197164051,
    1.0444219566082784,
    1.0375227346669968,
    1.0288495571874336,
    1.0192692700530936,
    1.0095338524620576,
    1.0002745376985482,
    0.9919779048597602,
    0.9849672996439511,
    0.9794137869550976,
    0.9753717019259508,
    0.9728193545471105
  ],