{
  "bias_mev": [
    -20.0,
    -19.666666666666668,
    -19.333333333333332,
    -19.0,
    -18.666666666666668,
    -18.333333333333332,
    -18.0,
    -17.666666666666668,
    -17.333333333333332,
    -17.0,
    -16.666666666666668,
    -16.333333333333332,
    -16.0,
    -15.666666666666668,
    -15.333333333333334,
    -15.0,
    -14.666666666666668,
    -14.333333333333334,
    -14.0,
    -13.666666666666668,
    -13.333333333333334,
    -13.0,
    -12.666666666666668,
    -12.333333333333334,
    -12.0,
    -11.666666666666668,
    -11.333333333333334,
    -11.0,
    -10.666666666666668,
    -10.333333333333334,
    -10.0,
    -9.666666666666668,
    -9.333333333333334,
    -9.0,
    -8.666666666666668,
    -8.333333333333334,
    -8.0,
    -7.666666666666668,
    -7.333333333333334,
    -7.0,
    -6.666666666666668,
    -6.333333333333334,
    -6.0,
    -5.666666666666668,
    -5.333333333333334,
    -5.0,
    -4.666666666666668,
    -4.333333333333334,
    -4.0,
    -3.666666666666668,
    -3.3333333333333357,
    -3.0,
    -2.666666666666668,
    -2.3333333333333357,
    -2.0,
    -1.6666666666666679,
    -1.3333333333333357,
    -1.0,
    -0.6666666666666679,
    -0.3333333333333357,
    0.0,
    0.33333333333333215,
    0.6666666666666643,
    1.0,
    1.3333333333333321,
    1.6666666666666643,
    2.0,
    2.333333333333332,
    2.6666666666666643,
    3.0,
    3.333333333333332,
    3.6666666666666643,
    4.0,
    4.333333333333332,
    4.666666666666664,
    5.0,
    5.333333333333332,
    5.666666666666664,
    6.0,
    6.333333333333332,
    6.666666666666664,
    7.0,
    7.333333333333332,
    7.666666666666664,
    8.0,
    8.333333333333332,
    8.666666666666664,
    9.0,
    9.333333333333332,
    9.666666666666664,
    10.0,
    10.333333333333332,
    10.666666666666664,
    11.0,
    11.333333333333332,
    11.666666666666664,
    12.0,
    12.333333333333329,
    12.666666666666664,
    13.0,
    13.333333333333329,
    13.666666666666664,
    14.0,
    14.333333333333329,
    14.666666666666664,
    15.0,
    15.333333333333329,
    15.666666666666664,
    16.0,
    16.33333333333333,
    16.666666666666664,
    17.0,
    17.33333333333333,
    17.666666666666664,
    18.0,
    18.33333333333333,
    18.666666666666664,
    19.0,
    19.33333333333333,
    19.666666666666664,
    20.0
  ],
  "conductance": [
    0.9717542074980858,
    0.9746170516565491,
    0.9785809412251575,
    0.9837764488858975,
    0.9903358859775975,
    0.9983700932640762,
    1.0079235640045212,
    1.018930323048175,
    1.031212756070526,
    1.044498728369413,
    1.0583025986571646,
    1.071620597415886,
    1.082802592970849,
    1.0900663974532914,
    1.0924213811685926,
    1.0901147017519144,
    1.0842527212135948,
    1.0760948154699872,
    1.0665953922037492,
    1.0563791922250896,
    1.0459091379237395,
    1.03550024547725,
    1.0251447079027267,
    1.0143924048609438,
    1.0024792812916163,
    0.988681565292265,
    0.9727226971375031,
    0.9549612720831826,
    0.9361986583935389,
    0.9173121019211373,
    0.8989995636541019,
    0.8816777452476763,
    0.865438430250047,
    0.8500422706500035,
    0.8350383726511127,
    0.8200446801186918,
    0.8049990194380732,
    0.7901481207642097,
    0.7758392766640094,
    0.7623449884770974,
    0.7498109543139359,
    0.7382797106120119,
    0.72773111275233,
    0.7181141219517558,
    0.7093662141968574,
    0.7014236789651485,
    0.6942264832672129,
    0.6877202229482504,
    0.6818566233849329,
    0.6765933700321798,
    0.671893665113929,
    0.6677257037143086,
    0.6640621590057507,
    0.6608797148813995,
    0.6581586593330064,
    0.6558825403327151,
    0.654037881028973,
    0.6526139493722424,
    0.6516025771504477,
    0.6509980239944086,
    0.6507968827981236,
    0.6509980239944089,
    0.6516025771504474,
    0.6526139493722423,
    0.6540378810289731,
    0.6558825403327151,
    0.6581586593330064,
    0.6608797148813996,
    0.6640621590057505,
    0.6677257037143085,
    0.671893665113929,
    0.6765933700321798,
    0.6818566233849328,
    0.6877202229482504,
    0.6942264832672128,
    0.7014236789651482,
    0.7093662141968573,
    0.7181141219517556,
    0.72773111275233,
    0.7382797106120119,
    0.7498109543139355,
    0.7623449884770974,
    0.7758392766640095,
    0.7901481207642094,
    0.8049990194380731,
    0.8200446801186918,
    0.8350383726511125,
    0.8500422706500034,
    0.8654384302500469,
    0.8816777452476761,
    0.8989995636541019,
    0.9173121019211373,
    0.9361986583935384,
    0.9549612720831826,
    0.9727226971375031,
    0.9886815652922647,
    1.0024792812916166,
    1.014392404860944,
    1.0251447079027263,
    1.03550024547725,
    1.0459091379237395,
    1.0563791922250891,
    1.0665953922037494,
    1.0760948154699874,
    1.0842527212135946,
    1.0901147017519144,
    1.0924213811685928,
    1.090066397453291,
    1.0828025929708494,
    1.0716205974158866,
    1.0583025986571648,
    1.0444987283694132,
    1.0312127560705266,
    1.018930323048175,
    1.0079235640045219,
    0.9983700932640768,
    0.9903358859775976,
    0.9837764488858977,
    0.978580941225158,
    0.974617051656549,
    0.9717542074980856
  ],