{
  "bias_mev": [
    -20.0,
    -19.666666666666668,
    -19.333333333333332,
    -19.0,
    -18.666666666666668,
    -18.333333333333332,
    -18.0,
    -17.666666666666668,
    -17.333333333333332,
    -17.0,
    -16.666666666666668,
    -16.333333333333332,
    -16.0,
    -15.666666666666668,
    -15.333333333333334,
    -15.0,
    -14.666666666666668,
    -14.333333333333334,
    -14.0,
    -13.666666666666668,
    -13.333333333333334,
    -13.0,
    -12.666666666666668,
    -12.333333333333334,
    -12.0,
    -11.666666666666668,
    -11.333333333333334,
    -11.0,
    -10.666666666666668,
    -10.333333333333334,
    -10.0,
    -9.666666666666668,
    -9.333333333333334,
    -9.0,
    -8.666666666666668,
    -8.333333333333334,
    -8.0,
    -7.666666666666668,
    -7.333333333333334,
    -7.0,
    -6.666666666666668,
    -6.333333333333334,
    -6.0,
    -5.666666666666668,
    -5.333333333333334,
    -5.0,
    -4.666666666666668,
    -4.333333333333334,
    -4.0,
    -3.666666666666668,
    -3.3333333333333357,
    -3.0,
    -2.666666666666668,
    -2.3333333333333357,
    -2.0,
    -1.6666666666666679,
    -1.3333333333333357,
    -1.0,
    -0.6666666666666679,
    -0.3333333333333357,
    0.0,
    0.33333333333333215,
    0.6666666666666643,
    1.0,
    1.3333333333333321,
    1.6666666666666643,
    2.0,
    2.333333333333332,
    2.6666666666666643,
    3.0,
    3.333333333333332,
    3.6666666666666643,
    4.0,
    4.333333333333332,
    4.666666666666664,
    5.0,
    5.333333333333332,
    5.666666666666664,
    6.0,
    6.333333333333332,
    6.666666666666664,
    7.0,
    7.333333333333332,
    7.666666666666664,
    8.0,
    8.333333333333332,
    8.666666666666664,
    9.0,
    9.333333333333332,
    9.666666666666664,
    10.0,
    10.333333333333332,
    10.666666666666664,
    11.0,
    11.333333333333332,
    11.666666666666664,
    12.0,
    12.333333333333329,
    12.666666666666664,
    13.0,
    13.333333333333329,
    13.666666666666664,
    14.0,
    14.333333333333329,
    14.666666666666664,
    15.0,
    15.333333333333329,
    15.666666666666664,
    16.0,
    16.33333333333333,
    16.666666666666664,
    17.0,
    17.33333333333333,
    17.666666666666664,
    18.0,
    18.33333333333333,
    18.666666666666664,
    19.0,
    19.33333333333333,
    19.666666666666664,
    20.0
  ],
  "conductance": [
    0.9852981618032683,
    0.9860448598605185,
    0.9875930860421014,
    0.9900486184208852,
    0.9935196717952238,
    0.9980972750199083,
    1.00381741493549,
    1.010616478860278,
    1.0183159859725637,
    1.0266484472897617,
    1.0352408528507377,
    1.043489173663756,
    1.0504964686742064,
    1.0553255594747757,
    1.0574414757356314,
    1.056918667851597,
    1.0542702990556818,
    1.0501174609081596,
    1.0449566477066126,
    1.039141375768148,
    1.032979651086165,
    1.0267515120259685,
    1.0205980714985121,
    1.014404494232076,
    1.0077966112617138,
    1.0002770836780384,
    0.9914651392208829,
    0.9813212832647339,
    0.9701715873919937,
    0.9585229808893698,
    0.9468562057043688,
    0.9355170947123405,
    0.9246882519245129,
    0.914391576999813,
    0.9045151050024446,
    0.8948910122000253,
    0.8854090688166912,
    0.8760791803735394,
    0.8669987066159677,
    0.8582820561621844,
    0.850016018014019,
    0.8422498645854698,
    0.8350026835677978,
    0.8282739482816824,
    0.8220519622121997,
    0.8163194293222122,
    0.8110568111863173,
    0.8062442471063908,
    0.8018626068950954,
    0.7978940381404372,
    0.7943222246579037,
    0.791132482903118,
    0.788311769937176,
    0.7858486456133765,
    0.7837332137250057,
    0.7819570564282916,
    0.7805131701673229,
    0.7793959077658119,
    0.7786009292716514,
    0.7781251629391549,
    0.7779667770545158,
    0.7781251629391552,
    0.7786009292716509,
    0.7793959077658118,
    0.7805131701673235,
    0.7819570564282913,
    0.7837332137250057,
    0.7858486456133769,
    0.7883117699371757,
    0.791132482903118,
    0.7943222246579041,
    0.7978940381404369,
    0.8018626068950953,
    0.8062442471063909,
    0.811056811186317,
    0.8163194293222117,
    0.8220519622121998,
    0.8282739482816821,
    0.8350026835677978,
    0.8422498645854701,
    0.8500160180140188,
    0.8582820561621842,
    0.8669987066159678,
    0.876079180373539,
    0.8854090688166911,
    0.8948910122000254,
    0.9045151050024444,
    0.9143915769998129,
    0.9246882519245132,
    0.9355170947123401,
    0.9468562057043686,
    0.9585229808893705,
    0.9701715873919934,
    0.9813212832647337,
    0.991465139220883,
    1.0002770836780377,
    1.0077966112617143,
    1.0144044942320765,
    1.0205980714985112,
    1.0267515120259685,
    1.0329796510861653,
    1.0391413757681474,
    1.044956647706613,
    1.05011746090816,
    1.0542702990556811,
    1.0569186678515972,
    1.057441475735632,
    1.0553255594747752,
    1.0504964686742067,
    1.0434891736637564,
    1.0352408528507373,
    1.026648447289762,
    1.0183159859725643,
    1.0106164788602774,
    1.0038174149354901,
    0.998097275019909,
    0.9935196717952235,
    0.9900486184208853,
    0.987593086042102,
    0.9860448598605182,
    0.985298161803268
  ],