{
  "bias_mev": [
    -20.0,
    -19.666666666666668,
    -19.333333333333332,
    -19.0,
    -18.666666666666668,
    -18.333333333333332,
    -18.0,
    -17.666666666666668,
    -17.333333333333332,
    -17.0,
    -16.666666666666668,
    -16.333333333333332,
    -16.0,
    -15.666666666666668,
    -15.333333333333334,
    -15.0,
    -14.666666666666668,
    -14.333333333333334,
    -14.0,
    -13.666666666666668,
    -13.333333333333334,
    -13.0,
    -12.666666666666668,
    -12.333333333333334,
    -12.0,
    -11.666666666666668,
    -11.333333333333334,
    -11.0,
    -10.666666666666668,
    -10.333333333333334,
    -10.0,
    -9.666666666666668,
    -9.333333333333334,
    -9.0,
    -8.666666666666668,
    -8.333333333333334,
    -8.0,
    -7.666666666666668,
    -7.333333333333334,
    -7.0,
    -6.666666666666668,
    -6.333333333333334,
    -6.0,
    -5.666666666666668,
    -5.333333333333334,
    -5.0,
    -4.666666666666668,
    -4.333333333333334,
    -4.0,
    -3.666666666666668,
    -3.3333333333333357,
    -3.0,
    -2.666666666666668,
    -2.3333333333333357,
    -2.0,
    -1.6666666666666679,
    -1.3333333333333357,
    -1.0,
    -0.6666666666666679,
    -0.3333333333333357,
    0.0,
    0.33333333333333215,
    0.6666666666666643,
    1.0,
    1.3333333333333321,
    1.6666666666666643,
    2.0,
    2.333333333333332,
    2.6666666666666643,
    3.0,
    3.333333333333332,
    3.6666666666666643,
    4.0,
    4.333333333333332,
    4.666666666666664,
    5.0,
    5.333333333333332,
    5.666666666666664,
    6.0,
    6.333333333333332,
    6.666666666666664,
    7.0,
    7.333333333333332,
    7.666666666666664,
    8.0,
    8.333333333333332,
    8.666666666666664,
    9.0,
    9.333333333333332,
    9.666666666666664,
    10.0,
    10.333333333333332,
    10.666666666666664,
    11.0,
    11.333333333333332,
    11.666666666666664,
    12.0,
    12.333333333333329,
    12.666666666666664,
    13.0,
    13.333333333333329,
    13.666666666666664,
    14.0,
    14.333333333333329,
    14.666666666666664,
    15.0,
    15.333333333333329,
    15.666666666666664,
    16.0,
    16.33333333333333,
    16.666666666666664,
    17.0,
    17.33333333333333,
    17.666666666666664,
    18.0,
    18.33333333333333,
    18.666666666666664,
    19.0,
    19.33333333333333,
    19.666666666666664,
    20.0
  ],
  "conductance": [
    0.9805694780546212,
    0.982917305633927,
    0.985868668227626,
    0.9895221791877746,
    0.9939761758995336,
    0.9993095319039551,
    1.0055523951251897,
    1.0126640817437769,
    1.0205452589447657,
    1.0290749252788312,
    1.0381000507093774,
    1.0473396418366006,
    1.056308221758871,
    1.0644115684258493,
    1.07119133516009,
    1.0765050219644408,
    1.0805000215091976,
    1.0834508963536928,
    1.0856196566963108,
    1.0872270904940449,
    1.08848133184447,
    1.0895554606628843,
    1.0904981131587983,
    1.0911602617288672,
    1.0912152814896112,
    1.0902834129768995,
    1.0881118221338246,
    1.084704098680486,
    1.0803050989918126,
    1.0752753927534977,
    1.0699639843476663,
    1.0646327412205414,
    1.059420155601933,
    1.05432760675237,
    1.049242118937202,
    1.044014959509877,
    1.0385610346269791,
    1.0329033657661484,
    1.0271422133637422,
    1.0213985048534546,
    1.0157763239518705,
    1.010351044151315,
    1.0051717492050427,
    1.0002679189084005,
    0.9956557566737226,
    0.9913429167531598,
    0.9873317139481977,
    0.9836212152220156,
    0.9802085826977842,
    0.97708993473897,
    0.9742609007023715,
    0.971716980792598,
    0.9694537809692862,
    0.9674671669430165,
    0.9657533652558351,
    0.9643090294765074,
    0.9631312832785167,
    0.962217748171861,
    0.9615665610601477,
    0.9611763850655671,
    0.9610464158810373,
    0.9611763850655671,
    0.9615665610601475,
    0.962217748171861,
    0.9631312832785168,
    0.9643090294765071,
    0.9657533652558351,
    0.9674671669430168,
    0.9694537809692862,
    0.9717169807925979,
    0.9742609007023717,
    0.9770899347389697,
    0.9802085826977841,
    0.983621215222016,
    0.9873317139481977,
    0.9913429167531598,
    0.995655756673723,
    1.0002679189084007,
    1.0051717492050427,
    1.010351044151315,
    1.01577632395187,
    1.0213985048534544,
    1.0271422133637425,
    1.0329033657661482,
    1.0385610346269787,
    1.044014959509877,
    1.0492421189372019,
    1.05432760675237,
    1.059420155601933,
    1.0646327412205412,
    1.0699639843476663,
    1.0752753927534977,
    1.0803050989918122,
    1.0847040986804855,
    1.0881118221338246,
    1.0902834129768992,
    1.0912152814896112,
    1.0911602617288672,
    1.090498113158798,
    1.0895554606628846,
    1.0884813318444704,
    1.0872270904940449,
    1.0856196566963112,
    1.083450896353693,
    1.0805000215091973,
    1.0765050219644408,
    1.0711913351600904,
    1.0644115684258493,
    1.056308221758871,
    1.0473396418366006,
    1.0381000507093772,
    1.0290749252788314,
    1.0205452589447659,
    1.0126640817437769,
    1.0055523951251897,
    0.9993095319039554,
    0.9939761758995335,
    0.9895221791877746,
    0.9858686682276262,
    0.9829173056339268,
    0.980569478054621
  ],