{
  "bias_mev": [
    -20.0,
    -19.666666666666668,
    -19.333333333333332,
    -19.0,
    -18.666666666666668,
    -18.333333333333332,
    -18.0,
    -17.666666666666668,
    -17.333333333333332,
    -17.0,
    -16.666666666666668,
    -16.333333333333332,
    -16.0,
    -15.666666666666668,
    -15.333333333333334,
    -15.0,
    -14.666666666666668,
    -14.333333333333334,
    -14.0,
    -13.666666666666668,
    -13.333333333333334,
    -13.0,
    -12.666666666666668,
    -12.333333333333334,
    -12.0,
    -11.666666666666668,
    -11.333333333333334,
    -11.0,
    -10.666666666666668,
    -10.333333333333334,
    -10.0,
    -9.666666666666668,
    -9.333333333333334,
    -9.0,
    -8.666666666666668,
    -8.333333333333334,
    -8.0,
    -7.666666666666668,
    -7.333333333333334,
    -7.0,
    -6.666666666666668,
    -6.333333333333334,
    -6.0,
    -5.666666666666668,
    -5.333333333333334,
    -5.0,
    -4.666666666666668,
    -4.333333333333334,
    -4.0,
    -3.666666666666668,
    -3.3333333333333357,
    -3.0,
    -2.666666666666668,
    -2.3333333333333357,
    -2.0,
    -1.6666666666666679,
    -1.3333333333333357,
    -1.0,
    -0.6666666666666679,
    -0.3333333333333357,
    0.0,
    0.33333333333333215,
    0.6666666666666643,
    1.0,
    1.3333333333333321,
    1.6666666666666643,
    2.0,
    2.333333333333332,
    2.6666666666666643,
    3.0,
    3.333333333333332,
    3.6666666666666643,
    4.0,
    4.333333333333332,
    4.666666666666664,
    5.0,
    5.333333333333332,
    5.666666666666664,
    6.0,
    6.333333333333332,
    6.666666666666664,
    7.0,
    7.333333333333332,
    7.666666666666664,
    8.0,
    8.333333333333332,
    8.666666666666664,
    9.0,
    9.333333333333332,
    9.666666666666664,
    10.0,
    10.333333333333332,
    10.666666666666664,
    11.0,
    11.333333333333332,
    11.666666666666664,
    12.0,
    12.333333333333329,
    12.666666666666664,
    13.0,
    13.333333333333329,
    13.666666666666664,
    14.0,
    14.333333333333329,
    14.666666666666664,
    15.0,
    15.333333333333329,
    15.666666666666664,
    16.0,
    16.33333333333333,
    16.666666666666664,
    17.0,
    17.33333333333333,
    17.666666666666664,
    18.0,
    18.33333333333333,
    18.666666666666664,
    19.0,
    19.33333333333333,
    19.666666666666664,
    20.0
  ],
  "conductance": [
    0.9803764935005197,
    0.9827399879352305,
    0.9857099998594258,
    0.9893875713576298,
    0.9938751112486847,
    0.9992580960635344,
    1.0055754108347874,
    1.0127931091618765,
    1.0208079573936004,
    1.029476262644711,
    1.0386034695307385,
    1.0478603535730286,
    1.0567312354106855,
    1.0646337239242911,
    1.0711594662028758,
    1.0762217776690228,
    1.0800019304159765,
    1.0827823630789173,
    1.0848186600913285,
    1.0863232901348059,
    1.087498811142492,
    1.0885143493542333,
    1.0894154375048224,
    1.090051896058032,
    1.0900978414093132,
    1.089173188509686,
    1.0870210399812628,
    1.0836385057071827,
    1.0792650011863887,
    1.0742583450202123,
    1.0689668955584688,
    1.0636528510403862,
    1.0584553033983786,
    1.0533762291926068,
    1.0483031652106936,
    1.043087753384841,
    1.037645102060646,
    1.031998287942205,
    1.0262475475474127,
    1.020513764077847,
    1.0149009854645328,
    1.0094845649274609,
    1.004313579449401,
    0.9994175115225686,
    0.9948125731936064,
    0.9905064307544014,
    0.9865014127712812,
    0.9827966006169634,
    0.9793891707815233,
    0.976275255516148,
    0.9734504973088159,
    0.9709104085629755,
    0.9686506063943217,
    0.9666669665586419,
    0.9649557244918333,
    0.9635135414824723,
    0.9623375477384656,
    0.9614253701144289,
    0.9607751496682795,
    0.9603855524875701,
    0.9602557760434726,
    0.9603855524875701,
    0.9607751496682794,
    0.9614253701144287,
    0.9623375477384656,
    0.9635135414824717,
    0.9649557244918331,
    0.966666966558642,
    0.9686506063943215,
    0.9709104085629755,
    0.9734504973088162,
    0.976275255516148,
    0.9793891707815235,
    0.9827966006169635,
    0.9865014127712809,
    0.9905064307544014,
    0.9948125731936066,
    0.9994175115225683,
    1.0043135794494005,
    1.0094845649274609,
    1.0149009854645326,
    1.0205137640778468,
    1.0262475475474129,
    1.0319982879422047,
    1.0376451020606456,
    1.043087753384841,
    1.0483031652106933,
    1.053376229192607,
    1.0584553033983788,
    1.063652851040386,
    1.0689668955584688,
    1.0742583450202126,
    1.0792650011863885,
    1.0836385057071825,
    1.0870210399812625,
    1.0891731885096858,
    1.0900978414093134,
    1.0900518960580325,
    1.0894154375048222,
    1.088514349354233,
    1.087498811142492,
    1.0863232901348057,
    1.0848186600913285,
    1.0827823630789175,
    1.080001930415976,
    1.076221777669023,
    1.0711594662028763,
    1.064633723924291,
    1.0567312354106853,
    1.0478603535730289,
    1.0386034695307385,
    1.0294762626447111,
    1.0208079573936006,
    1.0127931091618765,
    1.0055754108347879,
    0.9992580960635351,
    0.9938751112486843,
    0.9893875713576298,
    0.9857099998594261,
    0.9827399879352304,
    0.9803764935005196
  ],