{
  "bias_mev": [
    -20.0,
    -19.666666666666668,
    -19.333333333333332,
    -19.0,
    -18.666666666666668,
    -18.333333333333332,
    -18.0,
    -17.666666666666668,
    -17.333333333333332,
    -17.0,
    -16.666666666666668,
    -16.333333333333332,
    -16.0,
    -15.666666666666668,
    -15.333333333333334,
    -15.0,
    -14.666666666666668,
    -14.333333333333334,
    -14.0,
    -13.666666666666668,
    -13.333333333333334,
    -13.0,
    -12.666666666666668,
    -12.333333333333334,
    -12.0,
    -11.666666666666668,
    -11.333333333333334,
    -11.0,
    -10.666666666666668,
    -10.333333333333334,
    -10.0,
    -9.666666666666668,
    -9.333333333333334,
    -9.0,
    -8.666666666666668,
    -8.333333333333334,
    -8.0,
    -7.666666666666668,
    -7.333333333333334,
    -7.0,
    -6.666666666666668,
    -6.333333333333334,
    -6.0,
    -5.666666666666668,
    -5.333333333333334,
    -5.0,
    -4.666666666666668,
    -4.333333333333334,
    -4.0,
    -3.666666666666668,
    -3.3333333333333357,
    -3.0,
    -2.666666666666668,
    -2.3333333333333357,
    -2.0,
    -1.6666666666666679,
    -1.3333333333333357,
    -1.0,
    -0.6666666666666679,
    -0.3333333333333357,
    0.0,
    0.33333333333333215,
    0.6666666666666643,
    1.0,
    1.3333333333333321,
    1.6666666666666643,
    2.0,
    2.333333333333332,
    2.6666666666666643,
    3.0,
    3.333333333333332,
    3.6666666666666643,
    4.0,
    4.333333333333332,
    4.666666666666664,
    5.0,
    5.333333333333332,
    5.666666666666664,
    6.0,
    6.333333333333332,
    6.666666666666664,
    7.0,
    7.333333333333332,
    7.666666666666664,
    8.0,
    8.333333333333332,
    8.666666666666664,
    9.0,
    9.333333333333332,
    9.666666666666664,
    10.0,
    10.333333333333332,
    10.666666666666664,
    11.0,
    11.333333333333332,
    11.666666666666664,
    12.0,
    12.333333333333329,
    12.666666666666664,
    13.0,
    13.333333333333329,
    13.666666666666664,
    14.0,
    14.333333333333329,
    14.666666666666664,
    15.0,
    15.333333333333329,
    15.666666666666664,
    16.0,
    16.33333333333333,
    16.666666666666664,
    17.0,
    17.33333333333333,
    17.666666666666664,
    18.0,
    18.33333333333333,
    18.666666666666664,
    19.0,
    19.33333333333333,
    19.666666666666664,
    20.0
  ],
  "conductance": [
    0.9780468260280316,
    0.9811603784068621,
    0.9847450039016591,
    0.9888996470638415,
    0.9937471120855483,
    0.9994332958756201,
    1.0060995633390002,
    1.0137948465985562,
    1.022382324504605,
    1.0316910021962744,
    1.041781373557371,
    1.0526726824845576,
    1.063774856121266,
    1.0739985077708596,
    1.0826761522039245,
    1.0898546237838285,
    1.0959881378076335,
    1.101549253086257,
    1.10670587645257,
    1.1114173878374458,
    1.1158267631355208,
    1.1202968635894797,
    1.1251075703056088,
    1.1301984736843707,
    1.1351688550674603,
    1.1393913201792552,
    1.1422070720567385,
    1.1434690085913055,
    1.1435550622730826,
    1.1429452260299298,
    1.1420172617829487,
    1.1410429019204105,
    1.1402121818663054,
    1.139599331188554,
    1.1390562651032705,
    1.1382225743468863,
    1.1368532692366928,
    1.135000173943679,
    1.1328387538936913,
    1.1305214275241013,
    1.1281498058909858,
    1.125787856496097,
    1.1234762509671374,
    1.1212415536507614,
    1.1191015842367942,
    1.1170685586078681,
    1.1151509853576325,
    1.113354852825974,
    1.1116843980468998,
    1.1101426204270766,
    1.1087316342068447,
    1.1074529159052895,
    1.1063074814213643,
    1.1052960148099475,
    1.1044189630808896,
    1.1036766065815489,
    1.1030691114523914,
    1.1025965686225594,
    1.1022590224439934,
    1.1020564911099182,
    1.1019889803166216,
    1.1020564911099195,
    1.102259022443992,
    1.1025965686225594,
    1.1030691114523925,
    1.1036766065815475,
    1.1044189630808896,
    1.1052960148099484,
    1.1063074814213631,
    1.1074529159052897,
    1.1087316342068463,
    1.1101426204270757,
    1.1116843980468996,
    1.1133548528259751,
    1.1151509853576318,
    1.1170685586078672,
    1.119101584236795,
    1.121241553650761,
    1.1234762509671368,
    1.1257878564960984,
    1.1281498058909851,
    1.1305214275241005,
    1.1328387538936926,
    1.1350001739436788,
    1.136853269236692,
    1.138222574346888,
    1.13905626510327,
    1.1395993311885535,
    1.1402121818663067,
    1.1410429019204098,
    1.142017261782948,
    1.1429452260299313,
    1.143555062273082,
    1.1434690085913046,
    1.1422070720567399,
    1.139391320179254,
    1.1351688550674603,
    1.1301984736843718,
    1.1251075703056068,
    1.1202968635894803,
    1.115826763135522,
    1.1114173878374438,
    1.1067058764525703,
    1.1015492530862583,
    1.0959881378076317,
    1.0898546237838291,
    1.0826761522039259,
    1.0739985077708583,
    1.063774856121266,
    1.0526726824845591,
    1.0417813735573702,
    1.0316910021962742,
    1.0223823245046064,
    1.0137948465985553,
    1.0060995633390002,
    0.9994332958756212,
    0.9937471120855474,
    0.9888996470638417,
    0.9847450039016601,
    0.9811603784068617,
    0.9780468260280315
  ],