{
  "bias_mev": [
    -20.0,
    -19.666666666666668,
    -19.333333333333332,
    -19.0,
    -18.666666666666668,
    -18.333333333333332,
    -18.0,
    -17.666666666666668,
    -17.333333333333332,
    -17.0,
    -16.666666666666668,
    -16.333333333333332,
    -16.0,
    -15.666666666666668,
    -15.333333333333334,
    -15.0,
    -14.666666666666668,
    -14.333333333333334,
    -14.0,
    -13.666666666666668,
    -13.333333333333334,
    -13.0,
    -12.666666666666668,
    -12.333333333333334,
    -12.0,
    -11.666666666666668,
    -11.333333333333334,
    -11.0,
    -10.666666666666668,
    -10.333333333333334,
    -10.0,
    -9.666666666666668,
    -9.333333333333334,
    -9.0,
    -8.666666666666668,
    -8.333333333333334,
    -8.0,
    -7.666666666666668,
    -7.333333333333334,
    -7.0,
    -6.666666666666668,
    -6.333333333333334,
    -6.0,
    -5.666666666666668,
    -5.333333333333334,
    -5.0,
    -4.666666666666668,
    -4.333333333333334,
    -4.0,
    -3.666666666666668,
    -3.3333333333333357,
    -3.0,
    -2.666666666666668,
    -2.3333333333333357,
    -2.0,
    -1.6666666666666679,
    -1.3333333333333357,
    -1.0,
    -0.6666666666666679,
    -0.3333333333333357,
    0.0,
    0.33333333333333215,
    0.6666666666666643,
    1.0,
    1.3333333333333321,
    1.6666666666666643,
    2.0,
    2.333333333333332,
    2.6666666666666643,
    3.0,
    3.333333333333332,
    3.6666666666666643,
    4.0,
    4.333333333333332,
    4.666666666666664,
    5.0,
    5.333333333333332,
    5.666666666666664,
    6.0,
    6.333333333333332,
    6.666666666666664,
    7.0,
    7.333333333333332,
    7.666666666666664,
    8.0,
    8.333333333333332,
    8.666666666666664,
    9.0,
    9.333333333333332,
    9.666666666666664,
    10.0,
    10.333333333333332,
    10.666666666666664,
    11.0,
    11.333333333333332,
    11.666666666666664,
    12.0,
    12.333333333333329,
    12.666666666666664,
    13.0,
    13.333333333333329,
    13.666666666666664,
    14.0,
    14.333333333333329,
    14.666666666666664,
    15.0,
    15.333333333333329,
    15.666666666666664,
    16.0,
    16.33333333333333,
    16.666666666666664,
    17.0,
    17.33333333333333,
    17.666666666666664,
    18.0,
    18.33333333333333,
    18.666666666666664,
    19.0,
    19.33333333333333,
    19.666666666666664,
    20.0
  ],
  "conductance": [
    0.9804574691945388,
    0.9832438265439932,
    0.9864922753568641,
    0.9902828516732546,
    0.9947007378309035,
    0.9998242751191448,
    1.0056990882080536,
    1.0123077280706974,
    1.0195734331288657,
    1.0274183148736833,
    1.0357884720128925,
    1.0445502038829018,
    1.0533528484506016,
    1.0616735790070553,
    1.069075355638544,
    1.0754109164835104,
    1.0807950353178144,
    1.08543744271575,
    1.089505216303138,
    1.0931185841049218,
    1.0964196007408251,
    1.0995679478802722,
    1.1026438343996345,
    1.105559692997458,
    1.1080595766974064,
    1.1098078743502584,
    1.1105481971014615,
    1.1102475661667754,
    1.1090868660418072,
    1.1073373734076903,
    1.1052575294208775,
    1.1030475225634413,
    1.1008289182122752,
    1.098623377799069,
    1.096346984289598,
    1.0938664132047193,
    1.0911011528979422,
    1.0880707381416126,
    1.0848584852663778,
    1.0815589374586254,
    1.0782511470007436,
    1.0749936373902458,
    1.0718277091892283,
    1.0687820445555776,
    1.0658764849489388,
    1.0631247401590418,
    1.0605362541008354,
    1.058117482089508,
    1.0558727718495189,
    1.053804978893314,
    1.0519159023525444,
    1.0502065978033708,
    1.0486776045260744,
    1.047329112305964,
    1.0461610848475187,
    1.0451733515661394,
    1.0443656759584197,
    1.0437378063155653,
    1.0432895128449544,
    1.0430206140505707,
    1.0429309943288136,
    1.0430206140505722,
    1.043289512844953,
    1.0437378063155656,
    1.0443656759584212,
    1.045173351566138,
    1.0461610848475187,
    1.0473291123059656,
    1.048677604526073,
    1.0502065978033712,
    1.051915902352546,
    1.0538049788933126,
    1.0558727718495182,
    1.0581174820895096,
    1.0605362541008345,
    1.0631247401590413,
    1.0658764849489404,
    1.068782044555577,
    1.0718277091892277,
    1.0749936373902473,
    1.0782511470007428,
    1.0815589374586247,
    1.084858485266379,
    1.088070738141612,
    1.0911011528979413,
    1.0938664132047209,
    1.0963469842895972,
    1.0986233777990682,
    1.1008289182122772,
    1.1030475225634406,
    1.1052575294208768,
    1.107337373407692,
    1.1090868660418065,
    1.1102475661667746,
    1.1105481971014628,
    1.1098078743502569,
    1.1080595766974064,
    1.1055596929974596,
    1.1026438343996328,
    1.0995679478802731,
    1.0964196007408267,
    1.0931185841049196,
    1.0895052163031387,
    1.0854374427157514,
    1.0807950353178122,
    1.0754109164835113,
    1.0690753556385455,
    1.0616735790070533,
    1.053352848450602,
    1.0445502038829033,
    1.0357884720128911,
    1.0274183148736833,
    1.0195734331288673,
    1.012307728070696,
    1.0056990882080539,
    0.9998242751191464,
    0.9947007378309023,
    0.9902828516732546,
    0.9864922753568658,
    0.9832438265439924,
    0.9804574691945386
  ],