{
  "bias_mev": [
    -20.0,
    -19.666666666666668,
    -19.333333333333332,
    -19.0,
    -18.666666666666668,
    -18.333333333333332,
    -18.0,
    -17.666666666666668,
    -17.333333333333332,
    -17.0,
    -16.666666666666668,
    -16.333333333333332,
    -16.0,
    -15.666666666666668,
    -15.333333333333334,
    -15.0,
    -14.666666666666668,
    -14.333333333333334,
    -14.0,
    -13.666666666666668,
    -13.333333333333334,
    -13.0,
    -12.666666666666668,
    -12.333333333333334,
    -12.0,
    -11.666666666666668,
    -11.333333333333334,
    -11.0,
    -10.666666666666668,
    -10.333333333333334,
    -10.0,
    -9.666666666666668,
    -9.333333333333334,
    -9.0,
    -8.666666666666668,
    -8.333333333333334,
    -8.0,
    -7.666666666666668,
    -7.333333333333334,
    -7.0,
    -6.666666666666668,
    -6.333333333333334,
    -6.0,
    -5.666666666666668,
    -5.333333333333334,
    -5.0,
    -4.666666666666668,
    -4.333333333333334,
    -4.0,
    -3.666666666666668,
    -3.3333333333333357,
    -3.0,
    -2.666666666666668,
    -2.3333333333333357,
    -2.0,
    -1.6666666666666679,
    -1.3333333333333357,
    -1.0,
    -0.6666666666666679,
    -0.3333333333333357,
    0.0,
    0.33333333333333215,
    0.6666666666666643,
    1.0,
    1.3333333333333321,
    1.6666666666666643,
    2.0,
    2.333333333333332,
    2.6666666666666643,
    3.0,
    3.333333333333332,
    3.6666666666666643,
    4.0,
    4.333333333333332,
    4.666666666666664,
    5.0,
    5.333333333333332,
    5.666666666666664,
    6.0,
    6.333333333333332,
    6.666666666666664,
    7.0,
    7.333333333333332,
    7.666666666666664,
    8.0,
    8.333333333333332,
    8.666666666666664,
    9.0,
    9.333333333333332,
    9.666666666666664,
    10.0,
    10.333333333333332,
    10.666666666666664,
    11.0,
    11.333333333333332,
    11.666666666666664,
    12.0,
    12.333333333333329,
    12.666666666666664,
    13.0,
    13.333333333333329,
    13.666666666666664,
    14.0,
    14.333333333333329,
    14.666666666666664,
    15.0,
    15.333333333333329,
    15.666666666666664,
    16.0,
    16.33333333333333,
    16.666666666666664,
    17.0,
    17.33333333333333,
    17.666666666666664,
    18.0,
    18.33333333333333,
    18.666666666666664,
    19.0,
    19.33333333333333,
    19.666666666666664,
    20.0
  ],
  "conductance": [
    0.968842405217999,
    0.9721108897199097,
    0.9765888928035549,
    0.9824109454151135,
    0.9897061435098192,
    0.9985745932178864,
    1.0090398821411575,
    1.0209827798263216,
    1.0340698902199943,
    1.0476735779282431,
    1.060767668578778,
    1.07189349017737,
    1.0794364814442428,
    1.0822420634285947,
    1.0801223968636227,
    1.0738162180020043,
    1.0645074437367845,
    1.0533221768332879,
    1.0410937076432016,
    1.0283931767366536,
    1.0156143607056465,
    1.002943659377575,
    0.9902614710946505,
    0.9771320582053584,
    0.9629532902978766,
    0.9472126132920171,
    0.929743072104921,
    0.9108394134558372,
    0.891143950446097,
    0.8713965342458767,
    0.8522234342324144,
    0.8340289890580651,
    0.8169496932842939,
    0.8008446570150101,
    0.7853631399855828,
    0.7701287705416773,
    0.7549610147521771,
    0.7399616657447043,
    0.7254102154503368,
    0.7115953102132524,
    0.6987130079045767,
    0.6868507922448812,
    0.6760148979716821,
    0.6661641686906905,
    0.6572355648007167,
    0.6491596735404305,
    0.6418688796477736,
    0.6353010834582724,
    0.6294010042298711,
    0.6241202877106526,
    0.6194170835121474,
    0.6152554329594835,
    0.6116046313706984,
    0.6084386373272536,
    0.6057355562236799,
    0.6034772040644953,
    0.6016487482369474,
    0.6002384186712977,
    0.599237282287366,
    0.598639074371592,
    0.5984400817892628,
    0.598639074371592,
    0.599237282287366,
    0.6002384186712977,
    0.6016487482369474,
    0.6034772040644952,
    0.6057355562236799,
    0.6084386373272535,
    0.6116046313706984,
    0.6152554329594835,
    0.6194170835121474,
    0.6241202877106526,
    0.6294010042298711,
    0.6353010834582724,
    0.6418688796477735,
    0.6491596735404304,
    0.6572355648007167,
    0.6661641686906903,
    0.6760148979716822,
    0.6868507922448812,
    0.6987130079045766,
    0.7115953102132524,
    0.7254102154503368,
    0.739961665744704,
    0.7549610147521771,
    0.7701287705416773,
    0.7853631399855826,
    0.8008446570150102,
    0.8169496932842941,
    0.8340289890580647,
    0.8522234342324144,
    0.8713965342458766,
    0.8911439504460965,
    0.9108394134558371,
    0.9297430721049208,
    0.9472126132920169,
    0.9629532902978766,
    0.9771320582053583,
    0.9902614710946502,
    1.002943659377575,
    1.0156143607056465,
    1.0283931767366536,
    1.0410937076432019,
    1.0533221768332879,
    1.0645074437367843,
    1.0738162180020048,
    1.0801223968636227,
    1.0822420634285947,
    1.0794364814442428,
    1.07189349017737,
    1.0607676685787781,
    1.0476735779282431,
    1.0340698902199945,
    1.0209827798263218,
    1.0090398821411577,
    0.9985745932178867,
    0.9897061435098193,
    0.9824109454151136,
    0.9765888928035553,
    0.9721108897199097,
    0.9688424052179989
  ],