{
  "bias_mev": [
    -20.0,
    -19.666666666666668,
    -19.333333333333332,
    -19.0,
    -18.666666666666668,
    -18.333333333333332,
    -18.0,
    -17.666666666666668,
    -17.333333333333332,
    -17.0,
    -16.666666666666668,
    -16.333333333333332,
    -16.0,
    -15.666666666666668,
    -15.333333333333334,
    -15.0,
    -14.666666666666668,
    -14.333333333333334,
    -14.0,
    -13.666666666666668,
    -13.333333333333334,
    -13.0,
    -12.666666666666668,
    -12.333333333333334,
    -12.0,
    -11.666666666666668,
    -11.333333333333334,
    -11.0,
    -10.666666666666668,
    -10.333333333333334,
    -10.0,
    -9.666666666666668,
    -9.333333333333334,
    -9.0,
    -8.666666666666668,
    -8.333333333333334,
    -8.0,
    -7.666666666666668,
    -7.333333333333334,
    -7.0,
    -6.666666666666668,
    -6.333333333333334,
    -6.0,
    -5.666666666666668,
    -5.333333333333334,
    -5.0,
    -4.666666666666668,
    -4.333333333333334,
    -4.0,
    -3.666666666666668,
    -3.3333333333333357,
    -3.0,
    -2.666666666666668,
    -2.3333333333333357,
    -2.0,
    -1.6666666666666679,
    -1.3333333333333357,
    -1.0,
    -0.6666666666666679,
    -0.3333333333333357,
    0.0,
    0.33333333333333215,
    0.6666666666666643,
    1.0,
    1.3333333333333321,
    1.6666666666666643,
    2.0,
    2.333333333333332,
    2.6666666666666643,
    3.0,
    3.333333333333332,
    3.6666666666666643,
    4.0,
    4.333333333333332,
    4.666666666666664,
    5.0,
    5.333333333333332,
    5.666666666666664,
    6.0,
    6.333333333333332,
    6.666666666666664,
    7.0,
    7.333333333333332,
    7.666666666666664,
    8.0,
    8.333333333333332,
    8.666666666666664,
    9.0,
    9.333333333333332,
    9.666666666666664,
    10.0,
    10.333333333333332,
    10.666666666666664,
    11.0,
    11.333333333333332,
    11.666666666666664,
    12.0,
    12.333333333333329,
    12.666666666666664,
    13.0,
    13.333333333333329,
    13.666666666666664,
    14.0,
    14.333333333333329,
    14.666666666666664,
    15.0,
    15.333333333333329,
    15.666666666666664,
    16.0,
    16.33333333333333,
    16.666666666666664,
    17.0,
    17.33333333333333,
    17.666666666666664,
    18.0,
    18.33333333333333,
    18.666666666666664,
    19.0,
    19.33333333333333,
    19.666666666666664,
    20.0
  ],
  "conductance": [
    0.9742587870337663,
    0.9759394538741427,
    0.9791219412454097,
    0.9839201214151986,
    0.9904173481089467,
    0.9985944945046458,
    1.008232082026475,
    1.018867289320362,
    1.0299038351395642,
    1.0407446473314879,
    1.0505864704385672,
    1.0579498747570624,
    1.060735184824552,
    1.0572632656310337,
    1.0474041016378417,
    1.0325883360643249,
    1.0148452691839835,
    0.9958370366537308,
    0.9765490195152619,
    0.9575833850467845,
    0.9394456576813269,
    0.9224087414406037,
    0.9061937029022775,
    0.88990051045984,
    0.872321207650135,
    0.8525135497026043,
    0.8303874380910239,
    0.80683142892092,
    0.7831917122552132,
    0.760626445537172,
    0.7398096167211521,
    0.7209415158302652,
    0.7038470047058666,
    0.6880785929625716,
    0.6730902079120945,
    0.6585074285523015,
    0.6443047559265918,
    0.6307118556957307,
    0.6179872079967855,
    0.6062820478929808,
    0.5956301156791447,
    0.5859898294040577,
    0.5772852558968455,
    0.569431418529807,
    0.562346681205059,
    0.5559576167970884,
    0.5502001933071103,
    0.5450193816057095,
    0.5403682032867235,
    0.5362066698756246,
    0.5325007939981369,
    0.5292217316459424,
    0.52634506347466,
    0.5238502036259857,
    0.5217199189316765,
    0.5199399413944873,
    0.5184986589512214,
    0.5173868721705114,
    0.516597607113868,
    0.5161259768921199,
    0.5159690864539584,
    0.5161259768921203,
    0.5165976071138677,
    0.5173868721705114,
    0.5184986589512217,
    0.5199399413944871,
    0.5217199189316767,
    0.523850203625986,
    0.5263450634746598,
    0.5292217316459426,
    0.5325007939981371,
    0.5362066698756243,
    0.5403682032867234,
    0.5450193816057097,
    0.5502001933071102,
    0.5559576167970881,
    0.5623466812050593,
    0.5694314185298065,
    0.5772852558968454,
    0.5859898294040581,
    0.5956301156791446,
    0.6062820478929807,
    0.6179872079967856,
    0.6307118556957304,
    0.6443047559265915,
    0.6585074285523018,
    0.6730902079120942,
    0.6880785929625715,
    0.7038470047058669,
    0.7209415158302648,
    0.739809616721152,
    0.7606264455371725,
    0.7831917122552129,
    0.8068314289209195,
    0.8303874380910243,
    0.8525135497026037,
    0.8723212076501353,
    0.88990051045984,
    0.906193702902277,
    0.922408741440604,
    0.9394456576813272,
    0.9575833850467835,
    0.9765490195152621,
    0.995837036653731,
    1.0148452691839824,
    1.032588336064325,
    1.0474041016378421,
    1.057263265631033,
    1.060735184824552,
    1.057949874757063,
    1.0505864704385668,
    1.0407446473314879,
    1.0299038351395648,
    1.0188672893203619,
    1.008232082026475,
    0.9985944945046465,
    0.9904173481089463,
    0.9839201214151986,
    0.9791219412454107,
    0.9759394538741425,
    0.9742587870337661
  ],