{
  "bias_mev": [
    -20.0,
    -19.666666666666668,
    -19.333333333333332,
    -19.0,
    -18.666666666666668,
    -18.333333333333332,
    -18.0,
    -17.666666666666668,
    -17.333333333333332,
    -17.0,
    -16.666666666666668,
    -16.333333333333332,
    -16.0,
    -15.666666666666668,
    -15.333333333333334,
    -15.0,
    -14.666666666666668,
    -14.333333333333334,
    -14.0,
    -13.666666666666668,
    -13.333333333333334,
    -13.0,
    -12.666666666666668,
    -12.333333333333334,
    -12.0,
    -11.666666666666668,
    -11.333333333333334,
    -11.0,
    -10.666666666666668,
    -10.333333333333334,
    -10.0,
    -9.666666666666668,
    -9.333333333333334,
    -9.0,
    -8.666666666666668,
    -8.333333333333334,
    -8.0,
    -7.666666666666668,
    -7.333333333333334,
    -7.0,
    -6.666666666666668,
    -6.333333333333334,
    -6.0,
    -5.666666666666668,
    -5.333333333333334,
    -5.0,
    -4.666666666666668,
    -4.333333333333334,
    -4.0,
    -3.666666666666668,
    -3.3333333333333357,
    -3.0,
    -2.666666666666668,
    -2.3333333333333357,
    -2.0,
    -1.6666666666666679,
    -1.3333333333333357,
    -1.0,
    -0.6666666666666679,
    -0.3333333333333357,
    0.0,
    0.33333333333333215,
    0.6666666666666643,
    1.0,
    1.3333333333333321,
    1.6666666666666643,
    2.0,
    2.333333333333332,
    2.6666666666666643,
    3.0,
    3.333333333333332,
    3.6666666666666643,
    4.0,
    4.333333333333332,
    4.666666666666664,
    5.0,
    5.333333333333332,
    5.666666666666664,
    6.0,
    6.333333333333332,
    6.666666666666664,
    7.0,
    7.333333333333332,
    7.666666666666664,
    8.0,
    8.333333333333332,
    8.666666666666664,
    9.0,
    9.333333333333332,
    9.666666666666664,
    10.0,
    10.333333333333332,
    10.666666666666664,
    11.0,
    11.333333333333332,
    11.666666666666664,
    12.0,
    12.333333333333329,
    12.666666666666664,
    13.0,
    13.333333333333329,
    13.666666666666664,
    14.0,
    14.333333333333329,
    14.666666666666664,
    15.0,
    15.333333333333329,
    15.666666666666664,
    16.0,
    16.33333333333333,
    16.666666666666664,
    17.0,
    17.33333333333333,
    17.666666666666664,
    18.0,
    18.33333333333333,
    18.666666666666664,
    19.0,
    19.33333333333333,
    19.666666666666664,
    20.0
  ],
  "conductance": [
    0.9696452807436199,
    0.973182151630364,
    0.9777534532919779,
    0.983484162559382,
    0.9904961464137108,
    0.9988878404467856,
    1.0087006184576357,
    1.0198859594102907,
    1.0322969018151855,
    1.0456674852310461,
    1.0594442655828369,
    1.0724625556221028,
    1.082853748494738,
    1.0886602705693211,
    1.088867241326714,
    1.0838251007490993,
    1.0747598586584846,
    1.0630275221733323,
    1.0496800354205749,
    1.0354341657680894,
    1.0208060011623665,
    1.0061381883168334,
    0.9914945936315432,
    0.9765887018949106,
    0.9608840785228451,
    0.9438735013299386,
    0.925413646136139,
    0.9058622667494947,
    0.8858781832610315,
    0.8661061739671835,
    0.8469980126676188,
    0.8287826004200062,
    0.8114923409223883,
    0.7950008266367518,
    0.779100313803999,
    0.7636422361999724,
    0.7486485918520243,
    0.7342790883537612,
    0.7207111611545399,
    0.7080596110934416,
    0.6963651481445222,
    0.6856155048305421,
    0.6757691198162608,
    0.6667716956509435,
    0.658565789545408,
    0.6510957730614687,
    0.6443101239396171,
    0.6381622889530055,
    0.6326108211903452,
    0.6276191723902531,
    0.6231553406823098,
    0.6191914765951929,
    0.6157034982578005,
    0.6126707393584254,
    0.6100756392338517,
    0.6079034773107512,
    0.6061421507333248,
    0.6047819926202999,
    0.6038156280523785,
    0.6032378650883469,
    0.6030456185727274,
    0.6032378650883476,
    0.6038156280523777,
    0.6047819926202999,
    0.6061421507333256,
    0.6079034773107505,
    0.6100756392338517,
    0.612670739358426,
    0.6157034982577997,
    0.6191914765951929,
    0.6231553406823106,
    0.6276191723902524,
    0.632610821190345,
    0.6381622889530064,
    0.6443101239396165,
    0.6510957730614685,
    0.6585657895454089,
    0.6667716956509431,
    0.6757691198162605,
    0.6856155048305428,
    0.6963651481445217,
    0.7080596110934414,
    0.7207111611545408,
    0.7342790883537605,
    0.7486485918520238,
    0.7636422361999733,
    0.7791003138039982,
    0.7950008266367515,
    0.8114923409223893,
    0.8287826004200055,
    0.8469980126676183,
    0.8661061739671845,
    0.8858781832610306,
    0.905862266749494,
    0.9254136461361401,
    0.9438735013299374,
    0.9608840785228453,
    0.9765887018949115,
    0.9914945936315411,
    1.006138188316834,
    1.0208060011623674,
    1.0354341657680877,
    1.0496800354205753,
    1.0630275221733334,
    1.0747598586584821,
    1.0838251007491,
    1.0888672413267153,
    1.0886602705693194,
    1.0828537484947385,
    1.0724625556221041,
    1.0594442655828358,
    1.0456674852310461,
    1.032296901815187,
    1.0198859594102894,
    1.0087006184576357,
    0.998887840446787,
    0.9904961464137098,
    0.9834841625593819,
    0.9777534532919794,
    0.9731821516303633,
    0.9696452807436193
  ],