{
  "bias_mev": [
    -20.0,
    -19.666666666666668,
    -19.333333333333332,
    -19.0,
    -18.666666666666668,
    -18.333333333333332,
    -18.0,
    -17.666666666666668,
    -17.333333333333332,
    -17.0,
    -16.666666666666668,
    -16.333333333333332,
    -16.0,
    -15.666666666666668,
    -15.333333333333334,
    -15.0,
    -14.666666666666668,
    -14.333333333333334,
    -14.0,
    -13.666666666666668,
    -13.333333333333334,
    -13.0,
    -12.666666666666668,
    -12.333333333333334,
    -12.0,
    -11.666666666666668,
    -11.333333333333334,
    -11.0,
    -10.666666666666668,
    -10.333333333333334,
    -10.0,
    -9.666666666666668,
    -9.333333333333334,
    -9.0,
    -8.666666666666668,
    -8.333333333333334,
    -8.0,
    -7.666666666666668,
    -7.333333333333334,
    -7.0,
    -6.666666666666668,
    -6.333333333333334,
    -6.0,
    -5.666666666666668,
    -5.333333333333334,
    -5.0,
    -4.666666666666668,
    -4.333333333333334,
    -4.0,
    -3.666666666666668,
    -3.3333333333333357,
    -3.0,
    -2.666666666666668,
    -2.3333333333333357,
    -2.0,
    -1.6666666666666679,
    -1.3333333333333357,
    -1.0,
    -0.6666666666666679,
    -0.3333333333333357,
    0.0,
    0.33333333333333215,
    0.6666666666666643,
    1.0,
    1.3333333333333321,
    1.6666666666666643,
    2.0,
    2.333333333333332,
    2.6666666666666643,
    3.0,
    3.333333333333332,
    3.6666666666666643,
    4.0,
    4.333333333333332,
    4.666666666666664,
    5.0,
    5.333333333333332,
    5.666666666666664,
    6.0,
    6.333333333333332,
    6.666666666666664,
    7.0,
    7.333333333333332,
    7.666666666666664,
    8.0,
    8.333333333333332,
    8.666666666666664,
    9.0,
    9.333333333333332,
    9.666666666666664,
    10.0,
    10.333333333333332,
    10.666666666666664,
    11.0,
    11.333333333333332,
    11.666666666666664,
    12.0,
    12.333333333333329,
    12.666666666666664,
    13.0,
    13.333333333333329,
    13.666666666666664,
    14.0,
    14.333333333333329,
    14.666666666666664,
    15.0,
    15.333333333333329,
    15.666666666666664,
    16.0,
    16.33333333333333,
    16.666666666666664,
    17.0,
    17.33333333333333,
    17.666666666666664,
    18.0,
    18.33333333333333,
    18.666666666666664,
    19.0,
    19.33333333333333,
    19.666666666666664,
    20.0
  ],
  "conductance": [
    0.9735358682699196,
    0.9765042568719073,
    0.980416065682268,
    0.9853860756050101,
    0.9915259620114649,
    0.9989273072856429,
    1.0076268303491258,
    1.0175574639796858,
    1.0284979987396503,
    1.0400221712053241,
    1.051428618616923,
    1.0617000881757517,
    1.0696621070682801,
    1.0743949103563903,
    1.075609261651158,
    1.0736654243433832,
    1.0692773620133331,
    1.0631749602639666,
    1.0559304622208905,
    1.0479660292633868,
    1.0396047596728812,
    1.0310419995063833,
    1.022262277893918,
    1.0130126119868517,
    1.002888749775761,
    0.9915051337243362,
    0.9786850522128218,
    0.9645734234638453,
    0.9495875116967369,
    0.9342525491038134,
    0.9190475715124476,
    0.904318137508924,
    0.8902330128022337,
    0.8767640139244782,
    0.863715773050761,
    0.8508414221877431,
    0.8380019251425999,
    0.8252475655431544,
    0.8127650067031884,
    0.8007664310861293,
    0.7894138739662754,
    0.7787996063754381,
    0.768958264841685,
    0.7598866575395606,
    0.7515603360182074,
    0.743944715079024,
    0.7370017284058628,
    0.7306935179391959,
    0.7249843353819159,
    0.7198414240252133,
    0.715235341706675,
    0.7111399899795001,
    0.7075324984664151,
    0.7043930467855268,
    0.7017046688682766,
    0.6994530634833835,
    0.6976264231283347,
    0.6962152870693542,
    0.6952124209052181,
    0.6946127233067572,
    0.6944131598107662,
    0.6946127233067574,
    0.6952124209052178,
    0.6962152870693542,
    0.6976264231283348,
    0.6994530634833831,
    0.7017046688682766,
    0.7043930467855269,
    0.7075324984664147,
    0.7111399899795003,
    0.7152353417066754,
    0.7198414240252131,
    0.7249843353819159,
    0.7306935179391961,
    0.7370017284058626,
    0.7439447150790239,
    0.7515603360182076,
    0.7598866575395604,
    0.7689582648416846,
    0.7787996063754384,
    0.789413873966275,
    0.8007664310861293,
    0.8127650067031889,
    0.8252475655431543,
    0.8380019251425997,
    0.8508414221877433,
    0.8637157730507607,
    0.8767640139244782,
    0.890233012802234,
    0.9043181375089238,
    0.9190475715124473,
    0.9342525491038136,
    0.9495875116967367,
    0.9645734234638453,
    0.9786850522128223,
    0.991505133724336,
    1.002888749775761,
    1.0130126119868517,
    1.0222622778939174,
    1.0310419995063835,
    1.0396047596728815,
    1.0479660292633861,
    1.0559304622208907,
    1.063174960263967,
    1.0692773620133325,
    1.0736654243433834,
    1.0756092616511583,
    1.0743949103563897,
    1.06966210706828,
    1.0617000881757523,
    1.0514286186169228,
    1.040022171205324,
    1.0284979987396508,
    1.0175574639796854,
    1.0076268303491258,
    0.9989273072856433,
    0.9915259620114645,
    0.9853860756050101,
    0.9804160656822685,
    0.9765042568719071,
    0.9735358682699193
  ],