{
  "bias_mev": [
    -20.0,
    -19.666666666666668,
    -19.333333333333332,
    -19.0,
    -18.666666666666668,
    -18.333333333333332,
    -18.0,
    -17.666666666666668,
    -17.333333333333332,
    -17.0,
    -16.666666666666668,
    -16.333333333333332,
    -16.0,
    -15.666666666666668,
    -15.333333333333334,
    -15.0,
    -14.666666666666668,
    -14.333333333333334,
    -14.0,
    -13.666666666666668,
    -13.333333333333334,
    -13.0,
    -12.666666666666668,
    -12.333333333333334,
    -12.0,
    -11.666666666666668,
    -11.333333333333334,
    -11.0,
    -10.666666666666668,
    -10.333333333333334,
    -10.0,
    -9.666666666666668,
    -9.333333333333334,
    -9.0,
    -8.666666666666668,
    -8.333333333333334,
    -8.0,
    -7.666666666666668,
    -7.333333333333334,
    -7.0,
    -6.666666666666668,
    -6.333333333333334,
    -6.0,
    -5.666666666666668,
    -5.333333333333334,
    -5.0,
    -4.666666666666668,
    -4.333333333333334,
    -4.0,
    -3.666666666666668,
    -3.3333333333333357,
    -3.0,
    -2.666666666666668,
    -2.3333333333333357,
    -2.0,
    -1.6666666666666679,
    -1.3333333333333357,
    -1.0,
    -0.6666666666666679,
    -0.3333333333333357,
    0.0,
    0.33333333333333215,
    0.6666666666666643,
    1.0,
    1.3333333333333321,
    1.6666666666666643,
    2.0,
    2.333333333333332,
    2.6666666666666643,
    3.0,
    3.333333333333332,
    3.6666666666666643,
    4.0,
    4.333333333333332,
    4.666666666666664,
    5.0,
    5.333333333333332,
    5.666666666666664,
    6.0,
    6.333333333333332,
    6.666666666666664,
    7.0,
    7.333333333333332,
    7.666666666666664,
    8.0,
    8.333333333333332,
    8.666666666666664,
    9.0,
    9.333333333333332,
    9.666666666666664,
    10.0,
    10.333333333333332,
    10.666666666666664,
    11.0,
    11.333333333333332,
    11.666666666666664,
    12.0,
    12.333333333333329,
    12.666666666666664,
    13.0,
    13.333333333333329,
    13.666666666666664,
    14.0,
    14.333333333333329,
    14.666666666666664,
    15.0,
    15.333333333333329,
    15.666666666666664,
    16.0,
    16.33333333333333,
    16.666666666666664,
    17.0,
    17.33333333333333,
    17.666666666666664,
    18.0,
    18.33333333333333,
    18.666666666666664,
    19.0,
    19.33333333333333,
    19.666666666666664,
    20.0
  ],
  "conductance": [
    0.9740565086410379,
    0.9777211840779318,
    0.9819759469738978,
    0.9869323161152308,
    0.9927219905675709,
    0.9994871942471443,
    1.0073416859640378,
    1.0163021510571364,
    1.0262733203865038,
    1.037187701969507,
    1.0490880658597779,
    1.061842315158283,
    1.074734092685686,
    1.0865833436285313,
    1.0965204388760024,
    1.1044423076894938,
    1.1107839009159544,
    1.116067827049751,
    1.120593253079078,
    1.1244909591814718,
    1.1279777128345172,
    1.131378772709799,
    1.1348955373506922,
    1.1383977802332226,
    1.1414236173567018,
    1.1433388070724855,
    1.1436493041526958,
    1.1423390644872526,
    1.1397941425311011,
    1.1364958541201862,
    1.132852380053248,
    1.1291714270324724,
    1.1256471794197036,
    1.1222991247736365,
    1.1189195255045443,
    1.115192911467095,
    1.1109666028486365,
    1.1063309905428071,
    1.1014768839499443,
    1.0965740693133892,
    1.0917400778066362,
    1.0870494010068577,
    1.082548024135999,
    1.0782640974875741,
    1.0742146501323995,
    1.070409686159396,
    1.0668547089396436,
    1.0635523124084998,
    1.0605032094973326,
    1.0577069124192016,
    1.0551621919031828,
    1.0528673925847318,
    1.0508206527045063,
    1.0490200588972964,
    1.047463756190082,
    1.046150026615636,
    1.0450773455196476,
    1.0442444217824554,
    1.0436502262460305,
    1.0432940112983415,
    1.0431753236093806,
    1.043294011298343,
    1.043650226246029,
    1.0442444217824554,
    1.0450773455196491,
    1.0461500266156345,
    1.047463756190082,
    1.0490200588972978,
    1.0508206527045048,
    1.0528673925847316,
    1.0551621919031842,
    1.0577069124192005,
    1.0605032094973321,
    1.0635523124085013,
    1.0668547089396432,
    1.0704096861593952,
    1.0742146501324008,
    1.0782640974875735,
    1.0825480241359982,
    1.0870494010068592,
    1.0917400778066357,
    1.0965740693133887,
    1.1014768839499458,
    1.1063309905428065,
    1.1109666028486358,
    1.1151929114670964,
    1.1189195255045434,
    1.122299124773636,
    1.1256471794197052,
    1.1291714270324715,
    1.1328523800532473,
    1.1364958541201875,
    1.1397941425311002,
    1.1423390644872518,
    1.1436493041526972,
    1.1433388070724844,
    1.1414236173567023,
    1.1383977802332241,
    1.13489553735069,
    1.1313787727097997,
    1.1279777128345188,
    1.1244909591814696,
    1.1205932530790788,
    1.1160678270497528,
    1.1107839009159524,
    1.1044423076894945,
    1.0965204388760041,
    1.0865833436285295,
    1.074734092685686,
    1.0618423151582843,
    1.0490880658597768,
    1.0371877019695068,
    1.0262733203865053,
    1.0163021510571353,
    1.0073416859640378,
    0.9994871942471458,
    0.9927219905675697,
    0.9869323161152306,
    0.9819759469738992,
    0.9777211840779312,
    0.9740565086410375
  ],