{
  "bias_mev": [
    -20.0,
    -19.666666666666668,
    -19.333333333333332,
    -19.0,
    -18.666666666666668,
    -18.333333333333332,
    -18.0,
    -17.666666666666668,
    -17.333333333333332,
    -17.0,
    -16.666666666666668,
    -16.333333333333332,
    -16.0,
    -15.666666666666668,
    -15.333333333333334,
    -15.0,
    -14.666666666666668,
    -14.333333333333334,
    -14.0,
    -13.666666666666668,
    -13.333333333333334,
    -13.0,
    -12.666666666666668,
    -12.333333333333334,
    -12.0,
    -11.666666666666668,
    -11.333333333333334,
    -11.0,
    -10.666666666666668,
    -10.333333333333334,
    -10.0,
    -9.666666666666668,
    -9.333333333333334,
    -9.0,
    -8.666666666666668,
    -8.333333333333334,
    -8.0,
    -7.666666666666668,
    -7.333333333333334,
    -7.0,
    -6.666666666666668,
    -6.333333333333334,
    -6.0,
    -5.666666666666668,
    -5.333333333333334,
    -5.0,
    -4.666666666666668,
    -4.333333333333334,
    -4.0,
    -3.666666666666668,
    -3.3333333333333357,
    -3.0,
    -2.666666666666668,
    -2.3333333333333357,
    -2.0,
    -1.6666666666666679,
    -1.3333333333333357,
    -1.0,
    -0.6666666666666679,
    -0.3333333333333357,
    0.0,
    0.33333333333333215,
    0.6666666666666643,
    1.0,
    1.3333333333333321,
    1.6666666666666643,
    2.0,
    2.333333333333332,
    2.6666666666666643,
    3.0,
    3.333333333333332,
    3.6666666666666643,
    4.0,
    4.333333333333332,
    4.666666666666664,
    5.0,
    5.333333333333332,
    5.666666666666664,
    6.0,
    6.333333333333332,
    6.666666666666664,
    7.0,
    7.333333333333332,
    7.666666666666664,
    8.0,
    8.333333333333332,
    8.666666666666664,
    9.0,
    9.333333333333332,
    9.666666666666664,
    10.0,
    10.333333333333332,
    10.666666666666664,
    11.0,
    11.333333333333332,
    11.666666666666664,
    12.0,
    12.333333333333329,
    12.666666666666664,
    13.0,
    13.333333333333329,
    13.666666666666664,
    14.0,
    14.333333333333329,
    14.666666666666664,
    15.0,
    15.333333333333329,
    15.666666666666664,
    16.0,
    16.33333333333333,
    16.666666666666664,
    17.0,
    17.33333333333333,
    17.666666666666664,
    18.0,
    18.33333333333333,
    18.666666666666664,
    19.0,
    19.33333333333333,
    19.666666666666664,
    20.0
  ],
  "conductance": [
    0.9752965031879558,
    0.9771147873753403,
    0.9804100601055145,
    0.9852376511886628,
    0.9915937838225899,
    0.9993720714202897,
    1.0083172491188066,
    1.0179947714119273,
    1.0277844215884122,
    1.0368787007805014,
    1.0442712494478996,
    1.0487949616006302,
    1.049321376597853,
    1.045117707523216,
    1.0361503768977085,
    1.0230990442079013,
    1.0070716329784966,
    0.9892318483634839,
    0.9705518524346803,
    0.9517354107228028,
    0.9332129367929146,
    0.9151176760938462,
    0.8972601196445305,
    0.879180385348137,
    0.8603199641657588,
    0.8402710388902103,
    0.8189931172941142,
    0.7968728409300581,
    0.7745860501874176,
    0.7528542348065137,
    0.7322355524289057,
    0.7130238536830907,
    0.6952481454884311,
    0.678739055337561,
    0.6632371130646693,
    0.6485139844649461,
    0.6344588317789936,
    0.6210897512957999,
    0.6084995854081513,
    0.5967859369566196,
    0.5860069068214322,
    0.5761705480313067,
    0.5672449215677379,
    0.5591740638801143,
    0.551891734849286,
    0.5453306026025554,
    0.5394273594747686,
    0.5341250378129635,
    0.5293736704036087,
    0.525130089870245,
    0.5213573473664179,
    0.5180240137079829,
    0.515103493938485,
    0.5125734124608556,
    0.5104150874927262,
    0.5086130952741461,
    0.5071549168169951,
    0.506030657735001,
    0.5052328319806985,
    0.5047562016794918,
    0.5045976669854441,
    0.5047562016794918,
    0.5052328319806985,
    0.5060306577350009,
    0.5071549168169951,
    0.5086130952741461,
    0.5104150874927261,
    0.5125734124608555,
    0.5151034939384849,
    0.5180240137079828,
    0.5213573473664179,
    0.525130089870245,
    0.5293736704036086,
    0.5341250378129634,
    0.5394273594747685,
    0.5453306026025553,
    0.5518917348492859,
    0.5591740638801141,
    0.567244921567738,
    0.5761705480313067,
    0.586006906821432,
    0.5967859369566197,
    0.6084995854081512,
    0.6210897512957997,
    0.6344588317789936,
    0.6485139844649459,
    0.6632371130646693,
    0.6787390553375608,
    0.6952481454884308,
    0.7130238536830905,
    0.7322355524289057,
    0.7528542348065136,
    0.7745860501874173,
    0.796872840930058,
    0.8189931172941142,
    0.84027103889021,
    0.860319964165759,
    0.8791803853481364,
    0.8972601196445303,
    0.915117676093846,
    0.9332129367929144,
    0.9517354107228025,
    0.9705518524346803,
    0.9892318483634837,
    1.0070716329784963,
    1.0230990442079013,
    1.036150376897708,
    1.0451177075232159,
    1.0493213765978529,
    1.0487949616006302,
    1.0442712494478996,
    1.0368787007805012,
    1.0277844215884122,
    1.0179947714119277,
    1.0083172491188068,
    0.9993720714202899,
    0.9915937838225903,
    0.985237651188663,
    0.9804100601055149,
    0.9771147873753403,
    0.9752965031879556
  ],