{
  "bias_mev": [
    -20.0,
    -19.666666666666668,
    -19.333333333333332,
    -19.0,
    -18.666666666666668,
    -18.333333333333332,
    -18.0,
    -17.666666666666668,
    -17.333333333333332,
    -17.0,
    -16.666666666666668,
    -16.333333333333332,
    -16.0,
    -15.666666666666668,
    -15.333333333333334,
    -15.0,
    -14.666666666666668,
    -14.333333333333334,
    -14.0,
    -13.666666666666668,
    -13.333333333333334,
    -13.0,
    -12.666666666666668,
    -12.333333333333334,
    -12.0,
    -11.666666666666668,
    -11.333333333333334,
    -11.0,
    -10.666666666666668,
    -10.333333333333334,
    -10.0,
    -9.666666666666668,
    -9.333333333333334,
    -9.0,
    -8.666666666666668,
    -8.333333333333334,
    -8.0,
    -7.666666666666668,
    -7.333333333333334,
    -7.0,
    -6.666666666666668,
    -6.333333333333334,
    -6.0,
    -5.666666666666668,
    -5.333333333333334,
    -5.0,
    -4.666666666666668,
    -4.333333333333334,
    -4.0,
    -3.666666666666668,
    -3.3333333333333357,
    -3.0,
    -2.666666666666668,
    -2.3333333333333357,
    -2.0,
    -1.6666666666666679,
    -1.3333333333333357,
    -1.0,
    -0.6666666666666679,
    -0.3333333333333357,
    0.0,
    0.33333333333333215,
    0.6666666666666643,
    1.0,
    1.3333333333333321,
    1.6666666666666643,
    2.0,
    2.333333333333332,
    2.6666666666666643,
    3.0,
    3.333333333333332,
    3.6666666666666643,
    4.0,
    4.333333333333332,
    4.666666666666664,
    5.0,
    5.333333333333332,
    5.666666666666664,
    6.0,
    6.333333333333332,
    6.666666666666664,
    7.0,
    7.333333333333332,
    7.666666666666664,
    8.0,
    8.333333333333332,
    8.666666666666664,
    9.0,
    9.333333333333332,
    9.666666666666664,
    10.0,
    10.333333333333332,
    10.666666666666664,
    11.0,
    11.333333333333332,
    11.666666666666664,
    12.0,
    12.333333333333329,
    12.666666666666664,
    13.0,
    13.333333333333329,
    13.666666666666664,
    14.0,
    14.333333333333329,
    14.666666666666664,
    15.0,
    15.333333333333329,
    15.666666666666664,
    16.0,
    16.33333333333333,
    16.666666666666664,
    17.0,
    17.33333333333333,
    17.666666666666664,
    18.0,
    18.33333333333333,
    18.666666666666664,
    19.0,
    19.33333333333333,
    19.666666666666664,
    20.0
  ],
  "conductance": [
    0.9850185200897181,
    0.9858586680631193,
    0.9875094189443512,
    0.9900727430903318,
    0.9936472973054356,
    0.9983036739964627,
    1.00404473259789,
    1.010774186797357,
    1.0183143454482935,
    1.0264564136670415,
    1.0349224272564275,
    1.043188399301794,
    1.0503803939543819,
    1.0555137583408187,
    1.0579679886216786,
    1.0577492274475573,
    1.055340015190815,
    1.051354123379287,
    1.046297276235437,
    1.0405512861932522,
    1.0344523389275682,
    1.0282733952390428,
    1.0221012612099758,
    1.0157452537049807,
    1.0087793526750133,
    1.000724328420923,
    0.9913069603449111,
    0.9806327822380834,
    0.9691218612821647,
    0.9572930785662036,
    0.9455873448637667,
    0.9342940472466371,
    0.9235380431473962,
    0.91328893780375,
    0.9034034633529078,
    0.8937224265814049,
    0.8841766520333666,
    0.8748143679785275,
    0.8657458321945699,
    0.8570779792893469,
    0.8488836213193779,
    0.8411998417876969,
    0.8340374911730066,
    0.8273912029359821,
    0.821246733403243,
    0.815585625153673,
    0.8103879640673217,
    0.8056339364870292,
    0.8013046717476984,
    0.7973826705459782,
    0.793851997436805,
    0.7906983415405565,
    0.7879090059588835,
    0.7854728610607931,
    0.783380282071232,
    0.7816230827966983,
    0.7801944522831719,
    0.7790888982442449,
    0.7783021993690238,
    0.7778313676224515,
    0.7776746210905691,
    0.777831367622452,
    0.7783021993690235,
    0.7790888982442449,
    0.7801944522831723,
    0.781623082796698,
    0.7833802820712322,
    0.7854728610607936,
    0.7879090059588829,
    0.7906983415405565,
    0.7938519974368053,
    0.797382670545978,
    0.801304671747698,
    0.8056339364870295,
    0.8103879640673214,
    0.815585625153673,
    0.8212467334032433,
    0.8273912029359816,
    0.8340374911730066,
    0.8411998417876975,
    0.8488836213193778,
    0.8570779792893468,
    0.8657458321945702,
    0.8748143679785272,
    0.8841766520333663,
    0.8937224265814052,
    0.9034034633529076,
    0.9132889378037499,
    0.9235380431473966,
    0.934294047246637,
    0.9455873448637664,
    0.957293078566204,
    0.9691218612821644,
    0.9806327822380833,
    0.9913069603449112,
    1.0007243284209228,
    1.0087793526750135,
    1.015745253704981,
    1.0221012612099751,
    1.0282733952390433,
    1.0344523389275688,
    1.0405512861932513,
    1.046297276235438,
    1.0513541233792876,
    1.0553400151908143,
    1.0577492274475577,
    1.057967988621679,
    1.055513758340818,
    1.0503803939543819,
    1.043188399301795,
    1.0349224272564275,
    1.0264564136670413,
    1.0183143454482941,
    1.0107741867973568,
    1.0040447325978903,
    0.998303673996463,
    0.993647297305435,
    0.9900727430903319,
    0.9875094189443518,
    0.9858586680631193,
    0.9850185200897178
  ],