{
  "bias_mev": [
    -20.0,
    -19.666666666666668,
    -19.333333333333332,
    -19.0,
    -18.666666666666668,
    -18.333333333333332,
    -18.0,
    -17.666666666666668,
    -17.333333333333332,
    -17.0,
    -16.666666666666668,
    -16.333333333333332,
    -16.0,
    -15.666666666666668,
    -15.333333333333334,
    -15.0,
    -14.666666666666668,
    -14.333333333333334,
    -14.0,
    -13.666666666666668,
    -13.333333333333334,
    -13.0,
    -12.666666666666668,
    -12.333333333333334,
    -12.0,
    -11.666666666666668,
    -11.333333333333334,
    -11.0,
    -10.666666666666668,
    -10.333333333333334,
    -10.0,
    -9.666666666666668,
    -9.333333333333334,
    -9.0,
    -8.666666666666668,
    -8.333333333333334,
    -8.0,
    -7.666666666666668,
    -7.333333333333334,
    -7.0,
    -6.666666666666668,
    -6.333333333333334,
    -6.0,
    -5.666666666666668,
    -5.333333333333334,
    -5.0,
    -4.666666666666668,
    -4.333333333333334,
    -4.0,
    -3.666666666666668,
    -3.3333333333333357,
    -3.0,
    -2.666666666666668,
    -2.3333333333333357,
    -2.0,
    -1.6666666666666679,
    -1.3333333333333357,
    -1.0,
    -0.6666666666666679,
    -0.3333333333333357,
    0.0,
    0.33333333333333215,
    0.6666666666666643,
    1.0,
    1.3333333333333321,
    1.6666666666666643,
    2.0,
    2.333333333333332,
    2.6666666666666643,
    3.0,
    3.333333333333332,
    3.6666666666666643,
    4.0,
    4.333333333333332,
    4.666666666666664,
    5.0,
    5.333333333333332,
    5.666666666666664,
    6.0,
    6.333333333333332,
    6.666666666666664,
    7.0,
    7.333333333333332,
    7.666666666666664,
    8.0,
    8.333333333333332,
    8.666666666666664,
    9.0,
    9.333333333333332,
    9.666666666666664,
    10.0,
    10.333333333333332,
    10.666666666666664,
    11.0,
    11.333333333333332,
    11.666666666666664,
    12.0,
    12.333333333333329,
    12.666666666666664,
    13.0,
    13.333333333333329,
    13.666666666666664,
    14.0,
    14.333333333333329,
    14.666666666666664,
    15.0,
    15.333333333333329,
    15.666666666666664,
    16.0,
    16.33333333333333,
    16.666666666666664,
    17.0,
    17.33333333333333,
    17.666666666666664,
    18.0,
    18.33333333333333,
    18.666666666666664,
    19.0,
    19.33333333333333,
    19.666666666666664,
    20.0
  ],
  "conductance": [
    0.9733674094593133,
    0.9770915938597019,
    0.9815204315650894,
    0.9867458799428206,
    0.9928520306328503,
    0.9999027512146516,
    1.0079243438432497,
    1.0168843821907898,
    1.026667110761579,
    1.037044066529955,
    1.0476441328418264,
    1.0579462351454139,
    1.0673320763096885,
    1.0752106762406572,
    1.081165151022527,
    1.085039546496827,
    1.0869240687479258,
    1.0870678973860115,
    1.0857807676608995,
    1.0833635345731036,
    1.080068967821886,
    1.0760750884559742,
    1.0714636782219153,
    1.0662154840929714,
    1.0602375795355026,
    1.05342301081258,
    1.045720340038228,
    1.0371787895398312,
    1.027946986885484,
    1.0182325691025702,
    1.0082495249126844,
    0.998176632969344,
    0.9881362328476547,
    0.9781933692057299,
    0.9683723320941742,
    0.9586838252496693,
    0.9491502376752551,
    0.9398167150732869,
    0.9307457068872463,
    0.9220031916390019,
    0.9136463971962996,
    0.9057175739901225,
    0.8982432821941598,
    0.8912367584044141,
    0.8847012598924084,
    0.8786332179943813,
    0.8730247631704323,
    0.8678655761441287,
    0.8631441736101355,
    0.8588487692006826,
    0.8549678340819268,
    0.8514904526906353,
    0.848406542035519,
    0.845706981765509,
    0.8433836868923363,
    0.8414296444668293,
    0.8398389283536352,
    0.8386067014674139,
    0.8377292116475841,
    0.8372037852178363,
    0.8370288208336906,
    0.8372037852178363,
    0.8377292116475841,
    0.8386067014674141,
    0.8398389283536353,
    0.8414296444668292,
    0.8433836868923364,
    0.845706981765509,
    0.8484065420355188,
    0.8514904526906351,
    0.8549678340819269,
    0.8588487692006824,
    0.8631441736101354,
    0.8678655761441287,
    0.8730247631704321,
    0.8786332179943811,
    0.8847012598924086,
    0.8912367584044136,
    0.8982432821941598,
    0.9057175739901226,
    0.9136463971962994,
    0.9220031916390019,
    0.9307457068872466,
    0.9398167150732866,
    0.9491502376752551,
    0.9586838252496696,
    0.968372332094174,
    0.9781933692057299,
    0.9881362328476546,
    0.9981766329693437,
    1.0082495249126842,
    1.0182325691025702,
    1.0279469868854838,
    1.0371787895398312,
    1.0457203400382278,
    1.0534230108125797,
    1.0602375795355024,
    1.0662154840929712,
    1.071463678221915,
    1.076075088455974,
    1.0800689678218858,
    1.0833635345731032,
    1.0857807676608995,
    1.0870678973860113,
    1.0869240687479254,
    1.0850395464968268,
    1.081165151022527,
    1.0752106762406572,
    1.0673320763096887,
    1.0579462351454139,
    1.0476441328418264,
    1.037044066529955,
    1.0266671107615792,
    1.0168843821907898,
    1.0079243438432497,
    0.9999027512146516,
    0.9928520306328502,
    0.9867458799428207,
    0.9815204315650898,
    0.9770915938597018,
    0.9733674094593131
  ],