{
  "bias_mev": [
    -20.0,
    -19.666666666666668,
    -19.333333333333332,
    -19.0,
    -18.666666666666668,
    -18.333333333333332,
    -18.0,
    -17.666666666666668,
    -17.333333333333332,
    -17.0,
    -16.666666666666668,
    -16.333333333333332,
    -16.0,
    -15.666666666666668,
    -15.333333333333334,
    -15.0,
    -14.666666666666668,
    -14.333333333333334,
    -14.0,
    -13.666666666666668,
    -13.333333333333334,
    -13.0,
    -12.666666666666668,
    -12.333333333333334,
    -12.0,
    -11.666666666666668,
    -11.333333333333334,
    -11.0,
    -10.666666666666668,
    -10.333333333333334,
    -10.0,
    -9.666666666666668,
    -9.333333333333334,
    -9.0,
    -8.666666666666668,
    -8.333333333333334,
    -8.0,
    -7.666666666666668,
    -7.333333333333334,
    -7.0,
    -6.666666666666668,
    -6.333333333333334,
    -6.0,
    -5.666666666666668,
    -5.333333333333334,
    -5.0,
    -4.666666666666668,
    -4.333333333333334,
    -4.0,
    -3.666666666666668,
    -3.3333333333333357,
    -3.0,
    -2.666666666666668,
    -2.3333333333333357,
    -2.0,
    -1.6666666666666679,
    -1.3333333333333357,
    -1.0,
    -0.6666666666666679,
    -0.3333333333333357,
    0.0,
    0.33333333333333215,
    0.6666666666666643,
    1.0,
    1.3333333333333321,
    1.6666666666666643,
    2.0,
    2.333333333333332,
    2.6666666666666643,
    3.0,
    3.333333333333332,
    3.6666666666666643,
    4.0,
    4.333333333333332,
    4.666666666666664,
    5.0,
    5.333333333333332,
    5.666666666666664,
    6.0,
    6.333333333333332,
    6.666666666666664,
    7.0,
    7.333333333333332,
    7.666666666666664,
    8.0,
    8.333333333333332,
    8.666666666666664,
    9.0,
    9.333333333333332,
    9.666666666666664,
    10.0,
    10.333333333333332,
    10.666666666666664,
    11.0,
    11.333333333333332,
    11.666666666666664,
    12.0,
    12.333333333333329,
    12.666666666666664,
    13.0,
    13.333333333333329,
    13.666666666666664,
    14.0,
    14.333333333333329,
    14.666666666666664,
    15.0,
    15.333333333333329,
    15.666666666666664,
    16.0,
    16.33333333333333,
    16.666666666666664,
    17.0,
    17.33333333333333,
    17.666666666666664,
    18.0,
    18.33333333333333,
    18.666666666666664,
    19.0,
    19.33333333333333,
    19.666666666666664,
    20.0
  ],
  "conductance": [
    0.9841727142591513,
    0.9855536529950202,
    0.9875727096839104,
    0.9903328105802575,
    0.9939476290509439,
    0.9985273991951112,
    1.0041439113207167,
    1.0107826193987786,
    1.018331018940019,
    1.0266355345760916,
    1.0355058419287417,
    1.0445312028954874,
    1.052920074591405,
    1.0597367447702235,
    1.0644124371607275,
    1.06697315012084,
    1.067847817279784,
    1.0675335006792555,
    1.0663801220538724,
    1.0646153279950017,
    1.0624823439204854,
    1.0602518798739766,
    1.058081993841189,
    1.055885319940166,
    1.053318247991844,
    1.0498980720516087,
    1.0452372894327737,
    1.0392869044110586,
    1.032343406107867,
    1.0248424580360151,
    1.0171769153854342,
    1.0096275762355078,
    1.0023518137577014,
    0.995376648460351,
    0.9886033472615251,
    0.9818751495630839,
    0.9750983542130992,
    0.968300713371318,
    0.9615840332008572,
    0.9550546834868037,
    0.9487908113853561,
    0.942840003026691,
    0.9372272276908192,
    0.9319629331368486,
    0.9270488350886809,
    0.9224816141368131,
    0.9182551875795192,
    0.9143620928136477,
    0.9107943306771679,
    0.9075438807528944,
    0.9046030157573806,
    0.9019644916501672,
    0.8996216602746329,
    0.8975685335683209,
    0.8957998176287704,
    0.8943109283065117,
    0.8930979958594939,
    0.8921578635734296,
    0.8914880835547864,
    0.8910869117886452,
    0.890953303806193,
    0.891086911788646,
    0.8914880835547856,
    0.8921578635734295,
    0.8930979958594947,
    0.8943109283065109,
    0.89579981762877,
    0.8975685335683216,
    0.899621660274632,
    0.9019644916501672,
    0.9046030157573814,
    0.9075438807528937,
    0.9107943306771673,
    0.9143620928136484,
    0.9182551875795187,
    0.9224816141368124,
    0.9270488350886816,
    0.9319629331368479,
    0.9372272276908189,
    0.9428400030266918,
    0.9487908113853558,
    0.9550546834868032,
    0.9615840332008576,
    0.9683007133713173,
    0.9750983542130988,
    0.9818751495630846,
    0.9886033472615242,
    0.9953766484603506,
    1.0023518137577019,
    1.0096275762355071,
    1.0171769153854338,
    1.024842458036016,
    1.0323434061078662,
    1.039286904411058,
    1.0452372894327744,
    1.0498980720516078,
    1.053318247991844,
    1.055885319940167,
    1.0580819938411872,
    1.0602518798739768,
    1.0624823439204862,
    1.0646153279950001,
    1.066380122053873,
    1.0675335006792563,
    1.0678478172797825,
    1.0669731501208404,
    1.0644124371607286,
    1.059736744770222,
    1.052920074591405,
    1.0445312028954887,
    1.035505841928741,
    1.0266355345760911,
    1.0183310189400199,
    1.010782619398778,
    1.0041439113207167,
    0.9985273991951122,
    0.993947629050943,
    0.9903328105802576,
    0.9875727096839114,
    0.9855536529950194,
    0.9841727142591506
  ],