{
  "bias_mev": [
    -20.0,
    -19.666666666666668,
    -19.333333333333332,
    -19.0,
    -18.666666666666668,
    -18.333333333333332,
    -18.0,
    -17.666666666666668,
    -17.333333333333332,
    -17.0,
    -16.666666666666668,
    -16.333333333333332,
    -16.0,
    -15.666666666666668,
    -15.333333333333334,
    -15.0,
    -14.666666666666668,
    -14.333333333333334,
    -14.0,
    -13.666666666666668,
    -13.333333333333334,
    -13.0,
    -12.666666666666668,
    -12.333333333333334,
    -12.0,
    -11.666666666666668,
    -11.333333333333334,
    -11.0,
    -10.666666666666668,
    -10.333333333333334,
    -10.0,
    -9.666666666666668,
    -9.333333333333334,
    -9.0,
    -8.666666666666668,
    -8.333333333333334,
    -8.0,
    -7.666666666666668,
    -7.333333333333334,
    -7.0,
    -6.666666666666668,
    -6.333333333333334,
    -6.0,
    -5.666666666666668,
    -5.333333333333334,
    -5.0,
    -4.666666666666668,
    -4.333333333333334,
    -4.0,
    -3.666666666666668,
    -3.3333333333333357,
    -3.0,
    -2.666666666666668,
    -2.3333333333333357,
    -2.0,
    -1.6666666666666679,
    -1.3333333333333357,
    -1.0,
    -0.6666666666666679,
    -0.3333333333333357,
    0.0,
    0.33333333333333215,
    0.6666666666666643,
    1.0,
    1.3333333333333321,
    1.6666666666666643,
    2.0,
    2.333333333333332,
    2.6666666666666643,
    3.0,
    3.333333333333332,
    3.6666666666666643,
    4.0,
    4.333333333333332,
    4.666666666666664,
    5.0,
    5.333333333333332,
    5.666666666666664,
    6.0,
    6.333333333333332,
    6.666666666666664,
    7.0,
    7.333333333333332,
    7.666666666666664,
    8.0,
    8.333333333333332,
    8.666666666666664,
    9.0,
    9.333333333333332,
    9.666666666666664,
    10.0,
    10.333333333333332,
    10.666666666666664,
    11.0,
    11.333333333333332,
    11.666666666666664,
    12.0,
    12.333333333333329,
    12.666666666666664,
    13.0,
    13.333333333333329,
    13.666666666666664,
    14.0,
    14.333333333333329,
    14.666666666666664,
    15.0,
    15.333333333333329,
    15.666666666666664,
    16.0,
    16.33333333333333,
    16.666666666666664,
    17.0,
    17.33333333333333,
    17.666666666666664,
    18.0,
    18.33333333333333,
    18.666666666666664,
    19.0,
    19.33333333333333,
    19.666666666666664,
    20.0
  ],
  "conductance": [
    0.9687672604794648,
    0.9726794046023249,
    0.9776905132608938,
    0.9838857278614761,
    0.9913198230414141,
    0.9999947330467178,
    1.0098277977159476,
    1.020610840986456,
    1.0319604264208666,
    1.0432634725844372,
    1.053640658468985,
    1.0619821635697415,
    1.06711654690948,
    1.0681016797608966,
    1.0645071588395516,
    1.0565205983939514,
    1.0448227703364128,
    1.0303291584534495,
    1.0139447021723613,
    0.9964144935436233,
    0.9782650213538979,
    0.9597922470859264,
    0.941071841702516,
    0.9220008710217404,
    0.902386964168265,
    0.8820739139974898,
    0.8610567496129566,
    0.8395290729388032,
    0.8178391057507401,
    0.7963857368703816,
    0.7755134816166906,
    0.7554485191628157,
    0.7362854427431335,
    0.7180150634672396,
    0.7005779128906281,
    0.6839231874159888,
    0.6680482356293136,
    0.6530020186373622,
    0.6388584670909536,
    0.625682451494061,
    0.6135078109648446,
    0.6023323749988968,
    0.5921244563838072,
    0.5828333634323399,
    0.5743991116424201,
    0.5667595063851163,
    0.5598545499402932,
    0.5536287997448838,
    0.5480323774914542,
    0.5430211813388609,
    0.5385566746303736,
    0.5346054806322248,
    0.5311389143947722,
    0.5281325214307092,
    0.5255656569591662,
    0.5234211195465017,
    0.5216848425871496,
    0.520345642114551,
    0.5193950174677633,
    0.5188270009608053,
    0.5186380531308385,
    0.5188270009608053,
    0.5193950174677633,
    0.520345642114551,
    0.5216848425871494,
    0.5234211195465017,
    0.5255656569591662,
    0.5281325214307092,
    0.5311389143947722,
    0.5346054806322248,
    0.5385566746303735,
    0.5430211813388609,
    0.5480323774914542,
    0.5536287997448838,
    0.5598545499402932,
    0.5667595063851162,
    0.5743991116424197,
    0.5828333634323399,
    0.5921244563838071,
    0.6023323749988969,
    0.6135078109648446,
    0.625682451494061,
    0.6388584670909536,
    0.6530020186373621,
    0.6680482356293136,
    0.6839231874159888,
    0.700577912890628,
    0.7180150634672398,
    0.7362854427431333,
    0.7554485191628156,
    0.7755134816166905,
    0.7963857368703814,
    0.81783910575074,
    0.8395290729388031,
    0.8610567496129566,
    0.8820739139974897,
    0.9023869641682651,
    0.9220008710217401,
    0.9410718417025159,
    0.9597922470859265,
    0.9782650213538977,
    0.9964144935436231,
    1.0139447021723613,
    1.0303291584534495,
    1.0448227703364126,
    1.0565205983939514,
    1.0645071588395516,
    1.0681016797608964,
    1.0671165469094799,
    1.0619821635697417,
    1.053640658468985,
    1.0432634725844372,
    1.0319604264208666,
    1.0206108409864558,
    1.0098277977159476,
    0.9999947330467178,
    0.9913198230414142,
    0.9838857278614761,
    0.977690513260894,
    0.9726794046023252,
    0.9687672604794648
  ],