{
  "bias_mev": [
    -20.0,
    -19.666666666666668,
    -19.333333333333332,
    -19.0,
    -18.666666666666668,
    -18.333333333333332,
    -18.0,
    -17.666666666666668,
    -17.333333333333332,
    -17.0,
    -16.666666666666668,
    -16.333333333333332,
    -16.0,
    -15.666666666666668,
    -15.333333333333334,
    -15.0,
    -14.666666666666668,
    -14.333333333333334,
    -14.0,
    -13.666666666666668,
    -13.333333333333334,
    -13.0,
    -12.666666666666668,
    -12.333333333333334,
    -12.0,
    -11.666666666666668,
    -11.333333333333334,
    -11.0,
    -10.666666666666668,
    -10.333333333333334,
    -10.0,
    -9.666666666666668,
    -9.333333333333334,
    -9.0,
    -8.666666666666668,
    -8.333333333333334,
    -8.0,
    -7.666666666666668,
    -7.333333333333334,
    -7.0,
    -6.666666666666668,
    -6.333333333333334,
    -6.0,
    -5.666666666666668,
    -5.333333333333334,
    -5.0,
    -4.666666666666668,
    -4.333333333333334,
    -4.0,
    -3.666666666666668,
    -3.3333333333333357,
    -3.0,
    -2.666666666666668,
    -2.3333333333333357,
    -2.0,
    -1.6666666666666679,
    -1.3333333333333357,
    -1.0,
    -0.6666666666666679,
    -0.3333333333333357,
    0.0,
    0.33333333333333215,
    0.6666666666666643,
    1.0,
    1.3333333333333321,
    1.6666666666666643,
    2.0,
    2.333333333333332,
    2.6666666666666643,
    3.0,
    3.333333333333332,
    3.6666666666666643,
    4.0,
    4.333333333333332,
    4.666666666666664,
    5.0,
    5.333333333333332,
    5.666666666666664,
    6.0,
    6.333333333333332,
    6.666666666666664,
    7.0,
    7.333333333333332,
    7.666666666666664,
    8.0,
    8.333333333333332,
    8.666666666666664,
    9.0,
    9.333333333333332,
    9.666666666666664,
    10.0,
    10.333333333333332,
    10.666666666666664,
    11.0,
    11.333333333333332,
    11.666666666666664,
    12.0,
    12.333333333333329,
    12.666666666666664,
    13.0,
    13.333333333333329,
    13.666666666666664,
    14.0,
    14.333333333333329,
    14.666666666666664,
    15.0,
    15.333333333333329,
    15.666666666666664,
    16.0,
    16.33333333333333,
    16.666666666666664,
    17.0,
    17.33333333333333,
    17.666666666666664,
    18.0,
    18.33333333333333,
    18.666666666666664,
    19.0,
    19.33333333333333,
    19.666666666666664,
    20.0
  ],
  "conductance": [
    0.9838365120151061,
    0.985560384712805,
    0.9879209966734502,
    0.9909875616958378,
    0.9948135359778201,
    0.9994231585491887,
    1.0047953732949275,
    1.0108505199745303,
    1.0174444253796973,
    1.0243675317266376,
    1.0313419813680988,
    1.038021131512963,
    1.044015348776854,
    1.0489612503123251,
    1.0526105090953741,
    1.0548844428581947,
    1.0558623191555598,
    1.0557212527227022,
    1.0546712474443343,
    1.0529121277286024,
    1.050606616958913,
    1.047852990924209,
    1.0446582282804617,
    1.040931471510083,
    1.0365151665667114,
    1.0312513254460436,
    1.0250579939671964,
    1.017978985504777,
    1.0101810932650457,
    1.0019046307739228,
    0.9933972949953239,
    0.9848593449657954,
    0.9764125626181589,
    0.9680953425095702,
    0.959883359512392,
    0.9517297119894489,
    0.9436074770681155,
    0.9355336381226115,
    0.9275660946302999,
    0.9197835377659572,
    0.9122640341996713,
    0.9050716258328954,
    0.8982517972976891,
    0.8918326435203958,
    0.8858284310046062,
    0.880243494449738,
    0.8750755609625819,
    0.8703182719576921,
    0.8659629727180937,
    0.8619999298619201,
    0.8584191356516682,
    0.8552108270510936,
    0.8523658132594635,
    0.8498756770986912,
    0.8477328946175637,
    0.8459309025642628,
    0.8444641333829661,
    0.8433280307042753,
    0.8425190538531424,
    0.8420346769354267,
    0.8418733860678776,
    0.8420346769354267,
    0.8425190538531423,
    0.8433280307042753,
    0.8444641333829661,
    0.8459309025642628,
    0.847732894617564,
    0.8498756770986913,
    0.8523658132594633,
    0.8552108270510937,
    0.8584191356516683,
    0.8619999298619198,
    0.8659629727180937,
    0.8703182719576921,
    0.8750755609625817,
    0.8802434944497378,
    0.8858284310046062,
    0.8918326435203956,
    0.8982517972976889,
    0.9050716258328952,
    0.9122640341996712,
    0.9197835377659569,
    0.9275660946302999,
    0.9355336381226111,
    0.9436074770681154,
    0.9517297119894489,
    0.9598833595123919,
    0.9680953425095701,
    0.976412562618159,
    0.9848593449657953,
    0.9933972949953239,
    1.0019046307739228,
    1.0101810932650455,
    1.0179789855047767,
    1.0250579939671962,
    1.0312513254460434,
    1.0365151665667112,
    1.0409314715100826,
    1.044658228280461,
    1.0478529909242087,
    1.0506066169589128,
    1.052912127728602,
    1.054671247444334,
    1.055721252722702,
    1.0558623191555596,
    1.0548844428581947,
    1.0526105090953741,
    1.048961250312325,
    1.0440153487768538,
    1.0380211315129635,
    1.0313419813680988,
    1.0243675317266374,
    1.0174444253796973,
    1.0108505199745303,
    1.0047953732949275,
    0.9994231585491888,
    0.9948135359778201,
    0.9909875616958379,
    0.9879209966734501,
    0.985560384712805,
    0.9838365120151058
  ],