{
  "bias_mev": [
    -20.0,
    -19.666666666666668,
    -19.333333333333332,
    -19.0,
    -18.666666666666668,
    -18.333333333333332,
    -18.0,
    -17.666666666666668,
    -17.333333333333332,
    -17.0,
    -16.666666666666668,
    -16.333333333333332,
    -16.0,
    -15.666666666666668,
    -15.333333333333334,
    -15.0,
    -14.666666666666668,
    -14.333333333333334,
    -14.0,
    -13.666666666666668,
    -13.333333333333334,
    -13.0,
    -12.666666666666668,
    -12.333333333333334,
    -12.0,
    -11.666666666666668,
    -11.333333333333334,
    -11.0,
    -10.666666666666668,
    -10.333333333333334,
    -10.0,
    -9.666666666666668,
    -9.333333333333334,
    -9.0,
    -8.666666666666668,
    -8.333333333333334,
    -8.0,
    -7.666666666666668,
    -7.333333333333334,
    -7.0,
    -6.666666666666668,
    -6.333333333333334,
    -6.0,
    -5.666666666666668,
    -5.333333333333334,
    -5.0,
    -4.666666666666668,
    -4.333333333333334,
    -4.0,
    -3.666666666666668,
    -3.3333333333333357,
    -3.0,
    -2.666666666666668,
    -2.3333333333333357,
    -2.0,
    -1.6666666666666679,
    -1.3333333333333357,
    -1.0,
    -0.6666666666666679,
    -0.3333333333333357,
    0.0,
    0.33333333333333215,
    0.6666666666666643,
    1.0,
    1.3333333333333321,
    1.6666666666666643,
    2.0,
    2.333333333333332,
    2.6666666666666643,
    3.0,
    3.333333333333332,
    3.6666666666666643,
    4.0,
    4.333333333333332,
    4.666666666666664,
    5.0,
    5.333333333333332,
    5.666666666666664,
    6.0,
    6.333333333333332,
    6.666666666666664,
    7.0,
    7.333333333333332,
    7.666666666666664,
    8.0,
    8.333333333333332,
    8.666666666666664,
    9.0,
    9.333333333333332,
    9.666666666666664,
    10.0,
    10.333333333333332,
    10.666666666666664,
    11.0,
    11.333333333333332,
    11.666666666666664,
    12.0,
    12.333333333333329,
    12.666666666666664,
    13.0,
    13.333333333333329,
    13.666666666666664,
    14.0,
    14.333333333333329,
    14.666666666666664,
    15.0,
    15.333333333333329,
    15.666666666666664,
    16.0,
    16.33333333333333,
    16.666666666666664,
    17.0,
    17.33333333333333,
    17.666666666666664,
    18.0,
    18.33333333333333,
    18.666666666666664,
    19.0,
    19.33333333333333,
    19.666666666666664,
    20.0
  ],
  "conductance": [
    0.9818036862667251,
    0.984357393839297,
    0.9873420186224231,
    0.9908346130768918,
    0.9949197317636699,
    0.9996811142070263,
    1.005181642666183,
    1.0114365585067087,
    1.018407628042967,
    1.0260356130081083,
    1.0342437689555084,
    1.042835065224929,
    1.0513839104199703,
    1.0593296605160576,
    1.066253005480614,
    1.0720456045106204,
    1.0768482387260596,
    1.0808810268864972,
    1.084318602000622,
    1.0872889446434473,
    1.0899343988329253,
    1.0924113450977382,
    1.0948136762138763,
    1.097099703981389,
    1.0990817517077853,
    1.1004860533144436,
    1.1010821742134123,
    1.1008155052721913,
    1.09981376142608,
    1.0982883365386245,
    1.0964458929489918,
    1.0944492679753846,
    1.0924034653529697,
    1.0903442170932798,
    1.088236141563783,
    1.0860081435377926,
    1.0836170301664285,
    1.0810782305075268,
    1.078445269528615,
    1.0757782550064316,
    1.0731275896048431,
    1.0705308674716576,
    1.0680149103591374,
    1.0655986134604334,
    1.0632952835324259,
    1.0611143183173215,
    1.0590623665455,
    1.0571441256786596,
    1.0553628956406746,
    1.0537209686592832,
    1.05221990792651,
    1.0508607496867306,
    1.0496441516936033,
    1.0485705034554675,
    1.047640008789371,
    1.0468527479638008,
    1.0462087245295961,
    1.0457079004421894,
    1.0453502220293671,
    1.0451356386048447,
    1.045064114968839,
    1.045135638604846,
    1.0453502220293658,
    1.0457079004421894,
    1.0462087245295975,
    1.0468527479637995,
    1.047640008789371,
    1.048570503455469,
    1.049644151693602,
    1.0508607496867304,
    1.0522199079265115,
    1.0537209686592819,
    1.0553628956406742,
    1.0571441256786611,
    1.0590623665454992,
    1.061114318317321,
    1.0632952835324274,
    1.0655986134604327,
    1.0680149103591368,
    1.0705308674716592,
    1.0731275896048422,
    1.0757782550064312,
    1.0784452695286166,
    1.0810782305075264,
    1.083617030166428,
    1.086008143537794,
    1.088236141563782,
    1.0903442170932791,
    1.0924034653529713,
    1.094449267975384,
    1.096445892948991,
    1.0982883365386262,
    1.099813761426079,
    1.1008155052721906,
    1.1010821742134134,
    1.1004860533144425,
    1.0990817517077855,
    1.0970997039813906,
    1.094813676213874,
    1.0924113450977389,
    1.0899343988329269,
    1.087288944643445,
    1.0843186020006226,
    1.0808810268864986,
    1.0768482387260578,
    1.0720456045106208,
    1.0662530054806156,
    1.0593296605160558,
    1.0513839104199707,
    1.0428350652249303,
    1.0342437689555073,
    1.026035613008108,
    1.0184076280429684,
    1.0114365585067073,
    1.0051816426661828,
    0.9996811142070275,
    0.9949197317636685,
    0.9908346130768916,
    0.9873420186224242,
    0.9843573938392961,
    0.9818036862667245
  ],