{
  "bias_mev": [
    -20.0,
    -19.666666666666668,
    -19.333333333333332,
    -19.0,
    -18.666666666666668,
    -18.333333333333332,
    -18.0,
    -17.666666666666668,
    -17.333333333333332,
    -17.0,
    -16.666666666666668,
    -16.333333333333332,
    -16.0,
    -15.666666666666668,
    -15.333333333333334,
    -15.0,
    -14.666666666666668,
    -14.333333333333334,
    -14.0,
    -13.666666666666668,
    -13.333333333333334,
    -13.0,
    -12.666666666666668,
    -12.333333333333334,
    -12.0,
    -11.666666666666668,
    -11.333333333333334,
    -11.0,
    -10.666666666666668,
    -10.333333333333334,
    -10.0,
    -9.666666666666668,
    -9.333333333333334,
    -9.0,
    -8.666666666666668,
    -8.333333333333334,
    -8.0,
    -7.666666666666668,
    -7.333333333333334,
    -7.0,
    -6.666666666666668,
    -6.333333333333334,
    -6.0,
    -5.666666666666668,
    -5.333333333333334,
    -5.0,
    -4.666666666666668,
    -4.333333333333334,
    -4.0,
    -3.666666666666668,
    -3.3333333333333357,
    -3.0,
    -2.666666666666668,
    -2.3333333333333357,
    -2.0,
    -1.6666666666666679,
    -1.3333333333333357,
    -1.0,
    -0.6666666666666679,
    -0.3333333333333357,
    0.0,
    0.33333333333333215,
    0.6666666666666643,
    1.0,
    1.3333333333333321,
    1.6666666666666643,
    2.0,
    2.333333333333332,
    2.6666666666666643,
    3.0,
    3.333333333333332,
    3.6666666666666643,
    4.0,
    4.333333333333332,
    4.666666666666664,
    5.0,
    5.333333333333332,
    5.666666666666664,
    6.0,
    6.333333333333332,
    6.666666666666664,
    7.0,
    7.333333333333332,
    7.666666666666664,
    8.0,
    8.333333333333332,
    8.666666666666664,
    9.0,
    9.333333333333332,
    9.666666666666664,
    10.0,
    10.333333333333332,
    10.666666666666664,
    11.0,
    11.333333333333332,
    11.666666666666664,
    12.0,
    12.333333333333329,
    12.666666666666664,
    13.0,
    13.333333333333329,
    13.666666666666664,
    14.0,
    14.333333333333329,
    14.666666666666664,
    15.0,
    15.333333333333329,
    15.666666666666664,
    16.0,
    16.33333333333333,
    16.666666666666664,
    17.0,
    17.33333333333333,
    17.666666666666664,
    18.0,
    18.33333333333333,
    18.666666666666664,
    19.0,
    19.33333333333333,
    19.666666666666664,
    20.0
  ],
  "conductance": [
    0.9719571408349071,
    0.9741450767867347,
    0.9778333265187976,
    0.9831408578973505,
    0.9901601183427856,
    0.9988843250921182,
    1.0090957693439437,
    1.0202868297910985,
    1.0317445810654573,
    1.042751974326808,
    1.0525340541326305,
    1.059853224385149,
    1.0629497624809119,
    1.0603813283331418,
    1.0520363386031368,
    1.0391918753179399,
    1.0236645874523176,
    1.0069186449945604,
    0.98979024134848,
    0.9728036837486215,
    0.9564492958738713,
    0.9409935444253814,
    0.9261126825281731,
    0.9108360412423395,
    0.8938912124265734,
    0.8742637858482094,
    0.8517972392862073,
    0.827418158075468,
    0.8026522992675511,
    0.7788893456748986,
    0.7569873201406032,
    0.7372433165347405,
    0.7194823425626816,
    0.7031445132049937,
    0.6874578769732422,
    0.6717988507423406,
    0.6560391240887364,
    0.6405209939209162,
    0.6257240090165559,
    0.611992775465093,
    0.5994735428558391,
    0.5881682661224881,
    0.5780039955980298,
    0.568880159538956,
    0.5606933883316313,
    0.553348267707923,
    0.5467608694684242,
    0.5408590290850138,
    0.5355813537530975,
    0.5308758653053124,
    0.5266986562350554,
    0.5230126966910701,
    0.5197868265009123,
    0.5169949248673815,
    0.5146152364531716,
    0.5126298302047757,
    0.5110241693749894,
    0.5097867747171242,
    0.5089089664875294,
    0.5083846742535207,
    0.5082103064555916,
    0.5083846742535212,
    0.5089089664875291,
    0.5097867747171242,
    0.5110241693749897,
    0.5126298302047754,
    0.5146152364531716,
    0.5169949248673817,
    0.5197868265009119,
    0.5230126966910701,
    0.5266986562350556,
    0.530875865305312,
    0.5355813537530972,
    0.5408590290850143,
    0.546760869468424,
    0.5533482677079228,
    0.5606933883316317,
    0.5688801595389557,
    0.5780039955980297,
    0.5881682661224883,
    0.5994735428558388,
    0.6119927754650927,
    0.6257240090165561,
    0.6405209939209162,
    0.6560391240887362,
    0.671798850742341,
    0.6874578769732418,
    0.7031445132049935,
    0.7194823425626821,
    0.7372433165347402,
    0.756987320140603,
    0.778889345674899,
    0.8026522992675506,
    0.8274181580754677,
    0.8517972392862077,
    0.8742637858482091,
    0.8938912124265737,
    0.9108360412423399,
    0.9261126825281726,
    0.9409935444253817,
    0.9564492958738716,
    0.9728036837486206,
    0.9897902413484804,
    1.0069186449945609,
    1.0236645874523167,
    1.0391918753179399,
    1.0520363386031373,
    1.0603813283331411,
    1.0629497624809119,
    1.05985322438515,
    1.05253405413263,
    1.0427519743268083,
    1.0317445810654577,
    1.020286829791098,
    1.0090957693439437,
    0.9988843250921188,
    0.9901601183427853,
    0.983140857897351,
    0.9778333265187985,
    0.9741450767867347,
    0.9719571408349069
  ],