{
  "bias_mev": [
    -20.0,
    -19.666666666666668,
    -19.333333333333332,
    -19.0,
    -18.666666666666668,
    -18.333333333333332,
    -18.0,
    -17.666666666666668,
    -17.333333333333332,
    -17.0,
    -16.666666666666668,
    -16.333333333333332,
    -16.0,
    -15.666666666666668,
    -15.333333333333334,
    -15.0,
    -14.666666666666668,
    -14.333333333333334,
    -14.0,
    -13.666666666666668,
    -13.333333333333334,
    -13.0,
    -12.666666666666668,
    -12.333333333333334,
    -12.0,
    -11.666666666666668,
    -11.333333333333334,
    -11.0,
    -10.666666666666668,
    -10.333333333333334,
    -10.0,
    -9.666666666666668,
    -9.333333333333334,
    -9.0,
    -8.666666666666668,
    -8.333333333333334,
    -8.0,
    -7.666666666666668,
    -7.333333333333334,
    -7.0,
    -6.666666666666668,
    -6.333333333333334,
    -6.0,
    -5.666666666666668,
    -5.333333333333334,
    -5.0,
    -4.666666666666668,
    -4.333333333333334,
    -4.0,
    -3.666666666666668,
    -3.3333333333333357,
    -3.0,
    -2.666666666666668,
    -2.3333333333333357,
    -2.0,
    -1.6666666666666679,
    -1.3333333333333357,
    -1.0,
    -0.6666666666666679,
    -0.3333333333333357,
    0.0,
    0.33333333333333215,
    0.6666666666666643,
    1.0,
    1.3333333333333321,
    1.6666666666666643,
    2.0,
    2.333333333333332,
    2.6666666666666643,
    3.0,
    3.333333333333332,
    3.6666666666666643,
    4.0,
    4.333333333333332,
    4.666666666666664,
    5.0,
    5.333333333333332,
    5.666666666666664,
    6.0,
    6.333333333333332,
    6.666666666666664,
    7.0,
    7.333333333333332,
    7.666666666666664,
    8.0,
    8.333333333333332,
    8.666666666666664,
    9.0,
    9.333333333333332,
    9.666666666666664,
    10.0,
    10.333333333333332,
    10.666666666666664,
    11.0,
    11.333333333333332,
    11.666666666666664,
    12.0,
    12.333333333333329,
    12.666666666666664,
    13.0,
    13.333333333333329,
    13.666666666666664,
    14.0,
    14.333333333333329,
    14.666666666666664,
    15.0,
    15.333333333333329,
    15.666666666666664,
    16.0,
    16.33333333333333,
    16.666666666666664,
    17.0,
    17.33333333333333,
    17.666666666666664,
    18.0,
    18.33333333333333,
    18.666666666666664,
    19.0,
    19.33333333333333,
    19.666666666666664,
    20.0
  ],
  "conductance": [
    0.9803244464903818,
    0.9814470384238971,
    0.9838422853673959,
    0.9875686080208329,
    0.9926440784729536,
    0.9990024974690455,
    1.0064426398153992,
    1.0146063525080609,
    1.0230147256050612,
    1.0311073278269736,
    1.0381650018821642,
    1.0431535562542305,
    1.0447812505640464,
    1.041965231362401,
    1.034405267101275,
    1.0227339493166299,
    1.0081373980850188,
    0.99181871512851,
    0.9746914995032934,
    0.9573812944057227,
    0.9403193906042662,
    0.9237159008864213,
    0.9074441998197503,
    0.8910168688631781,
    0.8737559073542768,
    0.8551138429161007,
    0.8349938267015464,
    0.8138523658235397,
    0.7924895379557583,
    0.7717053818733102,
    0.7520625076108858,
    0.7338169220700169,
    0.7169489855021034,
    0.7012381690742501,
    0.6863792822276327,
    0.6721313215836484,
    0.6584231773417762,
    0.6453399480054696,
    0.6330232768468703,
    0.6215824782987147,
    0.6110625435935814,
    0.6014531664329708,
    0.5927101916415309,
    0.5847740033698741,
    0.5775812188444566,
    0.5710709126200866,
    0.5651874083013703,
    0.5598811920432166,
    0.5551088978833436,
    0.5508328859336336,
    0.5470206800102,
    0.543644392843352,
    0.5406801954290875,
    0.5381078515192165,
    0.5359103213772174,
    0.5340734315238497,
    0.5325856044775568,
    0.5314376420221286,
    0.5306225560842996,
    0.5301354422760137,
    0.5299733922665112,
    0.5301354422760142,
    0.5306225560842993,
    0.5314376420221286,
    0.5325856044775571,
    0.5340734315238491,
    0.5359103213772176,
    0.5381078515192168,
    0.5406801954290871,
    0.5436443928433522,
    0.5470206800102003,
    0.5508328859336331,
    0.5551088978833435,
    0.5598811920432172,
    0.5651874083013699,
    0.5710709126200864,
    0.577581218844457,
    0.5847740033698738,
    0.5927101916415309,
    0.6014531664329712,
    0.611062543593581,
    0.6215824782987145,
    0.6330232768468707,
    0.6453399480054691,
    0.6584231773417761,
    0.6721313215836489,
    0.6863792822276322,
    0.7012381690742499,
    0.7169489855021038,
    0.7338169220700166,
    0.7520625076108857,
    0.7717053818733107,
    0.7924895379557579,
    0.8138523658235398,
    0.8349938267015472,
    0.8551138429161004,
    0.873755907354277,
    0.8910168688631783,
    0.9074441998197493,
    0.9237159008864215,
    0.9403193906042666,
    0.9573812944057216,
    0.9746914995032938,
    0.9918187151285106,
    1.008137398085018,
    1.0227339493166303,
    1.0344052671012756,
    1.0419652313623997,
    1.0447812505640464,
    1.0431535562542311,
    1.0381650018821635,
    1.0311073278269736,
    1.0230147256050617,
    1.0146063525080604,
    1.0064426398153992,
    0.999002497469046,
    0.992644078472953,
    0.9875686080208328,
    0.9838422853673964,
    0.9814470384238968,
    0.9803244464903813
  ],