{
  "bias_mev": [
    -20.0,
    -19.666666666666668,
    -19.333333333333332,
    -19.0,
    -18.666666666666668,
    -18.333333333333332,
    -18.0,
    -17.666666666666668,
    -17.333333333333332,
    -17.0,
    -16.666666666666668,
    -16.333333333333332,
    -16.0,
    -15.666666666666668,
    -15.333333333333334,
    -15.0,
    -14.666666666666668,
    -14.333333333333334,
    -14.0,
    -13.666666666666668,
    -13.333333333333334,
    -13.0,
    -12.666666666666668,
    -12.333333333333334,
    -12.0,
    -11.666666666666668,
    -11.333333333333334,
    -11.0,
    -10.666666666666668,
    -10.333333333333334,
    -10.0,
    -9.666666666666668,
    -9.333333333333334,
    -9.0,
    -8.666666666666668,
    -8.333333333333334,
    -8.0,
    -7.666666666666668,
    -7.333333333333334,
    -7.0,
    -6.666666666666668,
    -6.333333333333334,
    -6.0,
    -5.666666666666668,
    -5.333333333333334,
    -5.0,
    -4.666666666666668,
    -4.333333333333334,
    -4.0,
    -3.666666666666668,
    -3.3333333333333357,
    -3.0,
    -2.666666666666668,
    -2.3333333333333357,
    -2.0,
    -1.6666666666666679,
    -1.3333333333333357,
    -1.0,
    -0.6666666666666679,
    -0.3333333333333357,
    0.0,
    0.33333333333333215,
    0.6666666666666643,
    1.0,
    1.3333333333333321,
    1.6666666666666643,
    2.0,
    2.333333333333332,
    2.6666666666666643,
    3.0,
    3.333333333333332,
    3.6666666666666643,
    4.0,
    4.333333333333332,
    4.666666666666664,
    5.0,
    5.333333333333332,
    5.666666666666664,
    6.0,
    6.333333333333332,
    6.666666666666664,
    7.0,
    7.333333333333332,
    7.666666666666664,
    8.0,
    8.333333333333332,
    8.666666666666664,
    9.0,
    9.333333333333332,
    9.666666666666664,
    10.0,
    10.333333333333332,
    10.666666666666664,
    11.0,
    11.333333333333332,
    11.666666666666664,
    12.0,
    12.333333333333329,
    12.666666666666664,
    13.0,
    13.333333333333329,
    13.666666666666664,
    14.0,
    14.333333333333329,
    14.666666666666664,
    15.0,
    15.333333333333329,
    15.666666666666664,
    16.0,
    16.33333333333333,
    16.666666666666664,
    17.0,
    17.33333333333333,
    17.666666666666664,
    18.0,
    18.33333333333333,
    18.666666666666664,
    19.0,
    19.33333333333333,
    19.666666666666664,
    20.0
  ],
  "conductance": [
    0.9774969571290777,
    0.9792137905157632,
    0.9821862567834853,
    0.9864923280747343,
    0.9921751261277254,
    0.9991951585881608,
    1.0073645598161418,
    1.016299515178125,
    1.0254428237005402,
    1.0341334840862477,
    1.0415936319237287,
    1.0468275112662915,
    1.0487115730099628,
    1.0464422823815531,
    1.0399910061854578,
    1.0301039422927103,
    1.0178744762230392,
    1.0042791472262609,
    0.98999494216328,
    0.9754921728195919,
    0.9611296258416927,
    0.9470649543449164,
    0.9330960583188004,
    0.9186504052934319,
    0.9029838120190365,
    0.8855082447226236,
    0.8661253654834844,
    0.8453551908737467,
    0.8241155096264097,
    0.8033319386423537,
    0.7836628834806431,
    0.7654140127770375,
    0.7485584507824542,
    0.7328001411101329,
    0.7177000894748033,
    0.7028856961086434,
    0.688241090311652,
    0.6739213837877586,
    0.6602013053168889,
    0.647317785354813,
    0.6354038831604186,
    0.6244969286465588,
    0.6145720089909066,
    0.6055723677949869,
    0.5974293190918223,
    0.590073234860157,
    0.5834388347318087,
    0.5774673035375956,
    0.5721067941284981,
    0.5673121770857449,
    0.5630444847846674,
    0.5592702709572754,
    0.5559609888433031,
    0.5530924313868228,
    0.5506442477895408,
    0.5485995371836433,
    0.5469445144913804,
    0.5456682417178652,
    0.5447624179551023,
    0.5442212222442089,
    0.5440412046526896,
    0.5442212222442094,
    0.5447624179551017,
    0.5456682417178652,
    0.5469445144913808,
    0.5485995371836428,
    0.5506442477895408,
    0.5530924313868233,
    0.5559609888433027,
    0.5592702709572754,
    0.5630444847846677,
    0.5673121770857443,
    0.572106794128498,
    0.577467303537596,
    0.5834388347318085,
    0.5900732348601568,
    0.5974293190918228,
    0.6055723677949867,
    0.6145720089909064,
    0.6244969286465591,
    0.6354038831604182,
    0.6473177853548128,
    0.6602013053168894,
    0.6739213837877582,
    0.6882410903116518,
    0.7028856961086439,
    0.7177000894748029,
    0.7328001411101327,
    0.7485584507824548,
    0.7654140127770369,
    0.7836628834806428,
    0.8033319386423542,
    0.8241155096264091,
    0.8453551908737464,
    0.8661253654834847,
    0.8855082447226228,
    0.9029838120190368,
    0.9186504052934322,
    0.9330960583187992,
    0.9470649543449167,
    0.9611296258416934,
    0.9754921728195903,
    0.9899949421632801,
    1.0042791472262615,
    1.017874476223038,
    1.0301039422927107,
    1.0399910061854585,
    1.046442282381552,
    1.0487115730099628,
    1.046827511266292,
    1.0415936319237278,
    1.0341334840862475,
    1.025442823700541,
    1.0162995151781244,
    1.0073645598161416,
    0.9991951585881618,
    0.9921751261277247,
    0.9864923280747343,
    0.9821862567834861,
    0.9792137905157626,
    0.9774969571290771
  ],