{
  "bias_mev": [
    -20.0,
    -19.666666666666668,
    -19.333333333333332,
    -19.0,
    -18.666666666666668,
    -18.333333333333332,
    -18.0,
    -17.666666666666668,
    -17.333333333333332,
    -17.0,
    -16.666666666666668,
    -16.333333333333332,
    -16.0,
    -15.666666666666668,
    -15.333333333333334,
    -15.0,
    -14.666666666666668,
    -14.333333333333334,
    -14.0,
    -13.666666666666668,
    -13.333333333333334,
    -13.0,
    -12.666666666666668,
    -12.333333333333334,
    -12.0,
    -11.666666666666668,
    -11.333333333333334,
    -11.0,
    -10.666666666666668,
    -10.333333333333334,
    -10.0,
    -9.666666666666668,
    -9.333333333333334,
    -9.0,
    -8.666666666666668,
    -8.333333333333334,
    -8.0,
    -7.666666666666668,
    -7.333333333333334,
    -7.0,
    -6.666666666666668,
    -6.333333333333334,
    -6.0,
    -5.666666666666668,
    -5.333333333333334,
    -5.0,
    -4.666666666666668,
    -4.333333333333334,
    -4.0,
    -3.666666666666668,
    -3.3333333333333357,
    -3.0,
    -2.666666666666668,
    -2.3333333333333357,
    -2.0,
    -1.6666666666666679,
    -1.3333333333333357,
    -1.0,
    -0.6666666666666679,
    -0.3333333333333357,
    0.0,
    0.33333333333333215,
    0.6666666666666643,
    1.0,
    1.3333333333333321,
    1.6666666666666643,
    2.0,
    2.333333333333332,
    2.6666666666666643,
    3.0,
    3.333333333333332,
    3.6666666666666643,
    4.0,
    4.333333333333332,
    4.666666666666664,
    5.0,
    5.333333333333332,
    5.666666666666664,
    6.0,
    6.333333333333332,
    6.666666666666664,
    7.0,
    7.333333333333332,
    7.666666666666664,
    8.0,
    8.333333333333332,
    8.666666666666664,
    9.0,
    9.333333333333332,
    9.666666666666664,
    10.0,
    10.333333333333332,
    10.666666666666664,
    11.0,
    11.333333333333332,
    11.666666666666664,
    12.0,
    12.333333333333329,
    12.666666666666664,
    13.0,
    13.333333333333329,
    13.666666666666664,
    14.0,
    14.333333333333329,
    14.666666666666664,
    15.0,
    15.333333333333329,
    15.666666666666664,
    16.0,
    16.33333333333333,
    16.666666666666664,
    17.0,
    17.33333333333333,
    17.666666666666664,
    18.0,
    18.33333333333333,
    18.666666666666664,
    19.0,
    19.33333333333333,
    19.666666666666664,
    20.0
  ],
  "conductance": [
    0.9790244534436824,
    0.9802946378729416,
    0.9826098575479494,
    0.9861286333405616,
    0.9910446606975112,
    0.9975604418794127,
    1.0057691680908851,
    1.0154013871309573,
    1.0257570600831378,
    1.0364096999129593,
    1.04770052389775,
    1.0596867001719192,
    1.070746439338419,
    1.0780056606415915,
    1.0799582988735235,
    1.0773708821472074,
    1.072087014630934,
    1.0656405318004305,
    1.0584899013926412,
    1.0506179585240223,
    1.04258330162554,
    1.0352938693566711,
    1.0290808728291152,
    1.023229938427126,
    1.0163211176863265,
    1.0067089037061152,
    0.9934192153916809,
    0.9772582591362818,
    0.959938003081122,
    0.9428474261741139,
    0.9267928286168975,
    0.9121717512175805,
    0.8990876993274167,
    0.8872551071327323,
    0.875836279203571,
    0.8638567283412913,
    0.8511437055584835,
    0.8382528028263083,
    0.8257610864906307,
    0.8139920983478731,
    0.8030693237960206,
    0.7930105209815714,
    0.7837861291174404,
    0.7753484015814835,
    0.7676449382698881,
    0.7606247094154833,
    0.7542405496047221,
    0.7484500038599875,
    0.743215417429565,
    0.7385036959651563,
    0.7342859412622907,
    0.7305370603616077,
    0.7272353930643302,
    0.7243623768883903,
    0.7219022557685396,
    0.7198418327897496,
    0.7181702646321696,
    0.7168788945150407,
    0.7159611203922412,
    0.7154122955294961,
    0.715229659156909,
    0.7154122955294971,
    0.7159611203922404,
    0.7168788945150407,
    0.7181702646321705,
    0.7198418327897486,
    0.7219022557685394,
    0.7243623768883913,
    0.7272353930643292,
    0.7305370603616077,
    0.7342859412622916,
    0.7385036959651555,
    0.7432154174295647,
    0.7484500038599883,
    0.7542405496047215,
    0.7606247094154829,
    0.7676449382698891,
    0.7753484015814831,
    0.7837861291174398,
    0.7930105209815721,
    0.8030693237960198,
    0.8139920983478726,
    0.8257610864906318,
    0.8382528028263077,
    0.8511437055584832,
    0.8638567283412926,
    0.8758362792035703,
    0.8872551071327317,
    0.8990876993274177,
    0.9121717512175797,
    0.9267928286168972,
    0.9428474261741151,
    0.9599380030811211,
    0.9772582591362814,
    0.9934192153916822,
    1.006708903706114,
    1.016321117686327,
    1.0232299384271275,
    1.029080872829113,
    1.0352938693566716,
    1.0425833016255412,
    1.0506179585240203,
    1.0584899013926417,
    1.0656405318004318,
    1.0720870146309323,
    1.077370882147208,
    1.0799582988735252,
    1.0780056606415898,
    1.0707464393384194,
    1.0596867001719203,
    1.0477005238977486,
    1.036409699912959,
    1.0257570600831392,
    1.0154013871309557,
    1.0057691680908851,
    0.9975604418794142,
    0.99104466069751,
    0.9861286333405616,
    0.9826098575479504,
    0.9802946378729407,
    0.979024453443682
  ],