{
  "bias_mev": [
    -20.0,
    -19.666666666666668,
    -19.333333333333332,
    -19.0,
    -18.666666666666668,
    -18.333333333333332,
    -18.0,
    -17.666666666666668,
    -17.333333333333332,
    -17.0,
    -16.666666666666668,
    -16.333333333333332,
    -16.0,
    -15.666666666666668,
    -15.333333333333334,
    -15.0,
    -14.666666666666668,
    -14.333333333333334,
    -14.0,
    -13.666666666666668,
    -13.333333333333334,
    -13.0,
    -12.666666666666668,
    -12.333333333333334,
    -12.0,
    -11.666666666666668,
    -11.333333333333334,
    -11.0,
    -10.666666666666668,
    -10.333333333333334,
    -10.0,
    -9.666666666666668,
    -9.333333333333334,
    -9.0,
    -8.666666666666668,
    -8.333333333333334,
    -8.0,
    -7.666666666666668,
    -7.333333333333334,
    -7.0,
    -6.666666666666668,
    -6.333333333333334,
    -6.0,
    -5.666666666666668,
    -5.333333333333334,
    -5.0,
    -4.666666666666668,
    -4.333333333333334,
    -4.0,
    -3.666666666666668,
    -3.3333333333333357,
    -3.0,
    -2.666666666666668,
    -2.3333333333333357,
    -2.0,
    -1.6666666666666679,
    -1.3333333333333357,
    -1.0,
    -0.6666666666666679,
    -0.3333333333333357,
    0.0,
    0.33333333333333215,
    0.6666666666666643,
    1.0,
    1.3333333333333321,
    1.6666666666666643,
    2.0,
    2.333333333333332,
    2.6666666666666643,
    3.0,
    3.333333333333332,
    3.6666666666666643,
    4.0,
    4.333333333333332,
    4.666666666666664,
    5.0,
    5.333333333333332,
    5.666666666666664,
    6.0,
    6.333333333333332,
    6.666666666666664,
    7.0,
    7.333333333333332,
    7.666666666666664,
    8.0,
    8.333333333333332,
    8.666666666666664,
    9.0,
    9.333333333333332,
    9.666666666666664,
    10.0,
    10.333333333333332,
    10.666666666666664,
    11.0,
    11.333333333333332,
    11.666666666666664,
    12.0,
    12.333333333333329,
    12.666666666666664,
    13.0,
    13.333333333333329,
    13.666666666666664,
    14.0,
    14.333333333333329,
    14.666666666666664,
    15.0,
    15.333333333333329,
    15.666666666666664,
    16.0,
    16.33333333333333,
    16.666666666666664,
    17.0,
    17.33333333333333,
    17.666666666666664,
    18.0,
    18.33333333333333,
    18.666666666666664,
    19.0,
    19.33333333333333,
    19.666666666666664,
    20.0
  ],
  "conductance": [
    0.9713430272571814,
    0.974253153834781,
    0.9782770659369433,
    0.9835412735832445,
    0.9901863407961589,
    0.9983425657990682,
    1.0080630879740755,
    1.0192420061894858,
    1.0316458301204103,
    1.0451056485086514,
    1.0594423482980049,
    1.073782228747782,
    1.08595895670105,
    1.0932874109483528,
    1.0944706802835666,
    1.090264290769969,
    1.082479331713362,
    1.07277643203403,
    1.062077539722271,
    1.050804618352382,
    1.0394019355453523,
    1.0283486021762318,
    1.0177307360643015,
    1.0069556064820517,
    0.9949370339158451,
    0.9806056012060991,
    0.963557131054034,
    0.9444014199514598,
    0.9243041626537812,
    0.9043420238366022,
    0.8852620498589897,
    0.8674940518785911,
    0.8511285874320513,
    0.8358209141678786,
    0.8208567968135383,
    0.8056169664631557,
    0.7900815042482885,
    0.77471616349503,
    0.760017915532704,
    0.7462847145081215,
    0.7336275835292144,
    0.7220469888122312,
    0.7114915793000527,
    0.7018908814450147,
    0.693171164803978,
    0.685262446179219,
    0.6781011876474495,
    0.6716309937211558,
    0.6658024249360924,
    0.6605724596888894,
    0.6559038532228203,
    0.6517645064025949,
    0.6481268914428883,
    0.6449675506361245,
    0.6422666697954136,
    0.6400077220223304,
    0.6381771753037085,
    0.6367642572403276,
    0.6357607708729992,
    0.6351609565886093,
    0.6349613962193356,
    0.63516095658861,
    0.6357607708729985,
    0.6367642572403277,
    0.6381771753037093,
    0.6400077220223295,
    0.6422666697954138,
    0.6449675506361254,
    0.6481268914428874,
    0.651764506402595,
    0.6559038532228211,
    0.6605724596888887,
    0.6658024249360921,
    0.6716309937211566,
    0.678101187647449,
    0.6852624461792187,
    0.6931711648039788,
    0.7018908814450142,
    0.7114915793000525,
    0.722046988812232,
    0.733627583529214,
    0.7462847145081212,
    0.7600179155327049,
    0.7747161634950294,
    0.7900815042482883,
    0.8056169664631566,
    0.8208567968135376,
    0.8358209141678784,
    0.8511285874320527,
    0.8674940518785903,
    0.8852620498589894,
    0.9043420238366032,
    0.9243041626537806,
    0.9444014199514592,
    0.963557131054035,
    0.980605601206098,
    0.9949370339158453,
    1.0069556064820526,
    1.0177307360642995,
    1.0283486021762323,
    1.0394019355453534,
    1.05080461835238,
    1.062077539722272,
    1.072776432034031,
    1.08247933171336,
    1.0902642907699696,
    1.0944706802835682,
    1.093287410948351,
    1.08595895670105,
    1.0737822287477836,
    1.0594423482980038,
    1.0451056485086514,
    1.0316458301204117,
    1.0192420061894847,
    1.0080630879740753,
    0.9983425657990695,
    0.9901863407961579,
    0.9835412735832445,
    0.9782770659369445,
    0.9742531538347803,
    0.9713430272571809
  ],