{
  "bias_mev": [
    -20.0,
    -19.666666666666668,
    -19.333333333333332,
    -19.0,
    -18.666666666666668,
    -18.333333333333332,
    -18.0,
    -17.666666666666668,
    -17.333333333333332,
    -17.0,
    -16.666666666666668,
    -16.333333333333332,
    -16.0,
    -15.666666666666668,
    -15.333333333333334,
    -15.0,
    -14.666666666666668,
    -14.333333333333334,
    -14.0,
    -13.666666666666668,
    -13.333333333333334,
    -13.0,
    -12.666666666666668,
    -12.333333333333334,
    -12.0,
    -11.666666666666668,
    -11.333333333333334,
    -11.0,
    -10.666666666666668,
    -10.333333333333334,
    -10.0,
    -9.666666666666668,
    -9.333333333333334,
    -9.0,
    -8.666666666666668,
    -8.333333333333334,
    -8.0,
    -7.666666666666668,
    -7.333333333333334,
    -7.0,
    -6.666666666666668,
    -6.333333333333334,
    -6.0,
    -5.666666666666668,
    -5.333333333333334,
    -5.0,
    -4.666666666666668,
    -4.333333333333334,
    -4.0,
    -3.666666666666668,
    -3.3333333333333357,
    -3.0,
    -2.666666666666668,
    -2.3333333333333357,
    -2.0,
    -1.6666666666666679,
    -1.3333333333333357,
    -1.0,
    -0.6666666666666679,
    -0.3333333333333357,
    0.0,
    0.33333333333333215,
    0.6666666666666643,
    1.0,
    1.3333333333333321,
    1.6666666666666643,
    2.0,
    2.333333333333332,
    2.6666666666666643,
    3.0,
    3.333333333333332,
    3.6666666666666643,
    4.0,
    4.333333333333332,
    4.666666666666664,
    5.0,
    5.333333333333332,
    5.666666666666664,
    6.0,
    6.333333333333332,
    6.666666666666664,
    7.0,
    7.333333333333332,
    7.666666666666664,
    8.0,
    8.333333333333332,
    8.666666666666664,
    9.0,
    9.333333333333332,
    9.666666666666664,
    10.0,
    10.333333333333332,
    10.666666666666664,
    11.0,
    11.333333333333332,
    11.666666666666664,
    12.0,
    12.333333333333329,
    12.666666666666664,
    13.0,
    13.333333333333329,
    13.666666666666664,
    14.0,
    14.333333333333329,
    14.666666666666664,
    15.0,
    15.333333333333329,
    15.666666666666664,
    16.0,
    16.33333333333333,
    16.666666666666664,
    17.0,
    17.33333333333333,
    17.666666666666664,
    18.0,
    18.33333333333333,
    18.666666666666664,
    19.0,
    19.33333333333333,
    19.666666666666664,
    20.0
  ],
  "conductance": [
    0.972268778473181,
    0.9763222369722233,
    0.9809392276493779,
    0.9862338689493616,
    0.9923466331808803,
    0.9994438929323707,
    1.0076931812495127,
    1.0171915331577894,
    1.027890306660287,
    1.0396703407750159,
    1.0524495242320844,
    1.0658789506688289,
    1.078988621175257,
    1.0906582364603656,
    1.100422255701352,
    1.1085078287835517,
    1.1154455408044346,
    1.121654526694372,
    1.127262990499017,
    1.1323347446365162,
    1.137126380822298,
    1.1419769730954357,
    1.147033234466781,
    1.1521276840395693,
    1.1568753315104499,
    1.1607201088069783,
    1.16312062424276,
    1.163980476092545,
    1.1636388027769016,
    1.1625411726798252,
    1.1610614711047533,
    1.1594865383895985,
    1.1580255078437502,
    1.1567636635658793,
    1.155566409484834,
    1.1540948142976784,
    1.152084799151366,
    1.149550401558207,
    1.146663989352152,
    1.1435984905847878,
    1.1404772759127828,
    1.137380136443098,
    1.1343580276276661,
    1.1314439753931496,
    1.1286598055562842,
    1.1260201759104027,
    1.1235350315185877,
    1.1212111442805457,
    1.119053108729079,
    1.1170640049761098,
    1.1152458514831922,
    1.113599921179101,
    1.1121269663213391,
    1.110827380920679,
    1.1097013194862897,
    1.1087487845690926,
    1.1079696915558885,
    1.1073639165193039,
    1.1069313311411415,
    1.1066718274851348,
    1.1065853345027143,
    1.1066718274851362,
    1.10693133114114,
    1.1073639165193037,
    1.1079696915558899,
    1.1087487845690913,
    1.1097013194862897,
    1.1108273809206806,
    1.1121269663213376,
    1.113599921179101,
    1.1152458514831936,
    1.117064004976109,
    1.1190531087290787,
    1.1212111442805472,
    1.123535031518587,
    1.126020175910402,
    1.1286598055562858,
    1.1314439753931487,
    1.134358027627666,
    1.1373801364430998,
    1.140477275912782,
    1.1435984905847871,
    1.1466639893521537,
    1.1495504015582063,
    1.1520847991513654,
    1.1540948142976797,
    1.1555664094848332,
    1.156763663565879,
    1.1580255078437518,
    1.1594865383895978,
    1.1610614711047529,
    1.1625411726798267,
    1.1636388027769007,
    1.163980476092544,
    1.1631206242427616,
    1.1607201088069772,
    1.15687533151045,
    1.1521276840395709,
    1.147033234466779,
    1.1419769730954363,
    1.1371263808222993,
    1.132334744636514,
    1.127262990499018,
    1.1216545266943736,
    1.1154455408044324,
    1.1085078287835526,
    1.1004222557013537,
    1.0906582364603639,
    1.0789886211752573,
    1.0658789506688304,
    1.0524495242320828,
    1.0396703407750154,
    1.0278903066602882,
    1.017191533157788,
    1.0076931812495127,
    0.9994438929323721,
    0.9923466331808793,
    0.9862338689493614,
    0.9809392276493794,
    0.9763222369722224,
    0.9722687784731804
  ],