{
  "bias_mev": [
    -20.0,
    -19.666666666666668,
    -19.333333333333332,
    -19.0,
    -18.666666666666668,
    -18.333333333333332,
    -18.0,
    -17.666666666666668,
    -17.333333333333332,
    -17.0,
    -16.666666666666668,
    -16.333333333333332,
    -16.0,
    -15.666666666666668,
    -15.333333333333334,
    -15.0,
    -14.666666666666668,
    -14.333333333333334,
    -14.0,
    -13.666666666666668,
    -13.333333333333334,
    -13.0,
    -12.666666666666668,
    -12.333333333333334,
    -12.0,
    -11.666666666666668,
    -11.333333333333334,
    -11.0,
    -10.666666666666668,
    -10.333333333333334,
    -10.0,
    -9.666666666666668,
    -9.333333333333334,
    -9.0,
    -8.666666666666668,
    -8.333333333333334,
    -8.0,
    -7.666666666666668,
    -7.333333333333334,
    -7.0,
    -6.666666666666668,
    -6.333333333333334,
    -6.0,
    -5.666666666666668,
    -5.333333333333334,
    -5.0,
    -4.666666666666668,
    -4.333333333333334,
    -4.0,
    -3.666666666666668,
    -3.3333333333333357,
    -3.0,
    -2.666666666666668,
    -2.3333333333333357,
    -2.0,
    -1.6666666666666679,
    -1.3333333333333357,
    -1.0,
    -0.6666666666666679,
    -0.3333333333333357,
    0.0,
    0.33333333333333215,
    0.6666666666666643,
    1.0,
    1.3333333333333321,
    1.6666666666666643,
    2.0,
    2.333333333333332,
    2.6666666666666643,
    3.0,
    3.333333333333332,
    3.6666666666666643,
    4.0,
    4.333333333333332,
    4.666666666666664,
    5.0,
    5.333333333333332,
    5.666666666666664,
    6.0,
    6.333333333333332,
    6.666666666666664,
    7.0,
    7.333333333333332,
    7.666666666666664,
    8.0,
    8.333333333333332,
    8.666666666666664,
    9.0,
    9.333333333333332,
    9.666666666666664,
    10.0,
    10.333333333333332,
    10.666666666666664,
    11.0,
    11.333333333333332,
    11.666666666666664,
    12.0,
    12.333333333333329,
    12.666666666666664,
    13.0,
    13.333333333333329,
    13.666666666666664,
    14.0,
    14.333333333333329,
    14.666666666666664,
    15.0,
    15.333333333333329,
    15.666666666666664,
    16.0,
    16.33333333333333,
    16.666666666666664,
    17.0,
    17.33333333333333,
    17.666666666666664,
    18.0,
    18.33333333333333,
    18.666666666666664,
    19.0,
    19.33333333333333,
    19.666666666666664,
    20.0
  ],
  "conductance": [
    0.9809055010130834,
    0.9834837910966121,
    0.9865096681290615,
    0.9900736503268462,
    0.994286271008441,
    0.9992769310302825,
    1.0051729547365593,
    1.0120399727286329,
    1.0198226636967753,
    1.0284285962337052,
    1.037879777847337,
    1.0481167932920534,
    1.0585620622892906,
    1.0681736920091511,
    1.0762026977309755,
    1.082585900858898,
    1.0877072082694266,
    1.0920250029752745,
    1.0957856459636484,
    1.0990478793786698,
    1.1019468037195665,
    1.1047663089578386,
    1.1077517490703652,
    1.1109186450860806,
    1.114010219196535,
    1.116554698554186,
    1.1180274421253484,
    1.1182377339492835,
    1.117416642599025,
    1.115936986488942,
    1.1141170410807668,
    1.1121863994695718,
    1.1102994182966204,
    1.1085243746903066,
    1.10679916330657,
    1.1049439928234719,
    1.102820349823676,
    1.1004423357659086,
    1.0979084381628033,
    1.095315518724119,
    1.0927324428112628,
    1.0902038299796248,
    1.0877582683905926,
    1.085414338930066,
    1.0831843352429014,
    1.0810765021703996,
    1.0790964069613556,
    1.0772478050120327,
    1.075533203974935,
    1.0739542421752013,
    1.07251194903513,
    1.0712069282696541,
    1.0700394891504736,
    1.0690097419858542,
    1.068117668385084,
    1.0673631733783924,
    1.0667461242094556,
    1.0662663791269638,
    1.0659238084893239,
    1.0657183097889034,
    1.0656498176901696,
    1.0657183097889047,
    1.0659238084893223,
    1.0662663791269635,
    1.066746124209457,
    1.0673631733783913,
    1.0681176683850844,
    1.0690097419858557,
    1.070039489150472,
    1.0712069282696544,
    1.0725119490351314,
    1.0739542421752002,
    1.0755332039749343,
    1.0772478050120342,
    1.079096406961355,
    1.081076502170399,
    1.083184335242903,
    1.0854143389300652,
    1.0877582683905918,
    1.0902038299796264,
    1.0927324428112621,
    1.0953155187241184,
    1.0979084381628048,
    1.1004423357659079,
    1.1028203498236753,
    1.1049439928234734,
    1.1067991633065692,
    1.1085243746903057,
    1.1102994182966217,
    1.112186399469571,
    1.114117041080766,
    1.1159369864889435,
    1.1174166425990244,
    1.1182377339492828,
    1.11802744212535,
    1.1165546985541852,
    1.1140102191965353,
    1.110918645086082,
    1.1077517490703632,
    1.1047663089578394,
    1.1019468037195683,
    1.0990478793786675,
    1.095785645963649,
    1.0920250029752758,
    1.0877072082694244,
    1.0825859008588987,
    1.0762026977309773,
    1.0681736920091494,
    1.0585620622892908,
    1.0481167932920548,
    1.0378797778473356,
    1.028428596233705,
    1.0198226636967767,
    1.0120399727286318,
    1.0051729547365595,
    0.9992769310302839,
    0.99428627100844,
    0.9900736503268462,
    0.9865096681290629,
    0.9834837910966114,
    0.9809055010130832
  ],