{
  "bias_mev": [
    -20.0,
    -19.666666666666668,
    -19.333333333333332,
    -19.0,
    -18.666666666666668,
    -18.333333333333332,
    -18.0,
    -17.666666666666668,
    -17.333333333333332,
    -17.0,
    -16.666666666666668,
    -16.333333333333332,
    -16.0,
    -15.666666666666668,
    -15.333333333333334,
    -15.0,
    -14.666666666666668,
    -14.333333333333334,
    -14.0,
    -13.666666666666668,
    -13.333333333333334,
    -13.0,
    -12.666666666666668,
    -12.333333333333334,
    -12.0,
    -11.666666666666668,
    -11.333333333333334,
    -11.0,
    -10.666666666666668,
    -10.333333333333334,
    -10.0,
    -9.666666666666668,
    -9.333333333333334,
    -9.0,
    -8.666666666666668,
    -8.333333333333334,
    -8.0,
    -7.666666666666668,
    -7.333333333333334,
    -7.0,
    -6.666666666666668,
    -6.333333333333334,
    -6.0,
    -5.666666666666668,
    -5.333333333333334,
    -5.0,
    -4.666666666666668,
    -4.333333333333334,
    -4.0,
    -3.666666666666668,
    -3.3333333333333357,
    -3.0,
    -2.666666666666668,
    -2.3333333333333357,
    -2.0,
    -1.6666666666666679,
    -1.3333333333333357,
    -1.0,
    -0.6666666666666679,
    -0.3333333333333357,
    0.0,
    0.33333333333333215,
    0.6666666666666643,
    1.0,
    1.3333333333333321,
    1.6666666666666643,
    2.0,
    2.333333333333332,
    2.6666666666666643,
    3.0,
    3.333333333333332,
    3.6666666666666643,
    4.0,
    4.333333333333332,
    4.666666666666664,
    5.0,
    5.333333333333332,
    5.666666666666664,
    6.0,
    6.333333333333332,
    6.666666666666664,
    7.0,
    7.333333333333332,
    7.666666666666664,
    8.0,
    8.333333333333332,
    8.666666666666664,
    9.0,
    9.333333333333332,
    9.666666666666664,
    10.0,
    10.333333333333332,
    10.666666666666664,
    11.0,
    11.333333333333332,
    11.666666666666664,
    12.0,
    12.333333333333329,
    12.666666666666664,
    13.0,
    13.333333333333329,
    13.666666666666664,
    14.0,
    14.333333333333329,
    14.666666666666664,
    15.0,
    15.333333333333329,
    15.666666666666664,
    16.0,
    16.33333333333333,
    16.666666666666664,
    17.0,
    17.33333333333333,
    17.666666666666664,
    18.0,
    18.33333333333333,
    18.666666666666664,
    19.0,
    19.33333333333333,
    19.666666666666664,
    20.0
  ],
  "conductance": [
    0.9837723736629851,
    0.9858177680516926,
    0.9883532624376825,
    0.9914490384516188,
    0.995171137236778,
    0.9995712751855126,
    1.004673609457252,
    1.0104640204697088,
    1.0168866274036967,
    1.023840887643073,
    1.031163155333672,
    1.0385952910583034,
    1.0457811884390624,
    1.0523327936240143,
    1.0579446692636314,
    1.0624788114401975,
    1.0659655649241522,
    1.0685397556227447,
    1.070370613909067,
    1.0716236758929816,
    1.0724468598651005,
    1.072951980720528,
    1.0731833637993922,
    1.0730942561171846,
    1.072556619408365,
    1.0714119379957876,
    1.069544768432807,
    1.0669397991990053,
    1.0636892063276286,
    1.0599539196659225,
    1.0559105233316852,
    1.0517096774789771,
    1.0474528749636196,
    1.0431858071229754,
    1.038908318745377,
    1.0345996710494128,
    1.0302479962801232,
    1.0258671371649102,
    1.021494448092035,
    1.0171779272555543,
    1.012964025782762,
    1.0088911065927761,
    1.0049878592240977,
    1.0012743289696096,
    0.9977637799450314,
    0.994464509831924,
    0.9913813187672408,
    0.9885166050078312,
    0.9858711514501615,
    0.9834446810634054,
    0.9812362473594377,
    0.9792445093693926,
    0.9774679261945955,
    0.9759048954223085,
    0.9745538521062058,
    0.9734133398003127,
    0.9724820615838327,
    0.971758916585908,
    0.9712430258405805,
    0.9709337501207534,
    0.9708307015463429,
    0.9709337501207538,
    0.9712430258405805,
    0.971758916585908,
    0.9724820615838325,
    0.9734133398003126,
    0.9745538521062057,
    0.9759048954223086,
    0.9774679261945957,
    0.9792445093693927,
    0.9812362473594377,
    0.9834446810634054,
    0.9858711514501615,
    0.9885166050078313,
    0.9913813187672408,
    0.9944645098319237,
    0.9977637799450314,
    1.0012743289696096,
    1.0049878592240977,
    1.0088911065927761,
    1.0129640257827615,
    1.0171779272555543,
    1.021494448092035,
    1.0258671371649102,
    1.0302479962801232,
    1.0345996710494128,
    1.0389083187453767,
    1.0431858071229752,
    1.0474528749636196,
    1.0517096774789771,
    1.055910523331685,
    1.0599539196659225,
    1.0636892063276286,
    1.0669397991990053,
    1.0695447684328072,
    1.0714119379957874,
    1.0725566194083649,
    1.0730942561171848,
    1.0731833637993917,
    1.072951980720528,
    1.0724468598651007,
    1.0716236758929814,
    1.070370613909067,
    1.068539755622745,
    1.065965564924152,
    1.0624788114401977,
    1.0579446692636316,
    1.052332793624014,
    1.0457811884390624,
    1.0385952910583034,
    1.0311631553336718,
    1.0238408876430727,
    1.016886627403697,
    1.0104640204697086,
    1.0046736094572521,
    0.9995712751855126,
    0.995171137236778,
    0.9914490384516186,
    0.9883532624376827,
    0.9858177680516925,
    0.9837723736629851
  ],