{
  "bias_mev": [
    -20.0,
    -19.666666666666668,
    -19.333333333333332,
    -19.0,
    -18.666666666666668,
    -18.333333333333332,
    -18.0,
    -17.666666666666668,
    -17.333333333333332,
    -17.0,
    -16.666666666666668,
    -16.333333333333332,
    -16.0,
    -15.666666666666668,
    -15.333333333333334,
    -15.0,
    -14.666666666666668,
    -14.333333333333334,
    -14.0,
    -13.666666666666668,
    -13.333333333333334,
    -13.0,
    -12.666666666666668,
    -12.333333333333334,
    -12.0,
    -11.666666666666668,
    -11.333333333333334,
    -11.0,
    -10.666666666666668,
    -10.333333333333334,
    -10.0,
    -9.666666666666668,
    -9.333333333333334,
    -9.0,
    -8.666666666666668,
    -8.333333333333334,
    -8.0,
    -7.666666666666668,
    -7.333333333333334,
    -7.0,
    -6.666666666666668,
    -6.333333333333334,
    -6.0,
    -5.666666666666668,
    -5.333333333333334,
    -5.0,
    -4.666666666666668,
    -4.333333333333334,
    -4.0,
    -3.666666666666668,
    -3.3333333333333357,
    -3.0,
    -2.666666666666668,
    -2.3333333333333357,
    -2.0,
    -1.6666666666666679,
    -1.3333333333333357,
    -1.0,
    -0.6666666666666679,
    -0.3333333333333357,
    0.0,
    0.33333333333333215,
    0.6666666666666643,
    1.0,
    1.3333333333333321,
    1.6666666666666643,
    2.0,
    2.333333333333332,
    2.6666666666666643,
    3.0,
    3.333333333333332,
    3.6666666666666643,
    4.0,
    4.333333333333332,
    4.666666666666664,
    5.0,
    5.333333333333332,
    5.666666666666664,
    6.0,
    6.333333333333332,
    6.666666666666664,
    7.0,
    7.333333333333332,
    7.666666666666664,
    8.0,
    8.333333333333332,
    8.666666666666664,
    9.0,
    9.333333333333332,
    9.666666666666664,
    10.0,
    10.333333333333332,
    10.666666666666664,
    11.0,
    11.333333333333332,
    11.666666666666664,
    12.0,
    12.333333333333329,
    12.666666666666664,
    13.0,
    13.333333333333329,
    13.666666666666664,
    14.0,
    14.333333333333329,
    14.666666666666664,
    15.0,
    15.333333333333329,
    15.666666666666664,
    16.0,
    16.33333333333333,
    16.666666666666664,
    17.0,
    17.33333333333333,
    17.666666666666664,
    18.0,
    18.33333333333333,
    18.666666666666664,
    19.0,
    19.33333333333333,
    19.666666666666664,
    20.0
  ],
  "conductance": [
    0.9738800000537926,
    0.9754531952343344,
    0.9785819103043644,
    0.9833807493427923,
    0.9899435674168005,
    0.9982788689703711,
    1.0082091237521682,
    1.0192900556609275,
    1.0308528524886802,
    1.0421296767757693,
    1.052159235827423,
    1.0594124944327963,
    1.0618060792436703,
    1.0576487024785521,
    1.046772354918082,
    1.03062775254281,
    1.0113640118243836,
    0.9908136742256953,
    0.970076768223151,
    0.9497623210490884,
    0.9303518119405206,
    0.9121658523490898,
    0.8950413294319118,
    0.878171587617655,
    0.8603338786140173,
    0.8404199342183953,
    0.8180591982397152,
    0.7939222586032011,
    0.7693520625252643,
    0.7456658156465154,
    0.7237177530592364,
    0.7038359404146226,
    0.685920262358471,
    0.6695569093491114,
    0.6541760151363043,
    0.6393093677512357,
    0.6248212210815168,
    0.6108922677443814,
    0.5978006514585761,
    0.5857397900722187,
    0.5747737582534878,
    0.5648727899059784,
    0.5559602280820004,
    0.5479446149487942,
    0.5407362767739037,
    0.5342541539780794,
    0.5284276747797954,
    0.5231964628746032,
    0.518509261651456,
    0.5143226910893445,
    0.5106000830184865,
    0.5073104744995953,
    0.5044277700092404,
    0.5019300574960116,
    0.4997990563056133,
    0.49801967531270697,
    0.496579662511944,
    0.495469330810076,
    0.49468134806754044,
    0.49421058233462406,
    0.4940539957044723,
    0.49421058233462417,
    0.4946813480675402,
    0.49546933081007605,
    0.49657966251194424,
    0.4980196753127069,
    0.49979905630561317,
    0.5019300574960119,
    0.5044277700092402,
    0.5073104744995954,
    0.5106000830184866,
    0.5143226910893443,
    0.518509261651456,
    0.5231964628746033,
    0.5284276747797951,
    0.5342541539780793,
    0.5407362767739039,
    0.547944614948794,
    0.5559602280820003,
    0.5648727899059786,
    0.5747737582534875,
    0.5857397900722185,
    0.5978006514585763,
    0.610892267744381,
    0.6248212210815165,
    0.6393093677512359,
    0.6541760151363041,
    0.6695569093491112,
    0.6859202623584713,
    0.7038359404146223,
    0.7237177530592361,
    0.7456658156465155,
    0.7693520625252638,
    0.7939222586032011,
    0.8180591982397155,
    0.8404199342183949,
    0.8603338786140178,
    0.8781715876176552,
    0.8950413294319111,
    0.9121658523490903,
    0.9303518119405211,
    0.9497623210490876,
    0.9700767682231517,
    0.9908136742256956,
    1.0113640118243827,
    1.0306277525428102,
    1.0467723549180825,
    1.0576487024785517,
    1.0618060792436708,
    1.059412494432797,
    1.0521592358274225,
    1.042129676775769,
    1.0308528524886806,
    1.019290055660927,
    1.0082091237521682,
    0.9982788689703717,
    0.9899435674168002,
    0.9833807493427923,
    0.9785819103043651,
    0.9754531952343342,
    0.9738800000537923
  ],