{
  "bias_mev": [
    -20.0,
    -19.666666666666668,
    -19.333333333333332,
    -19.0,
    -18.666666666666668,
    -18.333333333333332,
    -18.0,
    -17.666666666666668,
    -17.333333333333332,
    -17.0,
    -16.666666666666668,
    -16.333333333333332,
    -16.0,
    -15.666666666666668,
    -15.333333333333334,
    -15.0,
    -14.666666666666668,
    -14.333333333333334,
    -14.0,
    -13.666666666666668,
    -13.333333333333334,
    -13.0,
    -12.666666666666668,
    -12.333333333333334,
    -12.0,
    -11.666666666666668,
    -11.333333333333334,
    -11.0,
    -10.666666666666668,
    -10.333333333333334,
    -10.0,
    -9.666666666666668,
    -9.333333333333334,
    -9.0,
    -8.666666666666668,
    -8.333333333333334,
    -8.0,
    -7.666666666666668,
    -7.333333333333334,
    -7.0,
    -6.666666666666668,
    -6.333333333333334,
    -6.0,
    -5.666666666666668,
    -5.333333333333334,
    -5.0,
    -4.666666666666668,
    -4.333333333333334,
    -4.0,
    -3.666666666666668,
    -3.3333333333333357,
    -3.0,
    -2.666666666666668,
    -2.3333333333333357,
    -2.0,
    -1.6666666666666679,
    -1.3333333333333357,
    -1.0,
    -0.6666666666666679,
    -0.3333333333333357,
    0.0,
    0.33333333333333215,
    0.6666666666666643,
    1.0,
    1.3333333333333321,
    1.6666666666666643,
    2.0,
    2.333333333333332,
    2.6666666666666643,
    3.0,
    3.333333333333332,
    3.6666666666666643,
    4.0,
    4.333333333333332,
    4.666666666666664,
    5.0,
    5.333333333333332,
    5.666666666666664,
    6.0,
    6.333333333333332,
    6.666666666666664,
    7.0,
    7.333333333333332,
    7.666666666666664,
    8.0,
    8.333333333333332,
    8.666666666666664,
    9.0,
    9.333333333333332,
    9.666666666666664,
    10.0,
    10.333333333333332,
    10.666666666666664,
    11.0,
    11.333333333333332,
    11.666666666666664,
    12.0,
    12.333333333333329,
    12.666666666666664,
    13.0,
    13.333333333333329,
    13.666666666666664,
    14.0,
    14.333333333333329,
    14.666666666666664,
    15.0,
    15.333333333333329,
    15.666666666666664,
    16.0,
    16.33333333333333,
    16.666666666666664,
    17.0,
    17.33333333333333,
    17.666666666666664,
    18.0,
    18.33333333333333,
    18.666666666666664,
    19.0,
    19.33333333333333,
    19.666666666666664,
    20.0
  ],
  "conductance": [
    0.9798607673292247,
    0.9813989126888549,
    0.9840434147056518,
    0.987869503722227,
    0.9929157045501665,
    0.9991497792596398,
    1.0064281277764575,
    1.0144674842129462,
    1.0228459334169768,
    1.0310203723378577,
    1.0383266569363563,
    1.0439824095823083,
    1.0471880251424202,
    1.0473604113825712,
    1.0443587306684932,
    1.0385164707831052,
    1.0304601853285715,
    1.0208651807292617,
    1.010304031162545,
    0.999215935077751,
    0.9879072808663328,
    0.976506580634213,
    0.9649025107457954,
    0.9527507198964942,
    0.9395926530843198,
    0.9250560657081991,
    0.9090530244147887,
    0.8918642852830081,
    0.8740496307979165,
    0.8562472976231933,
    0.838986691428373,
    0.8225841927003757,
    0.8071190005579938,
    0.7924680441849554,
    0.7783939515478273,
    0.7646723121970106,
    0.7512035248543713,
    0.7380432904470496,
    0.7253461489060823,
    0.7132807783394594,
    0.7019727996330997,
    0.6914880075432029,
    0.6818410549415408,
    0.6730122316543447,
    0.66496272947011,
    0.6576454574571897,
    0.6510116802665565,
    0.6450146592938147,
    0.6396114112217764,
    0.6347633822561859,
    0.6304365422844311,
    0.6266011948500828,
    0.623231667805584,
    0.6203059723845975,
    0.6178054749651999,
    0.6157146021130839,
    0.6140205870374985,
    0.6127132593537515,
    0.6117848771883507,
    0.6112299996129947,
    0.6110453972921731,
    0.6112299996129946,
    0.6117848771883506,
    0.6127132593537515,
    0.6140205870374984,
    0.6157146021130838,
    0.6178054749651999,
    0.6203059723845973,
    0.623231667805584,
    0.6266011948500829,
    0.6304365422844311,
    0.6347633822561858,
    0.6396114112217766,
    0.6450146592938147,
    0.6510116802665563,
    0.6576454574571896,
    0.66496272947011,
    0.6730122316543444,
    0.6818410549415408,
    0.6914880075432028,
    0.7019727996330994,
    0.7132807783394594,
    0.7253461489060823,
    0.7380432904470495,
    0.7512035248543713,
    0.7646723121970106,
    0.7783939515478273,
    0.7924680441849553,
    0.8071190005579937,
    0.8225841927003755,
    0.838986691428373,
    0.8562472976231931,
    0.8740496307979162,
    0.8918642852830081,
    0.9090530244147885,
    0.9250560657081988,
    0.93959265308432,
    0.952750719896494,
    0.9649025107457951,
    0.9765065806342133,
    0.9879072808663331,
    0.9992159350777507,
    1.0103040311625453,
    1.0208651807292617,
    1.0304601853285715,
    1.0385164707831054,
    1.0443587306684932,
    1.047360411382571,
    1.0471880251424202,
    1.0439824095823083,
    1.038326656936356,
    1.0310203723378577,
    1.0228459334169768,
    1.0144674842129462,
    1.0064281277764575,
    0.9991497792596401,
    0.9929157045501665,
    0.9878695037222273,
    0.984043414705652,
    0.9813989126888547,
    0.9798607673292247
  ],