{
  "bias_mev": [
    -20.0,
    -19.666666666666668,
    -19.333333333333332,
    -19.0,
    -18.666666666666668,
    -18.333333333333332,
    -18.0,
    -17.666666666666668,
    -17.333333333333332,
    -17.0,
    -16.666666666666668,
    -16.333333333333332,
    -16.0,
    -15.666666666666668,
    -15.333333333333334,
    -15.0,
    -14.666666666666668,
    -14.333333333333334,
    -14.0,
    -13.666666666666668,
    -13.333333333333334,
    -13.0,
    -12.666666666666668,
    -12.333333333333334,
    -12.0,
    -11.666666666666668,
    -11.333333333333334,
    -11.0,
    -10.666666666666668,
    -10.333333333333334,
    -10.0,
    -9.666666666666668,
    -9.333333333333334,
    -9.0,
    -8.666666666666668,
    -8.333333333333334,
    -8.0,
    -7.666666666666668,
    -7.333333333333334,
    -7.0,
    -6.666666666666668,
    -6.333333333333334,
    -6.0,
    -5.666666666666668,
    -5.333333333333334,
    -5.0,
    -4.666666666666668,
    -4.333333333333334,
    -4.0,
    -3.666666666666668,
    -3.3333333333333357,
    -3.0,
    -2.666666666666668,
    -2.3333333333333357,
    -2.0,
    -1.6666666666666679,
    -1.3333333333333357,
    -1.0,
    -0.6666666666666679,
    -0.3333333333333357,
    0.0,
    0.33333333333333215,
    0.6666666666666643,
    1.0,
    1.3333333333333321,
    1.6666666666666643,
    2.0,
    2.333333333333332,
    2.6666666666666643,
    3.0,
    3.333333333333332,
    3.6666666666666643,
    4.0,
    4.333333333333332,
    4.666666666666664,
    5.0,
    5.333333333333332,
    5.666666666666664,
    6.0,
    6.333333333333332,
    6.666666666666664,
    7.0,
    7.333333333333332,
    7.666666666666664,
    8.0,
    8.333333333333332,
    8.666666666666664,
    9.0,
    9.333333333333332,
    9.666666666666664,
    10.0,
    10.333333333333332,
    10.666666666666664,
    11.0,
    11.333333333333332,
    11.666666666666664,
    12.0,
    12.333333333333329,
    12.666666666666664,
    13.0,
    13.333333333333329,
    13.666666666666664,
    14.0,
    14.333333333333329,
    14.666666666666664,
    15.0,
    15.333333333333329,
    15.666666666666664,
    16.0,
    16.33333333333333,
    16.666666666666664,
    17.0,
    17.33333333333333,
    17.666666666666664,
    18.0,
    18.33333333333333,
    18.666666666666664,
    19.0,
    19.33333333333333,
    19.666666666666664,
    20.0
  ],
  "conductance": [
    0.9731514899312951,
    0.9771194060609145,
    0.9816156840891531,
    0.9867484554619709,
    0.9926526280855921,
    0.999492511083081,
    1.0074419154284744,
    1.016607690893433,
    1.026924066200774,
    1.0382461527653108,
    1.0506163431551478,
    1.0640217748394718,
    1.0777511733752272,
    1.0904695802738937,
    1.1013171469544842,
    1.1103080749636656,
    1.1179524037897715,
    1.1248308011755164,
    1.1312117657826388,
    1.1370697775260914,
    1.142511958198381,
    1.1479142747091116,
    1.1536302993532899,
    1.1596762832969605,
    1.165666080074498,
    1.170945564682085,
    1.174758443600802,
    1.1768093367021644,
    1.1774282283324908,
    1.177134016676243,
    1.176361070220098,
    1.1754351041659827,
    1.1745996745239378,
    1.1739800390423412,
    1.173463043164219,
    1.1726649822062467,
    1.171260857773539,
    1.1692653800803952,
    1.1668748594681202,
    1.1642753869194409,
    1.161594106610149,
    1.1589113801837283,
    1.1562781754573621,
    1.1537276555361975,
    1.1512819905164329,
    1.1489563386481452,
    1.1467612391359823,
    1.144704102341366,
    1.142790170636444,
    1.1410231576366867,
    1.139405685239227,
    1.1379395894974742,
    1.136626138960705,
    1.1354661930754384,
    1.1344603185672912,
    1.1336088757052045,
    1.1329120825043852,
    1.132370062399821,
    1.1319828792196915,
    1.131750562105887,
    1.1316731221789424,
    1.131750562105888,
    1.1319828792196902,
    1.132370062399821,
    1.1329120825043866,
    1.1336088757052034,
    1.1344603185672912,
    1.1354661930754395,
    1.136626138960704,
    1.1379395894974742,
    1.1394056852392278,
    1.1410231576366858,
    1.1427901706364438,
    1.1447041023413675,
    1.1467612391359816,
    1.1489563386481445,
    1.151281990516434,
    1.1537276555361968,
    1.1562781754573617,
    1.1589113801837294,
    1.1615941066101485,
    1.1642753869194404,
    1.1668748594681215,
    1.1692653800803945,
    1.1712608577735386,
    1.172664982206248,
    1.1734630431642183,
    1.1739800390423407,
    1.174599674523939,
    1.1754351041659823,
    1.176361070220097,
    1.177134016676244,
    1.1774282283324902,
    1.176809336702164,
    1.1747584436008032,
    1.1709455646820839,
    1.165666080074498,
    1.159676283296962,
    1.1536302993532879,
    1.1479142747091124,
    1.1425119581983825,
    1.1370697775260898,
    1.1312117657826397,
    1.124830801175518,
    1.1179524037897697,
    1.1103080749636662,
    1.1013171469544858,
    1.0904695802738924,
    1.0777511733752274,
    1.0640217748394734,
    1.050616343155147,
    1.0382461527653108,
    1.0269240662007753,
    1.0166076908934318,
    1.0074419154284744,
    0.9994925110830821,
    0.9926526280855908,
    0.9867484554619709,
    0.9816156840891543,
    0.9771194060609139,
    0.9731514899312951
  ],