{
  "bias_mev": [
    -20.0,
    -19.666666666666668,
    -19.333333333333332,
    -19.0,
    -18.666666666666668,
    -18.333333333333332,
    -18.0,
    -17.666666666666668,
    -17.333333333333332,
    -17.0,
    -16.666666666666668,
    -16.333333333333332,
    -16.0,
    -15.666666666666668,
    -15.333333333333334,
    -15.0,
    -14.666666666666668,
    -14.333333333333334,
    -14.0,
    -13.666666666666668,
    -13.333333333333334,
    -13.0,
    -12.666666666666668,
    -12.333333333333334,
    -12.0,
    -11.666666666666668,
    -11.333333333333334,
    -11.0,
    -10.666666666666668,
    -10.333333333333334,
    -10.0,
    -9.666666666666668,
    -9.333333333333334,
    -9.0,
    -8.666666666666668,
    -8.333333333333334,
    -8.0,
    -7.666666666666668,
    -7.333333333333334,
    -7.0,
    -6.666666666666668,
    -6.333333333333334,
    -6.0,
    -5.666666666666668,
    -5.333333333333334,
    -5.0,
    -4.666666666666668,
    -4.333333333333334,
    -4.0,
    -3.666666666666668,
    -3.3333333333333357,
    -3.0,
    -2.666666666666668,
    -2.3333333333333357,
    -2.0,
    -1.6666666666666679,
    -1.3333333333333357,
    -1.0,
    -0.6666666666666679,
    -0.3333333333333357,
    0.0,
    0.33333333333333215,
    0.6666666666666643,
    1.0,
    1.3333333333333321,
    1.6666666666666643,
    2.0,
    2.333333333333332,
    2.6666666666666643,
    3.0,
    3.333333333333332,
    3.6666666666666643,
    4.0,
    4.333333333333332,
    4.666666666666664,
    5.0,
    5.333333333333332,
    5.666666666666664,
    6.0,
    6.333333333333332,
    6.666666666666664,
    7.0,
    7.333333333333332,
    7.666666666666664,
    8.0,
    8.333333333333332,
    8.666666666666664,
    9.0,
    9.333333333333332,
    9.666666666666664,
    10.0,
    10.333333333333332,
    10.666666666666664,
    11.0,
    11.333333333333332,
    11.666666666666664,
    12.0,
    12.333333333333329,
    12.666666666666664,
    13.0,
    13.333333333333329,
    13.666666666666664,
    14.0,
    14.333333333333329,
    14.666666666666664,
    15.0,
    15.333333333333329,
    15.666666666666664,
    16.0,
    16.33333333333333,
    16.666666666666664,
    17.0,
    17.33333333333333,
    17.666666666666664,
    18.0,
    18.33333333333333,
    18.666666666666664,
    19.0,
    19.33333333333333,
    19.666666666666664,
    20.0
  ],
  "conductance": [
    0.9741312015185295,
    0.9777827731979484,
    0.9820221207890014,
    0.9869604567106149,
    0.9927293198201499,
    0.9994716955104879,
    1.0073044496451466,
    1.0162499795313524,
    1.0262164082377414,
    1.037131595039026,
    1.0490327451579002,
    1.0617913814424944,
    1.0747007045148247,
    1.0865822703499646,
    1.0965559525095687,
    1.104508375796553,
    1.1108708928179112,
    1.1161675078804023,
    1.1207002940702337,
    1.12460165961839,
    1.1280885987722005,
    1.1314866944318247,
    1.13499852917015,
    1.1384961465140502,
    1.1415208190153536,
    1.1434402718360683,
    1.143758348180384,
    1.1424550123219945,
    1.139914346551601,
    1.1366177223987517,
    1.1329739784656818,
    1.129291418966241,
    1.125764698003092,
    1.122413675385735,
    1.1190308616619453,
    1.1153009001723635,
    1.1110711519382666,
    1.1064320535356678,
    1.1015744750154384,
    1.096668257430906,
    1.0918309715025345,
    1.0871371346420335,
    1.0826327482373106,
    1.0783459723881301,
    1.0742938418344345,
    1.0704863636279573,
    1.066929042322736,
    1.06362447186933,
    1.0605733644600221,
    1.057775231099456,
    1.0552288410386805,
    1.0529325373074208,
    1.0508844565148017,
    1.0490826837120468,
    1.0475253624442156,
    1.046210773402985,
    1.0451373907623358,
    1.0443039224210051,
    1.0437093384443,
    1.043352890658783,
    1.0432341253950597,
    1.0433528906587846,
    1.0437093384442986,
    1.044303922421005,
    1.0451373907623371,
    1.0462107734029837,
    1.0475253624442156,
    1.0490826837120482,
    1.0508844565148003,
    1.0529325373074208,
    1.0552288410386819,
    1.0577752310994546,
    1.0605733644600217,
    1.0636244718693313,
    1.0669290423227353,
    1.0704863636279565,
    1.0742938418344359,
    1.0783459723881295,
    1.0826327482373101,
    1.0871371346420349,
    1.091830971502534,
    1.0966682574309055,
    1.10157447501544,
    1.106432053535667,
    1.1110711519382659,
    1.1153009001723648,
    1.1190308616619447,
    1.1224136753857343,
    1.1257646980030933,
    1.1292914189662402,
    1.1329739784656812,
    1.136617722398753,
    1.1399143465516004,
    1.1424550123219939,
    1.1437583481803855,
    1.143440271836067,
    1.1415208190153536,
    1.1384961465140515,
    1.1349985291701483,
    1.1314866944318251,
    1.1280885987722018,
    1.124601659618388,
    1.1207002940702344,
    1.116167507880404,
    1.1108708928179092,
    1.1045083757965537,
    1.0965559525095703,
    1.086582270349963,
    1.0747007045148247,
    1.061791381442496,
    1.049032745157899,
    1.037131595039026,
    1.026216408237743,
    1.016249979531351,
    1.0073044496451466,
    0.9994716955104892,
    0.9927293198201486,
    0.986960456710615,
    0.9820221207890028,
    0.9777827731979475,
    0.974131201518529
  ],