{
  "bias_mev": [
    -20.0,
    -19.666666666666668,
    -19.333333333333332,
    -19.0,
    -18.666666666666668,
    -18.333333333333332,
    -18.0,
    -17.666666666666668,
    -17.333333333333332,
    -17.0,
    -16.666666666666668,
    -16.333333333333332,
    -16.0,
    -15.666666666666668,
    -15.333333333333334,
    -15.0,
    -14.666666666666668,
    -14.333333333333334,
    -14.0,
    -13.666666666666668,
    -13.333333333333334,
    -13.0,
    -12.666666666666668,
    -12.333333333333334,
    -12.0,
    -11.666666666666668,
    -11.333333333333334,
    -11.0,
    -10.666666666666668,
    -10.333333333333334,
    -10.0,
    -9.666666666666668,
    -9.333333333333334,
    -9.0,
    -8.666666666666668,
    -8.333333333333334,
    -8.0,
    -7.666666666666668,
    -7.333333333333334,
    -7.0,
    -6.666666666666668,
    -6.333333333333334,
    -6.0,
    -5.666666666666668,
    -5.333333333333334,
    -5.0,
    -4.666666666666668,
    -4.333333333333334,
    -4.0,
    -3.666666666666668,
    -3.3333333333333357,
    -3.0,
    -2.666666666666668,
    -2.3333333333333357,
    -2.0,
    -1.6666666666666679,
    -1.3333333333333357,
    -1.0,
    -0.6666666666666679,
    -0.3333333333333357,
    0.0,
    0.33333333333333215,
    0.6666666666666643,
    1.0,
    1.3333333333333321,
    1.6666666666666643,
    2.0,
    2.333333333333332,
    2.6666666666666643,
    3.0,
    3.333333333333332,
    3.6666666666666643,
    4.0,
    4.333333333333332,
    4.666666666666664,
    5.0,
    5.333333333333332,
    5.666666666666664,
    6.0,
    6.333333333333332,
    6.666666666666664,
    7.0,
    7.333333333333332,
    7.666666666666664,
    8.0,
    8.333333333333332,
    8.666666666666664,
    9.0,
    9.333333333333332,
    9.666666666666664,
    10.0,
    10.333333333333332,
    10.666666666666664,
    11.0,
    11.333333333333332,
    11.666666666666664,
    12.0,
    12.333333333333329,
    12.666666666666664,
    13.0,
    13.333333333333329,
    13.666666666666664,
    14.0,
    14.333333333333329,
    14.666666666666664,
    15.0,
    15.333333333333329,
    15.666666666666664,
    16.0,
    16.33333333333333,
    16.666666666666664,
    17.0,
    17.33333333333333,
    17.666666666666664,
    18.0,
    18.33333333333333,
    18.666666666666664,
    19.0,
    19.33333333333333,
    19.666666666666664,
    20.0
  ],
  "conductance": [
    0.9733564527740204,
    0.9772133234981163,
    0.9816633148714364,
    0.9868168335268888,
    0.9927949742989266,
    0.9997142362488086,
    1.0076561426503672,
    1.0166371315275051,
    1.0266153288516489,
    1.0375322617522806,
    1.04929170871119,
    1.0616102338063884,
    1.0738887135561335,
    1.0853464013357244,
    1.095384000639403,
    1.1038304829495085,
    1.110882074055299,
    1.1168682167280763,
    1.122067854078109,
    1.126691464607662,
    1.1309510882841274,
    1.135055573507068,
    1.1390991706850182,
    1.142954241023097,
    1.146271941962971,
    1.1486092226567712,
    1.1496379655886513,
    1.149312394367524,
    1.1478587971322933,
    1.145631904096939,
    1.1429816381225313,
    1.1401829798217598,
    1.1373970233795796,
    1.1346390597418519,
    1.1317830084477585,
    1.1286480436325586,
    1.1251286151250968,
    1.1212523322876022,
    1.1171354472231398,
    1.1129118623180099,
    1.108692888694938,
    1.1045583049544532,
    1.1005613693894578,
    1.096736481831463,
    1.0931054974024956,
    1.0896821104534353,
    1.0864747162608859,
    1.0834882491636841,
    1.0807253698903392,
    1.0781872445802554,
    1.075874065831134,
    1.0737854079982205,
    1.0719204737741335,
    1.070278267910329,
    1.068857721091548,
    1.0676577790340973,
    1.066677466862647,
    1.06591593557393,
    1.0653724952398576,
    1.0650466381293102,
    1.0649380538859883,
    1.0650466381293104,
    1.0653724952398573,
    1.06591593557393,
    1.0666774668626473,
    1.067657779034097,
    1.068857721091548,
    1.070278267910329,
    1.0719204737741332,
    1.0737854079982205,
    1.0758740658311345,
    1.0781872445802547,
    1.0807253698903392,
    1.0834882491636841,
    1.0864747162608857,
    1.089682110453435,
    1.0931054974024959,
    1.096736481831463,
    1.1005613693894578,
    1.1045583049544532,
    1.1086928886949379,
    1.1129118623180096,
    1.1171354472231398,
    1.121252332287602,
    1.1251286151250968,
    1.1286480436325586,
    1.1317830084477583,
    1.1346390597418516,
    1.13739702337958,
    1.1401829798217598,
    1.1429816381225308,
    1.1456319040969392,
    1.1478587971322933,
    1.149312394367524,
    1.1496379655886517,
    1.1486092226567712,
    1.146271941962971,
    1.1429542410230973,
    1.1390991706850178,
    1.135055573507068,
    1.1309510882841278,
    1.1266914646076618,
    1.122067854078109,
    1.1168682167280766,
    1.110882074055299,
    1.1038304829495087,
    1.0953840006394038,
    1.085346401335724,
    1.0738887135561337,
    1.0616102338063889,
    1.04929170871119,
    1.0375322617522806,
    1.0266153288516493,
    1.0166371315275051,
    1.0076561426503674,
    0.9997142362488091,
    0.9927949742989266,
    0.9868168335268888,
    0.9816633148714369,
    0.9772133234981161,
    0.9733564527740202
  ],