{
  "bias_mev": [
    -20.0,
    -19.666666666666668,
    -19.333333333333332,
    -19.0,
    -18.666666666666668,
    -18.333333333333332,
    -18.0,
    -17.666666666666668,
    -17.333333333333332,
    -17.0,
    -16.666666666666668,
    -16.333333333333332,
    -16.0,
    -15.666666666666668,
    -15.333333333333334,
    -15.0,
    -14.666666666666668,
    -14.333333333333334,
    -14.0,
    -13.666666666666668,
    -13.333333333333334,
    -13.0,
    -12.666666666666668,
    -12.333333333333334,
    -12.0,
    -11.666666666666668,
    -11.333333333333334,
    -11.0,
    -10.666666666666668,
    -10.333333333333334,
    -10.0,
    -9.666666666666668,
    -9.333333333333334,
    -9.0,
    -8.666666666666668,
    -8.333333333333334,
    -8.0,
    -7.666666666666668,
    -7.333333333333334,
    -7.0,
    -6.666666666666668,
    -6.333333333333334,
    -6.0,
    -5.666666666666668,
    -5.333333333333334,
    -5.0,
    -4.666666666666668,
    -4.333333333333334,
    -4.0,
    -3.666666666666668,
    -3.3333333333333357,
    -3.0,
    -2.666666666666668,
    -2.3333333333333357,
    -2.0,
    -1.6666666666666679,
    -1.3333333333333357,
    -1.0,
    -0.6666666666666679,
    -0.3333333333333357,
    0.0,
    0.33333333333333215,
    0.6666666666666643,
    1.0,
    1.3333333333333321,
    1.6666666666666643,
    2.0,
    2.333333333333332,
    2.6666666666666643,
    3.0,
    3.333333333333332,
    3.6666666666666643,
    4.0,
    4.333333333333332,
    4.666666666666664,
    5.0,
    5.333333333333332,
    5.666666666666664,
    6.0,
    6.333333333333332,
    6.666666666666664,
    7.0,
    7.333333333333332,
    7.666666666666664,
    8.0,
    8.333333333333332,
    8.666666666666664,
    9.0,
    9.333333333333332,
    9.666666666666664,
    10.0,
    10.333333333333332,
    10.666666666666664,
    11.0,
    11.333333333333332,
    11.666666666666664,
    12.0,
    12.333333333333329,
    12.666666666666664,
    13.0,
    13.333333333333329,
    13.666666666666664,
    14.0,
    14.333333333333329,
    14.666666666666664,
    15.0,
    15.333333333333329,
    15.666666666666664,
    16.0,
    16.33333333333333,
    16.666666666666664,
    17.0,
    17.33333333333333,
    17.666666666666664,
    18.0,
    18.33333333333333,
    18.666666666666664,
    19.0,
    19.33333333333333,
    19.666666666666664,
    20.0
  ],
  "conductance": [
    0.984680032036732,
    0.9852760097235659,
    0.986801525873873,
    0.9893638946884015,
    0.9930723112808373,
    0.9980094424081322,
    1.0041702720506422,
    1.011391069889325,
    1.01937480591412,
    1.0278606361343716,
    1.0366402505834547,
    1.045174714211746,
    1.0522445279346495,
    1.0563434369979783,
    1.0566573216692465,
    1.0534746936862647,
    1.0477458649310247,
    1.0404263887120666,
    1.032118178986539,
    1.0231887617118944,
    1.0140386259019258,
    1.0050659375140873,
    0.9963999779893631,
    0.9877378609722383,
    0.9784273383675177,
    0.9677302759616757,
    0.9552488421491188,
    0.9412493657253084,
    0.9264559059637258,
    0.9116128536311284,
    0.897254929186315,
    0.8836818643121656,
    0.8709862874129781,
    0.8590633399691212,
    0.847644034671718,
    0.8364500017952055,
    0.8253952556436195,
    0.8145983472445685,
    0.8042370907329512,
    0.79444367068735,
    0.7852848270254998,
    0.7767789004058593,
    0.7689159317628912,
    0.7616716655883039,
    0.755015822796828,
    0.748916633479817,
    0.7433431934718584,
    0.7382666116884513,
    0.7336605014880274,
    0.7295011240198686,
    0.7257673533730301,
    0.7224405567638065,
    0.7195044406470587,
    0.7169448901644632,
    0.7147498163140437,
    0.7129090180126562,
    0.7114140622738391,
    0.7102581836172883,
    0.709436202765668,
    0.7089444642179701,
    0.7087807921584193,
    0.7089444642179707,
    0.7094362027656673,
    0.7102581836172883,
    0.7114140622738397,
    0.7129090180126553,
    0.7147498163140437,
    0.7169448901644638,
    0.719504440647058,
    0.7224405567638065,
    0.7257673533730309,
    0.7295011240198678,
    0.7336605014880272,
    0.7382666116884521,
    0.743343193471858,
    0.7489166334798166,
    0.7550158227968288,
    0.7616716655883033,
    0.7689159317628909,
    0.7767789004058602,
    0.7852848270254992,
    0.7944436706873498,
    0.8042370907329521,
    0.814598347244568,
    0.8253952556436192,
    0.8364500017952065,
    0.8476440346717177,
    0.8590633399691209,
    0.8709862874129789,
    0.8836818643121647,
    0.8972549291863146,
    0.9116128536311296,
    0.9264559059637253,
    0.9412493657253078,
    0.9552488421491199,
    0.9677302759616745,
    0.9784273383675179,
    0.9877378609722391,
    0.9963999779893613,
    1.005065937514088,
    1.0140386259019267,
    1.0231887617118929,
    1.0321181789865395,
    1.0404263887120677,
    1.0477458649310232,
    1.0534746936862656,
    1.0566573216692476,
    1.0563434369979767,
    1.0522445279346502,
    1.0451747142117473,
    1.0366402505834538,
    1.0278606361343714,
    1.0193748059141214,
    1.0113910698893238,
    1.0041702720506422,
    0.9980094424081335,
    0.9930723112808364,
    0.9893638946884015,
    0.986801525873874,
    0.9852760097235655,
    0.984680032036732
  ],