{
  "bias_mev": [
    -20.0,
    -19.666666666666668,
    -19.333333333333332,
    -19.0,
    -18.666666666666668,
    -18.333333333333332,
    -18.0,
    -17.666666666666668,
    -17.333333333333332,
    -17.0,
    -16.666666666666668,
    -16.333333333333332,
    -16.0,
    -15.666666666666668,
    -15.333333333333334,
    -15.0,
    -14.666666666666668,
    -14.333333333333334,
    -14.0,
    -13.666666666666668,
    -13.333333333333334,
    -13.0,
    -12.666666666666668,
    -12.333333333333334,
    -12.0,
    -11.666666666666668,
    -11.333333333333334,
    -11.0,
    -10.666666666666668,
    -10.333333333333334,
    -10.0,
    -9.666666666666668,
    -9.333333333333334,
    -9.0,
    -8.666666666666668,
    -8.333333333333334,
    -8.0,
    -7.666666666666668,
    -7.333333333333334,
    -7.0,
    -6.666666666666668,
    -6.333333333333334,
    -6.0,
    -5.666666666666668,
    -5.333333333333334,
    -5.0,
    -4.666666666666668,
    -4.333333333333334,
    -4.0,
    -3.666666666666668,
    -3.3333333333333357,
    -3.0,
    -2.666666666666668,
    -2.3333333333333357,
    -2.0,
    -1.6666666666666679,
    -1.3333333333333357,
    -1.0,
    -0.6666666666666679,
    -0.3333333333333357,
    0.0,
    0.33333333333333215,
    0.6666666666666643,
    1.0,
    1.3333333333333321,
    1.6666666666666643,
    2.0,
    2.333333333333332,
    2.6666666666666643,
    3.0,
    3.333333333333332,
    3.6666666666666643,
    4.0,
    4.333333333333332,
    4.666666666666664,
    5.0,
    5.333333333333332,
    5.666666666666664,
    6.0,
    6.333333333333332,
    6.666666666666664,
    7.0,
    7.333333333333332,
    7.666666666666664,
    8.0,
    8.333333333333332,
    8.666666666666664,
    9.0,
    9.333333333333332,
    9.666666666666664,
    10.0,
    10.333333333333332,
    10.666666666666664,
    11.0,
    11.333333333333332,
    11.666666666666664,
    12.0,
    12.333333333333329,
    12.666666666666664,
    13.0,
    13.333333333333329,
    13.666666666666664,
    14.0,
    14.333333333333329,
    14.666666666666664,
    15.0,
    15.333333333333329,
    15.666666666666664,
    16.0,
    16.33333333333333,
    16.666666666666664,
    17.0,
    17.33333333333333,
    17.666666666666664,
    18.0,
    18.33333333333333,
    18.666666666666664,
    19.0,
    19.33333333333333,
    19.666666666666664,
    20.0
  ],
  "conductance": [
    0.9683585751840873,
    0.9723867250704792,
    0.9775165044242251,
    0.9838264347250928,
    0.9913630911809566,
    1.000119444330127,
    1.0100055761583724,
    1.0208115120560401,
    1.0321602347096321,
    1.043451902160986,
    1.0538210729397788,
    1.0621652208696066,
    1.0673103881679644,
    1.0683047928867904,
    1.0647073373889984,
    1.0566987980558855,
    1.0449578834277915,
    1.0304008403777556,
    1.0139337556609755,
    0.9963005482399838,
    0.9780207542068446,
    0.9593758259847802,
    0.94042365547522,
    0.9210515794798566,
    0.9010783151440552,
    0.8803842846429395,
    0.8590169911938371,
    0.8372179184242742,
    0.8153602967477465,
    0.7938398979070145,
    0.7729774683700095,
    0.7529672389453665,
    0.7338748508032752,
    0.7156729283901477,
    0.6982980641742603,
    0.6817074623911832,
    0.6659107372038472,
    0.6509648755634159,
    0.6369436573434004,
    0.6239052635994834,
    0.6118744134244156,
    0.6008407496500408,
    0.5907668351153065,
    0.581598737340272,
    0.5732751654901512,
    0.5657338715648175,
    0.5589155040838226,
    0.5527655896772584,
    0.5472353140348158,
    0.5422816093209191,
    0.5378668825842008,
    0.5339585873002641,
    0.530528751807911,
    0.5275535240889697,
    0.5250127609178441,
    0.5228896721861608,
    0.5211705223522443,
    0.5198443868432703,
    0.5189029597013686,
    0.5183404085890773,
    0.5181532737791028,
    0.5183404085890773,
    0.5189029597013686,
    0.5198443868432703,
    0.5211705223522443,
    0.5228896721861607,
    0.5250127609178441,
    0.5275535240889697,
    0.530528751807911,
    0.5339585873002641,
    0.5378668825842007,
    0.5422816093209188,
    0.5472353140348157,
    0.5527655896772584,
    0.5589155040838226,
    0.5657338715648176,
    0.5732751654901512,
    0.5815987373402719,
    0.5907668351153065,
    0.6008407496500408,
    0.6118744134244156,
    0.6239052635994835,
    0.6369436573434004,
    0.6509648755634158,
    0.6659107372038474,
    0.6817074623911831,
    0.6982980641742601,
    0.7156729283901477,
    0.7338748508032751,
    0.7529672389453662,
    0.7729774683700095,
    0.7938398979070144,
    0.8153602967477463,
    0.8372179184242742,
    0.859016991193837,
    0.8803842846429394,
    0.9010783151440553,
    0.9210515794798564,
    0.9404236554752199,
    0.9593758259847803,
    0.9780207542068442,
    0.9963005482399834,
    1.0139337556609753,
    1.030400840377755,
    1.0449578834277913,
    1.0566987980558855,
    1.0647073373889984,
    1.0683047928867901,
    1.0673103881679644,
    1.0621652208696069,
    1.0538210729397792,
    1.043451902160986,
    1.0321602347096321,
    1.0208115120560404,
    1.0100055761583724,
    1.000119444330127,
    0.9913630911809566,
    0.9838264347250929,
    0.9775165044242251,
    0.9723867250704793,
    0.9683585751840873
  ],