{
  "bias_mev": [
    -20.0,
    -19.666666666666668,
    -19.333333333333332,
    -19.0,
    -18.666666666666668,
    -18.333333333333332,
    -18.0,
    -17.666666666666668,
    -17.333333333333332,
    -17.0,
    -16.666666666666668,
    -16.333333333333332,
    -16.0,
    -15.666666666666668,
    -15.333333333333334,
    -15.0,
    -14.666666666666668,
    -14.333333333333334,
    -14.0,
    -13.666666666666668,
    -13.333333333333334,
    -13.0,
    -12.666666666666668,
    -12.333333333333334,
    -12.0,
    -11.666666666666668,
    -11.333333333333334,
    -11.0,
    -10.666666666666668,
    -10.333333333333334,
    -10.0,
    -9.666666666666668,
    -9.333333333333334,
    -9.0,
    -8.666666666666668,
    -8.333333333333334,
    -8.0,
    -7.666666666666668,
    -7.333333333333334,
    -7.0,
    -6.666666666666668,
    -6.333333333333334,
    -6.0,
    -5.666666666666668,
    -5.333333333333334,
    -5.0,
    -4.666666666666668,
    -4.333333333333334,
    -4.0,
    -3.666666666666668,
    -3.3333333333333357,
    -3.0,
    -2.666666666666668,
    -2.3333333333333357,
    -2.0,
    -1.6666666666666679,
    -1.3333333333333357,
    -1.0,
    -0.6666666666666679,
    -0.3333333333333357,
    0.0,
    0.33333333333333215,
    0.6666666666666643,
    1.0,
    1.3333333333333321,
    1.6666666666666643,
    2.0,
    2.333333333333332,
    2.6666666666666643,
    3.0,
    3.333333333333332,
    3.6666666666666643,
    4.0,
    4.333333333333332,
    4.666666666666664,
    5.0,
    5.333333333333332,
    5.666666666666664,
    6.0,
    6.333333333333332,
    6.666666666666664,
    7.0,
    7.333333333333332,
    7.666666666666664,
    8.0,
    8.333333333333332,
    8.666666666666664,
    9.0,
    9.333333333333332,
    9.666666666666664,
    10.0,
    10.333333333333332,
    10.666666666666664,
    11.0,
    11.333333333333332,
    11.666666666666664,
    12.0,
    12.333333333333329,
    12.666666666666664,
    13.0,
    13.333333333333329,
    13.666666666666664,
    14.0,
    14.333333333333329,
    14.666666666666664,
    15.0,
    15.333333333333329,
    15.666666666666664,
    16.0,
    16.33333333333333,
    16.666666666666664,
    17.0,
    17.33333333333333,
    17.666666666666664,
    18.0,
    18.33333333333333,
    18.666666666666664,
    19.0,
    19.33333333333333,
    19.666666666666664,
    20.0
  ],
  "conductance": [
    0.9697949460030982,
    0.9740915680894402,
    0.9790288122974099,
    0.984736140611984,
    0.9913708270420601,
    0.9991184304974363,
    1.008175473964582,
    1.0186987480096379,
    1.0307403645432804,
    1.0442446889410704,
    1.0590272386109534,
    1.0744678963672178,
    1.0892630913471006,
    1.1020071251459338,
    1.1120857376831819,
    1.1197519193906145,
    1.1256383273910104,
    1.1302775855317917,
    1.1339364849374083,
    1.1368094903433488,
    1.1392066006445989,
    1.1414576100614415,
    1.1437023290931334,
    1.1458065375729447,
    1.1474254784905185,
    1.14807413803457,
    1.147339816472664,
    1.1451856678676677,
    1.141927510666394,
    1.1379772799961942,
    1.133679810447879,
    1.129284448308431,
    1.1249577522562977,
    1.1207732902922878,
    1.116669514683563,
    1.1124585606471213,
    1.1079787951987512,
    1.1032344172768602,
    1.0983478031276301,
    1.093453559372347,
    1.0886519148075473,
    1.0840076560696956,
    1.0795606414001038,
    1.0753349342066043,
    1.0713447896724153,
    1.0675983268379636,
    1.064099777143068,
    1.0608508886571757,
    1.0578518252742433,
    1.0551017567238656,
    1.0525992541905447,
    1.0503425605237737,
    1.0483297776260458,
    1.0465589979990904,
    1.045028397947747,
    1.043736304027584,
    1.0426812405402537,
    1.0418619634018402,
    1.041277484044536,
    1.0409270858635216,
    1.0408103349025803,
    1.040927085863523,
    1.0412774840445347,
    1.0418619634018402,
    1.042681240540255,
    1.0437363040275827,
    1.045028397947747,
    1.046558997999092,
    1.0483297776260445,
    1.050342560523774,
    1.0525992541905462,
    1.0551017567238643,
    1.057851825274243,
    1.0608508886571772,
    1.0640997771430671,
    1.067598326837963,
    1.0713447896724169,
    1.0753349342066039,
    1.0795606414001033,
    1.084007656069697,
    1.0886519148075464,
    1.0934535593723462,
    1.0983478031276315,
    1.1032344172768593,
    1.1079787951987505,
    1.1124585606471227,
    1.1166695146835621,
    1.1207732902922871,
    1.124957752256299,
    1.1292844483084301,
    1.1336798104478782,
    1.137977279996196,
    1.1419275106663933,
    1.1451856678676668,
    1.1473398164726656,
    1.148074138034569,
    1.1474254784905187,
    1.1458065375729463,
    1.143702329093131,
    1.1414576100614422,
    1.1392066006446007,
    1.1368094903433466,
    1.133936484937409,
    1.1302775855317932,
    1.1256383273910084,
    1.1197519193906151,
    1.1120857376831836,
    1.102007125145932,
    1.0892630913471006,
    1.0744678963672194,
    1.0590272386109523,
    1.0442446889410704,
    1.030740364543282,
    1.0186987480096366,
    1.008175473964582,
    0.9991184304974374,
    0.9913708270420587,
    0.9847361406119839,
    0.9790288122974112,
    0.9740915680894394,
    0.9697949460030977
  ],