{
  "bias_mev": [
    -20.0,
    -19.666666666666668,
    -19.333333333333332,
    -19.0,
    -18.666666666666668,
    -18.333333333333332,
    -18.0,
    -17.666666666666668,
    -17.333333333333332,
    -17.0,
    -16.666666666666668,
    -16.333333333333332,
    -16.0,
    -15.666666666666668,
    -15.333333333333334,
    -15.0,
    -14.666666666666668,
    -14.333333333333334,
    -14.0,
    -13.666666666666668,
    -13.333333333333334,
    -13.0,
    -12.666666666666668,
    -12.333333333333334,
    -12.0,
    -11.666666666666668,
    -11.333333333333334,
    -11.0,
    -10.666666666666668,
    -10.333333333333334,
    -10.0,
    -9.666666666666668,
    -9.333333333333334,
    -9.0,
    -8.666666666666668,
    -8.333333333333334,
    -8.0,
    -7.666666666666668,
    -7.333333333333334,
    -7.0,
    -6.666666666666668,
    -6.333333333333334,
    -6.0,
    -5.666666666666668,
    -5.333333333333334,
    -5.0,
    -4.666666666666668,
    -4.333333333333334,
    -4.0,
    -3.666666666666668,
    -3.3333333333333357,
    -3.0,
    -2.666666666666668,
    -2.3333333333333357,
    -2.0,
    -1.6666666666666679,
    -1.3333333333333357,
    -1.0,
    -0.6666666666666679,
    -0.3333333333333357,
    0.0,
    0.33333333333333215,
    0.6666666666666643,
    1.0,
    1.3333333333333321,
    1.6666666666666643,
    2.0,
    2.333333333333332,
    2.6666666666666643,
    3.0,
    3.333333333333332,
    3.6666666666666643,
    4.0,
    4.333333333333332,
    4.666666666666664,
    5.0,
    5.333333333333332,
    5.666666666666664,
    6.0,
    6.333333333333332,
    6.666666666666664,
    7.0,
    7.333333333333332,
    7.666666666666664,
    8.0,
    8.333333333333332,
    8.666666666666664,
    9.0,
    9.333333333333332,
    9.666666666666664,
    10.0,
    10.333333333333332,
    10.666666666666664,
    11.0,
    11.333333333333332,
    11.666666666666664,
    12.0,
    12.333333333333329,
    12.666666666666664,
    13.0,
    13.333333333333329,
    13.666666666666664,
    14.0,
    14.333333333333329,
    14.666666666666664,
    15.0,
    15.333333333333329,
    15.666666666666664,
    16.0,
    16.33333333333333,
    16.666666666666664,
    17.0,
    17.33333333333333,
    17.666666666666664,
    18.0,
    18.33333333333333,
    18.666666666666664,
    19.0,
    19.33333333333333,
    19.666666666666664,
    20.0
  ],
  "conductance": [
    0.985071981554816,
    0.9859807693262509,
    0.987719758732883,
    0.990372785817086,
    0.9940046172872112,
    0.998643051209039,
    1.0042565175524605,
    1.0107333603942286,
    1.017867788209237,
    1.025349369916787,
    1.0327505225016005,
    1.0395268729564315,
    1.0450708857492612,
    1.0488386020034945,
    1.0504987318516665,
    1.0500118744954343,
    1.0475944212428823,
    1.043606725034134,
    1.038441279438663,
    1.0324535803947228,
    1.0259251908027696,
    1.0190314701044376,
    1.0118115133995211,
    1.0041648394184282,
    0.9958972528912404,
    0.9868123328446852,
    0.9768143011003056,
    0.9659713315562505,
    0.9545058651144812,
    0.9427243511816381,
    0.9309306663909374,
    0.919360740422823,
    0.9081515311508078,
    0.8973424004075216,
    0.8869034476048576,
    0.8767810372282769,
    0.8669417035852546,
    0.8573941080873851,
    0.8481833483189959,
    0.8393697539403836,
    0.8310085307255086,
    0.8231386065297537,
    0.8157803661690309,
    0.8089384627582304,
    0.8026062826994775,
    0.796770158788539,
    0.7914126365645903,
    0.7865147408947559,
    0.7820574316606718,
    0.7780224782448614,
    0.7743929471655675,
    0.7711534454282194,
    0.7682902165006327,
    0.7657911517587922,
    0.7636457568725633,
    0.7618450973199994,
    0.7603817375435011,
    0.7592496822744079,
    0.7584443249187403,
    0.7579624057324883,
    0.7578019812528306,
    0.7579624057324883,
    0.7584443249187404,
    0.7592496822744078,
    0.760381737543501,
    0.7618450973199993,
    0.7636457568725633,
    0.765791151758792,
    0.7682902165006328,
    0.7711534454282194,
    0.7743929471655675,
    0.7780224782448614,
    0.7820574316606719,
    0.7865147408947559,
    0.79141263656459,
    0.796770158788539,
    0.8026062826994772,
    0.8089384627582302,
    0.8157803661690309,
    0.8231386065297537,
    0.8310085307255083,
    0.8393697539403839,
    0.8481833483189961,
    0.8573941080873849,
    0.8669417035852546,
    0.8767810372282768,
    0.8869034476048576,
    0.8973424004075219,
    0.9081515311508077,
    0.9193607404228229,
    0.9309306663909374,
    0.9427243511816381,
    0.954505865114481,
    0.9659713315562504,
    0.9768143011003056,
    0.9868123328446848,
    0.9958972528912405,
    1.0041648394184282,
    1.0118115133995211,
    1.0190314701044376,
    1.0259251908027696,
    1.0324535803947226,
    1.0384412794386633,
    1.043606725034134,
    1.0475944212428823,
    1.0500118744954345,
    1.0504987318516665,
    1.0488386020034943,
    1.0450708857492614,
    1.0395268729564324,
    1.0327505225016007,
    1.0253493699167873,
    1.017867788209237,
    1.0107333603942286,
    1.0042565175524603,
    0.9986430512090391,
    0.9940046172872112,
    0.9903727858170864,
    0.9877197587328832,
    0.9859807693262509,
    0.985071981554816
  ],