{
  "bias_mev": [
    -20.0,
    -19.666666666666668,
    -19.333333333333332,
    -19.0,
    -18.666666666666668,
    -18.333333333333332,
    -18.0,
    -17.666666666666668,
    -17.333333333333332,
    -17.0,
    -16.666666666666668,
    -16.333333333333332,
    -16.0,
    -15.666666666666668,
    -15.333333333333334,
    -15.0,
    -14.666666666666668,
    -14.333333333333334,
    -14.0,
    -13.666666666666668,
    -13.333333333333334,
    -13.0,
    -12.666666666666668,
    -12.333333333333334,
    -12.0,
    -11.666666666666668,
    -11.333333333333334,
    -11.0,
    -10.666666666666668,
    -10.333333333333334,
    -10.0,
    -9.666666666666668,
    -9.333333333333334,
    -9.0,
    -8.666666666666668,
    -8.333333333333334,
    -8.0,
    -7.666666666666668,
    -7.333333333333334,
    -7.0,
    -6.666666666666668,
    -6.333333333333334,
    -6.0,
    -5.666666666666668,
    -5.333333333333334,
    -5.0,
    -4.666666666666668,
    -4.333333333333334,
    -4.0,
    -3.666666666666668,
    -3.3333333333333357,
    -3.0,
    -2.666666666666668,
    -2.3333333333333357,
    -2.0,
    -1.6666666666666679,
    -1.3333333333333357,
    -1.0,
    -0.6666666666666679,
    -0.3333333333333357,
    0.0,
    0.33333333333333215,
    0.6666666666666643,
    1.0,
    1.3333333333333321,
    1.6666666666666643,
    2.0,
    2.333333333333332,
    2.6666666666666643,
    3.0,
    3.333333333333332,
    3.6666666666666643,
    4.0,
    4.333333333333332,
    4.666666666666664,
    5.0,
    5.333333333333332,
    5.666666666666664,
    6.0,
    6.333333333333332,
    6.666666666666664,
    7.0,
    7.333333333333332,
    7.666666666666664,
    8.0,
    8.333333333333332,
    8.666666666666664,
    9.0,
    9.333333333333332,
    9.666666666666664,
    10.0,
    10.333333333333332,
    10.666666666666664,
    11.0,
    11.333333333333332,
    11.666666666666664,
    12.0,
    12.333333333333329,
    12.666666666666664,
    13.0,
    13.333333333333329,
    13.666666666666664,
    14.0,
    14.333333333333329,
    14.666666666666664,
    15.0,
    15.333333333333329,
    15.666666666666664,
    16.0,
    16.33333333333333,
    16.666666666666664,
    17.0,
    17.33333333333333,
    17.666666666666664,
    18.0,
    18.33333333333333,
    18.666666666666664,
    19.0,
    19.33333333333333,
    19.666666666666664,
    20.0
  ],
  "conductance": [
    0.9708641554950272,
    0.9754694197196865,
    0.9805976123902538,
    0.9863462178026257,
    0.9928266342061043,
    1.000157616824882,
    1.0084454936647098,
    1.0177534145107647,
    1.0280907206321384,
    1.039448714753807,
    1.0517952753833961,
    1.064915145635907,
    1.078228978961992,
    1.0909142859221919,
    1.1023363134321744,
    1.112314221592893,
    1.1210227613576154,
    1.1287434416180142,
    1.1356882031261737,
    1.1420039263762165,
    1.1478652971760925,
    1.153475846264798,
    1.1589647315143352,
    1.1642930982248971,
    1.1692431762254147,
    1.1734830765164275,
    1.1767206193338384,
    1.178879534845054,
    1.1801060274623658,
    1.1806403215012418,
    1.1807138627859024,
    1.1805113012592148,
    1.1801593016028658,
    1.1797110400040844,
    1.1791316850929336,
    1.178329215152024,
    1.1772387600066037,
    1.175872830629218,
    1.1742963581572035,
    1.1725840461086285,
    1.170799004086793,
    1.1689889749061428,
    1.1671888986003858,
    1.1654243101321358,
    1.1637140656217229,
    1.162072279215163,
    1.1605096567124253,
    1.1590344144082487,
    1.1576529202444505,
    1.1563701487479827,
    1.1551900094611003,
    1.1541155879102636,
    1.153149324948334,
    1.152293151826565,
    1.151548592845214,
    1.15091684379421,
    1.1503988319479928,
    1.1499952616980333,
    1.1497066487262426,
    1.1495333447717302,
    1.1494755544099653,
    1.1495333447717315,
    1.1497066487262413,
    1.1499952616980333,
    1.1503988319479945,
    1.1509168437942086,
    1.1515485928452138,
    1.1522931518265664,
    1.1531493249483322,
    1.1541155879102634,
    1.1551900094611014,
    1.1563701487479818,
    1.15765292024445,
    1.15903441440825,
    1.1605096567124242,
    1.1620722792151625,
    1.1637140656217244,
    1.165424310132135,
    1.1671888986003849,
    1.1689889749061442,
    1.1707990040867924,
    1.1725840461086279,
    1.1742963581572052,
    1.1758728306292177,
    1.177238760006603,
    1.1783292151520255,
    1.1791316850929328,
    1.1797110400040836,
    1.1801593016028673,
    1.1805113012592139,
    1.1807138627859017,
    1.1806403215012435,
    1.1801060274623651,
    1.1788795348450536,
    1.1767206193338398,
    1.1734830765164261,
    1.169243176225415,
    1.1642930982248987,
    1.1589647315143332,
    1.1534758462647987,
    1.1478652971760939,
    1.1420039263762145,
    1.1356882031261744,
    1.1287434416180158,
    1.1210227613576136,
    1.1123142215928936,
    1.1023363134321762,
    1.0909142859221905,
    1.078228978961992,
    1.0649151456359085,
    1.051795275383395,
    1.039448714753807,
    1.0280907206321397,
    1.0177534145107634,
    1.0084454936647096,
    1.0001576168248834,
    0.9928266342061032,
    0.9863462178026257,
    0.9805976123902551,
    0.975469419719686,
    0.9708641554950269
  ],