{
  "bias_mev": [
    -20.0,
    -19.666666666666668,
    -19.333333333333332,
    -19.0,
    -18.666666666666668,
    -18.333333333333332,
    -18.0,
    -17.666666666666668,
    -17.333333333333332,
    -17.0,
    -16.666666666666668,
    -16.333333333333332,
    -16.0,
    -15.666666666666668,
    -15.333333333333334,
    -15.0,
    -14.666666666666668,
    -14.333333333333334,
    -14.0,
    -13.666666666666668,
    -13.333333333333334,
    -13.0,
    -12.666666666666668,
    -12.333333333333334,
    -12.0,
    -11.666666666666668,
    -11.333333333333334,
    -11.0,
    -10.666666666666668,
    -10.333333333333334,
    -10.0,
    -9.666666666666668,
    -9.333333333333334,
    -9.0,
    -8.666666666666668,
    -8.333333333333334,
    -8.0,
    -7.666666666666668,
    -7.333333333333334,
    -7.0,
    -6.666666666666668,
    -6.333333333333334,
    -6.0,
    -5.666666666666668,
    -5.333333333333334,
    -5.0,
    -4.666666666666668,
    -4.333333333333334,
    -4.0,
    -3.666666666666668,
    -3.3333333333333357,
    -3.0,
    -2.666666666666668,
    -2.3333333333333357,
    -2.0,
    -1.6666666666666679,
    -1.3333333333333357,
    -1.0,
    -0.6666666666666679,
    -0.3333333333333357,
    0.0,
    0.33333333333333215,
    0.6666666666666643,
    1.0,
    1.3333333333333321,
    1.6666666666666643,
    2.0,
    2.333333333333332,
    2.6666666666666643,
    3.0,
    3.333333333333332,
    3.6666666666666643,
    4.0,
    4.333333333333332,
    4.666666666666664,
    5.0,
    5.333333333333332,
    5.666666666666664,
    6.0,
    6.333333333333332,
    6.666666666666664,
    7.0,
    7.333333333333332,
    7.666666666666664,
    8.0,
    8.333333333333332,
    8.666666666666664,
    9.0,
    9.333333333333332,
    9.666666666666664,
    10.0,
    10.333333333333332,
    10.666666666666664,
    11.0,
    11.333333333333332,
    11.666666666666664,
    12.0,
    12.333333333333329,
    12.666666666666664,
    13.0,
    13.333333333333329,
    13.666666666666664,
    14.0,
    14.333333333333329,
    14.666666666666664,
    15.0,
    15.333333333333329,
    15.666666666666664,
    16.0,
    16.33333333333333,
    16.666666666666664,
    17.0,
    17.33333333333333,
    17.666666666666664,
    18.0,
    18.33333333333333,
    18.666666666666664,
    19.0,
    19.33333333333333,
    19.666666666666664,
    20.0
  ],
  "conductance": [
    0.9739612265116062,
    0.9773608940130403,
    0.9815254646347098,
    0.9865523215062775,
    0.992533182945804,
    0.9995405957675296,
    1.0076083953433894,
    1.0167102328262518,
    1.026738299872635,
    1.0374693865787552,
    1.0484983627498752,
    1.0591658375706132,
    1.0685851446180392,
    1.0758548098702316,
    1.0803673782193648,
    1.0819897199131217,
    1.0810011995321778,
    1.07788763645784,
    1.0731541730262424,
    1.0672361784788573,
    1.0604794918821028,
    1.053123883133539,
    1.0452679273334193,
    1.036850094009485,
    1.0276890494089137,
    1.0175893476786644,
    1.0064682256156343,
    0.9944277140087636,
    0.9817266837452489,
    0.9686864313286034,
    0.955599311199368,
    0.9426769015028422,
    0.9300344873073629,
    0.9177006653609465,
    0.9056500307244205,
    0.8938540247645106,
    0.8823251592034115,
    0.8711261714075794,
    0.8603456086828076,
    0.8500666072573505,
    0.8403488582149801,
    0.8312253898807134,
    0.8227073019031219,
    0.8147904669147799,
    0.8074613663277272,
    0.8007013406853958,
    0.7944894163943461,
    0.7888040854488223,
    0.7836243808096743,
    0.7789304993318151,
    0.7747041418525158,
    0.7709286800559403,
    0.767589219592508,
    0.7646726031037605,
    0.7621673804674126,
    0.7600637633132505,
    0.7583535744225054,
    0.7570301985846613,
    0.7560885389521996,
    0.7555249813456919,
    0.7553373679663934,
    0.7555249813456921,
    0.7560885389521993,
    0.7570301985846613,
    0.7583535744225056,
    0.7600637633132503,
    0.7621673804674123,
    0.7646726031037608,
    0.7675892195925075,
    0.7709286800559403,
    0.774704141852516,
    0.7789304993318148,
    0.7836243808096739,
    0.7888040854488227,
    0.7944894163943458,
    0.8007013406853957,
    0.8074613663277276,
    0.8147904669147795,
    0.8227073019031218,
    0.8312253898807138,
    0.8403488582149797,
    0.8500666072573503,
    0.860345608682808,
    0.871126171407579,
    0.882325159203411,
    0.8938540247645108,
    0.9056500307244202,
    0.9177006653609463,
    0.9300344873073634,
    0.9426769015028419,
    0.9555993111993679,
    0.9686864313286037,
    0.9817266837452484,
    0.9944277140087635,
    1.0064682256156345,
    1.017589347678664,
    1.027689049408914,
    1.0368500940094854,
    1.0452679273334187,
    1.0531238831335392,
    1.0604794918821032,
    1.0672361784788564,
    1.0731541730262424,
    1.0778876364578405,
    1.081001199532177,
    1.081989719913122,
    1.0803673782193655,
    1.075854809870231,
    1.0685851446180394,
    1.0591658375706143,
    1.048498362749875,
    1.0374693865787552,
    1.026738299872636,
    1.0167102328262518,
    1.0076083953433894,
    0.9995405957675304,
    0.9925331829458037,
    0.9865523215062776,
    0.9815254646347105,
    0.97736089401304,
    0.9739612265116058
  ],