{
  "bias_mev": [
    -20.0,
    -19.666666666666668,
    -19.333333333333332,
    -19.0,
    -18.666666666666668,
    -18.333333333333332,
    -18.0,
    -17.666666666666668,
    -17.333333333333332,
    -17.0,
    -16.666666666666668,
    -16.333333333333332,
    -16.0,
    -15.666666666666668,
    -15.333333333333334,
    -15.0,
    -14.666666666666668,
    -14.333333333333334,
    -14.0,
    -13.666666666666668,
    -13.333333333333334,
    -13.0,
    -12.666666666666668,
    -12.333333333333334,
    -12.0,
    -11.666666666666668,
    -11.333333333333334,
    -11.0,
    -10.666666666666668,
    -10.333333333333334,
    -10.0,
    -9.666666666666668,
    -9.333333333333334,
    -9.0,
    -8.666666666666668,
    -8.333333333333334,
    -8.0,
    -7.666666666666668,
    -7.333333333333334,
    -7.0,
    -6.666666666666668,
    -6.333333333333334,
    -6.0,
    -5.666666666666668,
    -5.333333333333334,
    -5.0,
    -4.666666666666668,
    -4.333333333333334,
    -4.0,
    -3.666666666666668,
    -3.3333333333333357,
    -3.0,
    -2.666666666666668,
    -2.3333333333333357,
    -2.0,
    -1.6666666666666679,
    -1.3333333333333357,
    -1.0,
    -0.6666666666666679,
    -0.3333333333333357,
    0.0,
    0.33333333333333215,
    0.6666666666666643,
    1.0,
    1.3333333333333321,
    1.6666666666666643,
    2.0,
    2.333333333333332,
    2.6666666666666643,
    3.0,
    3.333333333333332,
    3.6666666666666643,
    4.0,
    4.333333333333332,
    4.666666666666664,
    5.0,
    5.333333333333332,
    5.666666666666664,
    6.0,
    6.333333333333332,
    6.666666666666664,
    7.0,
    7.333333333333332,
    7.666666666666664,
    8.0,
    8.333333333333332,
    8.666666666666664,
    9.0,
    9.333333333333332,
    9.666666666666664,
    10.0,
    10.333333333333332,
    10.666666666666664,
    11.0,
    11.333333333333332,
    11.666666666666664,
    12.0,
    12.333333333333329,
    12.666666666666664,
    13.0,
    13.333333333333329,
    13.666666666666664,
    14.0,
    14.333333333333329,
    14.666666666666664,
    15.0,
    15.333333333333329,
    15.666666666666664,
    16.0,
    16.33333333333333,
    16.666666666666664,
    17.0,
    17.33333333333333,
    17.666666666666664,
    18.0,
    18.33333333333333,
    18.666666666666664,
    19.0,
    19.33333333333333,
    19.666666666666664,
    20.0
  ],
  "conductance": [
    0.985591789872576,
    0.9864333362542432,
    0.988089300879678,
    0.9906398634464801,
    0.99414654612294,
    0.9986354183281951,
    1.0040770658308198,
    1.01036981481845,
    1.0173304423405733,
    1.0246864221060445,
    1.0320593099411663,
    1.0389501927712113,
    1.0447707121266767,
    1.048953489682685,
    1.0511067087904429,
    1.0511198009310287,
    1.0491555588969317,
    1.045549757031549,
    1.0406926827258,
    1.034948687535448,
    1.0286153646815295,
    1.0218931064592895,
    1.0148523568862475,
    1.0074189543744858,
    0.9994065002508316,
    0.9906015458610681,
    0.9808720194390874,
    0.9702458709384002,
    0.958917939516792,
    0.9471878870111754,
    0.9353711283803894,
    0.9237253727262874,
    0.9124115167230266,
    0.9014890687007491,
    0.8909407040637273,
    0.8807166400356174,
    0.8707807266971339,
    0.8611368262042524,
    0.8518269029747523,
    0.8429110687012265,
    0.834446419566368,
    0.8264745064879068,
    0.819018085697214,
    0.8120835170744904,
    0.8056652000202396,
    0.7997499246053857,
    0.7943203091435821,
    0.7893572133020988,
    0.784841301012707,
    0.7807539865668153,
    0.7770779670392131,
    0.773797492071738,
    0.7708984744539984,
    0.7683685088960137,
    0.7661968414495427,
    0.7643743156564811,
    0.7628933111013464,
    0.7617476835961149,
    0.7609327123052589,
    0.7604450567801946,
    0.7602827255058056,
    0.7604450567801946,
    0.7609327123052589,
    0.761747683596115,
    0.7628933111013464,
    0.7643743156564807,
    0.7661968414495427,
    0.7683685088960137,
    0.7708984744539986,
    0.7737974920717379,
    0.7770779670392131,
    0.7807539865668153,
    0.7848413010127069,
    0.7893572133020988,
    0.7943203091435818,
    0.7997499246053855,
    0.8056652000202396,
    0.8120835170744904,
    0.8190180856972138,
    0.8264745064879068,
    0.8344464195663677,
    0.8429110687012265,
    0.851826902974752,
    0.8611368262042526,
    0.8707807266971341,
    0.8807166400356174,
    0.8909407040637273,
    0.9014890687007491,
    0.9124115167230265,
    0.9237253727262874,
    0.9353711283803894,
    0.947187887011175,
    0.9589179395167919,
    0.9702458709384001,
    0.9808720194390873,
    0.9906015458610681,
    0.9994065002508316,
    1.0074189543744858,
    1.0148523568862475,
    1.0218931064592895,
    1.0286153646815293,
    1.034948687535448,
    1.0406926827258003,
    1.045549757031549,
    1.049155558896932,
    1.051119800931029,
    1.0511067087904429,
    1.0489534896826849,
    1.0447707121266765,
    1.0389501927712115,
    1.0320593099411666,
    1.0246864221060445,
    1.0173304423405731,
    1.01036981481845,
    1.00407706583082,
    0.9986354183281955,
    0.99414654612294,
    0.9906398634464805,
    0.9880893008796781,
    0.9864333362542432,
    0.9855917898725758
  ],