{
  "bias_mev": [
    -20.0,
    -19.666666666666668,
    -19.333333333333332,
    -19.0,
    -18.666666666666668,
    -18.333333333333332,
    -18.0,
    -17.666666666666668,
    -17.333333333333332,
    -17.0,
    -16.666666666666668,
    -16.333333333333332,
    -16.0,
    -15.666666666666668,
    -15.333333333333334,
    -15.0,
    -14.666666666666668,
    -14.333333333333334,
    -14.0,
    -13.666666666666668,
    -13.333333333333334,
    -13.0,
    -12.666666666666668,
    -12.333333333333334,
    -12.0,
    -11.666666666666668,
    -11.333333333333334,
    -11.0,
    -10.666666666666668,
    -10.333333333333334,
    -10.0,
    -9.666666666666668,
    -9.333333333333334,
    -9.0,
    -8.666666666666668,
    -8.333333333333334,
    -8.0,
    -7.666666666666668,
    -7.333333333333334,
    -7.0,
    -6.666666666666668,
    -6.333333333333334,
    -6.0,
    -5.666666666666668,
    -5.333333333333334,
    -5.0,
    -4.666666666666668,
    -4.333333333333334,
    -4.0,
    -3.666666666666668,
    -3.3333333333333357,
    -3.0,
    -2.666666666666668,
    -2.3333333333333357,
    -2.0,
    -1.6666666666666679,
    -1.3333333333333357,
    -1.0,
    -0.6666666666666679,
    -0.3333333333333357,
    0.0,
    0.33333333333333215,
    0.6666666666666643,
    1.0,
    1.3333333333333321,
    1.6666666666666643,
    2.0,
    2.333333333333332,
    2.6666666666666643,
    3.0,
    3.333333333333332,
    3.6666666666666643,
    4.0,
    4.333333333333332,
    4.666666666666664,
    5.0,
    5.333333333333332,
    5.666666666666664,
    6.0,
    6.333333333333332,
    6.666666666666664,
    7.0,
    7.333333333333332,
    7.666666666666664,
    8.0,
    8.333333333333332,
    8.666666666666664,
    9.0,
    9.333333333333332,
    9.666666666666664,
    10.0,
    10.333333333333332,
    10.666666666666664,
    11.0,
    11.333333333333332,
    11.666666666666664,
    12.0,
    12.333333333333329,
    12.666666666666664,
    13.0,
    13.333333333333329,
    13.666666666666664,
    14.0,
    14.333333333333329,
    14.666666666666664,
    15.0,
    15.333333333333329,
    15.666666666666664,
    16.0,
    16.33333333333333,
    16.666666666666664,
    17.0,
    17.33333333333333,
    17.666666666666664,
    18.0,
    18.33333333333333,
    18.666666666666664,
    19.0,
    19.33333333333333,
    19.666666666666664,
    20.0
  ],
  "conductance": [
    0.9808173604426319,
    0.9821376485767099,
    0.984665762727625,
    0.9884398992761048,
    0.9934446137301483,
    0.9995777853709398,
    1.0066127399379747,
    1.0141666177964328,
    1.021685597549762,
    1.0284519745916705,
    1.0336220039830855,
    1.0363215637137322,
    1.0358197503784805,
    1.0317330367079738,
    1.024144682496014,
    1.0135559416506896,
    1.0007015301111266,
    0.9863431575303259,
    0.9711342694454255,
    0.9555669257055521,
    0.9399535202991512,
    0.9244076073576637,
    0.9088367491607733,
    0.8929836250849037,
    0.8765306576669044,
    0.8592437589286547,
    0.8410981306675603,
    0.8223222545552977,
    0.8033344650978975,
    0.7846110285743856,
    0.7665568505837437,
    0.7494274202876281,
    0.733310505569466,
    0.7181550232352463,
    0.7038316016837124,
    0.6902059698933845,
    0.6771979558835144,
    0.6648016670799618,
    0.6530653016271172,
    0.6420528881835965,
    0.6318129767592058,
    0.6223649072234254,
    0.6136996104312924,
    0.6057873356868219,
    0.5985864198860134,
    0.5920503271858123,
    0.5861323484333997,
    0.5807883206377981,
    0.5759779654742725,
    0.5716653735766037,
    0.5678190104329511,
    0.5644114832707131,
    0.5614192099279197,
    0.5588220673277693,
    0.5566030591756072,
    0.5547480209546979,
    0.5532453687321999,
    0.5520858924997344,
    0.551262592211353,
    0.550770553861101,
    0.5506068630286852,
    0.550770553861101,
    0.551262592211353,
    0.5520858924997344,
    0.5532453687321999,
    0.554748020954698,
    0.5566030591756073,
    0.5588220673277692,
    0.5614192099279196,
    0.5644114832707131,
    0.567819010432951,
    0.5716653735766037,
    0.5759779654742725,
    0.580788320637798,
    0.5861323484333997,
    0.5920503271858123,
    0.5985864198860134,
    0.6057873356868216,
    0.6136996104312925,
    0.6223649072234254,
    0.6318129767592058,
    0.6420528881835965,
    0.6530653016271171,
    0.6648016670799615,
    0.6771979558835145,
    0.6902059698933842,
    0.7038316016837123,
    0.7181550232352462,
    0.7333105055694659,
    0.7494274202876278,
    0.7665568505837435,
    0.7846110285743857,
    0.8033344650978973,
    0.8223222545552977,
    0.8410981306675601,
    0.8592437589286546,
    0.8765306576669044,
    0.8929836250849033,
    0.9088367491607732,
    0.9244076073576637,
    0.9399535202991509,
    0.9555669257055519,
    0.9711342694454252,
    0.9863431575303256,
    1.0007015301111262,
    1.0135559416506899,
    1.024144682496014,
    1.0317330367079736,
    1.0358197503784803,
    1.0363215637137322,
    1.0336220039830857,
    1.0284519745916705,
    1.0216855975497623,
    1.0141666177964328,
    1.0066127399379747,
    0.9995777853709401,
    0.9934446137301483,
    0.9884398992761048,
    0.984665762727625,
    0.9821376485767099,
    0.9808173604426317
  ],