{
  "bias_mev": [
    -20.0,
    -19.666666666666668,
    -19.333333333333332,
    -19.0,
    -18.666666666666668,
    -18.333333333333332,
    -18.0,
    -17.666666666666668,
    -17.333333333333332,
    -17.0,
    -16.666666666666668,
    -16.333333333333332,
    -16.0,
    -15.666666666666668,
    -15.333333333333334,
    -15.0,
    -14.666666666666668,
    -14.333333333333334,
    -14.0,
    -13.666666666666668,
    -13.333333333333334,
    -13.0,
    -12.666666666666668,
    -12.333333333333334,
    -12.0,
    -11.666666666666668,
    -11.333333333333334,
    -11.0,
    -10.666666666666668,
    -10.333333333333334,
    -10.0,
    -9.666666666666668,
    -9.333333333333334,
    -9.0,
    -8.666666666666668,
    -8.333333333333334,
    -8.0,
    -7.666666666666668,
    -7.333333333333334,
    -7.0,
    -6.666666666666668,
    -6.333333333333334,
    -6.0,
    -5.666666666666668,
    -5.333333333333334,
    -5.0,
    -4.666666666666668,
    -4.333333333333334,
    -4.0,
    -3.666666666666668,
    -3.3333333333333357,
    -3.0,
    -2.666666666666668,
    -2.3333333333333357,
    -2.0,
    -1.6666666666666679,
    -1.3333333333333357,
    -1.0,
    -0.6666666666666679,
    -0.3333333333333357,
    0.0,
    0.33333333333333215,
    0.6666666666666643,
    1.0,
    1.3333333333333321,
    1.6666666666666643,
    2.0,
    2.333333333333332,
    2.6666666666666643,
    3.0,
    3.333333333333332,
    3.6666666666666643,
    4.0,
    4.333333333333332,
    4.666666666666664,
    5.0,
    5.333333333333332,
    5.666666666666664,
    6.0,
    6.333333333333332,
    6.666666666666664,
    7.0,
    7.333333333333332,
    7.666666666666664,
    8.0,
    8.333333333333332,
    8.666666666666664,
    9.0,
    9.333333333333332,
    9.666666666666664,
    10.0,
    10.333333333333332,
    10.666666666666664,
    11.0,
    11.333333333333332,
    11.666666666666664,
    12.0,
    12.333333333333329,
    12.666666666666664,
    13.0,
    13.333333333333329,
    13.666666666666664,
    14.0,
    14.333333333333329,
    14.666666666666664,
    15.0,
    15.333333333333329,
    15.666666666666664,
    16.0,
    16.33333333333333,
    16.666666666666664,
    17.0,
    17.33333333333333,
    17.666666666666664,
    18.0,
    18.33333333333333,
    18.666666666666664,
    19.0,
    19.33333333333333,
    19.666666666666664,
    20.0
  ],
  "conductance": [
    0.9822589262655338,
    0.983694726030636,
    0.9859553826751538,
    0.9891463719013888,
    0.9933668462733505,
    0.9986807494177834,
    1.0050707575088356,
    1.0124024166137175,
    1.02044992999659,
    1.028973893317011,
    1.0377157012396336,
    1.0462313074249963,
    1.053763734535504,
    1.0594333931495072,
    1.0626697081232344,
    1.0634679673763257,
    1.062263058925049,
    1.0596074794083612,
    1.0559461558886294,
    1.0516139223773626,
    1.0469199640946585,
    1.0421143302789495,
    1.0372362595508733,
    1.0320121092792274,
    1.0259208409024425,
    1.0184166810275486,
    1.0092198281681237,
    0.9984942892405567,
    0.9867583990955252,
    0.9746328263263607,
    0.9626381193634681,
    0.9511076629058789,
    0.9401642586394879,
    0.929721604910278,
    0.919538493164909,
    0.9093623458344468,
    0.8990901087834282,
    0.8888077611208501,
    0.87870099381022,
    0.8689510499957094,
    0.8596854809530584,
    0.8509751777907819,
    0.8428490760639231,
    0.8353098002836584,
    0.8283451686936965,
    0.8219355281899983,
    0.8160581134234036,
    0.8106895307697566,
    0.8058071239675437,
    0.8013896900469967,
    0.7974178235352792,
    0.7938740511910695,
    0.790742851590459,
    0.788010614429065,
    0.785665571483111,
    0.7836977177972357,
    0.7820987338253377,
    0.7808619146423144,
    0.7799821096422564,
    0.7794556745692066,
    0.7792804368329141,
    0.7794556745692068,
    0.7799821096422561,
    0.7808619146423144,
    0.7820987338253382,
    0.7836977177972354,
    0.7856655714831111,
    0.7880106144290652,
    0.7907428515904587,
    0.7938740511910696,
    0.7974178235352793,
    0.8013896900469963,
    0.8058071239675437,
    0.8106895307697569,
    0.8160581134234034,
    0.821935528189998,
    0.8283451686936968,
    0.8353098002836581,
    0.8428490760639231,
    0.8509751777907822,
    0.8596854809530582,
    0.868951049995709,
    0.8787009938102206,
    0.8888077611208501,
    0.899090108783428,
    0.9093623458344472,
    0.9195384931649089,
    0.929721604910278,
    0.9401642586394883,
    0.9511076629058786,
    0.9626381193634679,
    0.974632826326361,
    0.9867583990955251,
    0.9984942892405567,
    1.009219828168124,
    1.0184166810275481,
    1.025920840902443,
    1.0320121092792278,
    1.0372362595508726,
    1.04211433027895,
    1.046919964094659,
    1.051613922377362,
    1.0559461558886296,
    1.0596074794083616,
    1.0622630589250484,
    1.063467967376326,
    1.062669708123235,
    1.0594333931495066,
    1.053763734535504,
    1.046231307424997,
    1.0377157012396334,
    1.028973893317011,
    1.0204499299965908,
    1.0124024166137173,
    1.0050707575088356,
    0.9986807494177841,
    0.9933668462733499,
    0.989146371901389,
    0.9859553826751545,
    0.9836947260306357,
    0.9822589262655335
  ],