{
  "bias_mev": [
    -20.0,
    -19.666666666666668,
    -19.333333333333332,
    -19.0,
    -18.666666666666668,
    -18.333333333333332,
    -18.0,
    -17.666666666666668,
    -17.333333333333332,
    -17.0,
    -16.666666666666668,
    -16.333333333333332,
    -16.0,
    -15.666666666666668,
    -15.333333333333334,
    -15.0,
    -14.666666666666668,
    -14.333333333333334,
    -14.0,
    -13.666666666666668,
    -13.333333333333334,
    -13.0,
    -12.666666666666668,
    -12.333333333333334,
    -12.0,
    -11.666666666666668,
    -11.333333333333334,
    -11.0,
    -10.666666666666668,
    -10.333333333333334,
    -10.0,
    -9.666666666666668,
    -9.333333333333334,
    -9.0,
    -8.666666666666668,
    -8.333333333333334,
    -8.0,
    -7.666666666666668,
    -7.333333333333334,
    -7.0,
    -6.666666666666668,
    -6.333333333333334,
    -6.0,
    -5.666666666666668,
    -5.333333333333334,
    -5.0,
    -4.666666666666668,
    -4.333333333333334,
    -4.0,
    -3.666666666666668,
    -3.3333333333333357,
    -3.0,
    -2.666666666666668,
    -2.3333333333333357,
    -2.0,
    -1.6666666666666679,
    -1.3333333333333357,
    -1.0,
    -0.6666666666666679,
    -0.3333333333333357,
    0.0,
    0.33333333333333215,
    0.6666666666666643,
    1.0,
    1.3333333333333321,
    1.6666666666666643,
    2.0,
    2.333333333333332,
    2.6666666666666643,
    3.0,
    3.333333333333332,
    3.6666666666666643,
    4.0,
    4.333333333333332,
    4.666666666666664,
    5.0,
    5.333333333333332,
    5.666666666666664,
    6.0,
    6.333333333333332,
    6.666666666666664,
    7.0,
    7.333333333333332,
    7.666666666666664,
    8.0,
    8.333333333333332,
    8.666666666666664,
    9.0,
    9.333333333333332,
    9.666666666666664,
    10.0,
    10.333333333333332,
    10.666666666666664,
    11.0,
    11.333333333333332,
    11.666666666666664,
    12.0,
    12.333333333333329,
    12.666666666666664,
    13.0,
    13.333333333333329,
    13.666666666666664,
    14.0,
    14.333333333333329,
    14.666666666666664,
    15.0,
    15.333333333333329,
    15.666666666666664,
    16.0,
    16.33333333333333,
    16.666666666666664,
    17.0,
    17.33333333333333,
    17.666666666666664,
    18.0,
    18.33333333333333,
    18.666666666666664,
    19.0,
    19.33333333333333,
    19.666666666666664,
    20.0
  ],
  "conductance": [
    0.9692817417770692,
    0.9729695064587296,
    0.9777099238979563,
    0.9836180682273474,
    0.9907943451055914,
    0.9993039714146095,
    1.0091459417475341,
    1.0202125039899792,
    1.0322376824960824,
    1.0447263148850987,
    1.0568684784919422,
    1.067508565671719,
    1.075297919021172,
    1.0790719201286814,
    1.078260547994808,
    1.0730427675816308,
    1.0641607459448217,
    1.0525747811620076,
    1.0391844701746407,
    1.024702473464672,
    1.0096280370082238,
    0.9942379429408265,
    0.9785745863853836,
    0.9624713457031351,
    0.9456532831238595,
    0.927898989990291,
    0.909191328187023,
    0.8897683712099944,
    0.8700457669584587,
    0.850473341457106,
    0.8314143919764473,
    0.8130877369425462,
    0.7955643103759986,
    0.7788007011447291,
    0.762700572083669,
    0.7471889338201763,
    0.7322647528242168,
    0.7180015726016826,
    0.7045051322723233,
    0.691865995922326,
    0.6801343618698695,
    0.6693183840463979,
    0.6593946748365701,
    0.6503209819708028,
    0.6420463482580022,
    0.6345178129389959,
    0.6276842745715628,
    0.6214984393227881,
    0.6159176156278986,
    0.6109038703284853,
    0.6064238612786205,
    0.6024485268745046,
    0.5989527306740274,
    0.595914911705384,
    0.5933167646501718,
    0.5911429599397539,
    0.5893809065528909,
    0.5880205568432113,
    0.5870542513110044,
    0.5864766009015075,
    0.5862844046378339,
    0.5864766009015075,
    0.5870542513110043,
    0.5880205568432113,
    0.5893809065528909,
    0.5911429599397537,
    0.5933167646501718,
    0.595914911705384,
    0.5989527306740273,
    0.6024485268745046,
    0.6064238612786205,
    0.6109038703284851,
    0.6159176156278985,
    0.6214984393227883,
    0.6276842745715627,
    0.6345178129389958,
    0.6420463482580021,
    0.6503209819708027,
    0.6593946748365701,
    0.6693183840463979,
    0.6801343618698694,
    0.691865995922326,
    0.7045051322723231,
    0.7180015726016825,
    0.7322647528242167,
    0.7471889338201761,
    0.7627005720836688,
    0.7788007011447291,
    0.7955643103759986,
    0.813087736942546,
    0.8314143919764473,
    0.850473341457106,
    0.8700457669584585,
    0.8897683712099943,
    0.9091913281870228,
    0.9278989899902906,
    0.9456532831238599,
    0.9624713457031348,
    0.9785745863853833,
    0.9942379429408265,
    1.0096280370082238,
    1.0247024734646717,
    1.0391844701746407,
    1.0525747811620074,
    1.0641607459448215,
    1.073042767581631,
    1.0782605479948082,
    1.0790719201286811,
    1.0752979190211722,
    1.0675085656717194,
    1.0568684784919424,
    1.044726314885099,
    1.0322376824960826,
    1.0202125039899794,
    1.0091459417475341,
    0.9993039714146098,
    0.9907943451055917,
    0.9836180682273477,
    0.9777099238979565,
    0.9729695064587296,
    0.9692817417770692
  ],