{
  "bias_mev": [
    -20.0,
    -19.666666666666668,
    -19.333333333333332,
    -19.0,
    -18.666666666666668,
    -18.333333333333332,
    -18.0,
    -17.666666666666668,
    -17.333333333333332,
    -17.0,
    -16.666666666666668,
    -16.333333333333332,
    -16.0,
    -15.666666666666668,
    -15.333333333333334,
    -15.0,
    -14.666666666666668,
    -14.333333333333334,
    -14.0,
    -13.666666666666668,
    -13.333333333333334,
    -13.0,
    -12.666666666666668,
    -12.333333333333334,
    -12.0,
    -11.666666666666668,
    -11.333333333333334,
    -11.0,
    -10.666666666666668,
    -10.333333333333334,
    -10.0,
    -9.666666666666668,
    -9.333333333333334,
    -9.0,
    -8.666666666666668,
    -8.333333333333334,
    -8.0,
    -7.666666666666668,
    -7.333333333333334,
    -7.0,
    -6.666666666666668,
    -6.333333333333334,
    -6.0,
    -5.666666666666668,
    -5.333333333333334,
    -5.0,
    -4.666666666666668,
    -4.333333333333334,
    -4.0,
    -3.666666666666668,
    -3.3333333333333357,
    -3.0,
    -2.666666666666668,
    -2.3333333333333357,
    -2.0,
    -1.6666666666666679,
    -1.3333333333333357,
    -1.0,
    -0.6666666666666679,
    -0.3333333333333357,
    0.0,
    0.33333333333333215,
    0.6666666666666643,
    1.0,
    1.3333333333333321,
    1.6666666666666643,
    2.0,
    2.333333333333332,
    2.6666666666666643,
    3.0,
    3.333333333333332,
    3.6666666666666643,
    4.0,
    4.333333333333332,
    4.666666666666664,
    5.0,
    5.333333333333332,
    5.666666666666664,
    6.0,
    6.333333333333332,
    6.666666666666664,
    7.0,
    7.333333333333332,
    7.666666666666664,
    8.0,
    8.333333333333332,
    8.666666666666664,
    9.0,
    9.333333333333332,
    9.666666666666664,
    10.0,
    10.333333333333332,
    10.666666666666664,
    11.0,
    11.333333333333332,
    11.666666666666664,
    12.0,
    12.333333333333329,
    12.666666666666664,
    13.0,
    13.333333333333329,
    13.666666666666664,
    14.0,
    14.333333333333329,
    14.666666666666664,
    15.0,
    15.333333333333329,
    15.666666666666664,
    16.0,
    16.33333333333333,
    16.666666666666664,
    17.0,
    17.33333333333333,
    17.666666666666664,
    18.0,
    18.33333333333333,
    18.666666666666664,
    19.0,
    19.33333333333333,
    19.666666666666664,
    20.0
  ],
  "conductance": [
    0.9784197535050684,
    0.9817197925655297,
    0.9854568238096775,
    0.9897096974923819,
    0.9945613815357273,
    1.0000891379157733,
    1.0063464550214836,
    1.0133423617592283,
    1.0210321093860077,
    1.0293224870091215,
    1.0380647316522893,
    1.0470188215497773,
    1.05584404912363,
    1.0641819065487559,
    1.0717883263550594,
    1.0786008785184957,
    1.084699389624669,
    1.0902159372489009,
    1.0952733016014133,
    1.0999824677107293,
    1.104458332292491,
    1.1087999888435072,
    1.1130385692392504,
    1.1170982997859515,
    1.1208024018055724,
    1.1239263270715423,
    1.1262871777178252,
    1.1278267623699085,
    1.1286278133426797,
    1.128861436566185,
    1.1287188572968005,
    1.1283637659707575,
    1.1279047222489382,
    1.1273781501551834,
    1.1267472379278478,
    1.1259323102042018,
    1.1248661037331873,
    1.123534282607188,
    1.1219745734547169,
    1.120250511997112,
    1.118427268659037,
    1.1165598842382478,
    1.1146908243638651,
    1.1128515923311901,
    1.1110652730694035,
    1.1093488027266876,
    1.1077146946312078,
    1.1061722763361195,
    1.1047285601294143,
    1.103388856070784,
    1.1021572078506714,
    1.1010367067220335,
    1.100029720674443,
    1.0991380638009567,
    1.0983631227283026,
    1.097705951644944,
    1.0971673439046241,
    1.0967478857748234,
    1.0964479962362033,
    1.0962679555613013,
    1.0962079245398135,
    1.0962679555613015,
    1.096447996236203,
    1.0967478857748236,
    1.0971673439046243,
    1.0977059516449432,
    1.0983631227283026,
    1.099138063800957,
    1.1000297206744425,
    1.1010367067220337,
    1.1021572078506714,
    1.1033888560707836,
    1.1047285601294143,
    1.10617227633612,
    1.1077146946312073,
    1.1093488027266873,
    1.111065273069404,
    1.11285159233119,
    1.114690824363865,
    1.1165598842382487,
    1.1184272686590369,
    1.120250511997112,
    1.1219745734547173,
    1.123534282607188,
    1.1248661037331869,
    1.1259323102042023,
    1.1267472379278478,
    1.127378150155183,
    1.1279047222489385,
    1.1283637659707573,
    1.1287188572968003,
    1.1288614365661855,
    1.1286278133426795,
    1.1278267623699083,
    1.1262871777178256,
    1.123926327071542,
    1.1208024018055724,
    1.1170982997859522,
    1.1130385692392495,
    1.1087999888435074,
    1.1044583322924915,
    1.0999824677107288,
    1.0952733016014133,
    1.0902159372489013,
    1.0846993896246686,
    1.078600878518496,
    1.0717883263550598,
    1.0641819065487557,
    1.05584404912363,
    1.0470188215497782,
    1.038064731652289,
    1.0293224870091215,
    1.021032109386008,
    1.013342361759228,
    1.0063464550214836,
    1.0000891379157737,
    0.9945613815357268,
    0.989709697492382,
    0.985456823809678,
    0.9817197925655294,
    0.9784197535050679
  ],