{
  "bias_mev": [
    -20.0,
    -19.666666666666668,
    -19.333333333333332,
    -19.0,
    -18.666666666666668,
    -18.333333333333332,
    -18.0,
    -17.666666666666668,
    -17.333333333333332,
    -17.0,
    -16.666666666666668,
    -16.333333333333332,
    -16.0,
    -15.666666666666668,
    -15.333333333333334,
    -15.0,
    -14.666666666666668,
    -14.333333333333334,
    -14.0,
    -13.666666666666668,
    -13.333333333333334,
    -13.0,
    -12.666666666666668,
    -12.333333333333334,
    -12.0,
    -11.666666666666668,
    -11.333333333333334,
    -11.0,
    -10.666666666666668,
    -10.333333333333334,
    -10.0,
    -9.666666666666668,
    -9.333333333333334,
    -9.0,
    -8.666666666666668,
    -8.333333333333334,
    -8.0,
    -7.666666666666668,
    -7.333333333333334,
    -7.0,
    -6.666666666666668,
    -6.333333333333334,
    -6.0,
    -5.666666666666668,
    -5.333333333333334,
    -5.0,
    -4.666666666666668,
    -4.333333333333334,
    -4.0,
    -3.666666666666668,
    -3.3333333333333357,
    -3.0,
    -2.666666666666668,
    -2.3333333333333357,
    -2.0,
    -1.6666666666666679,
    -1.3333333333333357,
    -1.0,
    -0.6666666666666679,
    -0.3333333333333357,
    0.0,
    0.33333333333333215,
    0.6666666666666643,
    1.0,
    1.3333333333333321,
    1.6666666666666643,
    2.0,
    2.333333333333332,
    2.6666666666666643,
    3.0,
    3.333333333333332,
    3.6666666666666643,
    4.0,
    4.333333333333332,
    4.666666666666664,
    5.0,
    5.333333333333332,
    5.666666666666664,
    6.0,
    6.333333333333332,
    6.666666666666664,
    7.0,
    7.333333333333332,
    7.666666666666664,
    8.0,
    8.333333333333332,
    8.666666666666664,
    9.0,
    9.333333333333332,
    9.666666666666664,
    10.0,
    10.333333333333332,
    10.666666666666664,
    11.0,
    11.333333333333332,
    11.666666666666664,
    12.0,
    12.333333333333329,
    12.666666666666664,
    13.0,
    13.333333333333329,
    13.666666666666664,
    14.0,
    14.333333333333329,
    14.666666666666664,
    15.0,
    15.333333333333329,
    15.666666666666664,
    16.0,
    16.33333333333333,
    16.666666666666664,
    17.0,
    17.33333333333333,
    17.666666666666664,
    18.0,
    18.33333333333333,
    18.666666666666664,
    19.0,
    19.33333333333333,
    19.666666666666664,
    20.0
  ],
  "conductance": [
    0.9645811931899557,
    0.9685285581407334,
    0.9737297251227606,
    0.9803390680348942,
    0.9885124830177772,
    0.9983812108961668,
    1.0100067660602694,
    1.0233398680183532,
    1.0382215165704478,
    1.0543596109486413,
    1.07104195193701,
    1.086578482610055,
    1.0981596139277183,
    1.1029433598237588,
    1.0997606874865602,
    1.0896204800144544,
    1.0746989155891669,
    1.0570961864745896,
    1.0382490444585084,
    1.0190179173477785,
    0.9999832313318268,
    0.9815034482822093,
    0.9635395508494121,
    0.9455438691569912,
    0.9266299379371971,
    0.9060183587841939,
    0.8835504669213861,
    0.8598489979817382,
    0.8359296557634545,
    0.8126903716654541,
    0.790678391824472,
    0.7700976425793802,
    0.75087660330788,
    0.7327312074534527,
    0.7152876008385205,
    0.6983077083533061,
    0.6818492460269029,
    0.6661738219281323,
    0.6515355971395393,
    0.638067519041152,
    0.625786304176909,
    0.6146387800154094,
    0.6045414790942713,
    0.5954038196838424,
    0.5871391854085396,
    0.5796692750384956,
    0.5729251958903526,
    0.5668471422529016,
    0.5613835467055968,
    0.5564901060029915,
    0.5521288505586183,
    0.5482673194653845,
    0.5448778555712275,
    0.5419370154729644,
    0.5394250823081091,
    0.5373256678543333,
    0.5356253914141903,
    0.5343136247730966,
    0.5333822945128601,
    0.5328257348753244,
    0.5326405861170533,
    0.5328257348753248,
    0.5333822945128598,
    0.5343136247730966,
    0.5356253914141907,
    0.5373256678543329,
    0.5394250823081091,
    0.5419370154729648,
    0.5448778555712269,
    0.5482673194653845,
    0.5521288505586188,
    0.5564901060029911,
    0.5613835467055965,
    0.566847142252902,
    0.5729251958903524,
    0.5796692750384954,
    0.5871391854085399,
    0.595403819683842,
    0.6045414790942709,
    0.6146387800154098,
    0.6257863041769085,
    0.6380675190411517,
    0.6515355971395398,
    0.6661738219281319,
    0.6818492460269026,
    0.6983077083533066,
    0.71528760083852,
    0.7327312074534522,
    0.7508766033078805,
    0.7700976425793794,
    0.7906783918244717,
    0.8126903716654544,
    0.8359296557634538,
    0.8598489979817379,
    0.8835504669213864,
    0.9060183587841929,
    0.9266299379371975,
    0.9455438691569914,
    0.9635395508494105,
    0.9815034482822094,
    0.9999832313318271,
    1.0190179173477771,
    1.0382490444585086,
    1.0570961864745902,
    1.0746989155891653,
    1.0896204800144549,
    1.0997606874865609,
    1.1029433598237575,
    1.0981596139277183,
    1.0865784826100562,
    1.0710419519370094,
    1.0543596109486408,
    1.0382215165704487,
    1.0233398680183523,
    1.0100067660602694,
    0.9983812108961677,
    0.9885124830177767,
    0.9803390680348941,
    0.9737297251227616,
    0.9685285581407328,
    0.9645811931899552
  ],