{
  "bias_mev": [
    -20.0,
    -19.666666666666668,
    -19.333333333333332,
    -19.0,
    -18.666666666666668,
    -18.333333333333332,
    -18.0,
    -17.666666666666668,
    -17.333333333333332,
    -17.0,
    -16.666666666666668,
    -16.333333333333332,
    -16.0,
    -15.666666666666668,
    -15.333333333333334,
    -15.0,
    -14.666666666666668,
    -14.333333333333334,
    -14.0,
    -13.666666666666668,
    -13.333333333333334,
    -13.0,
    -12.666666666666668,
    -12.333333333333334,
    -12.0,
    -11.666666666666668,
    -11.333333333333334,
    -11.0,
    -10.666666666666668,
    -10.333333333333334,
    -10.0,
    -9.666666666666668,
    -9.333333333333334,
    -9.0,
    -8.666666666666668,
    -8.333333333333334,
    -8.0,
    -7.666666666666668,
    -7.333333333333334,
    -7.0,
    -6.666666666666668,
    -6.333333333333334,
    -6.0,
    -5.666666666666668,
    -5.333333333333334,
    -5.0,
    -4.666666666666668,
    -4.333333333333334,
    -4.0,
    -3.666666666666668,
    -3.3333333333333357,
    -3.0,
    -2.666666666666668,
    -2.3333333333333357,
    -2.0,
    -1.6666666666666679,
    -1.3333333333333357,
    -1.0,
    -0.6666666666666679,
    -0.3333333333333357,
    0.0,
    0.33333333333333215,
    0.6666666666666643,
    1.0,
    1.3333333333333321,
    1.6666666666666643,
    2.0,
    2.333333333333332,
    2.6666666666666643,
    3.0,
    3.333333333333332,
    3.6666666666666643,
    4.0,
    4.333333333333332,
    4.666666666666664,
    5.0,
    5.333333333333332,
    5.666666666666664,
    6.0,
    6.333333333333332,
    6.666666666666664,
    7.0,
    7.333333333333332,
    7.666666666666664,
    8.0,
    8.333333333333332,
    8.666666666666664,
    9.0,
    9.333333333333332,
    9.666666666666664,
    10.0,
    10.333333333333332,
    10.666666666666664,
    11.0,
    11.333333333333332,
    11.666666666666664,
    12.0,
    12.333333333333329,
    12.666666666666664,
    13.0,
    13.333333333333329,
    13.666666666666664,
    14.0,
    14.333333333333329,
    14.666666666666664,
    15.0,
    15.333333333333329,
    15.666666666666664,
    16.0,
    16.33333333333333,
    16.666666666666664,
    17.0,
    17.33333333333333,
    17.666666666666664,
    18.0,
    18.33333333333333,
    18.666666666666664,
    19.0,
    19.33333333333333,
    19.666666666666664,
    20.0
  ],
  "conductance": [
    0.9663808111099423,
    0.97038835075382,
    0.9757596042648154,
    0.982545732911697,
    0.9907488856187676,
    1.0002976655674265,
    1.0110129359487021,
    1.0225671826795284,
    1.034438491560842,
    1.0458603395844572,
    1.0557905185478615,
    1.0629681229429304,
    1.0661357198380992,
    1.0644002029526074,
    1.0575471627462325,
    1.0460981848852138,
    1.0310768797380374,
    1.0136487440055424,
    0.9948328442955351,
    0.9753648900437987,
    0.9556667371647578,
    0.9358524160134771,
    0.9157585802866904,
    0.8950344117298796,
    0.8733060395484602,
    0.8503702622803161,
    0.8263310392206173,
    0.8016075053054141,
    0.7768118361989097,
    0.7525673172376384,
    0.7293509208673123,
    0.7074054549415486,
    0.6867284589495479,
    0.6671333463261923,
    0.6483691025293926,
    0.6302560428942476,
    0.6127706343050983,
    0.5960368834266069,
    0.5802466452192678,
    0.5655714518031343,
    0.5521117015942214,
    0.5398889355136717,
    0.5288634731483649,
    0.518958711324817,
    0.5100817052282032,
    0.5021370214892733,
    0.4950345885950502,
    0.4886933504402098,
    0.4830423876998173,
    0.4780206907672198,
    0.4735763177828806,
    0.4696653494929923,
    0.46625085117577886,
    0.4633019362352312,
    0.46079296441997103,
    0.45870287737135973,
    0.457014661134402,
    0.4557149210830862,
    0.45479355483172185,
    0.45424351071243657,
    0.45406062209950315,
    0.4542435107124365,
    0.4547935548317218,
    0.4557149210830861,
    0.457014661134402,
    0.45870287737135973,
    0.46079296441997114,
    0.4633019362352313,
    0.4662508511757788,
    0.4696653494929924,
    0.47357631778288056,
    0.4780206907672197,
    0.4830423876998173,
    0.4886933504402097,
    0.49503458859505,
    0.5021370214892734,
    0.5100817052282031,
    0.5189587113248169,
    0.5288634731483648,
    0.5398889355136716,
    0.5521117015942213,
    0.5655714518031342,
    0.5802466452192677,
    0.5960368834266068,
    0.6127706343050981,
    0.6302560428942475,
    0.6483691025293924,
    0.6671333463261921,
    0.6867284589495477,
    0.7074054549415483,
    0.7293509208673122,
    0.752567317237638,
    0.7768118361989093,
    0.801607505305414,
    0.8263310392206173,
    0.8503702622803156,
    0.8733060395484601,
    0.8950344117298794,
    0.9157585802866903,
    0.9358524160134768,
    0.9556667371647574,
    0.9753648900437981,
    0.9948328442955349,
    1.013648744005542,
    1.031076879738037,
    1.0460981848852136,
    1.0575471627462323,
    1.0644002029526072,
    1.066135719838099,
    1.0629681229429304,
    1.0557905185478615,
    1.0458603395844572,
    1.034438491560842,
    1.0225671826795284,
    1.0110129359487021,
    1.0002976655674265,
    0.9907488856187676,
    0.982545732911697,
    0.9757596042648154,
    0.97038835075382,
    0.9663808111099423
  ],