{
  "bias_mev": [
    -20.0,
    -19.666666666666668,
    -19.333333333333332,
    -19.0,
    -18.666666666666668,
    -18.333333333333332,
    -18.0,
    -17.666666666666668,
    -17.333333333333332,
    -17.0,
    -16.666666666666668,
    -16.333333333333332,
    -16.0,
    -15.666666666666668,
    -15.333333333333334,
    -15.0,
    -14.666666666666668,
    -14.333333333333334,
    -14.0,
    -13.666666666666668,
    -13.333333333333334,
    -13.0,
    -12.666666666666668,
    -12.333333333333334,
    -12.0,
    -11.666666666666668,
    -11.333333333333334,
    -11.0,
    -10.666666666666668,
    -10.333333333333334,
    -10.0,
    -9.666666666666668,
    -9.333333333333334,
    -9.0,
    -8.666666666666668,
    -8.333333333333334,
    -8.0,
    -7.666666666666668,
    -7.333333333333334,
    -7.0,
    -6.666666666666668,
    -6.333333333333334,
    -6.0,
    -5.666666666666668,
    -5.333333333333334,
    -5.0,
    -4.666666666666668,
    -4.333333333333334,
    -4.0,
    -3.666666666666668,
    -3.3333333333333357,
    -3.0,
    -2.666666666666668,
    -2.3333333333333357,
    -2.0,
    -1.6666666666666679,
    -1.3333333333333357,
    -1.0,
    -0.6666666666666679,
    -0.3333333333333357,
    0.0,
    0.33333333333333215,
    0.6666666666666643,
    1.0,
    1.3333333333333321,
    1.6666666666666643,
    2.0,
    2.333333333333332,
    2.6666666666666643,
    3.0,
    3.333333333333332,
    3.6666666666666643,
    4.0,
    4.333333333333332,
    4.666666666666664,
    5.0,
    5.333333333333332,
    5.666666666666664,
    6.0,
    6.333333333333332,
    6.666666666666664,
    7.0,
    7.333333333333332,
    7.666666666666664,
    8.0,
    8.333333333333332,
    8.666666666666664,
    9.0,
    9.333333333333332,
    9.666666666666664,
    10.0,
    10.333333333333332,
    10.666666666666664,
    11.0,
    11.333333333333332,
    11.666666666666664,
    12.0,
    12.333333333333329,
    12.666666666666664,
    13.0,
    13.333333333333329,
    13.666666666666664,
    14.0,
    14.333333333333329,
    14.666666666666664,
    15.0,
    15.333333333333329,
    15.666666666666664,
    16.0,
    16.33333333333333,
    16.666666666666664,
    17.0,
    17.33333333333333,
    17.666666666666664,
    18.0,
    18.33333333333333,
    18.666666666666664,
    19.0,
    19.33333333333333,
    19.666666666666664,
    20.0
  ],
  "conductance": [
    0.9714263796165341,
    0.9737548989951107,
    0.9776301476693863,
    0.9831553386812593,
    0.9903930955005543,
    0.9992848352909163,
    1.009542426442631,
    1.0206024851448974,
    1.0317687687840653,
    1.042441623874644,
    1.05202529825581,
    1.059434844113713,
    1.0629050373942617,
    1.0607450110221972,
    1.0524914988908824,
    1.0392299356427486,
    1.0228404853369002,
    1.0049970389933134,
    0.9867217891673701,
    0.9686127276835799,
    0.9511634162255534,
    0.9346420171538854,
    0.9187138731296848,
    0.9023352217323066,
    0.8841257809480372,
    0.8630418370128271,
    0.8390258328466488,
    0.8131551547668874,
    0.7870705454875842,
    0.7622121535637106,
    0.7394293793229192,
    0.7189630921129854,
    0.7005489976126771,
    0.6835373733983544,
    0.6671228689028277,
    0.6507381177147975,
    0.6343512368217373,
    0.618361645982522,
    0.6032470588704743,
    0.5893200943878174,
    0.576691871849039,
    0.5653364558579781,
    0.5551611250541082,
    0.5460518037747594,
    0.5378959529419368,
    0.5305918883983545,
    0.5240513433185049,
    0.5181991101462519,
    0.5129716327178421,
    0.5083153752261088,
    0.5041852958013135,
    0.5005435303871257,
    0.4973583005034544,
    0.4946030244696817,
    0.49225560238897037,
    0.49029784577254504,
    0.48871502666604444,
    0.4874955258627579,
    0.4866305642438941,
    0.4861140051758955,
    0.48594221921063346,
    0.4861140051758957,
    0.48663056424389406,
    0.48749552586275774,
    0.4887150266660447,
    0.4902978457725447,
    0.49225560238897037,
    0.49460302446968185,
    0.4973583005034542,
    0.5005435303871257,
    0.5041852958013138,
    0.5083153752261086,
    0.5129716327178421,
    0.5181991101462522,
    0.5240513433185048,
    0.5305918883983545,
    0.537895952941937,
    0.546051803774759,
    0.5551611250541081,
    0.5653364558579783,
    0.5766918718490389,
    0.5893200943878172,
    0.6032470588704744,
    0.6183616459825215,
    0.6343512368217372,
    0.6507381177147975,
    0.6671228689028271,
    0.6835373733983544,
    0.7005489976126773,
    0.7189630921129848,
    0.739429379322919,
    0.7622121535637109,
    0.7870705454875838,
    0.8131551547668873,
    0.839025832846649,
    0.8630418370128266,
    0.8841257809480375,
    0.902335221732307,
    0.918713873129684,
    0.9346420171538854,
    0.9511634162255537,
    0.9686127276835791,
    0.9867217891673701,
    1.0049970389933138,
    1.0228404853368993,
    1.039229935642749,
    1.0524914988908827,
    1.0607450110221968,
    1.0629050373942617,
    1.0594348441137138,
    1.0520252982558098,
    1.0424416238746437,
    1.031768768784066,
    1.0206024851448974,
    1.009542426442631,
    0.999284835290917,
    0.9903930955005539,
    0.9831553386812593,
    0.9776301476693868,
    0.9737548989951104,
    0.9714263796165339
  ],