{
  "bias_mev": [
    -20.0,
    -19.666666666666668,
    -19.333333333333332,
    -19.0,
    -18.666666666666668,
    -18.333333333333332,
    -18.0,
    -17.666666666666668,
    -17.333333333333332,
    -17.0,
    -16.666666666666668,
    -16.333333333333332,
    -16.0,
    -15.666666666666668,
    -15.333333333333334,
    -15.0,
    -14.666666666666668,
    -14.333333333333334,
    -14.0,
    -13.666666666666668,
    -13.333333333333334,
    -13.0,
    -12.666666666666668,
    -12.333333333333334,
    -12.0,
    -11.666666666666668,
    -11.333333333333334,
    -11.0,
    -10.666666666666668,
    -10.333333333333334,
    -10.0,
    -9.666666666666668,
    -9.333333333333334,
    -9.0,
    -8.666666666666668,
    -8.333333333333334,
    -8.0,
    -7.666666666666668,
    -7.333333333333334,
    -7.0,
    -6.666666666666668,
    -6.333333333333334,
    -6.0,
    -5.666666666666668,
    -5.333333333333334,
    -5.0,
    -4.666666666666668,
    -4.333333333333334,
    -4.0,
    -3.666666666666668,
    -3.3333333333333357,
    -3.0,
    -2.666666666666668,
    -2.3333333333333357,
    -2.0,
    -1.6666666666666679,
    -1.3333333333333357,
    -1.0,
    -0.6666666666666679,
    -0.3333333333333357,
    0.0,
    0.33333333333333215,
    0.6666666666666643,
    1.0,
    1.3333333333333321,
    1.6666666666666643,
    2.0,
    2.333333333333332,
    2.6666666666666643,
    3.0,
    3.333333333333332,
    3.6666666666666643,
    4.0,
    4.333333333333332,
    4.666666666666664,
    5.0,
    5.333333333333332,
    5.666666666666664,
    6.0,
    6.333333333333332,
    6.666666666666664,
    7.0,
    7.333333333333332,
    7.666666666666664,
    8.0,
    8.333333333333332,
    8.666666666666664,
    9.0,
    9.333333333333332,
    9.666666666666664,
    10.0,
    10.333333333333332,
    10.666666666666664,
    11.0,
    11.333333333333332,
    11.666666666666664,
    12.0,
    12.333333333333329,
    12.666666666666664,
    13.0,
    13.333333333333329,
    13.666666666666664,
    14.0,
    14.333333333333329,
    14.666666666666664,
    15.0,
    15.333333333333329,
    15.666666666666664,
    16.0,
    16.33333333333333,
    16.666666666666664,
    17.0,
    17.33333333333333,
    17.666666666666664,
    18.0,
    18.33333333333333,
    18.666666666666664,
    19.0,
    19.33333333333333,
    19.666666666666664,
    20.0
  ],
  "conductance": [
    0.9842425581332104,
    0.9858303801670981,
    0.9881134224093299,
    0.9911456280749051,
    0.9949567555599579,
    0.9995391511528892,
    1.00483502440729,
    1.010729075028728,
    1.0170478279621935,
    1.0235601771043985,
    1.0299735088832793,
    1.0359339506913856,
    1.0410539219544512,
    1.044979216429359,
    1.0474717739424542,
    1.0484608985588355,
    1.048034315258779,
    1.0463824332159308,
    1.0437328309215372,
    1.0403008227706392,
    1.0362559896794488,
    1.0316939063206463,
    1.0266144633012773,
    1.0209232599281988,
    1.0144700913981086,
    1.007118701278395,
    0.9988198791990723,
    0.9896523774534193,
    0.9798119208616713,
    0.969558083609968,
    0.9591479842004411,
    0.9487830064617627,
    0.9385812054175329,
    0.9285779054134573,
    0.9187515268210978,
    0.9090647127664094,
    0.8995028473858933,
    0.8900926634004483,
    0.8808966741075329,
    0.871993565372119,
    0.86345838111961,
    0.8553503605475764,
    0.8477090804786211,
    0.8405560235916301,
    0.8338984729701527,
    0.8277337198563279,
    0.8220526533391892,
    0.8168424786415863,
    0.8120886299441111,
    0.807776048670668,
    0.8038900025917678,
    0.8004165896663802,
    0.7973430332483677,
    0.7946578432875482,
    0.7923508939921127,
    0.7904134513382048,
    0.7888381721909749,
    0.7876190890746342,
    0.7867515895613493,
    0.7862323959467147,
    0.7860595487246701,
    0.7862323959467147,
    0.7867515895613493,
    0.7876190890746342,
    0.7888381721909749,
    0.7904134513382045,
    0.7923508939921127,
    0.7946578432875482,
    0.7973430332483675,
    0.8004165896663802,
    0.8038900025917678,
    0.8077760486706679,
    0.8120886299441111,
    0.8168424786415863,
    0.8220526533391892,
    0.8277337198563279,
    0.833898472970153,
    0.8405560235916301,
    0.8477090804786214,
    0.8553503605475764,
    0.8634583811196099,
    0.8719935653721188,
    0.8808966741075331,
    0.8900926634004483,
    0.8995028473858933,
    0.9090647127664093,
    0.9187515268210978,
    0.9285779054134575,
    0.9385812054175329,
    0.9487830064617626,
    0.959147984200441,
    0.9695580836099676,
    0.979811920861671,
    0.9896523774534193,
    0.9988198791990722,
    1.007118701278395,
    1.0144700913981088,
    1.0209232599281988,
    1.026614463301277,
    1.0316939063206465,
    1.0362559896794485,
    1.0403008227706392,
    1.0437328309215372,
    1.0463824332159306,
    1.0480343152587788,
    1.0484608985588357,
    1.0474717739424542,
    1.044979216429359,
    1.0410539219544512,
    1.0359339506913856,
    1.0299735088832795,
    1.0235601771043985,
    1.0170478279621937,
    1.0107290750287283,
    1.00483502440729,
    0.9995391511528892,
    0.9949567555599581,
    0.9911456280749051,
    0.98811342240933,
    0.9858303801670979,
    0.9842425581332104
  ],