{
  "bias_mev": [
    -20.0,
    -19.666666666666668,
    -19.333333333333332,
    -19.0,
    -18.666666666666668,
    -18.333333333333332,
    -18.0,
    -17.666666666666668,
    -17.333333333333332,
    -17.0,
    -16.666666666666668,
    -16.333333333333332,
    -16.0,
    -15.666666666666668,
    -15.333333333333334,
    -15.0,
    -14.666666666666668,
    -14.333333333333334,
    -14.0,
    -13.666666666666668,
    -13.333333333333334,
    -13.0,
    -12.666666666666668,
    -12.333333333333334,
    -12.0,
    -11.666666666666668,
    -11.333333333333334,
    -11.0,
    -10.666666666666668,
    -10.333333333333334,
    -10.0,
    -9.666666666666668,
    -9.333333333333334,
    -9.0,
    -8.666666666666668,
    -8.333333333333334,
    -8.0,
    -7.666666666666668,
    -7.333333333333334,
    -7.0,
    -6.666666666666668,
    -6.333333333333334,
    -6.0,
    -5.666666666666668,
    -5.333333333333334,
    -5.0,
    -4.666666666666668,
    -4.333333333333334,
    -4.0,
    -3.666666666666668,
    -3.3333333333333357,
    -3.0,
    -2.666666666666668,
    -2.3333333333333357,
    -2.0,
    -1.6666666666666679,
    -1.3333333333333357,
    -1.0,
    -0.6666666666666679,
    -0.3333333333333357,
    0.0,
    0.33333333333333215,
    0.6666666666666643,
    1.0,
    1.3333333333333321,
    1.6666666666666643,
    2.0,
    2.333333333333332,
    2.6666666666666643,
    3.0,
    3.333333333333332,
    3.6666666666666643,
    4.0,
    4.333333333333332,
    4.666666666666664,
    5.0,
    5.333333333333332,
    5.666666666666664,
    6.0,
    6.333333333333332,
    6.666666666666664,
    7.0,
    7.333333333333332,
    7.666666666666664,
    8.0,
    8.333333333333332,
    8.666666666666664,
    9.0,
    9.333333333333332,
    9.666666666666664,
    10.0,
    10.333333333333332,
    10.666666666666664,
    11.0,
    11.333333333333332,
    11.666666666666664,
    12.0,
    12.333333333333329,
    12.666666666666664,
    13.0,
    13.333333333333329,
    13.666666666666664,
    14.0,
    14.333333333333329,
    14.666666666666664,
    15.0,
    15.333333333333329,
    15.666666666666664,
    16.0,
    16.33333333333333,
    16.666666666666664,
    17.0,
    17.33333333333333,
    17.666666666666664,
    18.0,
    18.33333333333333,
    18.666666666666664,
    19.0,
    19.33333333333333,
    19.666666666666664,
    20.0
  ],
  "conductance": [
    0.9782172701371926,
    0.981568093564106,
    0.9853672980092746,
    0.9896915231733379,
    0.994617509330627,
    1.0002092572671173,
    1.0064993880625714,
    1.013475929574285,
    1.0210887989791742,
    1.029264931902314,
    1.0378909648383488,
    1.046757331113132,
    1.0555373003181738,
    1.0638706648344614,
    1.0715035601179317,
    1.078363592083418,
    1.0845243154706428,
    1.0901153494000648,
    1.0952596838236748,
    1.1000694981579349,
    1.1046589336169539,
    1.1091201530869583,
    1.1134670324218736,
    1.1175957919874608,
    1.1213006186239645,
    1.1243475722605523,
    1.126577695703064,
    1.1279769204854277,
    1.1286652923295968,
    1.1288305846095263,
    1.1286622945823457,
    1.1283097131929267,
    1.1278574413742404,
    1.1273132109366812,
    1.1266194731325812,
    1.1256982714027237,
    1.1245055652990033,
    1.1230540374038998,
    1.1213974312579984,
    1.1196028563320852,
    1.117732131224847,
    1.1158349566941699,
    1.1139488638284052,
    1.1121015064680697,
    1.110313164356003,
    1.1085987797264258,
    1.1069694545685587,
    1.1054335118802419,
    1.1039972420599682,
    1.1026654309114996,
    1.1014417375839478,
    1.100328968826552,
    1.0993292806878094,
    1.0984443286208758,
    1.0976753802503114,
    1.0970234006127224,
    1.0964891167052957,
    1.0960730661451445,
    1.095775633328444,
    1.0955970754690236,
    1.0955375401523133,
    1.0955970754690239,
    1.0957756333284439,
    1.0960730661451445,
    1.0964891167052961,
    1.097023400612722,
    1.0976753802503114,
    1.098444328620876,
    1.099329280687809,
    1.1003289688265523,
    1.101441737583948,
    1.102665430911499,
    1.1039972420599682,
    1.105433511880242,
    1.1069694545685587,
    1.1085987797264256,
    1.1103131643560034,
    1.1121015064680693,
    1.1139488638284047,
    1.1158349566941703,
    1.1177321312248467,
    1.1196028563320848,
    1.1213974312579988,
    1.1230540374038995,
    1.124505565299003,
    1.1256982714027244,
    1.126619473132581,
    1.1273132109366808,
    1.1278574413742404,
    1.1283097131929263,
    1.128662294582346,
    1.1288305846095268,
    1.1286652923295966,
    1.1279769204854277,
    1.1265776957030644,
    1.1243475722605518,
    1.1213006186239645,
    1.1175957919874613,
    1.113467032421873,
    1.109120153086958,
    1.1046589336169543,
    1.1000694981579342,
    1.095259683823675,
    1.0901153494000653,
    1.0845243154706423,
    1.0783635920834183,
    1.0715035601179321,
    1.063870664834461,
    1.0555373003181738,
    1.0467573311131324,
    1.0378909648383485,
    1.029264931902314,
    1.0210887989791746,
    1.0134759295742846,
    1.0064993880625714,
    1.0002092572671175,
    0.9946175093306265,
    0.9896915231733379,
    0.9853672980092751,
    0.9815680935641058,
    0.9782172701371922
  ],