{
  "bias_mev": [
    -20.0,
    -19.666666666666668,
    -19.333333333333332,
    -19.0,
    -18.666666666666668,
    -18.333333333333332,
    -18.0,
    -17.666666666666668,
    -17.333333333333332,
    -17.0,
    -16.666666666666668,
    -16.333333333333332,
    -16.0,
    -15.666666666666668,
    -15.333333333333334,
    -15.0,
    -14.666666666666668,
    -14.333333333333334,
    -14.0,
    -13.666666666666668,
    -13.333333333333334,
    -13.0,
    -12.666666666666668,
    -12.333333333333334,
    -12.0,
    -11.666666666666668,
    -11.333333333333334,
    -11.0,
    -10.666666666666668,
    -10.333333333333334,
    -10.0,
    -9.666666666666668,
    -9.333333333333334,
    -9.0,
    -8.666666666666668,
    -8.333333333333334,
    -8.0,
    -7.666666666666668,
    -7.333333333333334,
    -7.0,
    -6.666666666666668,
    -6.333333333333334,
    -6.0,
    -5.666666666666668,
    -5.333333333333334,
    -5.0,
    -4.666666666666668,
    -4.333333333333334,
    -4.0,
    -3.666666666666668,
    -3.3333333333333357,
    -3.0,
    -2.666666666666668,
    -2.3333333333333357,
    -2.0,
    -1.6666666666666679,
    -1.3333333333333357,
    -1.0,
    -0.6666666666666679,
    -0.3333333333333357,
    0.0,
    0.33333333333333215,
    0.6666666666666643,
    1.0,
    1.3333333333333321,
    1.6666666666666643,
    2.0,
    2.333333333333332,
    2.6666666666666643,
    3.0,
    3.333333333333332,
    3.6666666666666643,
    4.0,
    4.333333333333332,
    4.666666666666664,
    5.0,
    5.333333333333332,
    5.666666666666664,
    6.0,
    6.333333333333332,
    6.666666666666664,
    7.0,
    7.333333333333332,
    7.666666666666664,
    8.0,
    8.333333333333332,
    8.666666666666664,
    9.0,
    9.333333333333332,
    9.666666666666664,
    10.0,
    10.333333333333332,
    10.666666666666664,
    11.0,
    11.333333333333332,
    11.666666666666664,
    12.0,
    12.333333333333329,
    12.666666666666664,
    13.0,
    13.333333333333329,
    13.666666666666664,
    14.0,
    14.333333333333329,
    14.666666666666664,
    15.0,
    15.333333333333329,
    15.666666666666664,
    16.0,
    16.33333333333333,
    16.666666666666664,
    17.0,
    17.33333333333333,
    17.666666666666664,
    18.0,
    18.33333333333333,
    18.666666666666664,
    19.0,
    19.33333333333333,
    19.666666666666664,
    20.0
  ],
  "conductance": [
    0.9734367588285484,
    0.9776283591631243,
    0.9823239254750034,
    0.9876110235654891,
    0.9935810245166675,
    1.0003178949221812,
    1.0078796812974085,
    1.0162813518829377,
    1.0254929790031353,
    1.0354470013455037,
    1.0460161638217305,
    1.056950803125498,
    1.0678507524449339,
    1.0782586742824005,
    1.0878322586580842,
    1.0964500704323064,
    1.1041814792393854,
    1.1111801240392463,
    1.1175993832339772,
    1.1235760663205743,
    1.1292441733415326,
    1.134715268737396,
    1.1400199897454144,
    1.1450611972168867,
    1.1496244131318003,
    1.1534533370937678,
    1.1563616584568475,
    1.1583156482418537,
    1.159431766911463,
    1.1599094461672996,
    1.1599588792172955,
    1.1597523378056986,
    1.1593935685008832,
    1.1589006396964665,
    1.158215981551316,
    1.1572553828511718,
    1.1559701869155847,
    1.1543754747627704,
    1.152533832321023,
    1.150523859025136,
    1.1484183142328537,
    1.1462758915292544,
    1.1441410081092707,
    1.1420464362064018,
    1.140016230815602,
    1.138068127629122,
    1.1362153116180627,
    1.1344676727141227,
    1.1328326897594896,
    1.131316056146187,
    1.1299221277818567,
    1.1286542482272846,
    1.1275149878557884,
    1.1265063218621054,
    1.1256297640097004,
    1.1248864677439296,
    1.124277302769764,
    1.1238029127861144,
    1.1234637583932965,
    1.1232601479940363,
    1.1231922586269474,
    1.1232601479940365,
    1.1234637583932963,
    1.1238029127861144,
    1.1242773027697643,
    1.124886467743929,
    1.1256297640097002,
    1.126506321862106,
    1.127514987855788,
    1.1286542482272846,
    1.1299221277818572,
    1.1313160561461864,
    1.1328326897594894,
    1.1344676727141234,
    1.1362153116180622,
    1.138068127629122,
    1.1400162308156028,
    1.1420464362064018,
    1.1441410081092704,
    1.1462758915292548,
    1.1484183142328535,
    1.150523859025136,
    1.1525338323210237,
    1.1543754747627704,
    1.1559701869155843,
    1.1572553828511722,
    1.1582159815513156,
    1.158900639696466,
    1.1593935685008836,
    1.1597523378056982,
    1.1599588792172955,
    1.1599094461672999,
    1.1594317669114627,
    1.1583156482418535,
    1.156361658456848,
    1.1534533370937678,
    1.1496244131318005,
    1.1450611972168871,
    1.140019989745414,
    1.1347152687373965,
    1.1292441733415333,
    1.1235760663205736,
    1.1175993832339777,
    1.111180124039247,
    1.1041814792393847,
    1.0964500704323066,
    1.0878322586580849,
    1.0782586742824,
    1.0678507524449337,
    1.0569508031254986,
    1.0460161638217302,
    1.0354470013455037,
    1.0254929790031357,
    1.0162813518829374,
    1.0078796812974085,
    1.0003178949221816,
    0.9935810245166671,
    0.9876110235654891,
    0.9823239254750039,
    0.977628359163124,
    0.9734367588285482
  ],