{
  "bias_mev": [
    -20.0,
    -19.666666666666668,
    -19.333333333333332,
    -19.0,
    -18.666666666666668,
    -18.333333333333332,
    -18.0,
    -17.666666666666668,
    -17.333333333333332,
    -17.0,
    -16.666666666666668,
    -16.333333333333332,
    -16.0,
    -15.666666666666668,
    -15.333333333333334,
    -15.0,
    -14.666666666666668,
    -14.333333333333334,
    -14.0,
    -13.666666666666668,
    -13.333333333333334,
    -13.0,
    -12.666666666666668,
    -12.333333333333334,
    -12.0,
    -11.666666666666668,
    -11.333333333333334,
    -11.0,
    -10.666666666666668,
    -10.333333333333334,
    -10.0,
    -9.666666666666668,
    -9.333333333333334,
    -9.0,
    -8.666666666666668,
    -8.333333333333334,
    -8.0,
    -7.666666666666668,
    -7.333333333333334,
    -7.0,
    -6.666666666666668,
    -6.333333333333334,
    -6.0,
    -5.666666666666668,
    -5.333333333333334,
    -5.0,
    -4.666666666666668,
    -4.333333333333334,
    -4.0,
    -3.666666666666668,
    -3.3333333333333357,
    -3.0,
    -2.666666666666668,
    -2.3333333333333357,
    -2.0,
    -1.6666666666666679,
    -1.3333333333333357,
    -1.0,
    -0.6666666666666679,
    -0.3333333333333357,
    0.0,
    0.33333333333333215,
    0.6666666666666643,
    1.0,
    1.3333333333333321,
    1.6666666666666643,
    2.0,
    2.333333333333332,
    2.6666666666666643,
    3.0,
    3.333333333333332,
    3.6666666666666643,
    4.0,
    4.333333333333332,
    4.666666666666664,
    5.0,
    5.333333333333332,
    5.666666666666664,
    6.0,
    6.333333333333332,
    6.666666666666664,
    7.0,
    7.333333333333332,
    7.666666666666664,
    8.0,
    8.333333333333332,
    8.666666666666664,
    9.0,
    9.333333333333332,
    9.666666666666664,
    10.0,
    10.333333333333332,
    10.666666666666664,
    11.0,
    11.333333333333332,
    11.666666666666664,
    12.0,
    12.333333333333329,
    12.666666666666664,
    13.0,
    13.333333333333329,
    13.666666666666664,
    14.0,
    14.333333333333329,
    14.666666666666664,
    15.0,
    15.333333333333329,
    15.666666666666664,
    16.0,
    16.33333333333333,
    16.666666666666664,
    17.0,
    17.33333333333333,
    17.666666666666664,
    18.0,
    18.33333333333333,
    18.666666666666664,
    19.0,
    19.33333333333333,
    19.666666666666664,
    20.0
  ],
  "conductance": [
    0.9821709508346175,
    0.983903715447663,
    0.9863956602935015,
    0.9897308725898994,
    0.9939747060114406,
    0.9991549019143613,
    1.0052411819624716,
    1.012134064442784,
    1.0196692761272566,
    1.0276246703760044,
    1.0357046263996712,
    1.0435067377442129,
    1.0505268934679124,
    1.0562545683319098,
    1.0603260246748418,
    1.0626310666700858,
    1.063302360743611,
    1.062615124576203,
    1.0608799932667077,
    1.0583816125243333,
    1.0553493670934233,
    1.0519212354635874,
    1.0480971985942509,
    1.0437211407247307,
    1.03852877716244,
    1.0322593627171512,
    1.0247837647726756,
    1.016179892680021,
    1.006713586243035,
    0.9967461475508105,
    0.9866273669183329,
    0.9766174817129394,
    0.9668495909365378,
    0.9573309056688265,
    0.9479821574495506,
    0.9387059355512113,
    0.9294532292474085,
    0.9202521926394097,
    0.9111913600943771,
    0.9023812884273754,
    0.8939220659355854,
    0.8858875822548566,
    0.8783235471568889,
    0.8712523724587514,
    0.8646798001208491,
    0.8586008053666575,
    0.8530040427574015,
    0.847874901632155,
    0.8431974857101989,
    0.8389558399582113,
    0.8351346803320562,
    0.8317198073045086,
    0.8286983238921407,
    0.8260587360250948,
    0.8237909844313873,
    0.82188643869447,
    0.8203378724323566,
    0.8191394312278782,
    0.8182866003971236,
    0.8177761768730611,
    0.8176062477410693,
    0.8177761768730611,
    0.8182866003971236,
    0.8191394312278782,
    0.8203378724323566,
    0.8218864386944699,
    0.8237909844313875,
    0.8260587360250948,
    0.8286983238921405,
    0.8317198073045086,
    0.835134680332056,
    0.8389558399582113,
    0.8431974857101987,
    0.847874901632155,
    0.8530040427574015,
    0.8586008053666575,
    0.8646798001208489,
    0.8712523724587514,
    0.8783235471568889,
    0.8858875822548566,
    0.8939220659355854,
    0.9023812884273754,
    0.9111913600943771,
    0.9202521926394096,
    0.9294532292474087,
    0.9387059355512113,
    0.9479821574495506,
    0.9573309056688263,
    0.9668495909365373,
    0.9766174817129393,
    0.9866273669183329,
    0.9967461475508108,
    1.0067135862430348,
    1.016179892680021,
    1.0247837647726756,
    1.0322593627171515,
    1.0385287771624399,
    1.0437211407247307,
    1.0480971985942509,
    1.0519212354635874,
    1.055349367093423,
    1.0583816125243333,
    1.060879993266708,
    1.0626151245762032,
    1.0633023607436107,
    1.0626310666700858,
    1.0603260246748418,
    1.0562545683319098,
    1.0505268934679124,
    1.0435067377442129,
    1.0357046263996712,
    1.0276246703760044,
    1.019669276127257,
    1.012134064442784,
    1.0052411819624716,
    0.9991549019143615,
    0.9939747060114406,
    0.9897308725898994,
    0.9863956602935016,
    0.9839037154476629,
    0.9821709508346175
  ],