{
  "bias_mev": [
    -20.0,
    -19.666666666666668,
    -19.333333333333332,
    -19.0,
    -18.666666666666668,
    -18.333333333333332,
    -18.0,
    -17.666666666666668,
    -17.333333333333332,
    -17.0,
    -16.666666666666668,
    -16.333333333333332,
    -16.0,
    -15.666666666666668,
    -15.333333333333334,
    -15.0,
    -14.666666666666668,
    -14.333333333333334,
    -14.0,
    -13.666666666666668,
    -13.333333333333334,
    -13.0,
    -12.666666666666668,
    -12.333333333333334,
    -12.0,
    -11.666666666666668,
    -11.333333333333334,
    -11.0,
    -10.666666666666668,
    -10.333333333333334,
    -10.0,
    -9.666666666666668,
    -9.333333333333334,
    -9.0,
    -8.666666666666668,
    -8.333333333333334,
    -8.0,
    -7.666666666666668,
    -7.333333333333334,
    -7.0,
    -6.666666666666668,
    -6.333333333333334,
    -6.0,
    -5.666666666666668,
    -5.333333333333334,
    -5.0,
    -4.666666666666668,
    -4.333333333333334,
    -4.0,
    -3.666666666666668,
    -3.3333333333333357,
    -3.0,
    -2.666666666666668,
    -2.3333333333333357,
    -2.0,
    -1.6666666666666679,
    -1.3333333333333357,
    -1.0,
    -0.6666666666666679,
    -0.3333333333333357,
    0.0,
    0.33333333333333215,
    0.6666666666666643,
    1.0,
    1.3333333333333321,
    1.6666666666666643,
    2.0,
    2.333333333333332,
    2.6666666666666643,
    3.0,
    3.333333333333332,
    3.6666666666666643,
    4.0,
    4.333333333333332,
    4.666666666666664,
    5.0,
    5.333333333333332,
    5.666666666666664,
    6.0,
    6.333333333333332,
    6.666666666666664,
    7.0,
    7.333333333333332,
    7.666666666666664,
    8.0,
    8.333333333333332,
    8.666666666666664,
    9.0,
    9.333333333333332,
    9.666666666666664,
    10.0,
    10.333333333333332,
    10.666666666666664,
    11.0,
    11.333333333333332,
    11.666666666666664,
    12.0,
    12.333333333333329,
    12.666666666666664,
    13.0,
    13.333333333333329,
    13.666666666666664,
    14.0,
    14.333333333333329,
    14.666666666666664,
    15.0,
    15.333333333333329,
    15.666666666666664,
    16.0,
    16.33333333333333,
    16.666666666666664,
    17.0,
    17.33333333333333,
    17.666666666666664,
    18.0,
    18.33333333333333,
    18.666666666666664,
    19.0,
    19.33333333333333,
    19.666666666666664,
    20.0
  ],
  "conductance": [
    0.9721488057365264,
    0.9764528602815505,
    0.9813118018846447,
    0.9868184819014397,
    0.9930699147415897,
    1.0001581657215826,
    1.0081561726878059,
    1.0171034687340699,
    1.026997546313987,
    1.0377827819968024,
    1.0493126820436132,
    1.0612851697143697,
    1.0732149646292601,
    1.08452278539079,
    1.094721111064244,
    1.1035630917445742,
    1.1110538238637226,
    1.117353410157784,
    1.1226694076057873,
    1.1272027555388224,
    1.1311367849003648,
    1.1346212408426408,
    1.1377319509021857,
    1.1404331553582587,
    1.1425803655965472,
    1.1439783141866888,
    1.1444739196337044,
    1.1440323893404536,
    1.1427486095620485,
    1.1407989608992757,
    1.138378228566272,
    1.1356537080346376,
    1.1327403763792034,
    1.129691899648248,
    1.1265090318726065,
    1.1231684329290355,
    1.119659631856428,
    1.1160058864838653,
    1.112259351849537,
    1.1084833350424317,
    1.1047372895693732,
    1.101069863191321,
    1.0975179321333361,
    1.094108312714036,
    1.0908600785553246,
    1.087786624700286,
    1.0848972663066174,
    1.0821984074645612,
    1.0796943774537973,
    1.0773880268182578,
    1.0752811544105267,
    1.0733748161054009,
    1.0716695502371278,
    1.0701655438016449,
    1.0688627559561408,
    1.0677610102704214,
    1.0668600637357355,
    1.0661596581663435,
    1.065659557971579,
    1.0653595770904212,
    1.065259597006504,
    1.0653595770904216,
    1.0656595579715789,
    1.0661596581663435,
    1.066860063735736,
    1.067761010270421,
    1.0688627559561406,
    1.0701655438016453,
    1.0716695502371276,
    1.073374816105401,
    1.075281154410527,
    1.0773880268182574,
    1.0796943774537968,
    1.0821984074645616,
    1.0848972663066172,
    1.0877866247002859,
    1.0908600785553249,
    1.0941083127140354,
    1.097517932133336,
    1.1010698631913212,
    1.1047372895693728,
    1.1084833350424315,
    1.1122593518495372,
    1.1160058864838653,
    1.119659631856428,
    1.1231684329290355,
    1.1265090318726063,
    1.1296918996482475,
    1.1327403763792037,
    1.1356537080346372,
    1.1383782285662718,
    1.1407989608992757,
    1.1427486095620483,
    1.1440323893404534,
    1.1444739196337046,
    1.1439783141866888,
    1.1425803655965474,
    1.140433155358259,
    1.137731950902185,
    1.134621240842641,
    1.1311367849003653,
    1.1272027555388222,
    1.1226694076057873,
    1.1173534101577842,
    1.1110538238637224,
    1.1035630917445745,
    1.0947211110642443,
    1.0845227853907897,
    1.0732149646292601,
    1.0612851697143704,
    1.049312682043613,
    1.0377827819968026,
    1.0269975463139878,
    1.0171034687340696,
    1.0081561726878059,
    1.000158165721583,
    0.9930699147415895,
    0.98681848190144,
    0.9813118018846453,
    0.9764528602815502,
    0.9721488057365263
  ],