{
  "bias_mev": [
    -20.0,
    -19.666666666666668,
    -19.333333333333332,
    -19.0,
    -18.666666666666668,
    -18.333333333333332,
    -18.0,
    -17.666666666666668,
    -17.333333333333332,
    -17.0,
    -16.666666666666668,
    -16.333333333333332,
    -16.0,
    -15.666666666666668,
    -15.333333333333334,
    -15.0,
    -14.666666666666668,
    -14.333333333333334,
    -14.0,
    -13.666666666666668,
    -13.333333333333334,
    -13.0,
    -12.666666666666668,
    -12.333333333333334,
    -12.0,
    -11.666666666666668,
    -11.333333333333334,
    -11.0,
    -10.666666666666668,
    -10.333333333333334,
    -10.0,
    -9.666666666666668,
    -9.333333333333334,
    -9.0,
    -8.666666666666668,
    -8.333333333333334,
    -8.0,
    -7.666666666666668,
    -7.333333333333334,
    -7.0,
    -6.666666666666668,
    -6.333333333333334,
    -6.0,
    -5.666666666666668,
    -5.333333333333334,
    -5.0,
    -4.666666666666668,
    -4.333333333333334,
    -4.0,
    -3.666666666666668,
    -3.3333333333333357,
    -3.0,
    -2.666666666666668,
    -2.3333333333333357,
    -2.0,
    -1.6666666666666679,
    -1.3333333333333357,
    -1.0,
    -0.6666666666666679,
    -0.3333333333333357,
    0.0,
    0.33333333333333215,
    0.6666666666666643,
    1.0,
    1.3333333333333321,
    1.6666666666666643,
    2.0,
    2.333333333333332,
    2.6666666666666643,
    3.0,
    3.333333333333332,
    3.6666666666666643,
    4.0,
    4.333333333333332,
    4.666666666666664,
    5.0,
    5.333333333333332,
    5.666666666666664,
    6.0,
    6.333333333333332,
    6.666666666666664,
    7.0,
    7.333333333333332,
    7.666666666666664,
    8.0,
    8.333333333333332,
    8.666666666666664,
    9.0,
    9.333333333333332,
    9.666666666666664,
    10.0,
    10.333333333333332,
    10.666666666666664,
    11.0,
    11.333333333333332,
    11.666666666666664,
    12.0,
    12.333333333333329,
    12.666666666666664,
    13.0,
    13.333333333333329,
    13.666666666666664,
    14.0,
    14.333333333333329,
    14.666666666666664,
    15.0,
    15.333333333333329,
    15.666666666666664,
    16.0,
    16.33333333333333,
    16.666666666666664,
    17.0,
    17.33333333333333,
    17.666666666666664,
    18.0,
    18.33333333333333,
    18.666666666666664,
    19.0,
    19.33333333333333,
    19.666666666666664,
    20.0
  ],
  "conductance": [
    0.9728704535664496,
    0.9748927389615281,
    0.9784062895872127,
    0.983526386906374,
    0.99034081638997,
    0.9988376377516021,
    1.0087956760297403,
    1.019712193385857,
    1.0309016046375534,
    1.041716202783714,
    1.051501473762236,
    1.0591523303594426,
    1.0629433318313102,
    1.061281312748225,
    1.0538005466723699,
    1.0415978966113695,
    1.0264681526125192,
    1.0099619987305726,
    0.9929966581738622,
    0.9761111265056055,
    0.959790835545765,
    0.9443382571285586,
    0.9294832518500675,
    0.9142568683701212,
    0.8973272686534274,
    0.8776295409160663,
    0.8550129981356631,
    0.8304441801366876,
    0.8054853785219489,
    0.7815448174798739,
    0.7594812570109812,
    0.7395756145310828,
    0.7216206373897293,
    0.7050211996214734,
    0.6890022110023434,
    0.6729952395232981,
    0.6569508545969276,
    0.6412510006533936,
    0.6263629412007216,
    0.6125976782779182,
    0.6000723086852726,
    0.5887711176210981,
    0.5786125440675699,
    0.5694926117599278,
    0.5613070626541036,
    0.5539606459347589,
    0.5473699512612841,
    0.5414633866018373,
    0.536180073265519,
    0.5314684572792678,
    0.5272849665322314,
    0.5235928300487387,
    0.5203610844984478,
    0.5175637571974115,
    0.5151792032950272,
    0.5131895734281942,
    0.5115803905661935,
    0.5103402183592748,
    0.5094604069425276,
    0.5089349054489858,
    0.5087601333735077,
    0.508934905448986,
    0.5094604069425274,
    0.5103402183592748,
    0.5115803905661939,
    0.5131895734281938,
    0.5151792032950272,
    0.5175637571974117,
    0.5203610844984474,
    0.5235928300487387,
    0.5272849665322317,
    0.5314684572792677,
    0.5361800732655189,
    0.5414633866018376,
    0.5473699512612838,
    0.5539606459347588,
    0.5613070626541038,
    0.5694926117599276,
    0.5786125440675699,
    0.5887711176210985,
    0.6000723086852724,
    0.6125976782779181,
    0.626362941200722,
    0.6412510006533934,
    0.6569508545969275,
    0.6729952395232983,
    0.6890022110023432,
    0.7050211996214732,
    0.7216206373897297,
    0.7395756145310822,
    0.759481257010981,
    0.7815448174798743,
    0.8054853785219485,
    0.8304441801366875,
    0.8550129981356636,
    0.8776295409160657,
    0.8973272686534275,
    0.9142568683701217,
    0.9294832518500667,
    0.9443382571285592,
    0.9597908355457655,
    0.9761111265056045,
    0.9929966581738625,
    1.009961998730573,
    1.0264681526125181,
    1.04159789661137,
    1.0538005466723703,
    1.0612813127482241,
    1.0629433318313104,
    1.0591523303594432,
    1.0515014737622357,
    1.0417162027837141,
    1.030901604637554,
    1.0197121933858566,
    1.00879567602974,
    0.9988376377516028,
    0.9903408163899695,
    0.983526386906374,
    0.9784062895872134,
    0.9748927389615278,
    0.9728704535664493
  ],