{
  "bias_mev": [
    -20.0,
    -19.666666666666668,
    -19.333333333333332,
    -19.0,
    -18.666666666666668,
    -18.333333333333332,
    -18.0,
    -17.666666666666668,
    -17.333333333333332,
    -17.0,
    -16.666666666666668,
    -16.333333333333332,
    -16.0,
    -15.666666666666668,
    -15.333333333333334,
    -15.0,
    -14.666666666666668,
    -14.333333333333334,
    -14.0,
    -13.666666666666668,
    -13.333333333333334,
    -13.0,
    -12.666666666666668,
    -12.333333333333334,
    -12.0,
    -11.666666666666668,
    -11.333333333333334,
    -11.0,
    -10.666666666666668,
    -10.333333333333334,
    -10.0,
    -9.666666666666668,
    -9.333333333333334,
    -9.0,
    -8.666666666666668,
    -8.333333333333334,
    -8.0,
    -7.666666666666668,
    -7.333333333333334,
    -7.0,
    -6.666666666666668,
    -6.333333333333334,
    -6.0,
    -5.666666666666668,
    -5.333333333333334,
    -5.0,
    -4.666666666666668,
    -4.333333333333334,
    -4.0,
    -3.666666666666668,
    -3.3333333333333357,
    -3.0,
    -2.666666666666668,
    -2.3333333333333357,
    -2.0,
    -1.6666666666666679,
    -1.3333333333333357,
    -1.0,
    -0.6666666666666679,
    -0.3333333333333357,
    0.0,
    0.33333333333333215,
    0.6666666666666643,
    1.0,
    1.3333333333333321,
    1.6666666666666643,
    2.0,
    2.333333333333332,
    2.6666666666666643,
    3.0,
    3.333333333333332,
    3.6666666666666643,
    4.0,
    4.333333333333332,
    4.666666666666664,
    5.0,
    5.333333333333332,
    5.666666666666664,
    6.0,
    6.333333333333332,
    6.666666666666664,
    7.0,
    7.333333333333332,
    7.666666666666664,
    8.0,
    8.333333333333332,
    8.666666666666664,
    9.0,
    9.333333333333332,
    9.666666666666664,
    10.0,
    10.333333333333332,
    10.666666666666664,
    11.0,
    11.333333333333332,
    11.666666666666664,
    12.0,
    12.333333333333329,
    12.666666666666664,
    13.0,
    13.333333333333329,
    13.666666666666664,
    14.0,
    14.333333333333329,
    14.666666666666664,
    15.0,
    15.333333333333329,
    15.666666666666664,
    16.0,
    16.33333333333333,
    16.666666666666664,
    17.0,
    17.33333333333333,
    17.666666666666664,
    18.0,
    18.33333333333333,
    18.666666666666664,
    19.0,
    19.33333333333333,
    19.666666666666664,
    20.0
  ],
  "conductance": [
    0.9794595045407737,
    0.9825589955588008,
    0.9860706119337258,
    0.9900726417634729,
    0.9946538097881691,
    0.999906910821072,
    1.0059097562798287,
    1.0126941405000514,
    1.020229286103387,
    1.0284443427107188,
    1.037219604480254,
    1.0462743562702848,
    1.055111666653896,
    1.0632172473677293,
    1.0703271679529744,
    1.0764729648131637,
    1.0818465861325761,
    1.0866374528945506,
    1.0909615952671805,
    1.0949149093897204,
    1.0986347257813454,
    1.1022658083384398,
    1.1058751511958371,
    1.1094021495118191,
    1.11266494535185,
    1.115402888232382,
    1.1173938630750677,
    1.1185897714598712,
    1.1191122250605785,
    1.1191496941102845,
    1.1188805214880737,
    1.1184456561701883,
    1.1179404554431522,
    1.1174025434200787,
    1.116800583663906,
    1.1160581302184944,
    1.115119002009629,
    1.1139869902535293,
    1.112707427911393,
    1.1113344125712137,
    1.1099140725128185,
    1.1084813750666898,
    1.1070618940822312,
    1.1056742877685188,
    1.1043323055578,
    1.103046216851276,
    1.1018237944955198,
    1.1006709915399078,
    1.0995924126970076,
    1.0985916482783804,
    1.0976715148356266,
    1.0968342314073938,
    1.0960815504713413,
    1.0954148564151862,
    1.094835240262474,
    1.0943435566985389,
    1.0939404676346425,
    1.0936264753087857,
    1.093401947052515,
    1.0932671332275377,
    1.0932221793709531,
    1.0932671332275392,
    1.0934019470525136,
    1.0936264753087854,
    1.0939404676346436,
    1.0943435566985378,
    1.0948352402624741,
    1.0954148564151875,
    1.0960815504713397,
    1.096834231407394,
    1.0976715148356282,
    1.0985916482783795,
    1.0995924126970076,
    1.1006709915399093,
    1.1018237944955194,
    1.1030462168512756,
    1.1043323055578016,
    1.1056742877685182,
    1.10706189408223,
    1.1084813750666913,
    1.1099140725128176,
    1.1113344125712132,
    1.1127074279113947,
    1.1139869902535289,
    1.1151190020096289,
    1.116058130218496,
    1.1168005836639054,
    1.117402543420078,
    1.117940455443154,
    1.1184456561701877,
    1.1188805214880733,
    1.119149694110286,
    1.1191122250605778,
    1.1185897714598705,
    1.117393863075069,
    1.115402888232381,
    1.11266494535185,
    1.1094021495118207,
    1.1058751511958351,
    1.1022658083384407,
    1.0986347257813467,
    1.0949149093897184,
    1.090961595267181,
    1.0866374528945517,
    1.0818465861325741,
    1.0764729648131643,
    1.0703271679529758,
    1.0632172473677275,
    1.0551116666538964,
    1.0462743562702863,
    1.0372196044802529,
    1.0284443427107188,
    1.0202292861033886,
    1.0126941405000502,
    1.0059097562798287,
    0.9999069108210733,
    0.9946538097881678,
    0.9900726417634729,
    0.9860706119337272,
    0.9825589955588001,
    0.9794595045407732
  ],