{
  "bias_mev": [
    -20.0,
    -19.666666666666668,
    -19.333333333333332,
    -19.0,
    -18.666666666666668,
    -18.333333333333332,
    -18.0,
    -17.666666666666668,
    -17.333333333333332,
    -17.0,
    -16.666666666666668,
    -16.333333333333332,
    -16.0,
    -15.666666666666668,
    -15.333333333333334,
    -15.0,
    -14.666666666666668,
    -14.333333333333334,
    -14.0,
    -13.666666666666668,
    -13.333333333333334,
    -13.0,
    -12.666666666666668,
    -12.333333333333334,
    -12.0,
    -11.666666666666668,
    -11.333333333333334,
    -11.0,
    -10.666666666666668,
    -10.333333333333334,
    -10.0,
    -9.666666666666668,
    -9.333333333333334,
    -9.0,
    -8.666666666666668,
    -8.333333333333334,
    -8.0,
    -7.666666666666668,
    -7.333333333333334,
    -7.0,
    -6.666666666666668,
    -6.333333333333334,
    -6.0,
    -5.666666666666668,
    -5.333333333333334,
    -5.0,
    -4.666666666666668,
    -4.333333333333334,
    -4.0,
    -3.666666666666668,
    -3.3333333333333357,
    -3.0,
    -2.666666666666668,
    -2.3333333333333357,
    -2.0,
    -1.6666666666666679,
    -1.3333333333333357,
    -1.0,
    -0.6666666666666679,
    -0.3333333333333357,
    0.0,
    0.33333333333333215,
    0.6666666666666643,
    1.0,
    1.3333333333333321,
    1.6666666666666643,
    2.0,
    2.333333333333332,
    2.6666666666666643,
    3.0,
    3.333333333333332,
    3.6666666666666643,
    4.0,
    4.333333333333332,
    4.666666666666664,
    5.0,
    5.333333333333332,
    5.666666666666664,
    6.0,
    6.333333333333332,
    6.666666666666664,
    7.0,
    7.333333333333332,
    7.666666666666664,
    8.0,
    8.333333333333332,
    8.666666666666664,
    9.0,
    9.333333333333332,
    9.666666666666664,
    10.0,
    10.333333333333332,
    10.666666666666664,
    11.0,
    11.333333333333332,
    11.666666666666664,
    12.0,
    12.333333333333329,
    12.666666666666664,
    13.0,
    13.333333333333329,
    13.666666666666664,
    14.0,
    14.333333333333329,
    14.666666666666664,
    15.0,
    15.333333333333329,
    15.666666666666664,
    16.0,
    16.33333333333333,
    16.666666666666664,
    17.0,
    17.33333333333333,
    17.666666666666664,
    18.0,
    18.33333333333333,
    18.666666666666664,
    19.0,
    19.33333333333333,
    19.666666666666664,
    20.0
  ],
  "conductance": [
    0.9854317225686255,
    0.9861716222467428,
    0.9877164359253733,
    0.9901695175909624,
    0.9936333177792996,
    0.9981870321820114,
    1.0038478550769439,
    1.010534246721825,
    1.0180714943472615,
    1.0262367555609537,
    1.034735102645832,
    1.0430392530249506,
    1.0502819424974845,
    1.0554784635289627,
    1.0579956800372072,
    1.057824583608499,
    1.0554403279324507,
    1.0514582514536592,
    1.0463894577454809,
    1.0406199813368935,
    1.034488531826808,
    1.028271412312141,
    1.022061412103245,
    1.015676001936133,
    1.0086962922437375,
    1.0006438698852864,
    0.9912377230206787,
    0.9805724371040112,
    0.9690613844131566,
    0.9572226572612671,
    0.9454995645111433,
    0.9341844404527798,
    0.9234045191481994,
    0.9131310540918136,
    0.9032218271488336,
    0.893518223528771,
    0.883951294745027,
    0.8745692917987132,
    0.8654824156060477,
    0.8567975266477363,
    0.8485873639988858,
    0.8408889422107632,
    0.8337130469049362,
    0.8270542508409449,
    0.8208982539701685,
    0.8152265469375392,
    0.8100191681336096,
    0.805256260758609,
    0.800918915184646,
    0.7969895971186305,
    0.7934523398751323,
    0.7902928048587097,
    0.7874982707640722,
    0.7850575866620207,
    0.7829611094070886,
    0.781200637203342,
    0.7797693461244305,
    0.7786617334259078,
    0.7778735697591769,
    0.7774018613993188,
    0.7772448230389227,
    0.777401861399319,
    0.7778735697591767,
    0.7786617334259078,
    0.7797693461244308,
    0.7812006372033417,
    0.7829611094070886,
    0.7850575866620211,
    0.7874982707640718,
    0.7902928048587095,
    0.7934523398751329,
    0.7969895971186302,
    0.8009189151846458,
    0.8052562607586096,
    0.8100191681336095,
    0.815226546937539,
    0.8208982539701688,
    0.8270542508409449,
    0.833713046904936,
    0.8408889422107632,
    0.8485873639988855,
    0.8567975266477361,
    0.865482415606048,
    0.8745692917987132,
    0.8839512947450267,
    0.8935182235287711,
    0.9032218271488334,
    0.9131310540918136,
    0.9234045191482,
    0.9341844404527794,
    0.9454995645111431,
    0.9572226572612677,
    0.9690613844131564,
    0.9805724371040112,
    0.9912377230206793,
    1.0006438698852858,
    1.008696292243738,
    1.0156760019361333,
    1.022061412103244,
    1.0282714123121415,
    1.0344885318268084,
    1.0406199813368926,
    1.0463894577454813,
    1.05145825145366,
    1.0554403279324498,
    1.0578245836084994,
    1.057995680037208,
    1.0554784635289622,
    1.0502819424974843,
    1.0430392530249513,
    1.0347351026458316,
    1.0262367555609537,
    1.0180714943472622,
    1.0105342467218246,
    1.0038478550769439,
    0.998187032182012,
    0.9936333177792994,
    0.9901695175909627,
    0.987716435925374,
    0.9861716222467426,
    0.985431722568625
  ],