{
  "bias_mev": [
    -20.0,
    -19.666666666666668,
    -19.333333333333332,
    -19.0,
    -18.666666666666668,
    -18.333333333333332,
    -18.0,
    -17.666666666666668,
    -17.333333333333332,
    -17.0,
    -16.666666666666668,
    -16.333333333333332,
    -16.0,
    -15.666666666666668,
    -15.333333333333334,
    -15.0,
    -14.666666666666668,
    -14.333333333333334,
    -14.0,
    -13.666666666666668,
    -13.333333333333334,
    -13.0,
    -12.666666666666668,
    -12.333333333333334,
    -12.0,
    -11.666666666666668,
    -11.333333333333334,
    -11.0,
    -10.666666666666668,
    -10.333333333333334,
    -10.0,
    -9.666666666666668,
    -9.333333333333334,
    -9.0,
    -8.666666666666668,
    -8.333333333333334,
    -8.0,
    -7.666666666666668,
    -7.333333333333334,
    -7.0,
    -6.666666666666668,
    -6.333333333333334,
    -6.0,
    -5.666666666666668,
    -5.333333333333334,
    -5.0,
    -4.666666666666668,
    -4.333333333333334,
    -4.0,
    -3.666666666666668,
    -3.3333333333333357,
    -3.0,
    -2.666666666666668,
    -2.3333333333333357,
    -2.0,
    -1.6666666666666679,
    -1.3333333333333357,
    -1.0,
    -0.6666666666666679,
    -0.3333333333333357,
    0.0,
    0.33333333333333215,
    0.6666666666666643,
    1.0,
    1.3333333333333321,
    1.6666666666666643,
    2.0,
    2.333333333333332,
    2.6666666666666643,
    3.0,
    3.333333333333332,
    3.6666666666666643,
    4.0,
    4.333333333333332,
    4.666666666666664,
    5.0,
    5.333333333333332,
    5.666666666666664,
    6.0,
    6.333333333333332,
    6.666666666666664,
    7.0,
    7.333333333333332,
    7.666666666666664,
    8.0,
    8.333333333333332,
    8.666666666666664,
    9.0,
    9.333333333333332,
    9.666666666666664,
    10.0,
    10.333333333333332,
    10.666666666666664,
    11.0,
    11.333333333333332,
    11.666666666666664,
    12.0,
    12.333333333333329,
    12.666666666666664,
    13.0,
    13.333333333333329,
    13.666666666666664,
    14.0,
    14.333333333333329,
    14.666666666666664,
    15.0,
    15.333333333333329,
    15.666666666666664,
    16.0,
    16.33333333333333,
    16.666666666666664,
    17.0,
    17.33333333333333,
    17.666666666666664,
    18.0,
    18.33333333333333,
    18.666666666666664,
    19.0,
    19.33333333333333,
    19.666666666666664,
    20.0
  ],
  "conductance": [
    0.9791906517366451,
    0.9802153629787073,
    0.9824296079713594,
    0.9859830964166068,
    0.9910353892837167,
    0.997701824226056,
    1.005934595576791,
    1.015410792409658,
    1.025666047116286,
    1.0364326322841728,
    1.0474489603060788,
    1.057595330627932,
    1.0646117178307535,
    1.0664358967314813,
    1.0627609843597343,
    1.054894431627683,
    1.0446125084351907,
    1.0331755304485717,
    1.0211225966209796,
    1.0088165657476398,
    0.9968429337973573,
    0.985711996673932,
    0.9753688365185237,
    0.9650608043860476,
    0.9535992802603553,
    0.9398559448315457,
    0.923538702177374,
    0.9054837090478053,
    0.8869695816969763,
    0.869019395973951,
    0.8522214900850673,
    0.8368112127198252,
    0.8227386293079638,
    0.809668072030413,
    0.79706513774175,
    0.7845323650886621,
    0.7720882204988988,
    0.7600183547678447,
    0.7485925206370299,
    0.7379547199417795,
    0.7281446447224482,
    0.7191439205292258,
    0.7109085410665678,
    0.7033862680468281,
    0.6965248687924148,
    0.690275634830421,
    0.6845946351262548,
    0.6794429303719247,
    0.674786339436449,
    0.6705950379362785,
    0.6668431188230085,
    0.6635081727277579,
    0.6605709112439662,
    0.6580148400313762,
    0.6558259812426942,
    0.6539926417498281,
    0.6525052227290706,
    0.6513560662380088,
    0.6505393349292994,
    0.6500509217293191,
    0.6498883870381259,
    0.65005092172932,
    0.6505393349292985,
    0.6513560662380089,
    0.6525052227290713,
    0.6539926417498272,
    0.6558259812426942,
    0.6580148400313768,
    0.6605709112439653,
    0.6635081727277579,
    0.6668431188230093,
    0.6705950379362778,
    0.6747863394364487,
    0.6794429303719256,
    0.6845946351262544,
    0.6902756348304206,
    0.6965248687924158,
    0.7033862680468277,
    0.7109085410665674,
    0.7191439205292266,
    0.7281446447224477,
    0.7379547199417792,
    0.748592520637031,
    0.7600183547678442,
    0.7720882204988985,
    0.784532365088663,
    0.7970651377417495,
    0.8096680720304127,
    0.8227386293079649,
    0.8368112127198244,
    0.852221490085067,
    0.8690193959739522,
    0.8869695816969756,
    0.9054837090478051,
    0.9235387021773751,
    0.9398559448315446,
    0.9535992802603556,
    0.9650608043860485,
    0.9753688365185217,
    0.9857119966739325,
    0.9968429337973583,
    1.008816565747638,
    1.0211225966209803,
    1.0331755304485726,
    1.044612508435189,
    1.0548944316276836,
    1.0627609843597356,
    1.0664358967314795,
    1.0646117178307535,
    1.057595330627933,
    1.0474489603060775,
    1.0364326322841726,
    1.0256660471162873,
    1.0154107924096567,
    1.0059345955767913,
    0.9977018242260574,
    0.9910353892837154,
    0.9859830964166065,
    0.9824296079713608,
    0.9802153629787067,
    0.9791906517366444
  ],