{
  "bias_mev": [
    -20.0,
    -19.666666666666668,
    -19.333333333333332,
    -19.0,
    -18.666666666666668,
    -18.333333333333332,
    -18.0,
    -17.666666666666668,
    -17.333333333333332,
    -17.0,
    -16.666666666666668,
    -16.333333333333332,
    -16.0,
    -15.666666666666668,
    -15.333333333333334,
    -15.0,
    -14.666666666666668,
    -14.333333333333334,
    -14.0,
    -13.666666666666668,
    -13.333333333333334,
    -13.0,
    -12.666666666666668,
    -12.333333333333334,
    -12.0,
    -11.666666666666668,
    -11.333333333333334,
    -11.0,
    -10.666666666666668,
    -10.333333333333334,
    -10.0,
    -9.666666666666668,
    -9.333333333333334,
    -9.0,
    -8.666666666666668,
    -8.333333333333334,
    -8.0,
    -7.666666666666668,
    -7.333333333333334,
    -7.0,
    -6.666666666666668,
    -6.333333333333334,
    -6.0,
    -5.666666666666668,
    -5.333333333333334,
    -5.0,
    -4.666666666666668,
    -4.333333333333334,
    -4.0,
    -3.666666666666668,
    -3.3333333333333357,
    -3.0,
    -2.666666666666668,
    -2.3333333333333357,
    -2.0,
    -1.6666666666666679,
    -1.3333333333333357,
    -1.0,
    -0.6666666666666679,
    -0.3333333333333357,
    0.0,
    0.33333333333333215,
    0.6666666666666643,
    1.0,
    1.3333333333333321,
    1.6666666666666643,
    2.0,
    2.333333333333332,
    2.6666666666666643,
    3.0,
    3.333333333333332,
    3.6666666666666643,
    4.0,
    4.333333333333332,
    4.666666666666664,
    5.0,
    5.333333333333332,
    5.666666666666664,
    6.0,
    6.333333333333332,
    6.666666666666664,
    7.0,
    7.333333333333332,
    7.666666666666664,
    8.0,
    8.333333333333332,
    8.666666666666664,
    9.0,
    9.333333333333332,
    9.666666666666664,
    10.0,
    10.333333333333332,
    10.666666666666664,
    11.0,
    11.333333333333332,
    11.666666666666664,
    12.0,
    12.333333333333329,
    12.666666666666664,
    13.0,
    13.333333333333329,
    13.666666666666664,
    14.0,
    14.333333333333329,
    14.666666666666664,
    15.0,
    15.333333333333329,
    15.666666666666664,
    16.0,
    16.33333333333333,
    16.666666666666664,
    17.0,
    17.33333333333333,
    17.666666666666664,
    18.0,
    18.33333333333333,
    18.666666666666664,
    19.0,
    19.33333333333333,
    19.666666666666664,
    20.0
  ],
  "conductance": [
    0.9689871304649498,
    0.9722505228348034,
    0.9767686493982939,
    0.9826439908713515,
    0.9899734867507439,
    0.9988186650648727,
    1.009151780315251,
    1.0208142850105963,
    1.0335483187489287,
    1.0470431705402086,
    1.0607368539201003,
    1.0733264993232163,
    1.0825926760828521,
    1.086257836637161,
    1.083394389958801,
    1.0748721970042487,
    1.0625411816169694,
    1.0481547319134614,
    1.0328318817185251,
    1.0171858775275877,
    1.001659430963115,
    0.9865437247392898,
    0.9717145635688059,
    0.9564930871344274,
    0.9398753223504336,
    0.9210323380943682,
    0.8998200012277373,
    0.8769263654706386,
    0.8534836752542846,
    0.8305516435171645,
    0.8088606028571742,
    0.7887642988443089,
    0.7702207810960111,
    0.752790940286727,
    0.7358141273715185,
    0.7188167662975591,
    0.7018305980433512,
    0.6852743870401632,
    0.6696024590696984,
    0.6550952505111396,
    0.6418485229984533,
    0.6298398864916335,
    0.6189905013374227,
    0.6092026434906499,
    0.6003784015940843,
    0.5924275900578855,
    0.5852703202257237,
    0.5788371710292413,
    0.573068398482543,
    0.56791284686993,
    0.5633268492772284,
    0.5592732305577214,
    0.5557204472567893,
    0.5526418653857824,
    0.5500151639933406,
    0.5478218488481957,
    0.5460468609134884,
    0.5446782662126215,
    0.5437070160638612,
    0.5431267690338117,
    0.5429337681641431,
    0.5431267690338122,
    0.5437070160638607,
    0.5446782662126215,
    0.546046860913489,
    0.5478218488481953,
    0.5500151639933405,
    0.5526418653857829,
    0.5557204472567887,
    0.5592732305577213,
    0.5633268492772289,
    0.5679128468699296,
    0.5730683984825428,
    0.5788371710292417,
    0.5852703202257233,
    0.5924275900578851,
    0.6003784015940846,
    0.6092026434906497,
    0.6189905013374225,
    0.629839886491634,
    0.6418485229984527,
    0.6550952505111394,
    0.6696024590696987,
    0.6852743870401627,
    0.701830598043351,
    0.7188167662975598,
    0.7358141273715181,
    0.7527909402867268,
    0.7702207810960114,
    0.7887642988443081,
    0.808860602857174,
    0.8305516435171649,
    0.8534836752542839,
    0.8769263654706383,
    0.899820001227738,
    0.9210323380943676,
    0.9398753223504338,
    0.9564930871344275,
    0.9717145635688045,
    0.9865437247392901,
    1.0016594309631153,
    1.0171858775275864,
    1.0328318817185254,
    1.0481547319134616,
    1.0625411816169676,
    1.074872197004249,
    1.0833943899588019,
    1.08625783663716,
    1.0825926760828521,
    1.0733264993232174,
    1.0607368539200996,
    1.0470431705402083,
    1.0335483187489294,
    1.0208142850105955,
    1.0091517803152508,
    0.9988186650648736,
    0.9899734867507433,
    0.9826439908713516,
    0.9767686493982947,
    0.9722505228348031,
    0.9689871304649493
  ],