{
  "bias_mev": [
    -20.0,
    -19.666666666666668,
    -19.333333333333332,
    -19.0,
    -18.666666666666668,
    -18.333333333333332,
    -18.0,
    -17.666666666666668,
    -17.333333333333332,
    -17.0,
    -16.666666666666668,
    -16.333333333333332,
    -16.0,
    -15.666666666666668,
    -15.333333333333334,
    -15.0,
    -14.666666666666668,
    -14.333333333333334,
    -14.0,
    -13.666666666666668,
    -13.333333333333334,
    -13.0,
    -12.666666666666668,
    -12.333333333333334,
    -12.0,
    -11.666666666666668,
    -11.333333333333334,
    -11.0,
    -10.666666666666668,
    -10.333333333333334,
    -10.0,
    -9.666666666666668,
    -9.333333333333334,
    -9.0,
    -8.666666666666668,
    -8.333333333333334,
    -8.0,
    -7.666666666666668,
    -7.333333333333334,
    -7.0,
    -6.666666666666668,
    -6.333333333333334,
    -6.0,
    -5.666666666666668,
    -5.333333333333334,
    -5.0,
    -4.666666666666668,
    -4.333333333333334,
    -4.0,
    -3.666666666666668,
    -3.3333333333333357,
    -3.0,
    -2.666666666666668,
    -2.3333333333333357,
    -2.0,
    -1.6666666666666679,
    -1.3333333333333357,
    -1.0,
    -0.6666666666666679,
    -0.3333333333333357,
    0.0,
    0.33333333333333215,
    0.6666666666666643,
    1.0,
    1.3333333333333321,
    1.6666666666666643,
    2.0,
    2.333333333333332,
    2.6666666666666643,
    3.0,
    3.333333333333332,
    3.6666666666666643,
    4.0,
    4.333333333333332,
    4.666666666666664,
    5.0,
    5.333333333333332,
    5.666666666666664,
    6.0,
    6.333333333333332,
    6.666666666666664,
    7.0,
    7.333333333333332,
    7.666666666666664,
    8.0,
    8.333333333333332,
    8.666666666666664,
    9.0,
    9.333333333333332,
    9.666666666666664,
    10.0,
    10.333333333333332,
    10.666666666666664,
    11.0,
    11.333333333333332,
    11.666666666666664,
    12.0,
    12.333333333333329,
    12.666666666666664,
    13.0,
    13.333333333333329,
    13.666666666666664,
    14.0,
    14.333333333333329,
    14.666666666666664,
    15.0,
    15.333333333333329,
    15.666666666666664,
    16.0,
    16.33333333333333,
    16.666666666666664,
    17.0,
    17.33333333333333,
    17.666666666666664,
    18.0,
    18.33333333333333,
    18.666666666666664,
    19.0,
    19.33333333333333,
    19.666666666666664,
    20.0
  ],
  "conductance": [
    0.9873855398674042,
    0.9880510704941665,
    0.9894404944874975,
    0.9916297388652116,
    0.9946843821789362,
    0.9986433046720541,
    1.003494331848387,
    1.0091498514410038,
    1.0154349632690052,
    1.0220863228763317,
    1.0287363250622754,
    1.034880846794262,
    1.0399018711883878,
    1.0432145175135308,
    1.044472929889692,
    1.0436747752245423,
    1.041094965049745,
    1.0371252981566104,
    1.0321403000147706,
    1.0264505187510318,
    1.020311280849473,
    1.0139147429584092,
    1.007342032012603,
    1.0005191465491918,
    0.9932302437260937,
    0.9852048280943801,
    0.9762509150974796,
    0.9663657061531099,
    0.9557505553713245,
    0.9447274210077212,
    0.9336268761807909,
    0.9227090948441907,
    0.9121292938531363,
    0.9019349933319476,
    0.8920890857004069,
    0.8825187257257735,
    0.8731737674737263,
    0.8640603927468782,
    0.8552329609822236,
    0.8467629236667082,
    0.8387123224835203,
    0.8311224955105568,
    0.8240141844130785,
    0.8173923432314256,
    0.8112514679691015,
    0.8055798641736973,
    0.8003626256586778,
    0.7955835656948259,
    0.7912264110714219,
    0.7872755119298044,
    0.78371624516222,
    0.7805352284696349,
    0.7777204198317212,
    0.7752611494132639,
    0.7731481132894155,
    0.7713733472891919,
    0.76993019232588,
    0.7688132582529267,
    0.7680183905775448,
    0.7675426426714836,
    0.7673842550567952,
    0.7675426426714841,
    0.7680183905775443,
    0.7688132582529268,
    0.7699301923258802,
    0.7713733472891915,
    0.7731481132894155,
    0.7752611494132641,
    0.7777204198317209,
    0.7805352284696347,
    0.7837162451622204,
    0.7872755119298039,
    0.7912264110714219,
    0.7955835656948262,
    0.8003626256586774,
    0.8055798641736972,
    0.8112514679691019,
    0.8173923432314252,
    0.8240141844130783,
    0.8311224955105572,
    0.8387123224835203,
    0.8467629236667081,
    0.8552329609822237,
    0.864060392746878,
    0.8731737674737263,
    0.8825187257257738,
    0.8920890857004068,
    0.9019349933319474,
    0.9121292938531367,
    0.9227090948441902,
    0.9336268761807907,
    0.9447274210077216,
    0.9557505553713239,
    0.9663657061531098,
    0.97625091509748,
    0.9852048280943796,
    0.993230243726094,
    1.0005191465491923,
    1.0073420320126023,
    1.0139147429584097,
    1.0203112808494736,
    1.0264505187510309,
    1.0321403000147706,
    1.037125298156611,
    1.0410949650497443,
    1.0436747752245426,
    1.0444729298896926,
    1.0432145175135303,
    1.0399018711883878,
    1.0348808467942625,
    1.0287363250622747,
    1.0220863228763315,
    1.0154349632690056,
    1.0091498514410033,
    1.003494331848387,
    0.9986433046720548,
    0.9946843821789358,
    0.9916297388652118,
    0.9894404944874983,
    0.988051070494166,
    0.9873855398674038
  ],