{
  "bias_mev": [
    -20.0,
    -19.666666666666668,
    -19.333333333333332,
    -19.0,
    -18.666666666666668,
    -18.333333333333332,
    -18.0,
    -17.666666666666668,
    -17.333333333333332,
    -17.0,
    -16.666666666666668,
    -16.333333333333332,
    -16.0,
    -15.666666666666668,
    -15.333333333333334,
    -15.0,
    -14.666666666666668,
    -14.333333333333334,
    -14.0,
    -13.666666666666668,
    -13.333333333333334,
    -13.0,
    -12.666666666666668,
    -12.333333333333334,
    -12.0,
    -11.666666666666668,
    -11.333333333333334,
    -11.0,
    -10.666666666666668,
    -10.333333333333334,
    -10.0,
    -9.666666666666668,
    -9.333333333333334,
    -9.0,
    -8.666666666666668,
    -8.333333333333334,
    -8.0,
    -7.666666666666668,
    -7.333333333333334,
    -7.0,
    -6.666666666666668,
    -6.333333333333334,
    -6.0,
    -5.666666666666668,
    -5.333333333333334,
    -5.0,
    -4.666666666666668,
    -4.333333333333334,
    -4.0,
    -3.666666666666668,
    -3.3333333333333357,
    -3.0,
    -2.666666666666668,
    -2.3333333333333357,
    -2.0,
    -1.6666666666666679,
    -1.3333333333333357,
    -1.0,
    -0.6666666666666679,
    -0.3333333333333357,
    0.0,
    0.33333333333333215,
    0.6666666666666643,
    1.0,
    1.3333333333333321,
    1.6666666666666643,
    2.0,
    2.333333333333332,
    2.6666666666666643,
    3.0,
    3.333333333333332,
    3.6666666666666643,
    4.0,
    4.333333333333332,
    4.666666666666664,
    5.0,
    5.333333333333332,
    5.666666666666664,
    6.0,
    6.333333333333332,
    6.666666666666664,
    7.0,
    7.333333333333332,
    7.666666666666664,
    8.0,
    8.333333333333332,
    8.666666666666664,
    9.0,
    9.333333333333332,
    9.666666666666664,
    10.0,
    10.333333333333332,
    10.666666666666664,
    11.0,
    11.333333333333332,
    11.666666666666664,
    12.0,
    12.333333333333329,
    12.666666666666664,
    13.0,
    13.333333333333329,
    13.666666666666664,
    14.0,
    14.333333333333329,
    14.666666666666664,
    15.0,
    15.333333333333329,
    15.666666666666664,
    16.0,
    16.33333333333333,
    16.666666666666664,
    17.0,
    17.33333333333333,
    17.666666666666664,
    18.0,
    18.33333333333333,
    18.666666666666664,
    19.0,
    19.33333333333333,
    19.666666666666664,
    20.0
  ],
  "conductance": [
    0.9809674023816422,
    0.9832467949225024,
    0.9861202086229534,
    0.9896856376033284,
    0.9940417257646067,
    0.9992697145916789,
    1.0054048209446564,
    1.0124128449743666,
    1.0201998586643801,
    1.0286509915298863,
    1.0376288029930076,
    1.0468813745089076,
    1.055949957566322,
    1.0642374993119417,
    1.0712467972695792,
    1.0767854979194773,
    1.0809680946663298,
    1.0840604934078426,
    1.0863305041481035,
    1.088007054523458,
    1.0893041913697232,
    1.0904005556206768,
    1.091351872570286,
    1.09201681590171,
    1.0920746614086942,
    1.0911476402658653,
    1.0889807480097295,
    1.0855736977110808,
    1.0811688649928375,
    1.0761267416201326,
    1.0707977591372426,
    1.0654455681293815,
    1.060210179019366,
    1.055094052095923,
    1.0499848884166318,
    1.0447343353307927,
    1.0392575138201547,
    1.033577600470323,
    1.0277949938630107,
    1.0220307397539747,
    1.0163890094304235,
    1.0109452311844946,
    1.0057485161525619,
    1.0008283515730045,
    0.9962009349945099,
    0.9918739064782384,
    0.9878495617767284,
    0.9841269462866139,
    0.9807031996073831,
    0.9775744176599087,
    0.9747362081309148,
    0.9721840507880241,
    0.9699135326928914,
    0.9679205023987761,
    0.9662011711621991,
    0.9647521792216662,
    0.9635706389271865,
    0.9626541625025067,
    0.962000879619132,
    0.9616094482299531,
    0.961479060925327,
    0.9616094482299533,
    0.9620008796191323,
    0.9626541625025067,
    0.9635706389271866,
    0.964752179221666,
    0.9662011711621991,
    0.9679205023987761,
    0.9699135326928912,
    0.9721840507880237,
    0.974736208130915,
    0.9775744176599085,
    0.9807031996073827,
    0.984126946286614,
    0.9878495617767282,
    0.9918739064782383,
    0.99620093499451,
    1.000828351573004,
    1.0057485161525619,
    1.0109452311844949,
    1.0163890094304235,
    1.0220307397539745,
    1.0277949938630109,
    1.0335776004703232,
    1.0392575138201545,
    1.0447343353307932,
    1.0499848884166318,
    1.0550940520959229,
    1.0602101790193663,
    1.0654455681293817,
    1.0707977591372422,
    1.0761267416201328,
    1.0811688649928375,
    1.0855736977110804,
    1.0889807480097298,
    1.091147640265865,
    1.0920746614086942,
    1.09201681590171,
    1.0913518725702858,
    1.0904005556206768,
    1.0893041913697235,
    1.0880070545234577,
    1.0863305041481037,
    1.0840604934078428,
    1.0809680946663296,
    1.0767854979194775,
    1.0712467972695796,
    1.0642374993119414,
    1.055949957566322,
    1.046881374508908,
    1.0376288029930076,
    1.0286509915298865,
    1.0201998586643803,
    1.0124128449743668,
    1.0054048209446564,
    0.9992697145916792,
    0.9940417257646067,
    0.9896856376033286,
    0.9861202086229535,
    0.9832467949225021,
    0.9809674023816418
  ],