{
  "bias_mev": [
    -20.0,
    -19.666666666666668,
    -19.333333333333332,
    -19.0,
    -18.666666666666668,
    -18.333333333333332,
    -18.0,
    -17.666666666666668,
    -17.333333333333332,
    -17.0,
    -16.666666666666668,
    -16.333333333333332,
    -16.0,
    -15.666666666666668,
    -15.333333333333334,
    -15.0,
    -14.666666666666668,
    -14.333333333333334,
    -14.0,
    -13.666666666666668,
    -13.333333333333334,
    -13.0,
    -12.666666666666668,
    -12.333333333333334,
    -12.0,
    -11.666666666666668,
    -11.333333333333334,
    -11.0,
    -10.666666666666668,
    -10.333333333333334,
    -10.0,
    -9.666666666666668,
    -9.333333333333334,
    -9.0,
    -8.666666666666668,
    -8.333333333333334,
    -8.0,
    -7.666666666666668,
    -7.333333333333334,
    -7.0,
    -6.666666666666668,
    -6.333333333333334,
    -6.0,
    -5.666666666666668,
    -5.333333333333334,
    -5.0,
    -4.666666666666668,
    -4.333333333333334,
    -4.0,
    -3.666666666666668,
    -3.3333333333333357,
    -3.0,
    -2.666666666666668,
    -2.3333333333333357,
    -2.0,
    -1.6666666666666679,
    -1.3333333333333357,
    -1.0,
    -0.6666666666666679,
    -0.3333333333333357,
    0.0,
    0.33333333333333215,
    0.6666666666666643,
    1.0,
    1.3333333333333321,
    1.6666666666666643,
    2.0,
    2.333333333333332,
    2.6666666666666643,
    3.0,
    3.333333333333332,
    3.6666666666666643,
    4.0,
    4.333333333333332,
    4.666666666666664,
    5.0,
    5.333333333333332,
    5.666666666666664,
    6.0,
    6.333333333333332,
    6.666666666666664,
    7.0,
    7.333333333333332,
    7.666666666666664,
    8.0,
    8.333333333333332,
    8.666666666666664,
    9.0,
    9.333333333333332,
    9.666666666666664,
    10.0,
    10.333333333333332,
    10.666666666666664,
    11.0,
    11.333333333333332,
    11.666666666666664,
    12.0,
    12.333333333333329,
    12.666666666666664,
    13.0,
    13.333333333333329,
    13.666666666666664,
    14.0,
    14.333333333333329,
    14.666666666666664,
    15.0,
    15.333333333333329,
    15.666666666666664,
    16.0,
    16.33333333333333,
    16.666666666666664,
    17.0,
    17.33333333333333,
    17.666666666666664,
    18.0,
    18.33333333333333,
    18.666666666666664,
    19.0,
    19.33333333333333,
    19.666666666666664,
    20.0
  ],
  "conductance": [
    0.9835695612000419,
    0.985368063165015,
    0.9878075005159171,
    0.9909527928652537,
    0.9948513200152722,
    0.9995193622748584,
    1.0049274197578761,
    1.010990191446391,
    1.017564449167604,
    1.0244493395917722,
    1.0313802267194538,
    1.0380226931239998,
    1.0439945194825881,
    1.0489345030635964,
    1.052593034842203,
    1.0548887644289304,
    1.0558982441451972,
    1.0557963004346158,
    1.054790994731042,
    1.0530802662270058,
    1.05082467225145,
    1.0481196405279471,
    1.0449682942672496,
    1.0412752259117715,
    1.0368791393651482,
    1.03162128513371,
    1.0254229906257837,
    1.0183340715820233,
    1.01052725700601,
    1.0022465674815781,
    0.9937406635986344,
    0.9852086941965603,
    0.9767702943957872,
    0.9684616695881539,
    0.9602570791945687,
    0.9521094028290255,
    0.9439924978791668,
    0.9359244529107739,
    0.927963954529723,
    0.9201899196782239,
    0.9126801947947535,
    0.9054983914869001,
    0.8986895411662635,
    0.8922813579887433,
    0.8862878269168575,
    0.8807130921933751,
    0.8755547615808107,
    0.8708064079047383,
    0.8664593420079146,
    0.8625038179987408,
    0.8589298290718445,
    0.8557276208690319,
    0.8528880152770936,
    0.8504026094031257,
    0.8482638936423331,
    0.8464653181841244,
    0.8450013274093363,
    0.8438673750152613,
    0.8430599283056597,
    0.8425764671512359,
    0.8424154811501612,
    0.8425764671512361,
    0.8430599283056597,
    0.8438673750152613,
    0.8450013274093363,
    0.8464653181841242,
    0.8482638936423331,
    0.8504026094031257,
    0.8528880152770935,
    0.8557276208690319,
    0.8589298290718447,
    0.8625038179987407,
    0.8664593420079143,
    0.8708064079047384,
    0.8755547615808107,
    0.8807130921933749,
    0.8862878269168573,
    0.8922813579887431,
    0.8986895411662634,
    0.9054983914868998,
    0.9126801947947532,
    0.9201899196782236,
    0.927963954529723,
    0.9359244529107733,
    0.9439924978791667,
    0.9521094028290252,
    0.9602570791945683,
    0.9684616695881539,
    0.976770294395787,
    0.9852086941965599,
    0.9937406635986341,
    1.002246567481578,
    1.0105272570060095,
    1.018334071582023,
    1.0254229906257835,
    1.0316212851337099,
    1.0368791393651482,
    1.0412752259117715,
    1.0449682942672491,
    1.0481196405279474,
    1.05082467225145,
    1.0530802662270053,
    1.0547909947310417,
    1.0557963004346156,
    1.055898244145197,
    1.05488876442893,
    1.0525930348422028,
    1.048934503063596,
    1.043994519482588,
    1.0380226931239995,
    1.0313802267194538,
    1.0244493395917722,
    1.017564449167604,
    1.010990191446391,
    1.0049274197578761,
    0.9995193622748584,
    0.9948513200152721,
    0.9909527928652534,
    0.9878075005159175,
    0.9853680631650149,
    0.9835695612000418
  ],