{
  "bias_mev": [
    -20.0,
    -19.666666666666668,
    -19.333333333333332,
    -19.0,
    -18.666666666666668,
    -18.333333333333332,
    -18.0,
    -17.666666666666668,
    -17.333333333333332,
    -17.0,
    -16.666666666666668,
    -16.333333333333332,
    -16.0,
    -15.666666666666668,
    -15.333333333333334,
    -15.0,
    -14.666666666666668,
    -14.333333333333334,
    -14.0,
    -13.666666666666668,
    -13.333333333333334,
    -13.0,
    -12.666666666666668,
    -12.333333333333334,
    -12.0,
    -11.666666666666668,
    -11.333333333333334,
    -11.0,
    -10.666666666666668,
    -10.333333333333334,
    -10.0,
    -9.666666666666668,
    -9.333333333333334,
    -9.0,
    -8.666666666666668,
    -8.333333333333334,
    -8.0,
    -7.666666666666668,
    -7.333333333333334,
    -7.0,
    -6.666666666666668,
    -6.333333333333334,
    -6.0,
    -5.666666666666668,
    -5.333333333333334,
    -5.0,
    -4.666666666666668,
    -4.333333333333334,
    -4.0,
    -3.666666666666668,
    -3.3333333333333357,
    -3.0,
    -2.666666666666668,
    -2.3333333333333357,
    -2.0,
    -1.6666666666666679,
    -1.3333333333333357,
    -1.0,
    -0.6666666666666679,
    -0.3333333333333357,
    0.0,
    0.33333333333333215,
    0.6666666666666643,
    1.0,
    1.3333333333333321,
    1.6666666666666643,
    2.0,
    2.333333333333332,
    2.6666666666666643,
    3.0,
    3.333333333333332,
    3.6666666666666643,
    4.0,
    4.333333333333332,
    4.666666666666664,
    5.0,
    5.333333333333332,
    5.666666666666664,
    6.0,
    6.333333333333332,
    6.666666666666664,
    7.0,
    7.333333333333332,
    7.666666666666664,
    8.0,
    8.333333333333332,
    8.666666666666664,
    9.0,
    9.333333333333332,
    9.666666666666664,
    10.0,
    10.333333333333332,
    10.666666666666664,
    11.0,
    11.333333333333332,
    11.666666666666664,
    12.0,
    12.333333333333329,
    12.666666666666664,
    13.0,
    13.333333333333329,
    13.666666666666664,
    14.0,
    14.333333333333329,
    14.666666666666664,
    15.0,
    15.333333333333329,
    15.666666666666664,
    16.0,
    16.33333333333333,
    16.666666666666664,
    17.0,
    17.33333333333333,
    17.666666666666664,
    18.0,
    18.33333333333333,
    18.666666666666664,
    19.0,
    19.33333333333333,
    19.666666666666664,
    20.0
  ],
  "conductance": [
    0.9744480664829939,
    0.9765297389595989,
    0.9801194362724596,
    0.9852471851178689,
    0.991873485053857,
    0.9998484157576115,
    1.0088716970977794,
    1.0184691355525424,
    1.0279892072450578,
    1.0366036324602321,
    1.0433075063002732,
    1.046975264411038,
    1.0465573654657327,
    1.04139940334305,
    1.0315030995018148,
    1.0175354045057543,
    1.0005757374804751,
    0.9817755098042865,
    0.9621141013677027,
    0.9423025582341725,
    0.9227640107126698,
    0.903616551789094,
    0.8846667323740433,
    0.8654757080027176,
    0.8455304938463578,
    0.824477549064641,
    0.802314328326527,
    0.779431995122346,
    0.7564827475076835,
    0.7341556123629275,
    0.7129822877584528,
    0.6932406957122208,
    0.674955184746641,
    0.6579645291139827,
    0.6420289369174949,
    0.6269422414895351,
    0.6126055205524199,
    0.599032877381701,
    0.5863023756640396,
    0.574494995880178,
    0.5636558204217758,
    0.5537843139236952,
    0.5448430142686618,
    0.536772025682,
    0.5295018921549705,
    0.52296243242286,
    0.5170877793210422,
    0.5118187096071853,
    0.5071033226824893,
    0.5028968367691488,
    0.49916098378638035,
    0.4958632745772804,
    0.49297627356491064,
    0.4904769454041252,
    0.4883460952783999,
    0.486567904377533,
    0.48512955340526515,
    0.4840209242027931,
    0.48323436968243466,
    0.4827645436363121,
    0.4826082838187413,
    0.4827645436363122,
    0.48323436968243466,
    0.4840209242027931,
    0.48512955340526515,
    0.486567904377533,
    0.4883460952783999,
    0.4904769454041252,
    0.4929762735649105,
    0.4958632745772804,
    0.49916098378638024,
    0.5028968367691486,
    0.5071033226824894,
    0.5118187096071851,
    0.5170877793210422,
    0.52296243242286,
    0.5295018921549703,
    0.536772025682,
    0.5448430142686618,
    0.5537843139236954,
    0.5636558204217756,
    0.5744949958801779,
    0.5863023756640395,
    0.5990328773817007,
    0.6126055205524199,
    0.6269422414895349,
    0.6420289369174944,
    0.6579645291139826,
    0.674955184746641,
    0.6932406957122205,
    0.7129822877584527,
    0.7341556123629273,
    0.7564827475076832,
    0.7794319951223458,
    0.802314328326527,
    0.8244775490646405,
    0.8455304938463578,
    0.8654757080027171,
    0.8846667323740428,
    0.9036165517890937,
    0.9227640107126694,
    0.9423025582341723,
    0.9621141013677027,
    0.9817755098042859,
    1.000575737480475,
    1.017535404505754,
    1.0315030995018142,
    1.0413994033430498,
    1.0465573654657327,
    1.0469752644110377,
    1.0433075063002732,
    1.0366036324602321,
    1.0279892072450578,
    1.0184691355525424,
    1.0088716970977791,
    0.9998484157576115,
    0.991873485053857,
    0.9852471851178687,
    0.9801194362724596,
    0.9765297389595987,
    0.9744480664829939
  ],