{
  "bias_mev": [
    -20.0,
    -19.666666666666668,
    -19.333333333333332,
    -19.0,
    -18.666666666666668,
    -18.333333333333332,
    -18.0,
    -17.666666666666668,
    -17.333333333333332,
    -17.0,
    -16.666666666666668,
    -16.333333333333332,
    -16.0,
    -15.666666666666668,
    -15.333333333333334,
    -15.0,
    -14.666666666666668,
    -14.333333333333334,
    -14.0,
    -13.666666666666668,
    -13.333333333333334,
    -13.0,
    -12.666666666666668,
    -12.333333333333334,
    -12.0,
    -11.666666666666668,
    -11.333333333333334,
    -11.0,
    -10.666666666666668,
    -10.333333333333334,
    -10.0,
    -9.666666666666668,
    -9.333333333333334,
    -9.0,
    -8.666666666666668,
    -8.333333333333334,
    -8.0,
    -7.666666666666668,
    -7.333333333333334,
    -7.0,
    -6.666666666666668,
    -6.333333333333334,
    -6.0,
    -5.666666666666668,
    -5.333333333333334,
    -5.0,
    -4.666666666666668,
    -4.333333333333334,
    -4.0,
    -3.666666666666668,
    -3.3333333333333357,
    -3.0,
    -2.666666666666668,
    -2.3333333333333357,
    -2.0,
    -1.6666666666666679,
    -1.3333333333333357,
    -1.0,
    -0.6666666666666679,
    -0.3333333333333357,
    0.0,
    0.33333333333333215,
    0.6666666666666643,
    1.0,
    1.3333333333333321,
    1.6666666666666643,
    2.0,
    2.333333333333332,
    2.6666666666666643,
    3.0,
    3.333333333333332,
    3.6666666666666643,
    4.0,
    4.333333333333332,
    4.666666666666664,
    5.0,
    5.333333333333332,
    5.666666666666664,
    6.0,
    6.333333333333332,
    6.666666666666664,
    7.0,
    7.333333333333332,
    7.666666666666664,
    8.0,
    8.333333333333332,
    8.666666666666664,
    9.0,
    9.333333333333332,
    9.666666666666664,
    10.0,
    10.333333333333332,
    10.666666666666664,
    11.0,
    11.333333333333332,
    11.666666666666664,
    12.0,
    12.333333333333329,
    12.666666666666664,
    13.0,
    13.333333333333329,
    13.666666666666664,
    14.0,
    14.333333333333329,
    14.666666666666664,
    15.0,
    15.333333333333329,
    15.666666666666664,
    16.0,
    16.33333333333333,
    16.666666666666664,
    17.0,
    17.33333333333333,
    17.666666666666664,
    18.0,
    18.33333333333333,
    18.666666666666664,
    19.0,
    19.33333333333333,
    19.666666666666664,
    20.0
  ],
  "conductance": [
    0.9790253283281201,
    0.9819351216065793,
    0.9853209588715627,
    0.9892823438954,
    0.9939415962485796,
    0.9994367991220992,
    1.0058791577518644,
    1.0132631324248667,
    1.0214601759062247,
    1.0304553858447028,
    1.0404032190083081,
    1.0511632639428654,
    1.061847752788515,
    1.0712799468177323,
    1.078953561191133,
    1.0850821031152917,
    1.0901888315576689,
    1.0946836130861866,
    1.0986698543924422,
    1.1021841410621243,
    1.105468728795146,
    1.1088546530123804,
    1.112502957888795,
    1.1162709961681747,
    1.1197569523632434,
    1.1223626539479836,
    1.123655295635407,
    1.1237363354074286,
    1.1229933784066923,
    1.1217902906575818,
    1.1203901270500696,
    1.118976299952333,
    1.1176633332466128,
    1.1164560169527984,
    1.1151968214238523,
    1.1136743964600975,
    1.1118356180981943,
    1.1097703195267175,
    1.1075891176150106,
    1.105373109874605,
    1.1031743995794352,
    1.1010260122360507,
    1.0989493443627107,
    1.096958642646407,
    1.0950636184424443,
    1.093271008048566,
    1.0915855374445023,
    1.0900105408518135,
    1.0885483707325467,
    1.0872006775893428,
    1.0859686057629625,
    1.0848529333923844,
    1.0838541742507677,
    1.0829726529126706,
    1.0822085608453316,
    1.0815619985640632,
    1.0810330073921304,
    1.0806215932946157,
    1.080327744519743,
    1.0801514442605626,
    1.0800926791687238,
    1.0801514442605638,
    1.0803277445197417,
    1.0806215932946157,
    1.081033007392132,
    1.0815619985640619,
    1.0822085608453318,
    1.082972652912672,
    1.0838541742507664,
    1.0848529333923842,
    1.0859686057629636,
    1.0872006775893415,
    1.0885483707325463,
    1.0900105408518148,
    1.0915855374445016,
    1.0932710080485653,
    1.0950636184424454,
    1.0969586426464066,
    1.0989493443627103,
    1.101026012236052,
    1.1031743995794348,
    1.1053731098746045,
    1.1075891176150119,
    1.109770319526717,
    1.1118356180981936,
    1.1136743964600986,
    1.1151968214238521,
    1.1164560169527977,
    1.1176633332466137,
    1.1189762999523323,
    1.120390127050069,
    1.1217902906575832,
    1.1229933784066914,
    1.1237363354074281,
    1.1236552956354082,
    1.1223626539479825,
    1.1197569523632434,
    1.1162709961681765,
    1.112502957888793,
    1.1088546530123813,
    1.1054687287951472,
    1.1021841410621223,
    1.098669854392443,
    1.094683613086188,
    1.090188831557667,
    1.0850821031152924,
    1.0789535611911345,
    1.0712799468177305,
    1.0618477527885155,
    1.051163263942867,
    1.040403219008307,
    1.0304553858447028,
    1.0214601759062258,
    1.0132631324248658,
    1.0058791577518644,
    0.9994367991221005,
    0.9939415962485787,
    0.9892823438954002,
    0.9853209588715638,
    0.9819351216065785,
    0.9790253283281198
  ],