{
  "bias_mev": [
    -20.0,
    -19.666666666666668,
    -19.333333333333332,
    -19.0,
    -18.666666666666668,
    -18.333333333333332,
    -18.0,
    -17.666666666666668,
    -17.333333333333332,
    -17.0,
    -16.666666666666668,
    -16.333333333333332,
    -16.0,
    -15.666666666666668,
    -15.333333333333334,
    -15.0,
    -14.666666666666668,
    -14.333333333333334,
    -14.0,
    -13.666666666666668,
    -13.333333333333334,
    -13.0,
    -12.666666666666668,
    -12.333333333333334,
    -12.0,
    -11.666666666666668,
    -11.333333333333334,
    -11.0,
    -10.666666666666668,
    -10.333333333333334,
    -10.0,
    -9.666666666666668,
    -9.333333333333334,
    -9.0,
    -8.666666666666668,
    -8.333333333333334,
    -8.0,
    -7.666666666666668,
    -7.333333333333334,
    -7.0,
    -6.666666666666668,
    -6.333333333333334,
    -6.0,
    -5.666666666666668,
    -5.333333333333334,
    -5.0,
    -4.666666666666668,
    -4.333333333333334,
    -4.0,
    -3.666666666666668,
    -3.3333333333333357,
    -3.0,
    -2.666666666666668,
    -2.3333333333333357,
    -2.0,
    -1.6666666666666679,
    -1.3333333333333357,
    -1.0,
    -0.6666666666666679,
    -0.3333333333333357,
    0.0,
    0.33333333333333215,
    0.6666666666666643,
    1.0,
    1.3333333333333321,
    1.6666666666666643,
    2.0,
    2.333333333333332,
    2.6666666666666643,
    3.0,
    3.333333333333332,
    3.6666666666666643,
    4.0,
    4.333333333333332,
    4.666666666666664,
    5.0,
    5.333333333333332,
    5.666666666666664,
    6.0,
    6.333333333333332,
    6.666666666666664,
    7.0,
    7.333333333333332,
    7.666666666666664,
    8.0,
    8.333333333333332,
    8.666666666666664,
    9.0,
    9.333333333333332,
    9.666666666666664,
    10.0,
    10.333333333333332,
    10.666666666666664,
    11.0,
    11.333333333333332,
    11.666666666666664,
    12.0,
    12.333333333333329,
    12.666666666666664,
    13.0,
    13.333333333333329,
    13.666666666666664,
    14.0,
    14.333333333333329,
    14.666666666666664,
    15.0,
    15.333333333333329,
    15.666666666666664,
    16.0,
    16.33333333333333,
    16.666666666666664,
    17.0,
    17.33333333333333,
    17.666666666666664,
    18.0,
    18.33333333333333,
    18.666666666666664,
    19.0,
    19.33333333333333,
    19.666666666666664,
    20.0
  ],
  "conductance": [
    0.9806734532603266,
    0.9835695454571511,
    0.9868748355005184,
    0.9906615671674496,
    0.9950056104276972,
    0.9999777430212295,
    1.005628765158619,
    1.011974892434909,
    1.0189952451135635,
    1.026638342458537,
    1.0348056879562761,
    1.0432967594845843,
    1.0517740487855871,
    1.0598310912370257,
    1.067143558628377,
    1.0735775521488944,
    1.0791775793001612,
    1.0840765149314178,
    1.0884161010720812,
    1.0923252028368529,
    1.095929766304798,
    1.0993416436444903,
    1.1026160991405902,
    1.1057125179882237,
    1.1084921707025528,
    1.1107642640007442,
    1.1123696224678956,
    1.1132567146008767,
    1.1134950231371123,
    1.1132281902233891,
    1.1126155610099364,
    1.1117933219084906,
    1.1108544368910183,
    1.1098388610219982,
    1.1087359135912283,
    1.1075069625438831,
    1.106121518367547,
    1.1045810728546357,
    1.1029167377716005,
    1.1011727423086732,
    1.0993923444825726,
    1.097611453851587,
    1.0958576561698612,
    1.0941514597247708,
    1.0925079725208264,
    1.090938351827611,
    1.089450897337483,
    1.0880518351466768,
    1.0867458722111314,
    1.085536589663773,
    1.0844267248169601,
    1.083418376080077,
    1.082513153879689,
    1.081712293153584,
    1.081016738009765,
    1.0804272058385538,
    1.079944235951942,
    1.0795682263156192,
    1.0792994608895075,
    1.0791381293437114,
    1.079084340364875,
    1.079138129343712,
    1.079299460889507,
    1.0795682263156192,
    1.0799442359519424,
    1.0804272058385531,
    1.0810167380097648,
    1.0817122931535845,
    1.0825131538796886,
    1.083418376080077,
    1.0844267248169608,
    1.0855365896637725,
    1.0867458722111314,
    1.0880518351466772,
    1.0894508973374828,
    1.0909383518276108,
    1.0925079725208269,
    1.0941514597247703,
    1.0958576561698612,
    1.0976114538515878,
    1.0993923444825724,
    1.1011727423086732,
    1.102916737771601,
    1.1045810728546355,
    1.1061215183675468,
    1.1075069625438838,
    1.1087359135912283,
    1.109838861021998,
    1.1108544368910187,
    1.1117933219084906,
    1.112615561009936,
    1.1132281902233894,
    1.113495023137112,
    1.1132567146008765,
    1.1123696224678963,
    1.110764264000744,
    1.1084921707025528,
    1.1057125179882241,
    1.1026160991405896,
    1.0993416436444907,
    1.0959297663047987,
    1.0923252028368524,
    1.0884161010720816,
    1.0840765149314182,
    1.0791775793001606,
    1.0735775521488944,
    1.0671435586283777,
    1.059831091237025,
    1.0517740487855873,
    1.043296759484585,
    1.0348056879562755,
    1.0266383424585368,
    1.018995245113564,
    1.0119748924349086,
    1.005628765158619,
    0.99997774302123,
    0.9950056104276966,
    0.9906615671674497,
    0.986874835500519,
    0.9835695454571508,
    0.9806734532603265
  ],