{
  "bias_mev": [
    -20.0,
    -19.666666666666668,
    -19.333333333333332,
    -19.0,
    -18.666666666666668,
    -18.333333333333332,
    -18.0,
    -17.666666666666668,
    -17.333333333333332,
    -17.0,
    -16.666666666666668,
    -16.333333333333332,
    -16.0,
    -15.666666666666668,
    -15.333333333333334,
    -15.0,
    -14.666666666666668,
    -14.333333333333334,
    -14.0,
    -13.666666666666668,
    -13.333333333333334,
    -13.0,
    -12.666666666666668,
    -12.333333333333334,
    -12.0,
    -11.666666666666668,
    -11.333333333333334,
    -11.0,
    -10.666666666666668,
    -10.333333333333334,
    -10.0,
    -9.666666666666668,
    -9.333333333333334,
    -9.0,
    -8.666666666666668,
    -8.333333333333334,
    -8.0,
    -7.666666666666668,
    -7.333333333333334,
    -7.0,
    -6.666666666666668,
    -6.333333333333334,
    -6.0,
    -5.666666666666668,
    -5.333333333333334,
    -5.0,
    -4.666666666666668,
    -4.333333333333334,
    -4.0,
    -3.666666666666668,
    -3.3333333333333357,
    -3.0,
    -2.666666666666668,
    -2.3333333333333357,
    -2.0,
    -1.6666666666666679,
    -1.3333333333333357,
    -1.0,
    -0.6666666666666679,
    -0.3333333333333357,
    0.0,
    0.33333333333333215,
    0.6666666666666643,
    1.0,
    1.3333333333333321,
    1.6666666666666643,
    2.0,
    2.333333333333332,
    2.6666666666666643,
    3.0,
    3.333333333333332,
    3.6666666666666643,
    4.0,
    4.333333333333332,
    4.666666666666664,
    5.0,
    5.333333333333332,
    5.666666666666664,
    6.0,
    6.333333333333332,
    6.666666666666664,
    7.0,
    7.333333333333332,
    7.666666666666664,
    8.0,
    8.333333333333332,
    8.666666666666664,
    9.0,
    9.333333333333332,
    9.666666666666664,
    10.0,
    10.333333333333332,
    10.666666666666664,
    11.0,
    11.333333333333332,
    11.666666666666664,
    12.0,
    12.333333333333329,
    12.666666666666664,
    13.0,
    13.333333333333329,
    13.666666666666664,
    14.0,
    14.333333333333329,
    14.666666666666664,
    15.0,
    15.333333333333329,
    15.666666666666664,
    16.0,
    16.33333333333333,
    16.666666666666664,
    17.0,
    17.33333333333333,
    17.666666666666664,
    18.0,
    18.33333333333333,
    18.666666666666664,
    19.0,
    19.33333333333333,
    19.666666666666664,
    20.0
  ],
  "conductance": [
    0.9810391534871262,
    0.9823242479627853,
    0.9846340238388196,
    0.9880708042953438,
    0.9927250079848694,
    0.9986353202998068,
    1.0057193237135968,
    1.0137141861873429,
    1.0222286584770133,
    1.030909273753296,
    1.0394466540783387,
    1.0472596701377295,
    1.053263226457459,
    1.0562426093842867,
    1.0556063145753256,
    1.0516855319749114,
    1.0453701402128834,
    1.0375432300918197,
    1.028778026710604,
    1.019447392089982,
    1.0099352104418011,
    1.0005691756107857,
    0.9913514829100354,
    0.9818194291580797,
    0.9711910495242844,
    0.9587153555343837,
    0.9441087791795642,
    0.9277926798456063,
    0.9106468132876147,
    0.8935600001290067,
    0.8771689662249977,
    0.8618074062607624,
    0.8475223480046395,
    0.8340892651092778,
    0.8210888156144064,
    0.8081364046249429,
    0.79513426737981,
    0.7822768441913343,
    0.7698532151630165,
    0.7580892304444662,
    0.7471074429356328,
    0.7369491948834225,
    0.7276067275024617,
    0.7190470841239484,
    0.7112265872873512,
    0.7040987765746398,
    0.6976184675038186,
    0.6917436609576441,
    0.6864363062519478,
    0.6816624733453007,
    0.677392235399066,
    0.6735994228663228,
    0.6702613340690754,
    0.6673584459338487,
    0.664874146295303,
    0.6627944972975571,
    0.6611080332226187,
    0.6598055929884651,
    0.6588801861779604,
    0.6583268910079945,
    0.6581427826975716,
    0.6583268910079954,
    0.6588801861779594,
    0.6598055929884652,
    0.6611080332226196,
    0.6627944972975562,
    0.6648741462953031,
    0.6673584459338496,
    0.6702613340690744,
    0.6735994228663226,
    0.6773922353990667,
    0.6816624733452998,
    0.6864363062519477,
    0.6917436609576448,
    0.697618467503818,
    0.7040987765746394,
    0.711226587287352,
    0.7190470841239477,
    0.7276067275024614,
    0.7369491948834233,
    0.7471074429356322,
    0.7580892304444655,
    0.7698532151630177,
    0.7822768441913336,
    0.7951342673798095,
    0.8081364046249437,
    0.8210888156144058,
    0.8340892651092775,
    0.8475223480046407,
    0.8618074062607617,
    0.8771689662249974,
    0.8935600001290076,
    0.9106468132876138,
    0.9277926798456058,
    0.944108779179565,
    0.9587153555343826,
    0.9711910495242849,
    0.981819429158081,
    0.9913514829100334,
    1.0005691756107866,
    1.0099352104418022,
    1.0194473920899794,
    1.0287780267106046,
    1.0375432300918208,
    1.0453701402128814,
    1.051685531974912,
    1.0556063145753272,
    1.0562426093842847,
    1.0532632264574593,
    1.047259670137731,
    1.039446654078337,
    1.030909273753296,
    1.0222286584770144,
    1.0137141861873415,
    1.0057193237135966,
    0.9986353202998083,
    0.992725007984868,
    0.9880708042953438,
    0.9846340238388213,
    0.9823242479627848,
    0.9810391534871257
  ],