{
  "bias_mev": [
    -20.0,
    -19.666666666666668,
    -19.333333333333332,
    -19.0,
    -18.666666666666668,
    -18.333333333333332,
    -18.0,
    -17.666666666666668,
    -17.333333333333332,
    -17.0,
    -16.666666666666668,
    -16.333333333333332,
    -16.0,
    -15.666666666666668,
    -15.333333333333334,
    -15.0,
    -14.666666666666668,
    -14.333333333333334,
    -14.0,
    -13.666666666666668,
    -13.333333333333334,
    -13.0,
    -12.666666666666668,
    -12.333333333333334,
    -12.0,
    -11.666666666666668,
    -11.333333333333334,
    -11.0,
    -10.666666666666668,
    -10.333333333333334,
    -10.0,
    -9.666666666666668,
    -9.333333333333334,
    -9.0,
    -8.666666666666668,
    -8.333333333333334,
    -8.0,
    -7.666666666666668,
    -7.333333333333334,
    -7.0,
    -6.666666666666668,
    -6.333333333333334,
    -6.0,
    -5.666666666666668,
    -5.333333333333334,
    -5.0,
    -4.666666666666668,
    -4.333333333333334,
    -4.0,
    -3.666666666666668,
    -3.3333333333333357,
    -3.0,
    -2.666666666666668,
    -2.3333333333333357,
    -2.0,
    -1.6666666666666679,
    -1.3333333333333357,
    -1.0,
    -0.6666666666666679,
    -0.3333333333333357,
    0.0,
    0.33333333333333215,
    0.6666666666666643,
    1.0,
    1.3333333333333321,
    1.6666666666666643,
    2.0,
    2.333333333333332,
    2.6666666666666643,
    3.0,
    3.333333333333332,
    3.6666666666666643,
    4.0,
    4.333333333333332,
    4.666666666666664,
    5.0,
    5.333333333333332,
    5.666666666666664,
    6.0,
    6.333333333333332,
    6.666666666666664,
    7.0,
    7.333333333333332,
    7.666666666666664,
    8.0,
    8.333333333333332,
    8.666666666666664,
    9.0,
    9.333333333333332,
    9.666666666666664,
    10.0,
    10.333333333333332,
    10.666666666666664,
    11.0,
    11.333333333333332,
    11.666666666666664,
    12.0,
    12.333333333333329,
    12.666666666666664,
    13.0,
    13.333333333333329,
    13.666666666666664,
    14.0,
    14.333333333333329,
    14.666666666666664,
    15.0,
    15.333333333333329,
    15.666666666666664,
    16.0,
    16.33333333333333,
    16.666666666666664,
    17.0,
    17.33333333333333,
    17.666666666666664,
    18.0,
    18.33333333333333,
    18.666666666666664,
    19.0,
    19.33333333333333,
    19.666666666666664,
    20.0
  ],
  "conductance": [
    0.9740547041503363,
    0.9775870436885365,
    0.981855705917291,
    0.9869484623134016,
    0.9929413817356465,
    0.9998857994056694,
    1.0077899127876262,
    1.016595732614716,
    1.0261525327004892,
    1.036188724686287,
    1.046289907094743,
    1.0559038454134133,
    1.0643998078078825,
    1.0711870473800675,
    1.075849807152299,
    1.078230332778253,
    1.0784213696352374,
    1.0766876356591648,
    1.0733678830714541,
    1.0687978195963237,
    1.0632628618443163,
    1.0569695859703987,
    1.0500276363515793,
    1.0424476237446898,
    1.0341660355675881,
    1.0250980898378252,
    1.0152013671637257,
    1.0045216182508794,
    0.9931992568522416,
    0.9814378314436057,
    0.969455366789178,
    0.9574415257187074,
    0.9455330673170861,
    0.9338098800990817,
    0.9223086084395177,
    0.9110470839322621,
    0.9000485873289081,
    0.889354839020987,
    0.8790239234463874,
    0.8691186952758768,
    0.8596945435578829,
    0.8507920503351807,
    0.8424352485457911,
    0.8346335735760727,
    0.8273853284988217,
    0.8206812224348058,
    0.8145073234273106,
    0.8088472662148769,
    0.8036837896888069,
    0.798999752570854,
    0.794778774206061,
    0.7910056194631767,
    0.7876664153673794,
    0.7847487606048246,
    0.7822417691727689,
    0.7801360754515853,
    0.7784238184659167,
    0.777098616784121,
    0.77615554136283,
    0.7755910909456537,
    0.7754031728665536,
    0.7755910909456537,
    0.77615554136283,
    0.777098616784121,
    0.7784238184659167,
    0.7801360754515851,
    0.7822417691727688,
    0.7847487606048246,
    0.7876664153673794,
    0.7910056194631767,
    0.794778774206061,
    0.7989997525708538,
    0.8036837896888068,
    0.8088472662148769,
    0.8145073234273104,
    0.8206812224348058,
    0.8273853284988217,
    0.8346335735760725,
    0.8424352485457911,
    0.8507920503351808,
    0.859694543557883,
    0.8691186952758768,
    0.8790239234463874,
    0.889354839020987,
    0.9000485873289081,
    0.9110470839322621,
    0.9223086084395173,
    0.933809880099082,
    0.9455330673170861,
    0.9574415257187074,
    0.9694553667891781,
    0.9814378314436056,
    0.9931992568522415,
    1.0045216182508792,
    1.0152013671637254,
    1.025098089837825,
    1.0341660355675883,
    1.0424476237446898,
    1.050027636351579,
    1.0569695859703987,
    1.0632628618443165,
    1.068797819596324,
    1.0733678830714541,
    1.0766876356591648,
    1.0784213696352374,
    1.078230332778253,
    1.075849807152299,
    1.0711870473800678,
    1.0643998078078825,
    1.0559038454134135,
    1.046289907094743,
    1.036188724686287,
    1.0261525327004895,
    1.016595732614716,
    1.007789912787626,
    0.9998857994056696,
    0.9929413817356466,
    0.9869484623134016,
    0.9818557059172911,
    0.9775870436885365,
    0.9740547041503362
  ],