{
  "bias_mev": [
    -20.0,
    -19.666666666666668,
    -19.333333333333332,
    -19.0,
    -18.666666666666668,
    -18.333333333333332,
    -18.0,
    -17.666666666666668,
    -17.333333333333332,
    -17.0,
    -16.666666666666668,
    -16.333333333333332,
    -16.0,
    -15.666666666666668,
    -15.333333333333334,
    -15.0,
    -14.666666666666668,
    -14.333333333333334,
    -14.0,
    -13.666666666666668,
    -13.333333333333334,
    -13.0,
    -12.666666666666668,
    -12.333333333333334,
    -12.0,
    -11.666666666666668,
    -11.333333333333334,
    -11.0,
    -10.666666666666668,
    -10.333333333333334,
    -10.0,
    -9.666666666666668,
    -9.333333333333334,
    -9.0,
    -8.666666666666668,
    -8.333333333333334,
    -8.0,
    -7.666666666666668,
    -7.333333333333334,
    -7.0,
    -6.666666666666668,
    -6.333333333333334,
    -6.0,
    -5.666666666666668,
    -5.333333333333334,
    -5.0,
    -4.666666666666668,
    -4.333333333333334,
    -4.0,
    -3.666666666666668,
    -3.3333333333333357,
    -3.0,
    -2.666666666666668,
    -2.3333333333333357,
    -2.0,
    -1.6666666666666679,
    -1.3333333333333357,
    -1.0,
    -0.6666666666666679,
    -0.3333333333333357,
    0.0,
    0.33333333333333215,
    0.6666666666666643,
    1.0,
    1.3333333333333321,
    1.6666666666666643,
    2.0,
    2.333333333333332,
    2.6666666666666643,
    3.0,
    3.333333333333332,
    3.6666666666666643,
    4.0,
    4.333333333333332,
    4.666666666666664,
    5.0,
    5.333333333333332,
    5.666666666666664,
    6.0,
    6.333333333333332,
    6.666666666666664,
    7.0,
    7.333333333333332,
    7.666666666666664,
    8.0,
    8.333333333333332,
    8.666666666666664,
    9.0,
    9.333333333333332,
    9.666666666666664,
    10.0,
    10.333333333333332,
    10.666666666666664,
    11.0,
    11.333333333333332,
    11.666666666666664,
    12.0,
    12.333333333333329,
    12.666666666666664,
    13.0,
    13.333333333333329,
    13.666666666666664,
    14.0,
    14.333333333333329,
    14.666666666666664,
    15.0,
    15.333333333333329,
    15.666666666666664,
    16.0,
    16.33333333333333,
    16.666666666666664,
    17.0,
    17.33333333333333,
    17.666666666666664,
    18.0,
    18.33333333333333,
    18.666666666666664,
    19.0,
    19.33333333333333,
    19.666666666666664,
    20.0
  ],
  "conductance": [
    0.9671227160523204,
    0.9711705274714536,
    0.976397201840878,
    0.9828845940641557,
    0.9906883215317731,
    0.9998159111804321,
    1.010197702004513,
    1.021653945201112,
    1.0338512765608612,
    1.0462178040924999,
    1.0577974335133924,
    1.0671381393639585,
    1.072447755614143,
    1.0721538624562919,
    1.0655886872737907,
    1.0532560990759532,
    1.0364870078749997,
    1.0168277018554852,
    0.9955902970395185,
    0.973703021512931,
    0.9517355311747085,
    0.9299357395110246,
    0.9082392940101942,
    0.8863226655010439,
    0.8637641586058046,
    0.84028573632737,
    0.8159529177341194,
    0.7911951162155095,
    0.7666309926979049,
    0.7428358983198986,
    0.7201919100008504,
    0.6988503541683796,
    0.6787664326415016,
    0.6597732750547599,
    0.6416848410564318,
    0.6244001963461533,
    0.6079501232333588,
    0.5924555392811208,
    0.5780430247848248,
    0.5647849471288449,
    0.5526865840451703,
    0.5417023627970865,
    0.5317585278882956,
    0.5227709165655972,
    0.5146557787192891,
    0.507335240650313,
    0.5007394821349176,
    0.4948071548152992,
    0.48948496718305234,
    0.48472693892101326,
    0.4804935770190565,
    0.47675109021224493,
    0.4734706887080619,
    0.47062798234746084,
    0.4682024750042145,
    0.4661771469298966,
    0.4645381151177902,
    0.46327436217237594,
    0.462377525439958,
    0.46184173971325254,
    0.4616635284164837,
    0.46184173971325265,
    0.46237752543995786,
    0.46327436217237594,
    0.46453811511779036,
    0.4661771469298965,
    0.4682024750042146,
    0.4706279823474609,
    0.4734706887080618,
    0.4767510902122448,
    0.48049357701905676,
    0.48472693892101304,
    0.48948496718305234,
    0.4948071548152995,
    0.5007394821349174,
    0.5073352406503129,
    0.5146557787192895,
    0.5227709165655969,
    0.5317585278882955,
    0.5417023627970868,
    0.5526865840451701,
    0.5647849471288446,
    0.5780430247848249,
    0.5924555392811207,
    0.6079501232333586,
    0.6244001963461535,
    0.6416848410564314,
    0.6597732750547598,
    0.6787664326415017,
    0.6988503541683792,
    0.72019191000085,
    0.7428358983198989,
    0.7666309926979045,
    0.7911951162155094,
    0.8159529177341195,
    0.8402857363273694,
    0.8637641586058048,
    0.8863226655010439,
    0.9082392940101933,
    0.9299357395110247,
    0.9517355311747085,
    0.97370302151293,
    0.9955902970395191,
    1.0168277018554854,
    1.0364870078749986,
    1.0532560990759534,
    1.0655886872737912,
    1.0721538624562912,
    1.0724477556141432,
    1.0671381393639594,
    1.057797433513392,
    1.0462178040924999,
    1.0338512765608618,
    1.0216539452011117,
    1.010197702004513,
    0.9998159111804328,
    0.9906883215317728,
    0.9828845940641558,
    0.976397201840879,
    0.9711705274714534,
    0.9671227160523198
  ],