{
  "bias_mev": [
    -20.0,
    -19.666666666666668,
    -19.333333333333332,
    -19.0,
    -18.666666666666668,
    -18.333333333333332,
    -18.0,
    -17.666666666666668,
    -17.333333333333332,
    -17.0,
    -16.666666666666668,
    -16.333333333333332,
    -16.0,
    -15.666666666666668,
    -15.333333333333334,
    -15.0,
    -14.666666666666668,
    -14.333333333333334,
    -14.0,
    -13.666666666666668,
    -13.333333333333334,
    -13.0,
    -12.666666666666668,
    -12.333333333333334,
    -12.0,
    -11.666666666666668,
    -11.333333333333334,
    -11.0,
    -10.666666666666668,
    -10.333333333333334,
    -10.0,
    -9.666666666666668,
    -9.333333333333334,
    -9.0,
    -8.666666666666668,
    -8.333333333333334,
    -8.0,
    -7.666666666666668,
    -7.333333333333334,
    -7.0,
    -6.666666666666668,
    -6.333333333333334,
    -6.0,
    -5.666666666666668,
    -5.333333333333334,
    -5.0,
    -4.666666666666668,
    -4.333333333333334,
    -4.0,
    -3.666666666666668,
    -3.3333333333333357,
    -3.0,
    -2.666666666666668,
    -2.3333333333333357,
    -2.0,
    -1.6666666666666679,
    -1.3333333333333357,
    -1.0,
    -0.6666666666666679,
    -0.3333333333333357,
    0.0,
    0.33333333333333215,
    0.6666666666666643,
    1.0,
    1.3333333333333321,
    1.6666666666666643,
    2.0,
    2.333333333333332,
    2.6666666666666643,
    3.0,
    3.333333333333332,
    3.6666666666666643,
    4.0,
    4.333333333333332,
    4.666666666666664,
    5.0,
    5.333333333333332,
    5.666666666666664,
    6.0,
    6.333333333333332,
    6.666666666666664,
    7.0,
    7.333333333333332,
    7.666666666666664,
    8.0,
    8.333333333333332,
    8.666666666666664,
    9.0,
    9.333333333333332,
    9.666666666666664,
    10.0,
    10.333333333333332,
    10.666666666666664,
    11.0,
    11.333333333333332,
    11.666666666666664,
    12.0,
    12.333333333333329,
    12.666666666666664,
    13.0,
    13.333333333333329,
    13.666666666666664,
    14.0,
    14.333333333333329,
    14.666666666666664,
    15.0,
    15.333333333333329,
    15.666666666666664,
    16.0,
    16.33333333333333,
    16.666666666666664,
    17.0,
    17.33333333333333,
    17.666666666666664,
    18.0,
    18.33333333333333,
    18.666666666666664,
    19.0,
    19.33333333333333,
    19.666666666666664,
    20.0
  ],
  "conductance": [
    0.9699555867628752,
    0.9735826030646915,
    0.9782063848951619,
    0.9839455833576689,
    0.9909091838841468,
    0.99917729430244,
    1.0087738544952736,
    1.0196360717002189,
    1.0315793078562938,
    1.0442341296812294,
    1.056933698801932,
    1.0686166178865593,
    1.0779218022776822,
    1.0835785920484553,
    1.0848925424956777,
    1.0819574072013591,
    1.0754675710533061,
    1.0663437208440518,
    1.0554391621955204,
    1.0434253001126381,
    1.0307859343463224,
    1.0178110096438027,
    1.004561883358581,
    0.9908656994568604,
    0.9764010325088874,
    0.9608737361179763,
    0.9442031479717325,
    0.9266015482939349,
    0.9084954399628669,
    0.8903618857371248,
    0.8725916257345226,
    0.8554254662101058,
    0.8389489797899987,
    0.8231242041494218,
    0.8078531979342123,
    0.7930609335031259,
    0.7787550557910888,
    0.7650236312956363,
    0.7519848509672181,
    0.739736297531831,
    0.7283319029398038,
    0.7177834483845849,
    0.7080725899092002,
    0.6991634785580674,
    0.6910122139076166,
    0.6835728399707077,
    0.6768007386001565,
    0.670654348003383,
    0.6650958961414981,
    0.6600915919436436,
    0.655611537814368,
    0.6516295129488955,
    0.6481227093325433,
    0.6450714636742271,
    0.6424590070202381,
    0.6402712420835541,
    0.6384965521180473,
    0.6371256420242963,
    0.6361514109228391,
    0.6355688549068076,
    0.635374998664317,
    0.6355688549068078,
    0.6361514109228391,
    0.6371256420242964,
    0.6384965521180473,
    0.640271242083554,
    0.6424590070202382,
    0.6450714636742272,
    0.6481227093325432,
    0.6516295129488955,
    0.6556115378143681,
    0.6600915919436435,
    0.665095896141498,
    0.670654348003383,
    0.6768007386001564,
    0.6835728399707075,
    0.6910122139076166,
    0.6991634785580673,
    0.7080725899092,
    0.7177834483845849,
    0.7283319029398037,
    0.739736297531831,
    0.7519848509672183,
    0.7650236312956361,
    0.7787550557910886,
    0.7930609335031259,
    0.8078531979342121,
    0.8231242041494217,
    0.8389489797899989,
    0.8554254662101054,
    0.8725916257345225,
    0.8903618857371248,
    0.9084954399628663,
    0.9266015482939346,
    0.9442031479717325,
    0.9608737361179761,
    0.9764010325088875,
    0.9908656994568604,
    1.0045618833585808,
    1.0178110096438027,
    1.0307859343463224,
    1.043425300112638,
    1.0554391621955204,
    1.0663437208440518,
    1.0754675710533057,
    1.0819574072013594,
    1.0848925424956777,
    1.0835785920484549,
    1.0779218022776822,
    1.0686166178865597,
    1.056933698801932,
    1.0442341296812294,
    1.0315793078562943,
    1.0196360717002189,
    1.0087738544952736,
    0.9991772943024402,
    0.9909091838841465,
    0.9839455833576689,
    0.9782063848951619,
    0.9735826030646915,
    0.969955586762875
  ],