{
  "bias_mev": [
    -20.0,
    -19.666666666666668,
    -19.333333333333332,
    -19.0,
    -18.666666666666668,
    -18.333333333333332,
    -18.0,
    -17.666666666666668,
    -17.333333333333332,
    -17.0,
    -16.666666666666668,
    -16.333333333333332,
    -16.0,
    -15.666666666666668,
    -15.333333333333334,
    -15.0,
    -14.666666666666668,
    -14.333333333333334,
    -14.0,
    -13.666666666666668,
    -13.333333333333334,
    -13.0,
    -12.666666666666668,
    -12.333333333333334,
    -12.0,
    -11.666666666666668,
    -11.333333333333334,
    -11.0,
    -10.666666666666668,
    -10.333333333333334,
    -10.0,
    -9.666666666666668,
    -9.333333333333334,
    -9.0,
    -8.666666666666668,
    -8.333333333333334,
    -8.0,
    -7.666666666666668,
    -7.333333333333334,
    -7.0,
    -6.666666666666668,
    -6.333333333333334,
    -6.0,
    -5.666666666666668,
    -5.333333333333334,
    -5.0,
    -4.666666666666668,
    -4.333333333333334,
    -4.0,
    -3.666666666666668,
    -3.3333333333333357,
    -3.0,
    -2.666666666666668,
    -2.3333333333333357,
    -2.0,
    -1.6666666666666679,
    -1.3333333333333357,
    -1.0,
    -0.6666666666666679,
    -0.3333333333333357,
    0.0,
    0.33333333333333215,
    0.6666666666666643,
    1.0,
    1.3333333333333321,
    1.6666666666666643,
    2.0,
    2.333333333333332,
    2.6666666666666643,
    3.0,
    3.333333333333332,
    3.6666666666666643,
    4.0,
    4.333333333333332,
    4.666666666666664,
    5.0,
    5.333333333333332,
    5.666666666666664,
    6.0,
    6.333333333333332,
    6.666666666666664,
    7.0,
    7.333333333333332,
    7.666666666666664,
    8.0,
    8.333333333333332,
    8.666666666666664,
    9.0,
    9.333333333333332,
    9.666666666666664,
    10.0,
    10.333333333333332,
    10.666666666666664,
    11.0,
    11.333333333333332,
    11.666666666666664,
    12.0,
    12.333333333333329,
    12.666666666666664,
    13.0,
    13.333333333333329,
    13.666666666666664,
    14.0,
    14.333333333333329,
    14.666666666666664,
    15.0,
    15.333333333333329,
    15.666666666666664,
    16.0,
    16.33333333333333,
    16.666666666666664,
    17.0,
    17.33333333333333,
    17.666666666666664,
    18.0,
    18.33333333333333,
    18.666666666666664,
    19.0,
    19.33333333333333,
    19.666666666666664,
    20.0
  ],
  "conductance": [
    0.9713654576105196,
    0.9750271093108988,
    0.9797789397314127,
    0.9856522135770203,
    0.9926338364423238,
    1.0006464659568817,
    1.0095243062301,
    1.0189864503228843,
    1.0286063700497454,
    1.037778850768211,
    1.045707636126302,
    1.0514668126211113,
    1.0541763845988643,
    1.053247841039167,
    1.0485664200300815,
    1.0404944558637241,
    1.029703663235492,
    1.0169491130000539,
    1.0028964208063336,
    0.9880372671880218,
    0.9726621694946591,
    0.9568549285465896,
    0.9405106552064466,
    0.9234021544691785,
    0.9052993656428932,
    0.8861042573455449,
    0.8659385330738003,
    0.8451387999323159,
    0.824165585703021,
    0.8034774082181142,
    0.7834246503374164,
    0.764192141841942,
    0.7457972217524858,
    0.7281403342490861,
    0.7110923511869368,
    0.6945816979121154,
    0.6786374699161621,
    0.6633719024723842,
    0.6489261537212214,
    0.6354184686007758,
    0.6229173623170143,
    0.6114395374760329,
    0.6009614462012183,
    0.5914342019108134,
    0.5827963068043205,
    0.574982558289203,
    0.5679294696520308,
    0.5615781500598603,
    0.5558755560298485,
    0.5507747951813002,
    0.5462349293404862,
    0.5422205472309369,
    0.538701259643303,
    0.5356511980003171,
    0.5330485555162604,
    0.5308751871602271,
    0.529116272666514,
    0.5277600411185147,
    0.52679755334199,
    0.5262225378690678,
    0.5260312766850402,
    0.5262225378690678,
    0.5267975533419899,
    0.5277600411185148,
    0.5291162726665138,
    0.5308751871602271,
    0.5330485555162604,
    0.5356511980003171,
    0.538701259643303,
    0.5422205472309369,
    0.5462349293404862,
    0.5507747951813001,
    0.5558755560298485,
    0.5615781500598603,
    0.5679294696520308,
    0.574982558289203,
    0.5827963068043205,
    0.5914342019108133,
    0.6009614462012184,
    0.6114395374760327,
    0.6229173623170141,
    0.6354184686007758,
    0.6489261537212214,
    0.6633719024723841,
    0.6786374699161621,
    0.6945816979121152,
    0.7110923511869368,
    0.7281403342490861,
    0.7457972217524858,
    0.7641921418419418,
    0.7834246503374164,
    0.8034774082181142,
    0.8241655857030208,
    0.8451387999323159,
    0.8659385330738001,
    0.8861042573455448,
    0.9052993656428932,
    0.9234021544691782,
    0.9405106552064464,
    0.9568549285465896,
    0.9726621694946589,
    0.9880372671880214,
    1.0028964208063333,
    1.0169491130000536,
    1.0297036632354917,
    1.0404944558637244,
    1.0485664200300813,
    1.0532478410391668,
    1.0541763845988643,
    1.0514668126211113,
    1.0457076361263022,
    1.0377788507682113,
    1.0286063700497456,
    1.0189864503228845,
    1.0095243062301003,
    1.000646465956882,
    0.992633836442324,
    0.9856522135770204,
    0.979778939731413,
    0.9750271093108988,
    0.9713654576105196
  ],