{
  "bias_mev": [
    -20.0,
    -19.666666666666668,
    -19.333333333333332,
    -19.0,
    -18.666666666666668,
    -18.333333333333332,
    -18.0,
    -17.666666666666668,
    -17.333333333333332,
    -17.0,
    -16.666666666666668,
    -16.333333333333332,
    -16.0,
    -15.666666666666668,
    -15.333333333333334,
    -15.0,
    -14.666666666666668,
    -14.333333333333334,
    -14.0,
    -13.666666666666668,
    -13.333333333333334,
    -13.0,
    -12.666666666666668,
    -12.333333333333334,
    -12.0,
    -11.666666666666668,
    -11.333333333333334,
    -11.0,
    -10.666666666666668,
    -10.333333333333334,
    -10.0,
    -9.666666666666668,
    -9.333333333333334,
    -9.0,
    -8.666666666666668,
    -8.333333333333334,
    -8.0,
    -7.666666666666668,
    -7.333333333333334,
    -7.0,
    -6.666666666666668,
    -6.333333333333334,
    -6.0,
    -5.666666666666668,
    -5.333333333333334,
    -5.0,
    -4.666666666666668,
    -4.333333333333334,
    -4.0,
    -3.666666666666668,
    -3.3333333333333357,
    -3.0,
    -2.666666666666668,
    -2.3333333333333357,
    -2.0,
    -1.6666666666666679,
    -1.3333333333333357,
    -1.0,
    -0.6666666666666679,
    -0.3333333333333357,
    0.0,
    0.33333333333333215,
    0.6666666666666643,
    1.0,
    1.3333333333333321,
    1.6666666666666643,
    2.0,
    2.333333333333332,
    2.6666666666666643,
    3.0,
    3.333333333333332,
    3.6666666666666643,
    4.0,
    4.333333333333332,
    4.666666666666664,
    5.0,
    5.333333333333332,
    5.666666666666664,
    6.0,
    6.333333333333332,
    6.666666666666664,
    7.0,
    7.333333333333332,
    7.666666666666664,
    8.0,
    8.333333333333332,
    8.666666666666664,
    9.0,
    9.333333333333332,
    9.666666666666664,
    10.0,
    10.333333333333332,
    10.666666666666664,
    11.0,
    11.333333333333332,
    11.666666666666664,
    12.0,
    12.333333333333329,
    12.666666666666664,
    13.0,
    13.333333333333329,
    13.666666666666664,
    14.0,
    14.333333333333329,
    14.666666666666664,
    15.0,
    15.333333333333329,
    15.666666666666664,
    16.0,
    16.33333333333333,
    16.666666666666664,
    17.0,
    17.33333333333333,
    17.666666666666664,
    18.0,
    18.33333333333333,
    18.666666666666664,
    19.0,
    19.33333333333333,
    19.666666666666664,
    20.0
  ],
  "conductance": [
    0.9674136249007415,
    0.9717206417035911,
    0.9771583300910693,
    0.9837858548555735,
    0.9916218127399337,
    1.0006208570833843,
    1.0106425777137056,
    1.0214124977439631,
    1.0324754486568561,
    1.0431483545111817,
    1.0525003431173547,
    1.059413694953823,
    1.062770044121761,
    1.061730639444651,
    1.0559821265954403,
    1.045806827750031,
    1.0319444950936247,
    1.0153407278771156,
    0.9969125611070457,
    0.9774028423921424,
    0.9573200029352487,
    0.9369296862406272,
    0.9162800643790119,
    0.8952652088622491,
    0.8737289534419322,
    0.8515857790171631,
    0.8289108170488738,
    0.8059558376750323,
    0.7830868466323194,
    0.7606823726478494,
    0.7390439983687267,
    0.7183501057739017,
    0.6986566556875711,
    0.6799336668576414,
    0.662120128079666,
    0.6451756673290728,
    0.6291076358444609,
    0.6139650806024489,
    0.5998107054115746,
    0.586691567315957,
    0.574622770741436,
    0.5635859483937966,
    0.5535368151661983,
    0.5444153874868677,
    0.5361549689115792,
    0.5286885317832225,
    0.5219525841282124,
    0.5158891450060117,
    0.510446487929056,
    0.505579167062747,
    0.5012476730059409,
    0.49741793053881417,
    0.49406075861340626,
    0.4911513552740891,
    0.48866883652702875,
    0.48659583966092673,
    0.4849181920482483,
    0.4836246421387877,
    0.4827066478595295,
    0.482158217612153,
    0.48197579976860555,
    0.4821582176121531,
    0.4827066478595295,
    0.48362464213878775,
    0.48491819204824826,
    0.48659583966092673,
    0.4886688365270287,
    0.4911513552740891,
    0.49406075861340626,
    0.49741793053881417,
    0.5012476730059409,
    0.5055791670627467,
    0.510446487929056,
    0.5158891450060117,
    0.5219525841282122,
    0.5286885317832225,
    0.5361549689115791,
    0.5444153874868676,
    0.5535368151661983,
    0.5635859483937966,
    0.5746227707414356,
    0.586691567315957,
    0.5998107054115744,
    0.6139650806024487,
    0.6291076358444607,
    0.6451756673290727,
    0.6621201280796658,
    0.6799336668576414,
    0.6986566556875711,
    0.7183501057739015,
    0.7390439983687267,
    0.7606823726478493,
    0.7830868466323189,
    0.8059558376750324,
    0.8289108170488735,
    0.851585779017163,
    0.873728953441932,
    0.8952652088622486,
    0.9162800643790118,
    0.9369296862406272,
    0.9573200029352485,
    0.977402842392142,
    0.9969125611070457,
    1.0153407278771152,
    1.0319444950936245,
    1.0458068277500308,
    1.05598212659544,
    1.0617306394446508,
    1.0627700441217605,
    1.059413694953823,
    1.0525003431173547,
    1.0431483545111817,
    1.0324754486568561,
    1.0214124977439631,
    1.0106425777137058,
    1.0006208570833843,
    0.9916218127399339,
    0.9837858548555735,
    0.9771583300910693,
    0.9717206417035913,
    0.9674136249007412
  ],