{
  "bias_mev": [
    -20.0,
    -19.666666666666668,
    -19.333333333333332,
    -19.0,
    -18.666666666666668,
    -18.333333333333332,
    -18.0,
    -17.666666666666668,
    -17.333333333333332,
    -17.0,
    -16.666666666666668,
    -16.333333333333332,
    -16.0,
    -15.666666666666668,
    -15.333333333333334,
    -15.0,
    -14.666666666666668,
    -14.333333333333334,
    -14.0,
    -13.666666666666668,
    -13.333333333333334,
    -13.0,
    -12.666666666666668,
    -12.333333333333334,
    -12.0,
    -11.666666666666668,
    -11.333333333333334,
    -11.0,
    -10.666666666666668,
    -10.333333333333334,
    -10.0,
    -9.666666666666668,
    -9.333333333333334,
    -9.0,
    -8.666666666666668,
    -8.333333333333334,
    -8.0,
    -7.666666666666668,
    -7.333333333333334,
    -7.0,
    -6.666666666666668,
    -6.333333333333334,
    -6.0,
    -5.666666666666668,
    -5.333333333333334,
    -5.0,
    -4.666666666666668,
    -4.333333333333334,
    -4.0,
    -3.666666666666668,
    -3.3333333333333357,
    -3.0,
    -2.666666666666668,
    -2.3333333333333357,
    -2.0,
    -1.6666666666666679,
    -1.3333333333333357,
    -1.0,
    -0.6666666666666679,
    -0.3333333333333357,
    0.0,
    0.33333333333333215,
    0.6666666666666643,
    1.0,
    1.3333333333333321,
    1.6666666666666643,
    2.0,
    2.333333333333332,
    2.6666666666666643,
    3.0,
    3.333333333333332,
    3.6666666666666643,
    4.0,
    4.333333333333332,
    4.666666666666664,
    5.0,
    5.333333333333332,
    5.666666666666664,
    6.0,
    6.333333333333332,
    6.666666666666664,
    7.0,
    7.333333333333332,
    7.666666666666664,
    8.0,
    8.333333333333332,
    8.666666666666664,
    9.0,
    9.333333333333332,
    9.666666666666664,
    10.0,
    10.333333333333332,
    10.666666666666664,
    11.0,
    11.333333333333332,
    11.666666666666664,
    12.0,
    12.333333333333329,
    12.666666666666664,
    13.0,
    13.333333333333329,
    13.666666666666664,
    14.0,
    14.333333333333329,
    14.666666666666664,
    15.0,
    15.333333333333329,
    15.666666666666664,
    16.0,
    16.33333333333333,
    16.666666666666664,
    17.0,
    17.33333333333333,
    17.666666666666664,
    18.0,
    18.33333333333333,
    18.666666666666664,
    19.0,
    19.33333333333333,
    19.666666666666664,
    20.0
  ],
  "conductance": [
    0.9787457366147954,
    0.9815217897468707,
    0.984857659386936,
    0.9888612208254213,
    0.9936569041626941,
    0.9993682430530811,
    1.0060653061609033,
    1.01369092510972,
    1.0220819913109422,
    1.0311502236286356,
    1.0409144058832756,
    1.0511669598166076,
    1.0611848136577817,
    1.0700403977495887,
    1.0772463172543734,
    1.0829178320130257,
    1.087490359956113,
    1.0913473540045728,
    1.0946459549017415,
    1.0974818850077086,
    1.1000967477260795,
    1.1027900603148622,
    1.1056692159754151,
    1.1085091331549315,
    1.1108095079581604,
    1.111962220764479,
    1.1115869723260685,
    1.1097971086463758,
    1.1070264723926502,
    1.1037344626736225,
    1.1002802341704683,
    1.0969124714918972,
    1.0937617587726285,
    1.090789421636403,
    1.0877601484263368,
    1.0843912998188006,
    1.0805879583936344,
    1.0764576951879883,
    1.0721693743142129,
    1.067862470659877,
    1.063630880427749,
    1.0595335655057305,
    1.0556068363918525,
    1.0518728972019895,
    1.0483451459548374,
    1.045031403666313,
    1.041935909872136,
    1.0390605856126505,
    1.0364058529292492,
    1.0339711788695156,
    1.031755443840585,
    1.029757195228708,
    1.0279748244401332,
    1.0264066918491626,
    1.0250512157128995,
    1.0239069357865622,
    1.0229725589267804,
    1.022246991688212,
    1.0217293633722004,
    1.0214190419109812,
    1.0213156441996112,
    1.0214190419109828,
    1.021729363372199,
    1.022246991688212,
    1.022972558926782,
    1.023906935786561,
    1.0250512157128993,
    1.0264066918491637,
    1.0279748244401319,
    1.0297571952287081,
    1.031755443840586,
    1.0339711788695145,
    1.036405852929249,
    1.0390605856126518,
    1.041935909872135,
    1.0450314036663124,
    1.0483451459548387,
    1.0518728972019888,
    1.0556068363918516,
    1.0595335655057319,
    1.0636308804277486,
    1.0678624706598763,
    1.0721693743142144,
    1.0764576951879874,
    1.0805879583936338,
    1.0843912998188021,
    1.0877601484263364,
    1.090789421636402,
    1.0937617587726298,
    1.0969124714918963,
    1.1002802341704674,
    1.1037344626736236,
    1.1070264723926493,
    1.1097971086463754,
    1.1115869723260698,
    1.111962220764478,
    1.1108095079581606,
    1.1085091331549328,
    1.105669215975413,
    1.1027900603148628,
    1.100096747726081,
    1.097481885007707,
    1.0946459549017424,
    1.0913473540045744,
    1.0874903599561108,
    1.0829178320130266,
    1.0772463172543751,
    1.0700403977495871,
    1.0611848136577817,
    1.0511669598166091,
    1.0409144058832744,
    1.0311502236286356,
    1.0220819913109438,
    1.0136909251097186,
    1.0060653061609033,
    0.9993682430530824,
    0.993656904162693,
    0.9888612208254212,
    0.9848576593869375,
    0.9815217897468698,
    0.9787457366147946
  ],