{
  "bias_mev": [
    -20.0,
    -19.666666666666668,
    -19.333333333333332,
    -19.0,
    -18.666666666666668,
    -18.333333333333332,
    -18.0,
    -17.666666666666668,
    -17.333333333333332,
    -17.0,
    -16.666666666666668,
    -16.333333333333332,
    -16.0,
    -15.666666666666668,
    -15.333333333333334,
    -15.0,
    -14.666666666666668,
    -14.333333333333334,
    -14.0,
    -13.666666666666668,
    -13.333333333333334,
    -13.0,
    -12.666666666666668,
    -12.333333333333334,
    -12.0,
    -11.666666666666668,
    -11.333333333333334,
    -11.0,
    -10.666666666666668,
    -10.333333333333334,
    -10.0,
    -9.666666666666668,
    -9.333333333333334,
    -9.0,
    -8.666666666666668,
    -8.333333333333334,
    -8.0,
    -7.666666666666668,
    -7.333333333333334,
    -7.0,
    -6.666666666666668,
    -6.333333333333334,
    -6.0,
    -5.666666666666668,
    -5.333333333333334,
    -5.0,
    -4.666666666666668,
    -4.333333333333334,
    -4.0,
    -3.666666666666668,
    -3.3333333333333357,
    -3.0,
    -2.666666666666668,
    -2.3333333333333357,
    -2.0,
    -1.6666666666666679,
    -1.3333333333333357,
    -1.0,
    -0.6666666666666679,
    -0.3333333333333357,
    0.0,
    0.33333333333333215,
    0.6666666666666643,
    1.0,
    1.3333333333333321,
    1.6666666666666643,
    2.0,
    2.333333333333332,
    2.6666666666666643,
    3.0,
    3.333333333333332,
    3.6666666666666643,
    4.0,
    4.333333333333332,
    4.666666666666664,
    5.0,
    5.333333333333332,
    5.666666666666664,
    6.0,
    6.333333333333332,
    6.666666666666664,
    7.0,
    7.333333333333332,
    7.666666666666664,
    8.0,
    8.333333333333332,
    8.666666666666664,
    9.0,
    9.333333333333332,
    9.666666666666664,
    10.0,
    10.333333333333332,
    10.666666666666664,
    11.0,
    11.333333333333332,
    11.666666666666664,
    12.0,
    12.333333333333329,
    12.666666666666664,
    13.0,
    13.333333333333329,
    13.666666666666664,
    14.0,
    14.333333333333329,
    14.666666666666664,
    15.0,
    15.333333333333329,
    15.666666666666664,
    16.0,
    16.33333333333333,
    16.666666666666664,
    17.0,
    17.33333333333333,
    17.666666666666664,
    18.0,
    18.33333333333333,
    18.666666666666664,
    19.0,
    19.33333333333333,
    19.666666666666664,
    20.0
  ],
  "conductance": [
    0.9673785846646152,
    0.9709148604573916,
    0.9755645793431471,
    0.9814958399276743,
    0.9888957160746484,
    0.9979505903893287,
    1.0087947626601472,
    1.0214422732966297,
    1.0357959220119866,
    1.05176687117443,
    1.0691143399226146,
    1.0866703029172176,
    1.101687704398683,
    1.1108073914902041,
    1.1123829356705812,
    1.1072799927958092,
    1.0976216781497161,
    1.0853800232254243,
    1.0717705619069282,
    1.0574535161655583,
    1.0429932797548862,
    1.0289091565963044,
    1.0153589534143193,
    1.0018961000815045,
    0.9875748654238742,
    0.9713865544146468,
    0.9529240502710828,
    0.9327536307024547,
    0.9119540170386902,
    0.8914699420304721,
    0.8718781874353976,
    0.8534367855926034,
    0.8361576494163214,
    0.819818940558215,
    0.8040183168851504,
    0.7884310786484716,
    0.773090072086295,
    0.7582975348370408,
    0.7443475469335786,
    0.7313971127495027,
    0.7194838711274152,
    0.7085780707291268,
    0.6986205121150606,
    0.6895431088444758,
    0.6812785930897287,
    0.6737646020127585,
    0.6669450729619796,
    0.660770413026402,
    0.6551971476016946,
    0.6501873802960106,
    0.6457082173870252,
    0.6417312241707506,
    0.6382319395686513,
    0.635189456139164,
    0.6325860640213956,
    0.6304069538869208,
    0.6286399730128932,
    0.6272754287898091,
    0.6263059346855707,
    0.625726294586876,
    0.6255334223830621,
    0.6257262945868769,
    0.62630593468557,
    0.6272754287898092,
    0.6286399730128939,
    0.6304069538869199,
    0.6325860640213956,
    0.6351894561391648,
    0.6382319395686507,
    0.6417312241707507,
    0.6457082173870259,
    0.6501873802960099,
    0.6551971476016942,
    0.6607704130264029,
    0.6669450729619792,
    0.6737646020127581,
    0.6812785930897296,
    0.6895431088444752,
    0.69862051211506,
    0.7085780707291276,
    0.7194838711274147,
    0.7313971127495024,
    0.7443475469335796,
    0.7582975348370402,
    0.7730900720862947,
    0.7884310786484725,
    0.8040183168851497,
    0.8198189405582148,
    0.8361576494163224,
    0.8534367855926025,
    0.8718781874353971,
    0.8914699420304734,
    0.9119540170386893,
    0.9327536307024542,
    0.9529240502710838,
    0.9713865544146456,
    0.9875748654238745,
    1.0018961000815054,
    1.0153589534143173,
    1.028909156596305,
    1.0429932797548875,
    1.0574535161655563,
    1.0717705619069289,
    1.0853800232254254,
    1.097621678149714,
    1.1072799927958101,
    1.1123829356705826,
    1.1108073914902024,
    1.1016877043986832,
    1.0866703029172193,
    1.0691143399226137,
    1.0517668711744295,
    1.0357959220119883,
    1.0214422732966288,
    1.008794762660147,
    0.99795059038933,
    0.9888957160746475,
    0.9814958399276743,
    0.9755645793431484,
    0.970914860457391,
    0.9673785846646146
  ],