{
  "bias_mev": [
    -20.0,
    -19.666666666666668,
    -19.333333333333332,
    -19.0,
    -18.666666666666668,
    -18.333333333333332,
    -18.0,
    -17.666666666666668,
    -17.333333333333332,
    -17.0,
    -16.666666666666668,
    -16.333333333333332,
    -16.0,
    -15.666666666666668,
    -15.333333333333334,
    -15.0,
    -14.666666666666668,
    -14.333333333333334,
    -14.0,
    -13.666666666666668,
    -13.333333333333334,
    -13.0,
    -12.666666666666668,
    -12.333333333333334,
    -12.0,
    -11.666666666666668,
    -11.333333333333334,
    -11.0,
    -10.666666666666668,
    -10.333333333333334,
    -10.0,
    -9.666666666666668,
    -9.333333333333334,
    -9.0,
    -8.666666666666668,
    -8.333333333333334,
    -8.0,
    -7.666666666666668,
    -7.333333333333334,
    -7.0,
    -6.666666666666668,
    -6.333333333333334,
    -6.0,
    -5.666666666666668,
    -5.333333333333334,
    -5.0,
    -4.666666666666668,
    -4.333333333333334,
    -4.0,
    -3.666666666666668,
    -3.3333333333333357,
    -3.0,
    -2.666666666666668,
    -2.3333333333333357,
    -2.0,
    -1.6666666666666679,
    -1.3333333333333357,
    -1.0,
    -0.6666666666666679,
    -0.3333333333333357,
    0.0,
    0.33333333333333215,
    0.6666666666666643,
    1.0,
    1.3333333333333321,
    1.6666666666666643,
    2.0,
    2.333333333333332,
    2.6666666666666643,
    3.0,
    3.333333333333332,
    3.6666666666666643,
    4.0,
    4.333333333333332,
    4.666666666666664,
    5.0,
    5.333333333333332,
    5.666666666666664,
    6.0,
    6.333333333333332,
    6.666666666666664,
    7.0,
    7.333333333333332,
    7.666666666666664,
    8.0,
    8.333333333333332,
    8.666666666666664,
    9.0,
    9.333333333333332,
    9.666666666666664,
    10.0,
    10.333333333333332,
    10.666666666666664,
    11.0,
    11.333333333333332,
    11.666666666666664,
    12.0,
    12.333333333333329,
    12.666666666666664,
    13.0,
    13.333333333333329,
    13.666666666666664,
    14.0,
    14.333333333333329,
    14.666666666666664,
    15.0,
    15.333333333333329,
    15.666666666666664,
    16.0,
    16.33333333333333,
    16.666666666666664,
    17.0,
    17.33333333333333,
    17.666666666666664,
    18.0,
    18.33333333333333,
    18.666666666666664,
    19.0,
    19.33333333333333,
    19.666666666666664,
    20.0
  ],
  "conductance": [
    0.9728459211947551,
    0.9752604440225718,
    0.979136114271673,
    0.9845344083015344,
    0.9914541353217411,
    0.99978323765649,
    1.009246921195677,
    1.019376461294706,
    1.0295154981556034,
    1.0388468585852484,
    1.0464121403942812,
    1.0511627941990302,
    1.052141018318211,
    1.048786583625078,
    1.0411754607579893,
    1.0299887467121671,
    1.0162296269654052,
    1.000895635036318,
    0.9847898920610549,
    0.9684833408532411,
    0.9523122010555681,
    0.9363323309415574,
    0.9202772571000524,
    0.9036156794438033,
    0.8857406816452743,
    0.8662343184575846,
    0.8450937311631597,
    0.8227913105037723,
    0.8001199440851078,
    0.7779181310182524,
    0.7568297181279005,
    0.7371821679327235,
    0.7189774841027254,
    0.7019645043648246,
    0.6857741499996911,
    0.6700883367597131,
    0.6547724926020415,
    0.639899708450299,
    0.6256684667488058,
    0.6122889062398872,
    0.5999074554654901,
    0.5885864515639777,
    0.5783187220095505,
    0.5690529792089019,
    0.5607162618596615,
    0.5532292476374135,
    0.5465150541434439,
    0.5405035014640643,
    0.5351326546407164,
    0.5303489178846412,
    0.5261064546486036,
    0.5223663618085093,
    0.5190958151382379,
    0.5162672847712313,
    0.513857857234064,
    0.5118486704168879,
    0.5102244546841176,
    0.5089731688337006,
    0.5080857192651559,
    0.5075557521886643,
    0.5073795108640297,
    0.5075557521886643,
    0.5080857192651558,
    0.5089731688337007,
    0.5102244546841177,
    0.5118486704168879,
    0.513857857234064,
    0.5162672847712314,
    0.5190958151382378,
    0.5223663618085093,
    0.5261064546486036,
    0.5303489178846411,
    0.5351326546407164,
    0.5405035014640645,
    0.5465150541434439,
    0.5532292476374137,
    0.5607162618596616,
    0.5690529792089019,
    0.5783187220095505,
    0.5885864515639778,
    0.5999074554654901,
    0.6122889062398871,
    0.625668466748806,
    0.639899708450299,
    0.6547724926020415,
    0.6700883367597131,
    0.685774149999691,
    0.7019645043648246,
    0.7189774841027256,
    0.7371821679327236,
    0.7568297181279003,
    0.7779181310182524,
    0.8001199440851076,
    0.8227913105037721,
    0.8450937311631598,
    0.8662343184575843,
    0.8857406816452745,
    0.9036156794438033,
    0.9202772571000524,
    0.9363323309415575,
    0.9523122010555679,
    0.9684833408532407,
    0.9847898920610552,
    1.000895635036318,
    1.016229626965405,
    1.0299887467121673,
    1.0411754607579893,
    1.0487865836250776,
    1.052141018318211,
    1.05116279419903,
    1.046412140394281,
    1.038846858585248,
    1.0295154981556036,
    1.0193764612947063,
    1.009246921195677,
    0.9997832376564904,
    0.9914541353217409,
    0.9845344083015342,
    0.9791361142716732,
    0.9752604440225718,
    0.9728459211947551
  ],