{
  "bias_mev": [
    -20.0,
    -19.666666666666668,
    -19.333333333333332,
    -19.0,
    -18.666666666666668,
    -18.333333333333332,
    -18.0,
    -17.666666666666668,
    -17.333333333333332,
    -17.0,
    -16.666666666666668,
    -16.333333333333332,
    -16.0,
    -15.666666666666668,
    -15.333333333333334,
    -15.0,
    -14.666666666666668,
    -14.333333333333334,
    -14.0,
    -13.666666666666668,
    -13.333333333333334,
    -13.0,
    -12.666666666666668,
    -12.333333333333334,
    -12.0,
    -11.666666666666668,
    -11.333333333333334,
    -11.0,
    -10.666666666666668,
    -10.333333333333334,
    -10.0,
    -9.666666666666668,
    -9.333333333333334,
    -9.0,
    -8.666666666666668,
    -8.333333333333334,
    -8.0,
    -7.666666666666668,
    -7.333333333333334,
    -7.0,
    -6.666666666666668,
    -6.333333333333334,
    -6.0,
    -5.666666666666668,
    -5.333333333333334,
    -5.0,
    -4.666666666666668,
    -4.333333333333334,
    -4.0,
    -3.666666666666668,
    -3.3333333333333357,
    -3.0,
    -2.666666666666668,
    -2.3333333333333357,
    -2.0,
    -1.6666666666666679,
    -1.3333333333333357,
    -1.0,
    -0.6666666666666679,
    -0.3333333333333357,
    0.0,
    0.33333333333333215,
    0.6666666666666643,
    1.0,
    1.3333333333333321,
    1.6666666666666643,
    2.0,
    2.333333333333332,
    2.6666666666666643,
    3.0,
    3.333333333333332,
    3.6666666666666643,
    4.0,
    4.333333333333332,
    4.666666666666664,
    5.0,
    5.333333333333332,
    5.666666666666664,
    6.0,
    6.333333333333332,
    6.666666666666664,
    7.0,
    7.333333333333332,
    7.666666666666664,
    8.0,
    8.333333333333332,
    8.666666666666664,
    9.0,
    9.333333333333332,
    9.666666666666664,
    10.0,
    10.333333333333332,
    10.666666666666664,
    11.0,
    11.333333333333332,
    11.666666666666664,
    12.0,
    12.333333333333329,
    12.666666666666664,
    13.0,
    13.333333333333329,
    13.666666666666664,
    14.0,
    14.333333333333329,
    14.666666666666664,
    15.0,
    15.333333333333329,
    15.666666666666664,
    16.0,
    16.33333333333333,
    16.666666666666664,
    17.0,
    17.33333333333333,
    17.666666666666664,
    18.0,
    18.33333333333333,
    18.666666666666664,
    19.0,
    19.33333333333333,
    19.666666666666664,
    20.0
  ],
  "conductance": [
    0.9768692083421597,
    0.9779408533070251,
    0.9803860902463534,
    0.9843459820289086,
    0.9899692419167919,
    0.9973707255802367,
    1.0065405560771012,
    1.017218003422733,
    1.0288260757371956,
    1.0405332633414943,
    1.0512247142565543,
    1.0592430354954276,
    1.0625506066403767,
    1.059787710892299,
    1.0511856072004713,
    1.0382880369616585,
    1.0229566447748633,
    1.0065569396912826,
    0.9898108332955343,
    0.9731907257300666,
    0.9572066211164174,
    0.9422203343361789,
    0.9281142493756103,
    0.914226641397196,
    0.8995643509602821,
    0.8831372112290766,
    0.8644617345367029,
    0.8439695169305709,
    0.8227746016021277,
    0.8020377182544448,
    0.7825563160617015,
    0.7647070777617196,
    0.7485253303093437,
    0.733767300528673,
    0.7199705358498442,
    0.7066307588871362,
    0.6934828415971495,
    0.6806161659919376,
    0.6683039635398274,
    0.6567839571330285,
    0.6461739074434681,
    0.6364909463279196,
    0.6276955204739709,
    0.6197244574090729,
    0.6125092847029784,
    0.6059847163993136,
    0.6000919027616545,
    0.5947792069815883,
    0.5900019271999394,
    0.5857216352686572,
    0.5819054318426005,
    0.5785252419495287,
    0.5755571953040137,
    0.5729811006938847,
    0.570780009563358,
    0.5689398590911556,
    0.567449184340537,
    0.5662988900144716,
    0.565482073888166,
    0.56499389564046,
    0.5648314863827673,
    0.5649938956404604,
    0.5654820738881654,
    0.5662988900144714,
    0.5674491843405375,
    0.5689398590911552,
    0.570780009563358,
    0.5729811006938852,
    0.5755571953040133,
    0.5785252419495287,
    0.581905431842601,
    0.5857216352686566,
    0.590001927199939,
    0.5947792069815888,
    0.600091902761654,
    0.6059847163993133,
    0.6125092847029788,
    0.6197244574090726,
    0.6276955204739706,
    0.63649094632792,
    0.6461739074434678,
    0.6567839571330282,
    0.6683039635398278,
    0.6806161659919371,
    0.6934828415971491,
    0.7066307588871367,
    0.7199705358498437,
    0.7337673005286728,
    0.7485253303093441,
    0.764707077761719,
    0.7825563160617012,
    0.8020377182544455,
    0.8227746016021272,
    0.8439695169305705,
    0.8644617345367036,
    0.8831372112290758,
    0.8995643509602823,
    0.9142266413971964,
    0.9281142493756087,
    0.9422203343361791,
    0.9572066211164179,
    0.9731907257300653,
    0.9898108332955348,
    1.006556939691283,
    1.022956644774862,
    1.038288036961659,
    1.0511856072004715,
    1.0597877108922975,
    1.0625506066403767,
    1.0592430354954283,
    1.0512247142565534,
    1.0405332633414943,
    1.0288260757371965,
    1.0172180034227323,
    1.006540556077101,
    0.9973707255802375,
    0.9899692419167911,
    0.9843459820289086,
    0.9803860902463543,
    0.9779408533070247,
    0.9768692083421592
  ],