{
  "bias_mev": [
    -20.0,
    -19.666666666666668,
    -19.333333333333332,
    -19.0,
    -18.666666666666668,
    -18.333333333333332,
    -18.0,
    -17.666666666666668,
    -17.333333333333332,
    -17.0,
    -16.666666666666668,
    -16.333333333333332,
    -16.0,
    -15.666666666666668,
    -15.333333333333334,
    -15.0,
    -14.666666666666668,
    -14.333333333333334,
    -14.0,
    -13.666666666666668,
    -13.333333333333334,
    -13.0,
    -12.666666666666668,
    -12.333333333333334,
    -12.0,
    -11.666666666666668,
    -11.333333333333334,
    -11.0,
    -10.666666666666668,
    -10.333333333333334,
    -10.0,
    -9.666666666666668,
    -9.333333333333334,
    -9.0,
    -8.666666666666668,
    -8.333333333333334,
    -8.0,
    -7.666666666666668,
    -7.333333333333334,
    -7.0,
    -6.666666666666668,
    -6.333333333333334,
    -6.0,
    -5.666666666666668,
    -5.333333333333334,
    -5.0,
    -4.666666666666668,
    -4.333333333333334,
    -4.0,
    -3.666666666666668,
    -3.3333333333333357,
    -3.0,
    -2.666666666666668,
    -2.3333333333333357,
    -2.0,
    -1.6666666666666679,
    -1.3333333333333357,
    -1.0,
    -0.6666666666666679,
    -0.3333333333333357,
    0.0,
    0.33333333333333215,
    0.6666666666666643,
    1.0,
    1.3333333333333321,
    1.6666666666666643,
    2.0,
    2.333333333333332,
    2.6666666666666643,
    3.0,
    3.333333333333332,
    3.6666666666666643,
    4.0,
    4.333333333333332,
    4.666666666666664,
    5.0,
    5.333333333333332,
    5.666666666666664,
    6.0,
    6.333333333333332,
    6.666666666666664,
    7.0,
    7.333333333333332,
    7.666666666666664,
    8.0,
    8.333333333333332,
    8.666666666666664,
    9.0,
    9.333333333333332,
    9.666666666666664,
    10.0,
    10.333333333333332,
    10.666666666666664,
    11.0,
    11.333333333333332,
    11.666666666666664,
    12.0,
    12.333333333333329,
    12.666666666666664,
    13.0,
    13.333333333333329,
    13.666666666666664,
    14.0,
    14.333333333333329,
    14.666666666666664,
    15.0,
    15.333333333333329,
    15.666666666666664,
    16.0,
    16.33333333333333,
    16.666666666666664,
    17.0,
    17.33333333333333,
    17.666666666666664,
    18.0,
    18.33333333333333,
    18.666666666666664,
    19.0,
    19.33333333333333,
    19.666666666666664,
    20.0
  ],
  "conductance": [
    0.9734130114944972,
    0.9771274389846961,
    0.9815457041647783,
    0.9867599776853021,
    0.9928546937579441,
    0.9998942364606913,
    1.0079055949289806,
    1.0168571340351042,
    1.026633914131501,
    1.0370082943565038,
    1.0476099694670629,
    1.057918425724972,
    1.0673151610388965,
    1.0752078464448833,
    1.0811773680505987,
    1.0850654813666962,
    1.0869608005467821,
    1.0871118643755104,
    1.0858285308842535,
    1.0834122088987734,
    1.080116382892874,
    1.0761197976710226,
    1.0715049015588787,
    1.0662530119930662,
    1.060271623126786,
    1.0534539922541395,
    1.0457486715120725,
    1.0372047246005711,
    1.0279705881118457,
    1.018253761853086,
    1.0082681750868947,
    0.9981926070243219,
    0.988149430292529,
    0.9782037345188064,
    0.9683798551134575,
    0.9586885360583732,
    0.9491521994192645,
    0.939816016651935,
    0.9307424563579793,
    0.9219975104870772,
    0.9136384154531868,
    0.9057074262371226,
    0.8982311044821435,
    0.8912226860384431,
    0.8846854259521844,
    0.8786157524290875,
    0.8730057923138368,
    0.8678452225227773,
    0.8631225559485218,
    0.858826002554674,
    0.8549440300530748,
    0.8514657196895377,
    0.8483809855732833,
    0.8456807047598094,
    0.8433567899795806,
    0.8414022263153171,
    0.8398110859748424,
    0.8385785305240319,
    0.8377008067579377,
    0.837175240256961,
    0.8370002292317701,
    0.8371752402569611,
    0.8377008067579376,
    0.8385785305240319,
    0.8398110859748426,
    0.8414022263153169,
    0.8433567899795807,
    0.8456807047598095,
    0.8483809855732832,
    0.8514657196895377,
    0.8549440300530748,
    0.8588260025546739,
    0.8631225559485218,
    0.8678452225227773,
    0.8730057923138366,
    0.8786157524290874,
    0.8846854259521845,
    0.8912226860384427,
    0.8982311044821433,
    0.9057074262371226,
    0.9136384154531867,
    0.921997510487077,
    0.9307424563579794,
    0.9398160166519348,
    0.9491521994192643,
    0.9586885360583731,
    0.9683798551134573,
    0.9782037345188063,
    0.988149430292529,
    0.9981926070243217,
    1.0082681750868947,
    1.0182537618530858,
    1.0279705881118453,
    1.037204724600571,
    1.0457486715120725,
    1.0534539922541393,
    1.060271623126786,
    1.066253011993066,
    1.071504901558878,
    1.0761197976710224,
    1.080116382892874,
    1.0834122088987732,
    1.0858285308842532,
    1.0871118643755102,
    1.0869608005467817,
    1.085065481366696,
    1.0811773680505987,
    1.075207846444883,
    1.0673151610388965,
    1.057918425724972,
    1.0476099694670629,
    1.0370082943565038,
    1.026633914131501,
    1.0168571340351042,
    1.0079055949289806,
    0.9998942364606915,
    0.9928546937579442,
    0.9867599776853022,
    0.9815457041647785,
    0.977127438984696,
    0.973413011494497
  ],