{
  "bias_mev": [
    -20.0,
    -19.666666666666668,
    -19.333333333333332,
    -19.0,
    -18.666666666666668,
    -18.333333333333332,
    -18.0,
    -17.666666666666668,
    -17.333333333333332,
    -17.0,
    -16.666666666666668,
    -16.333333333333332,
    -16.0,
    -15.666666666666668,
    -15.333333333333334,
    -15.0,
    -14.666666666666668,
    -14.333333333333334,
    -14.0,
    -13.666666666666668,
    -13.333333333333334,
    -13.0,
    -12.666666666666668,
    -12.333333333333334,
    -12.0,
    -11.666666666666668,
    -11.333333333333334,
    -11.0,
    -10.666666666666668,
    -10.333333333333334,
    -10.0,
    -9.666666666666668,
    -9.333333333333334,
    -9.0,
    -8.666666666666668,
    -8.333333333333334,
    -8.0,
    -7.666666666666668,
    -7.333333333333334,
    -7.0,
    -6.666666666666668,
    -6.333333333333334,
    -6.0,
    -5.666666666666668,
    -5.333333333333334,
    -5.0,
    -4.666666666666668,
    -4.333333333333334,
    -4.0,
    -3.666666666666668,
    -3.3333333333333357,
    -3.0,
    -2.666666666666668,
    -2.3333333333333357,
    -2.0,
    -1.6666666666666679,
    -1.3333333333333357,
    -1.0,
    -0.6666666666666679,
    -0.3333333333333357,
    0.0,
    0.33333333333333215,
    0.6666666666666643,
    1.0,
    1.3333333333333321,
    1.6666666666666643,
    2.0,
    2.333333333333332,
    2.6666666666666643,
    3.0,
    3.333333333333332,
    3.6666666666666643,
    4.0,
    4.333333333333332,
    4.666666666666664,
    5.0,
    5.333333333333332,
    5.666666666666664,
    6.0,
    6.333333333333332,
    6.666666666666664,
    7.0,
    7.333333333333332,
    7.666666666666664,
    8.0,
    8.333333333333332,
    8.666666666666664,
    9.0,
    9.333333333333332,
    9.666666666666664,
    10.0,
    10.333333333333332,
    10.666666666666664,
    11.0,
    11.333333333333332,
    11.666666666666664,
    12.0,
    12.333333333333329,
    12.666666666666664,
    13.0,
    13.333333333333329,
    13.666666666666664,
    14.0,
    14.333333333333329,
    14.666666666666664,
    15.0,
    15.333333333333329,
    15.666666666666664,
    16.0,
    16.33333333333333,
    16.666666666666664,
    17.0,
    17.33333333333333,
    17.666666666666664,
    18.0,
    18.33333333333333,
    18.666666666666664,
    19.0,
    19.33333333333333,
    19.666666666666664,
    20.0
  ],
  "conductance": [
    0.9795111028966786,
    0.9812940143678858,
    0.9842833170813783,
    0.9884823952471045,
    0.9938312740471602,
    1.0001803463046752,
    1.0072661653443846,
    1.0146998489229995,
    1.021973383014992,
    1.0284781527727413,
    1.0335294582452554,
    1.0364116813777233,
    1.036475181926867,
    1.0332849003195423,
    1.026754956100592,
    1.017180304421283,
    1.0051369369707075,
    0.9913092717965988,
    0.9763341812253098,
    0.9607091717425106,
    0.9447513433447273,
    0.9285749455659902,
    0.9120855248085948,
    0.8950204423527844,
    0.8770569363230162,
    0.8579656938271343,
    0.8377467529573707,
    0.8166787678283358,
    0.7952537716384873,
    0.7740331784068891,
    0.7534972204271696,
    0.7339461016892019,
    0.715473009529928,
    0.6980012843622857,
    0.6813658488636145,
    0.6654093888823738,
    0.6500554886562372,
    0.6353295740639517,
    0.6213284973872453,
    0.60816764042186,
    0.5959372866185949,
    0.5846826116334208,
    0.5744041691070039,
    0.5650689417246536,
    0.5566235699080017,
    0.5490053951055486,
    0.5421500898304719,
    0.5359962252714523,
    0.5304876153219624,
    0.5255742406566689,
    0.5212123549851084,
    0.5173641704908649,
    0.5139973625054177,
    0.5110845283249184,
    0.5086026702296605,
    0.5065327352048784,
    0.5048592233657144,
    0.5035698666999833,
    0.5026553750862981,
    0.5021092450161153,
    0.5019276265564991,
    0.5021092450161152,
    0.5026553750862981,
    0.5035698666999833,
    0.5048592233657144,
    0.5065327352048783,
    0.5086026702296605,
    0.5110845283249184,
    0.5139973625054177,
    0.5173641704908648,
    0.5212123549851083,
    0.5255742406566689,
    0.5304876153219625,
    0.5359962252714523,
    0.5421500898304717,
    0.5490053951055486,
    0.5566235699080018,
    0.5650689417246535,
    0.574404169107004,
    0.5846826116334208,
    0.5959372866185949,
    0.6081676404218601,
    0.6213284973872454,
    0.6353295740639517,
    0.6500554886562374,
    0.6654093888823739,
    0.6813658488636143,
    0.6980012843622857,
    0.7154730095299281,
    0.7339461016892017,
    0.7534972204271697,
    0.7740331784068892,
    0.7952537716384873,
    0.8166787678283358,
    0.8377467529573709,
    0.8579656938271341,
    0.8770569363230162,
    0.8950204423527843,
    0.9120855248085946,
    0.9285749455659903,
    0.9447513433447273,
    0.9607091717425108,
    0.97633418122531,
    0.9913092717965988,
    1.0051369369707075,
    1.017180304421283,
    1.026754956100592,
    1.0332849003195423,
    1.0364751819268667,
    1.0364116813777233,
    1.0335294582452557,
    1.0284781527727416,
    1.0219733830149922,
    1.0146998489229995,
    1.0072661653443846,
    1.0001803463046752,
    0.9938312740471602,
    0.9884823952471048,
    0.9842833170813781,
    0.9812940143678858,
    0.9795111028966788
  ],