{
  "bias_mev": [
    -20.0,
    -19.666666666666668,
    -19.333333333333332,
    -19.0,
    -18.666666666666668,
    -18.333333333333332,
    -18.0,
    -17.666666666666668,
    -17.333333333333332,
    -17.0,
    -16.666666666666668,
    -16.333333333333332,
    -16.0,
    -15.666666666666668,
    -15.333333333333334,
    -15.0,
    -14.666666666666668,
    -14.333333333333334,
    -14.0,
    -13.666666666666668,
    -13.333333333333334,
    -13.0,
    -12.666666666666668,
    -12.333333333333334,
    -12.0,
    -11.666666666666668,
    -11.333333333333334,
    -11.0,
    -10.666666666666668,
    -10.333333333333334,
    -10.0,
    -9.666666666666668,
    -9.333333333333334,
    -9.0,
    -8.666666666666668,
    -8.333333333333334,
    -8.0,
    -7.666666666666668,
    -7.333333333333334,
    -7.0,
    -6.666666666666668,
    -6.333333333333334,
    -6.0,
    -5.666666666666668,
    -5.333333333333334,
    -5.0,
    -4.666666666666668,
    -4.333333333333334,
    -4.0,
    -3.666666666666668,
    -3.3333333333333357,
    -3.0,
    -2.666666666666668,
    -2.3333333333333357,
    -2.0,
    -1.6666666666666679,
    -1.3333333333333357,
    -1.0,
    -0.6666666666666679,
    -0.3333333333333357,
    0.0,
    0.33333333333333215,
    0.6666666666666643,
    1.0,
    1.3333333333333321,
    1.6666666666666643,
    2.0,
    2.333333333333332,
    2.6666666666666643,
    3.0,
    3.333333333333332,
    3.6666666666666643,
    4.0,
    4.333333333333332,
    4.666666666666664,
    5.0,
    5.333333333333332,
    5.666666666666664,
    6.0,
    6.333333333333332,
    6.666666666666664,
    7.0,
    7.333333333333332,
    7.666666666666664,
    8.0,
    8.333333333333332,
    8.666666666666664,
    9.0,
    9.333333333333332,
    9.666666666666664,
    10.0,
    10.333333333333332,
    10.666666666666664,
    11.0,
    11.333333333333332,
    11.666666666666664,
    12.0,
    12.333333333333329,
    12.666666666666664,
    13.0,
    13.333333333333329,
    13.666666666666664,
    14.0,
    14.333333333333329,
    14.666666666666664,
    15.0,
    15.333333333333329,
    15.666666666666664,
    16.0,
    16.33333333333333,
    16.666666666666664,
    17.0,
    17.33333333333333,
    17.666666666666664,
    18.0,
    18.33333333333333,
    18.666666666666664,
    19.0,
    19.33333333333333,
    19.666666666666664,
    20.0
  ],
  "conductance": [
    0.9832895082850653,
    0.9851259259488715,
    0.9875714251995527,
    0.9907067021550661,
    0.9946062207650657,
    0.9993205133858519,
    1.004850007524013,
    1.0111255739146348,
    1.0180201920626357,
    1.0253839307592443,
    1.0330375416135853,
    1.040690602265035,
    1.0478793247526736,
    1.0540595170995442,
    1.0588285438420548,
    1.0620804378821043,
    1.0639724086690232,
    1.0647724756997703,
    1.0647325652132107,
    1.0640632227488016,
    1.0629585241933257,
    1.061574323524204,
    1.0599496450469288,
    1.0579478374584417,
    1.0552832258723444,
    1.0516375192010816,
    1.0468197574658866,
    1.0408750575429495,
    1.0340604756598741,
    1.0267253317077774,
    1.0191964173132344,
    1.0117132698459006,
    1.0043998683575026,
    0.9972569529002534,
    0.99018683202566,
    0.9830664512772564,
    0.975835229857701,
    0.9685297309376172,
    0.9612511099777078,
    0.954113305223889,
    0.9472109187490401,
    0.9406103370774695,
    0.9343529801686877,
    0.928461825244335,
    0.9229473675681159,
    0.9178120722762577,
    0.913053439946899,
    0.9086660448939545,
    0.9046428707924681,
    0.9009761807920169,
    0.8976580826352178,
    0.8946808943290343,
    0.8920373792009088,
    0.8897208952873928,
    0.8877254885711013,
    0.8860459495859697,
    0.8846778463894898,
    0.8836175426043105,
    0.882862206367381,
    0.8824098140864247,
    0.8822591515634008,
    0.8824098140864256,
    0.8828622063673804,
    0.8836175426043105,
    0.8846778463894905,
    0.886045949585969,
    0.8877254885711012,
    0.8897208952873934,
    0.8920373792009081,
    0.8946808943290344,
    0.8976580826352188,
    0.9009761807920159,
    0.9046428707924675,
    0.9086660448939552,
    0.9130534399468986,
    0.9178120722762574,
    0.9229473675681166,
    0.9284618252443344,
    0.9343529801686876,
    0.9406103370774703,
    0.9472109187490395,
    0.9541133052238887,
    0.9612511099777088,
    0.9685297309376169,
    0.9758352298577007,
    0.9830664512772569,
    0.9901868320256597,
    0.9972569529002532,
    1.0043998683575035,
    1.0117132698459,
    1.019196417313234,
    1.0267253317077785,
    1.0340604756598737,
    1.040875057542949,
    1.0468197574658873,
    1.051637519201081,
    1.0552832258723446,
    1.0579478374584421,
    1.0599496450469275,
    1.0615743235242043,
    1.0629585241933264,
    1.0640632227488,
    1.0647325652132111,
    1.0647724756997707,
    1.0639724086690219,
    1.0620804378821045,
    1.058828543842056,
    1.054059517099543,
    1.0478793247526736,
    1.040690602265036,
    1.0330375416135846,
    1.0253839307592443,
    1.0180201920626364,
    1.011125573914634,
    1.004850007524013,
    0.9993205133858529,
    0.994606220765065,
    0.9907067021550661,
    0.9875714251995533,
    0.985125925948871,
    0.983289508285065
  ],