{
  "bias_mev": [
    -20.0,
    -19.666666666666668,
    -19.333333333333332,
    -19.0,
    -18.666666666666668,
    -18.333333333333332,
    -18.0,
    -17.666666666666668,
    -17.333333333333332,
    -17.0,
    -16.666666666666668,
    -16.333333333333332,
    -16.0,
    -15.666666666666668,
    -15.333333333333334,
    -15.0,
    -14.666666666666668,
    -14.333333333333334,
    -14.0,
    -13.666666666666668,
    -13.333333333333334,
    -13.0,
    -12.666666666666668,
    -12.333333333333334,
    -12.0,
    -11.666666666666668,
    -11.333333333333334,
    -11.0,
    -10.666666666666668,
    -10.333333333333334,
    -10.0,
    -9.666666666666668,
    -9.333333333333334,
    -9.0,
    -8.666666666666668,
    -8.333333333333334,
    -8.0,
    -7.666666666666668,
    -7.333333333333334,
    -7.0,
    -6.666666666666668,
    -6.333333333333334,
    -6.0,
    -5.666666666666668,
    -5.333333333333334,
    -5.0,
    -4.666666666666668,
    -4.333333333333334,
    -4.0,
    -3.666666666666668,
    -3.3333333333333357,
    -3.0,
    -2.666666666666668,
    -2.3333333333333357,
    -2.0,
    -1.6666666666666679,
    -1.3333333333333357,
    -1.0,
    -0.6666666666666679,
    -0.3333333333333357,
    0.0,
    0.33333333333333215,
    0.6666666666666643,
    1.0,
    1.3333333333333321,
    1.6666666666666643,
    2.0,
    2.333333333333332,
    2.6666666666666643,
    3.0,
    3.333333333333332,
    3.6666666666666643,
    4.0,
    4.333333333333332,
    4.666666666666664,
    5.0,
    5.333333333333332,
    5.666666666666664,
    6.0,
    6.333333333333332,
    6.666666666666664,
    7.0,
    7.333333333333332,
    7.666666666666664,
    8.0,
    8.333333333333332,
    8.666666666666664,
    9.0,
    9.333333333333332,
    9.666666666666664,
    10.0,
    10.333333333333332,
    10.666666666666664,
    11.0,
    11.333333333333332,
    11.666666666666664,
    12.0,
    12.333333333333329,
    12.666666666666664,
    13.0,
    13.333333333333329,
    13.666666666666664,
    14.0,
    14.333333333333329,
    14.666666666666664,
    15.0,
    15.333333333333329,
    15.666666666666664,
    16.0,
    16.33333333333333,
    16.666666666666664,
    17.0,
    17.33333333333333,
    17.666666666666664,
    18.0,
    18.33333333333333,
    18.666666666666664,
    19.0,
    19.33333333333333,
    19.666666666666664,
    20.0
  ],
  "conductance": [
    0.9715520067371258,
    0.9752226155900394,
    0.9800045159905683,
    0.9859137685124055,
    0.9929161410269756,
    1.000907169115838,
    1.0096865246870244,
    1.0189291037478065,
    1.0281558964292794,
    1.0367122581629353,
    1.043775577919952,
    1.0484299204809302,
    1.049830946706506,
    1.0474219911953677,
    1.0410961413552267,
    1.031207917203108,
    1.0184305173525028,
    1.0035454674716908,
    0.987264460103397,
    0.9701282714868368,
    0.952469354404783,
    0.934409866443408,
    0.9158884084589758,
    0.8967265399881478,
    0.8767351388902117,
    0.8558317184505416,
    0.8341208449281683,
    0.8119000931158241,
    0.7895907296169905,
    0.767629552068429,
    0.7463687276306966,
    0.7260144450534499,
    0.7066148172536604,
    0.688095486533033,
    0.6703312143849319,
    0.6532265627563969,
    0.6367692543415485,
    0.6210331283759498,
    0.6061390866502641,
    0.592204572202323,
    0.5793083820544894,
    0.5674791155701353,
    0.556701096088194,
    0.5469277706120166,
    0.538095343714841,
    0.5301333713357301,
    0.5229717358444838,
    0.5165446331454233,
    0.5107924849379031,
    0.5056625682751362,
    0.5011089295973142,
    0.4970919468591826,
    0.49357775485958094,
    0.4905376520276168,
    0.48794754828291426,
    0.48578748016339773,
    0.48404120150007035,
    0.4826958490783238,
    0.48174167897792364,
    0.48117186828271835,
    0.4809823772677868,
    0.48117186828271835,
    0.48174167897792364,
    0.4826958490783237,
    0.48404120150007035,
    0.48578748016339773,
    0.48794754828291426,
    0.4905376520276168,
    0.49357775485958094,
    0.49709194685918273,
    0.5011089295973141,
    0.5056625682751361,
    0.5107924849379031,
    0.5165446331454233,
    0.5229717358444838,
    0.5301333713357301,
    0.538095343714841,
    0.5469277706120166,
    0.556701096088194,
    0.5674791155701353,
    0.5793083820544893,
    0.592204572202323,
    0.6061390866502641,
    0.6210331283759496,
    0.6367692543415486,
    0.6532265627563969,
    0.6703312143849318,
    0.688095486533033,
    0.7066148172536604,
    0.7260144450534497,
    0.7463687276306967,
    0.7676295520684292,
    0.7895907296169904,
    0.8119000931158243,
    0.8341208449281684,
    0.8558317184505415,
    0.8767351388902117,
    0.8967265399881477,
    0.9158884084589756,
    0.9344098664434082,
    0.9524693544047828,
    0.9701282714868364,
    0.9872644601033971,
    1.0035454674716908,
    1.0184305173525026,
    1.0312079172031081,
    1.0410961413552267,
    1.0474219911953677,
    1.049830946706506,
    1.0484299204809304,
    1.043775577919952,
    1.0367122581629356,
    1.0281558964292796,
    1.0189291037478065,
    1.0096865246870244,
    1.0009071691158382,
    0.9929161410269759,
    0.9859137685124055,
    0.9800045159905684,
    0.9752226155900395,
    0.9715520067371259
  ],