{
  "bias_mev": [
    -20.0,
    -19.666666666666668,
    -19.333333333333332,
    -19.0,
    -18.666666666666668,
    -18.333333333333332,
    -18.0,
    -17.666666666666668,
    -17.333333333333332,
    -17.0,
    -16.666666666666668,
    -16.333333333333332,
    -16.0,
    -15.666666666666668,
    -15.333333333333334,
    -15.0,
    -14.666666666666668,
    -14.333333333333334,
    -14.0,
    -13.666666666666668,
    -13.333333333333334,
    -13.0,
    -12.666666666666668,
    -12.333333333333334,
    -12.0,
    -11.666666666666668,
    -11.333333333333334,
    -11.0,
    -10.666666666666668,
    -10.333333333333334,
    -10.0,
    -9.666666666666668,
    -9.333333333333334,
    -9.0,
    -8.666666666666668,
    -8.333333333333334,
    -8.0,
    -7.666666666666668,
    -7.333333333333334,
    -7.0,
    -6.666666666666668,
    -6.333333333333334,
    -6.0,
    -5.666666666666668,
    -5.333333333333334,
    -5.0,
    -4.666666666666668,
    -4.333333333333334,
    -4.0,
    -3.666666666666668,
    -3.3333333333333357,
    -3.0,
    -2.666666666666668,
    -2.3333333333333357,
    -2.0,
    -1.6666666666666679,
    -1.3333333333333357,
    -1.0,
    -0.6666666666666679,
    -0.3333333333333357,
    0.0,
    0.33333333333333215,
    0.6666666666666643,
    1.0,
    1.3333333333333321,
    1.6666666666666643,
    2.0,
    2.333333333333332,
    2.6666666666666643,
    3.0,
    3.333333333333332,
    3.6666666666666643,
    4.0,
    4.333333333333332,
    4.666666666666664,
    5.0,
    5.333333333333332,
    5.666666666666664,
    6.0,
    6.333333333333332,
    6.666666666666664,
    7.0,
    7.333333333333332,
    7.666666666666664,
    8.0,
    8.333333333333332,
    8.666666666666664,
    9.0,
    9.333333333333332,
    9.666666666666664,
    10.0,
    10.333333333333332,
    10.666666666666664,
    11.0,
    11.333333333333332,
    11.666666666666664,
    12.0,
    12.333333333333329,
    12.666666666666664,
    13.0,
    13.333333333333329,
    13.666666666666664,
    14.0,
    14.333333333333329,
    14.666666666666664,
    15.0,
    15.333333333333329,
    15.666666666666664,
    16.0,
    16.33333333333333,
    16.666666666666664,
    17.0,
    17.33333333333333,
    17.666666666666664,
    18.0,
    18.33333333333333,
    18.666666666666664,
    19.0,
    19.33333333333333,
    19.666666666666664,
    20.0
  ],
  "conductance": [
    0.9789362912915633,
    0.9806722935649739,
    0.9835311770513915,
    0.9875866815452756,
    0.9928723301324125,
    0.9993449788166774,
    1.0068422111074902,
    1.0150529798379595,
    1.0235175409805286,
    1.0316435156717265,
    1.038712212026719,
    1.0439080103814742,
    1.0464579930645983,
    1.0458769504383578,
    1.0421526549101003,
    1.0357167145043098,
    1.0272312677814477,
    1.0173568555203918,
    1.006633606490341,
    0.9954708129016601,
    0.9841450331531325,
    0.9727476566364036,
    0.9611289260572866,
    0.9489209929389073,
    0.9356682917632029,
    0.9210270047226897,
    0.9049502834203026,
    0.8877531312271224,
    0.8700077886440493,
    0.8523421468447262,
    0.8352619938284986,
    0.8190572279084642,
    0.8037842331470585,
    0.789304571240566,
    0.775375664786774,
    0.7617782472413827,
    0.7484235947886354,
    0.7353768448972694,
    0.7227962722219324,
    0.7108492022299967,
    0.6996577079659475,
    0.6892841797621827,
    0.6797409832803053,
    0.671007283290585,
    0.6630440000146466,
    0.6558042877578507,
    0.6492399201243355,
    0.6433047704536873,
    0.637956478993062,
    0.63315708020343,
    0.6288730759486059,
    0.6250752386410863,
    0.6217383022347018,
    0.618840624904944,
    0.6163638655974009,
    0.6142926939615168,
    0.6126145412847841,
    0.6113193940953856,
    0.6103996293907326,
    0.609849889468329,
    0.6096669942610782,
    0.609849889468329,
    0.6103996293907326,
    0.6113193940953856,
    0.6126145412847841,
    0.6142926939615166,
    0.616363865597401,
    0.6188406249049441,
    0.6217383022347017,
    0.6250752386410863,
    0.6288730759486059,
    0.63315708020343,
    0.6379564789930617,
    0.6433047704536873,
    0.6492399201243353,
    0.6558042877578507,
    0.6630440000146467,
    0.6710072832905849,
    0.6797409832803053,
    0.6892841797621827,
    0.6996577079659474,
    0.7108492022299967,
    0.7227962722219324,
    0.7353768448972692,
    0.7484235947886353,
    0.7617782472413827,
    0.7753756647867739,
    0.7893045712405659,
    0.8037842331470585,
    0.8190572279084639,
    0.8352619938284986,
    0.8523421468447263,
    0.870007788644049,
    0.8877531312271226,
    0.9049502834203026,
    0.9210270047226897,
    0.9356682917632031,
    0.9489209929389071,
    0.9611289260572863,
    0.9727476566364038,
    0.9841450331531325,
    0.9954708129016601,
    1.0066336064903412,
    1.0173568555203918,
    1.0272312677814475,
    1.03571671450431,
    1.0421526549101003,
    1.0458769504383574,
    1.0464579930645983,
    1.0439080103814746,
    1.0387122120267192,
    1.0316435156717267,
    1.0235175409805286,
    1.0150529798379597,
    1.0068422111074906,
    0.9993449788166778,
    0.9928723301324127,
    0.9875866815452761,
    0.9835311770513916,
    0.9806722935649739,
    0.9789362912915631
  ],