{
  "bias_mev": [
    -20.0,
    -19.666666666666668,
    -19.333333333333332,
    -19.0,
    -18.666666666666668,
    -18.333333333333332,
    -18.0,
    -17.666666666666668,
    -17.333333333333332,
    -17.0,
    -16.666666666666668,
    -16.333333333333332,
    -16.0,
    -15.666666666666668,
    -15.333333333333334,
    -15.0,
    -14.666666666666668,
    -14.333333333333334,
    -14.0,
    -13.666666666666668,
    -13.333333333333334,
    -13.0,
    -12.666666666666668,
    -12.333333333333334,
    -12.0,
    -11.666666666666668,
    -11.333333333333334,
    -11.0,
    -10.666666666666668,
    -10.333333333333334,
    -10.0,
    -9.666666666666668,
    -9.333333333333334,
    -9.0,
    -8.666666666666668,
    -8.333333333333334,
    -8.0,
    -7.666666666666668,
    -7.333333333333334,
    -7.0,
    -6.666666666666668,
    -6.333333333333334,
    -6.0,
    -5.666666666666668,
    -5.333333333333334,
    -5.0,
    -4.666666666666668,
    -4.333333333333334,
    -4.0,
    -3.666666666666668,
    -3.3333333333333357,
    -3.0,
    -2.666666666666668,
    -2.3333333333333357,
    -2.0,
    -1.6666666666666679,
    -1.3333333333333357,
    -1.0,
    -0.6666666666666679,
    -0.3333333333333357,
    0.0,
    0.33333333333333215,
    0.6666666666666643,
    1.0,
    1.3333333333333321,
    1.6666666666666643,
    2.0,
    2.333333333333332,
    2.6666666666666643,
    3.0,
    3.333333333333332,
    3.6666666666666643,
    4.0,
    4.333333333333332,
    4.666666666666664,
    5.0,
    5.333333333333332,
    5.666666666666664,
    6.0,
    6.333333333333332,
    6.666666666666664,
    7.0,
    7.333333333333332,
    7.666666666666664,
    8.0,
    8.333333333333332,
    8.666666666666664,
    9.0,
    9.333333333333332,
    9.666666666666664,
    10.0,
    10.333333333333332,
    10.666666666666664,
    11.0,
    11.333333333333332,
    11.666666666666664,
    12.0,
    12.333333333333329,
    12.666666666666664,
    13.0,
    13.333333333333329,
    13.666666666666664,
    14.0,
    14.333333333333329,
    14.666666666666664,
    15.0,
    15.333333333333329,
    15.666666666666664,
    16.0,
    16.33333333333333,
    16.666666666666664,
    17.0,
    17.33333333333333,
    17.666666666666664,
    18.0,
    18.33333333333333,
    18.666666666666664,
    19.0,
    19.33333333333333,
    19.666666666666664,
    20.0
  ],
  "conductance": [
    0.9744151598311096,
    0.9776247168593104,
    0.9816486155198062,
    0.9865867135640558,
    0.9925259192272512,
    0.9995240695160896,
    1.0075871271227563,
    1.0166439390624933,
    1.0265220229620053,
    1.0369217163351212,
    1.047388744997087,
    1.0573124365628752,
    1.06600041914192,
    1.072841441894408,
    1.0774785787036285,
    1.0798826676991937,
    1.080290934309136,
    1.0790727117532308,
    1.0766098804903184,
    1.0732329893132182,
    1.069193797175069,
    1.0646382349900931,
    1.0595756783410357,
    1.053874435161483,
    1.0473111081648718,
    1.0396691875331698,
    1.0308470961376834,
    1.02092102660306,
    1.0101306510417316,
    0.9988043728701282,
    0.9872693425078862,
    0.9757804556308407,
    0.9644802554356546,
    0.9533939185752477,
    0.9424634694762397,
    0.9316130458411518,
    0.9208138024226826,
    0.9101120714035099,
    0.8996123503337725,
    0.8894383361934012,
    0.879699597534854,
    0.8704754526835583,
    0.861813317406058,
    0.8537344058799163,
    0.8462413059139011,
    0.8393247137798082,
    0.8329685050010882,
    0.8271532110600713,
    0.8218582586912253,
    0.8170633422481625,
    0.8127492243237306,
    0.8088981743955076,
    0.8054941856780371,
    0.8025230604879698,
    0.7999724209583982,
    0.7978316803105575,
    0.7960919962334886,
    0.7947462194243776,
    0.7937888451083093,
    0.7932159721566171,
    0.7930252724764763,
    0.7932159721566171,
    0.7937888451083092,
    0.7947462194243776,
    0.7960919962334886,
    0.7978316803105575,
    0.7999724209583982,
    0.80252306048797,
    0.8054941856780371,
    0.8088981743955076,
    0.8127492243237305,
    0.8170633422481621,
    0.8218582586912253,
    0.8271532110600716,
    0.8329685050010882,
    0.8393247137798081,
    0.8462413059139011,
    0.8537344058799162,
    0.861813317406058,
    0.8704754526835584,
    0.879699597534854,
    0.8894383361934012,
    0.8996123503337725,
    0.9101120714035099,
    0.9208138024226827,
    0.931613045841152,
    0.9424634694762395,
    0.9533939185752478,
    0.9644802554356547,
    0.9757804556308407,
    0.9872693425078861,
    0.9988043728701282,
    1.0101306510417314,
    1.02092102660306,
    1.0308470961376837,
    1.0396691875331698,
    1.047311108164872,
    1.0538744351614828,
    1.0595756783410357,
    1.0646382349900934,
    1.069193797175069,
    1.073232989313218,
    1.0766098804903184,
    1.0790727117532308,
    1.080290934309136,
    1.0798826676991937,
    1.0774785787036287,
    1.072841441894408,
    1.0660004191419197,
    1.0573124365628752,
    1.0473887449970871,
    1.036921716335121,
    1.0265220229620056,
    1.0166439390624935,
    1.0075871271227563,
    0.9995240695160897,
    0.9925259192272513,
    0.9865867135640557,
    0.9816486155198062,
    0.9776247168593103,
    0.9744151598311094
  ],