{
  "bias_mev": [
    -20.0,
    -19.666666666666668,
    -19.333333333333332,
    -19.0,
    -18.666666666666668,
    -18.333333333333332,
    -18.0,
    -17.666666666666668,
    -17.333333333333332,
    -17.0,
    -16.666666666666668,
    -16.333333333333332,
    -16.0,
    -15.666666666666668,
    -15.333333333333334,
    -15.0,
    -14.666666666666668,
    -14.333333333333334,
    -14.0,
    -13.666666666666668,
    -13.333333333333334,
    -13.0,
    -12.666666666666668,
    -12.333333333333334,
    -12.0,
    -11.666666666666668,
    -11.333333333333334,
    -11.0,
    -10.666666666666668,
    -10.333333333333334,
    -10.0,
    -9.666666666666668,
    -9.333333333333334,
    -9.0,
    -8.666666666666668,
    -8.333333333333334,
    -8.0,
    -7.666666666666668,
    -7.333333333333334,
    -7.0,
    -6.666666666666668,
    -6.333333333333334,
    -6.0,
    -5.666666666666668,
    -5.333333333333334,
    -5.0,
    -4.666666666666668,
    -4.333333333333334,
    -4.0,
    -3.666666666666668,
    -3.3333333333333357,
    -3.0,
    -2.666666666666668,
    -2.3333333333333357,
    -2.0,
    -1.6666666666666679,
    -1.3333333333333357,
    -1.0,
    -0.6666666666666679,
    -0.3333333333333357,
    0.0,
    0.33333333333333215,
    0.6666666666666643,
    1.0,
    1.3333333333333321,
    1.6666666666666643,
    2.0,
    2.333333333333332,
    2.6666666666666643,
    3.0,
    3.333333333333332,
    3.6666666666666643,
    4.0,
    4.333333333333332,
    4.666666666666664,
    5.0,
    5.333333333333332,
    5.666666666666664,
    6.0,
    6.333333333333332,
    6.666666666666664,
    7.0,
    7.333333333333332,
    7.666666666666664,
    8.0,
    8.333333333333332,
    8.666666666666664,
    9.0,
    9.333333333333332,
    9.666666666666664,
    10.0,
    10.333333333333332,
    10.666666666666664,
    11.0,
    11.333333333333332,
    11.666666666666664,
    12.0,
    12.333333333333329,
    12.666666666666664,
    13.0,
    13.333333333333329,
    13.666666666666664,
    14.0,
    14.333333333333329,
    14.666666666666664,
    15.0,
    15.333333333333329,
    15.666666666666664,
    16.0,
    16.33333333333333,
    16.666666666666664,
    17.0,
    17.33333333333333,
    17.666666666666664,
    18.0,
    18.33333333333333,
    18.666666666666664,
    19.0,
    19.33333333333333,
    19.666666666666664,
    20.0
  ],
  "conductance": [
    0.9835580218161184,
    0.9850271249847435,
    0.9871468195991954,
    0.9900229200509842,
    0.9937727412346006,
    0.9985108958373805,
    1.0043137999628164,
    1.0111699082202825,
    1.018962667271761,
    1.0275151010221177,
    1.0365771138996365,
    1.045644517797589,
    1.0538577869374657,
    1.0603160450105735,
    1.0645700044117032,
    1.0667564636268088,
    1.0673465273175782,
    1.0668125900853396,
    1.065468205348713,
    1.063543809937111,
    1.0613049394878074,
    1.0590111485025349,
    1.0567680884803679,
    1.0544359853228806,
    1.0516547748908123,
    1.0479621647198014,
    1.0430226947665915,
    1.036847907627409,
    1.0297645598192788,
    1.0222024918869952,
    1.014533126011474,
    1.0070163546219788,
    0.99979425798465,
    0.9928838809732815,
    0.9861803987550274,
    0.9795235937553777,
    0.9728178686738407,
    0.9660897704628383,
    0.9594401923686621,
    0.9529748353340032,
    0.9467714263778388,
    0.9408773387924269,
    0.9353174756933015,
    0.9301023128411657,
    0.9252336505497997,
    0.9207082856462997,
    0.9165202672072191,
    0.9126622696457761,
    0.9091264294966753,
    0.905904856582086,
    0.9029899458342054,
    0.9003745658623284,
    0.8980521707183338,
    0.8960168636621376,
    0.8942634310550948,
    0.8927873579463385,
    0.8915848328138758,
    0.8906527463155495,
    0.8899886872229551,
    0.8895909376078022,
    0.8894584686104302,
    0.889590937607803,
    0.8899886872229543,
    0.8906527463155497,
    0.8915848328138767,
    0.8927873579463377,
    0.8942634310550949,
    0.8960168636621383,
    0.8980521707183327,
    0.9003745658623284,
    0.9029899458342062,
    0.9059048565820853,
    0.9091264294966749,
    0.912662269645777,
    0.9165202672072187,
    0.9207082856462993,
    0.9252336505498003,
    0.9301023128411651,
    0.935317475693301,
    0.9408773387924274,
    0.9467714263778382,
    0.9529748353340027,
    0.959440192368663,
    0.9660897704628378,
    0.9728178686738403,
    0.9795235937553782,
    0.9861803987550266,
    0.9928838809732812,
    0.999794257984651,
    1.0070163546219781,
    1.0145331260114736,
    1.022202491886996,
    1.0297645598192782,
    1.0368479076274086,
    1.0430226947665922,
    1.0479621647198005,
    1.0516547748908125,
    1.0544359853228815,
    1.056768088480366,
    1.0590111485025355,
    1.061304939487808,
    1.0635438099371093,
    1.0654682053487134,
    1.0668125900853405,
    1.0673465273175766,
    1.0667564636268092,
    1.064570004411704,
    1.060316045010572,
    1.0538577869374657,
    1.0456445177975902,
    1.0365771138996356,
    1.0275151010221177,
    1.0189626672717618,
    1.0111699082202816,
    1.0043137999628162,
    0.9985108958373813,
    0.9937727412345996,
    0.9900229200509841,
    0.9871468195991965,
    0.9850271249847432,
    0.9835580218161177
  ],