{
  "bias_mev": [
    -20.0,
    -19.666666666666668,
    -19.333333333333332,
    -19.0,
    -18.666666666666668,
    -18.333333333333332,
    -18.0,
    -17.666666666666668,
    -17.333333333333332,
    -17.0,
    -16.666666666666668,
    -16.333333333333332,
    -16.0,
    -15.666666666666668,
    -15.333333333333334,
    -15.0,
    -14.666666666666668,
    -14.333333333333334,
    -14.0,
    -13.666666666666668,
    -13.333333333333334,
    -13.0,
    -12.666666666666668,
    -12.333333333333334,
    -12.0,
    -11.666666666666668,
    -11.333333333333334,
    -11.0,
    -10.666666666666668,
    -10.333333333333334,
    -10.0,
    -9.666666666666668,
    -9.333333333333334,
    -9.0,
    -8.666666666666668,
    -8.333333333333334,
    -8.0,
    -7.666666666666668,
    -7.333333333333334,
    -7.0,
    -6.666666666666668,
    -6.333333333333334,
    -6.0,
    -5.666666666666668,
    -5.333333333333334,
    -5.0,
    -4.666666666666668,
    -4.333333333333334,
    -4.0,
    -3.666666666666668,
    -3.3333333333333357,
    -3.0,
    -2.666666666666668,
    -2.3333333333333357,
    -2.0,
    -1.6666666666666679,
    -1.3333333333333357,
    -1.0,
    -0.6666666666666679,
    -0.3333333333333357,
    0.0,
    0.33333333333333215,
    0.6666666666666643,
    1.0,
    1.3333333333333321,
    1.6666666666666643,
    2.0,
    2.333333333333332,
    2.6666666666666643,
    3.0,
    3.333333333333332,
    3.6666666666666643,
    4.0,
    4.333333333333332,
    4.666666666666664,
    5.0,
    5.333333333333332,
    5.666666666666664,
    6.0,
    6.333333333333332,
    6.666666666666664,
    7.0,
    7.333333333333332,
    7.666666666666664,
    8.0,
    8.333333333333332,
    8.666666666666664,
    9.0,
    9.333333333333332,
    9.666666666666664,
    10.0,
    10.333333333333332,
    10.666666666666664,
    11.0,
    11.333333333333332,
    11.666666666666664,
    12.0,
    12.333333333333329,
    12.666666666666664,
    13.0,
    13.333333333333329,
    13.666666666666664,
    14.0,
    14.333333333333329,
    14.666666666666664,
    15.0,
    15.333333333333329,
    15.666666666666664,
    16.0,
    16.33333333333333,
    16.666666666666664,
    17.0,
    17.33333333333333,
    17.666666666666664,
    18.0,
    18.33333333333333,
    18.666666666666664,
    19.0,
    19.33333333333333,
    19.666666666666664,
    20.0
  ],
  "conductance": [
    0.9841557876232919,
    0.9861342945986463,
    0.9885943445839337,
    0.9916058939276423,
    0.9952353509099197,
    0.9995359387626248,
    1.0045348843970456,
    1.0102228663670916,
    1.0165509900841527,
    1.0234296487456511,
    1.0307121388197236,
    1.0381609355920673,
    1.0454340218997198,
    1.0521387113318728,
    1.0579445117937307,
    1.062680165361966,
    1.066349640156349,
    1.0690749144712017,
    1.0710233413801336,
    1.0723637627357065,
    1.0732487378757636,
    1.0737950362078534,
    1.074052212755528,
    1.0739785480313608,
    1.0734499577370744,
    1.072310128772009,
    1.0704441067346053,
    1.067836152322818,
    1.064578087727909,
    1.060831073137364,
    1.0567724357973594,
    1.0525537836695242,
    1.048277509035516,
    1.0439900335609562,
    1.0396917407867545,
    1.0353622682685335,
    1.0309900103524166,
    1.0265890016063723,
    1.0221967449681313,
    1.0178613550821551,
    1.0136293713947344,
    1.009539220137715,
    1.0056196332287197,
    1.0018906819096014,
    0.9983656439764363,
    0.9950528219601009,
    0.9919570146808341,
    0.9890806149115019,
    0.9864243973740212,
    0.9839880752582841,
    0.9817706914910728,
    0.9797708943021954,
    0.9779871322120305,
    0.9764177927715623,
    0.9750613017841202,
    0.9739161945187568,
    0.972981166868113,
    0.972255111971062,
    0.9717371461385823,
    0.9714266267375673,
    0.9713231638318848,
    0.9714266267375673,
    0.9717371461385823,
    0.9722551119710617,
    0.972981166868113,
    0.9739161945187566,
    0.97506130178412,
    0.9764177927715623,
    0.9779871322120304,
    0.9797708943021954,
    0.9817706914910731,
    0.983988075258284,
    0.9864243973740211,
    0.9890806149115019,
    0.9919570146808339,
    0.9950528219601007,
    0.9983656439764362,
    1.0018906819096012,
    1.0056196332287197,
    1.009539220137715,
    1.0136293713947342,
    1.0178613550821551,
    1.0221967449681313,
    1.026589001606372,
    1.0309900103524166,
    1.0353622682685333,
    1.0396917407867543,
    1.043990033560956,
    1.0482775090355163,
    1.0525537836695242,
    1.0567724357973594,
    1.060831073137364,
    1.064578087727909,
    1.067836152322818,
    1.0704441067346053,
    1.0723101287720087,
    1.0734499577370744,
    1.073978548031361,
    1.0740522127555276,
    1.0737950362078539,
    1.0732487378757636,
    1.072363762735706,
    1.0710233413801338,
    1.069074914471202,
    1.0663496401563488,
    1.0626801653619662,
    1.057944511793731,
    1.0521387113318728,
    1.0454340218997198,
    1.0381609355920676,
    1.0307121388197233,
    1.0234296487456511,
    1.0165509900841527,
    1.0102228663670916,
    1.0045348843970456,
    0.9995359387626251,
    0.9952353509099194,
    0.9916058939276425,
    0.9885943445839339,
    0.9861342945986463,
    0.9841557876232918
  ],