{
  "bias_mev": [
    -20.0,
    -19.666666666666668,
    -19.333333333333332,
    -19.0,
    -18.666666666666668,
    -18.333333333333332,
    -18.0,
    -17.666666666666668,
    -17.333333333333332,
    -17.0,
    -16.666666666666668,
    -16.333333333333332,
    -16.0,
    -15.666666666666668,
    -15.333333333333334,
    -15.0,
    -14.666666666666668,
    -14.333333333333334,
    -14.0,
    -13.666666666666668,
    -13.333333333333334,
    -13.0,
    -12.666666666666668,
    -12.333333333333334,
    -12.0,
    -11.666666666666668,
    -11.333333333333334,
    -11.0,
    -10.666666666666668,
    -10.333333333333334,
    -10.0,
    -9.666666666666668,
    -9.333333333333334,
    -9.0,
    -8.666666666666668,
    -8.333333333333334,
    -8.0,
    -7.666666666666668,
    -7.333333333333334,
    -7.0,
    -6.666666666666668,
    -6.333333333333334,
    -6.0,
    -5.666666666666668,
    -5.333333333333334,
    -5.0,
    -4.666666666666668,
    -4.333333333333334,
    -4.0,
    -3.666666666666668,
    -3.3333333333333357,
    -3.0,
    -2.666666666666668,
    -2.3333333333333357,
    -2.0,
    -1.6666666666666679,
    -1.3333333333333357,
    -1.0,
    -0.6666666666666679,
    -0.3333333333333357,
    0.0,
    0.33333333333333215,
    0.6666666666666643,
    1.0,
    1.3333333333333321,
    1.6666666666666643,
    2.0,
    2.333333333333332,
    2.6666666666666643,
    3.0,
    3.333333333333332,
    3.6666666666666643,
    4.0,
    4.333333333333332,
    4.666666666666664,
    5.0,
    5.333333333333332,
    5.666666666666664,
    6.0,
    6.333333333333332,
    6.666666666666664,
    7.0,
    7.333333333333332,
    7.666666666666664,
    8.0,
    8.333333333333332,
    8.666666666666664,
    9.0,
    9.333333333333332,
    9.666666666666664,
    10.0,
    10.333333333333332,
    10.666666666666664,
    11.0,
    11.333333333333332,
    11.666666666666664,
    12.0,
    12.333333333333329,
    12.666666666666664,
    13.0,
    13.333333333333329,
    13.666666666666664,
    14.0,
    14.333333333333329,
    14.666666666666664,
    15.0,
    15.333333333333329,
    15.666666666666664,
    16.0,
    16.33333333333333,
    16.666666666666664,
    17.0,
    17.33333333333333,
    17.666666666666664,
    18.0,
    18.33333333333333,
    18.666666666666664,
    19.0,
    19.33333333333333,
    19.666666666666664,
    20.0
  ],
  "conductance": [
    0.9727769440787319,
    0.9765948941348871,
    0.9810250516976279,
    0.9861856531249159,
    0.9922189592362658,
    0.9992868016319374,
    1.0075405743790764,
    1.0170537415450778,
    1.02776756449555,
    1.0395498156759297,
    1.0522215919452345,
    1.0652747112389018,
    1.0776795582927166,
    1.0883959697354302,
    1.0970327079077016,
    1.1038471003241503,
    1.1093715729051103,
    1.114034708268164,
    1.118014390265699,
    1.1214257783816826,
    1.1245264296425312,
    1.1276251379373907,
    1.1308440792444636,
    1.1340050527742573,
    1.136700313358611,
    1.1383809806115126,
    1.1385760878610782,
    1.1372332459606769,
    1.134694765696985,
    1.1314133293451731,
    1.127780235810711,
    1.1240965121774202,
    1.1205689994840753,
    1.1172596912630428,
    1.1140137180460203,
    1.1105141400633893,
    1.106536962400467,
    1.1021114065427664,
    1.0974146172008747,
    1.092627172556289,
    1.0878800789603518,
    1.0832576028013683,
    1.0788119130130478,
    1.074574957833689,
    1.0705661175325139,
    1.0667968811885846,
    1.0632737113566666,
    1.0599998349776258,
    1.056976391000552,
    1.0542031834726215,
    1.051679186264341,
    1.0494028874812433,
    1.0473725280191555,
    1.045586268799127,
    1.0440423090887918,
    1.0427389707402699,
    1.04167475832497,
    1.040848401967102,
    1.0402588875441876,
    1.0399054774530094,
    1.0397877240941782,
    1.039905477453011,
    1.0402588875441863,
    1.040848401967102,
    1.0416747583249713,
    1.0427389707402686,
    1.0440423090887918,
    1.0455862687991284,
    1.0473725280191544,
    1.0494028874812433,
    1.0516791862643426,
    1.0542031834726202,
    1.0569763910005516,
    1.0599998349776274,
    1.0632737113566655,
    1.066796881188584,
    1.070566117532515,
    1.074574957833688,
    1.078811913013047,
    1.0832576028013696,
    1.0878800789603509,
    1.0926271725562886,
    1.0974146172008763,
    1.1021114065427657,
    1.1065369624004662,
    1.1105141400633909,
    1.1140137180460195,
    1.1172596912630421,
    1.1205689994840766,
    1.1240965121774196,
    1.1277802358107103,
    1.1314133293451745,
    1.1346947656969841,
    1.1372332459606762,
    1.1385760878610798,
    1.1383809806115115,
    1.1367003133586113,
    1.134005052774259,
    1.1308440792444612,
    1.1276251379373912,
    1.1245264296425328,
    1.1214257783816806,
    1.1180143902656998,
    1.1140347082681656,
    1.1093715729051081,
    1.1038471003241508,
    1.0970327079077034,
    1.0883959697354284,
    1.0776795582927168,
    1.0652747112389034,
    1.0522215919452333,
    1.0395498156759295,
    1.0277675644955513,
    1.0170537415450767,
    1.0075405743790764,
    0.9992868016319388,
    0.9922189592362644,
    0.9861856531249159,
    0.9810250516976291,
    0.9765948941348862,
    0.9727769440787315
  ],