{
  "bias_mev": [
    -20.0,
    -19.666666666666668,
    -19.333333333333332,
    -19.0,
    -18.666666666666668,
    -18.333333333333332,
    -18.0,
    -17.666666666666668,
    -17.333333333333332,
    -17.0,
    -16.666666666666668,
    -16.333333333333332,
    -16.0,
    -15.666666666666668,
    -15.333333333333334,
    -15.0,
    -14.666666666666668,
    -14.333333333333334,
    -14.0,
    -13.666666666666668,
    -13.333333333333334,
    -13.0,
    -12.666666666666668,
    -12.333333333333334,
    -12.0,
    -11.666666666666668,
    -11.333333333333334,
    -11.0,
    -10.666666666666668,
    -10.333333333333334,
    -10.0,
    -9.666666666666668,
    -9.333333333333334,
    -9.0,
    -8.666666666666668,
    -8.333333333333334,
    -8.0,
    -7.666666666666668,
    -7.333333333333334,
    -7.0,
    -6.666666666666668,
    -6.333333333333334,
    -6.0,
    -5.666666666666668,
    -5.333333333333334,
    -5.0,
    -4.666666666666668,
    -4.333333333333334,
    -4.0,
    -3.666666666666668,
    -3.3333333333333357,
    -3.0,
    -2.666666666666668,
    -2.3333333333333357,
    -2.0,
    -1.6666666666666679,
    -1.3333333333333357,
    -1.0,
    -0.6666666666666679,
    -0.3333333333333357,
    0.0,
    0.33333333333333215,
    0.6666666666666643,
    1.0,
    1.3333333333333321,
    1.6666666666666643,
    2.0,
    2.333333333333332,
    2.6666666666666643,
    3.0,
    3.333333333333332,
    3.6666666666666643,
    4.0,
    4.333333333333332,
    4.666666666666664,
    5.0,
    5.333333333333332,
    5.666666666666664,
    6.0,
    6.333333333333332,
    6.666666666666664,
    7.0,
    7.333333333333332,
    7.666666666666664,
    8.0,
    8.333333333333332,
    8.666666666666664,
    9.0,
    9.333333333333332,
    9.666666666666664,
    10.0,
    10.333333333333332,
    10.666666666666664,
    11.0,
    11.333333333333332,
    11.666666666666664,
    12.0,
    12.333333333333329,
    12.666666666666664,
    13.0,
    13.333333333333329,
    13.666666666666664,
    14.0,
    14.333333333333329,
    14.666666666666664,
    15.0,
    15.333333333333329,
    15.666666666666664,
    16.0,
    16.33333333333333,
    16.666666666666664,
    17.0,
    17.33333333333333,
    17.666666666666664,
    18.0,
    18.33333333333333,
    18.666666666666664,
    19.0,
    19.33333333333333,
    19.666666666666664,
    20.0
  ],
  "conductance": [
    0.9819111921920164,
    0.9825016879172258,
    0.9842221648448628,
    0.987207430307486,
    0.9915923374097552,
    0.9974732190732163,
    1.004841253604393,
    1.013523038530769,
    1.0232040101982125,
    1.0335236659220641,
    1.0440295866130034,
    1.0538722877592488,
    1.061619655016362,
    1.0657029116539214,
    1.0652776293110369,
    1.0606404763363253,
    1.0528661351549977,
    1.0431334928266447,
    1.0323133063961811,
    1.0209982769155055,
    1.0096892817102399,
    0.9987734458125876,
    0.9883053117528579,
    0.9778646506503423,
    0.9666620297212993,
    0.9538781772663365,
    0.9391172925969281,
    0.9226756826162732,
    0.9053620564315122,
    0.8880709962714122,
    0.8714797123347611,
    0.8559582001213353,
    0.841583950141126,
    0.8281830995617373,
    0.8154224362807541,
    0.8029912108457011,
    0.7907785100954908,
    0.7788881848545868,
    0.7675112770054453,
    0.7568060597263784,
    0.7468562675589578,
    0.7376818027951597,
    0.7292631559404686,
    0.7215614577953523,
    0.714530922041999,
    0.7081254810489621,
    0.7023019108531171,
    0.6970210652134766,
    0.6922481679558887,
    0.6879526722911538,
    0.6841079454900361,
    0.6806909046362002,
    0.6776816615467113,
    0.6750632013935496,
    0.6728211033698681,
    0.6709433042666972,
    0.6694199026653267,
    0.668243000398312,
    0.6674065778841792,
    0.666906400350788,
    0.6667399525642821,
    0.666906400350788,
    0.6674065778841791,
    0.6682430003983119,
    0.6694199026653267,
    0.6709433042666972,
    0.6728211033698682,
    0.6750632013935496,
    0.6776816615467112,
    0.6806909046362003,
    0.6841079454900361,
    0.6879526722911535,
    0.6922481679558885,
    0.6970210652134767,
    0.702301910853117,
    0.708125481048962,
    0.7145309220419989,
    0.721561457795352,
    0.7292631559404683,
    0.7376818027951596,
    0.7468562675589577,
    0.7568060597263783,
    0.7675112770054454,
    0.7788881848545867,
    0.7907785100954907,
    0.8029912108457012,
    0.8154224362807537,
    0.8281830995617371,
    0.841583950141126,
    0.8559582001213348,
    0.8714797123347611,
    0.8880709962714121,
    0.9053620564315117,
    0.9226756826162731,
    0.9391172925969281,
    0.9538781772663365,
    0.9666620297212993,
    0.9778646506503426,
    0.9883053117528576,
    0.9987734458125878,
    1.0096892817102396,
    1.020998276915505,
    1.0323133063961811,
    1.043133492826645,
    1.0528661351549973,
    1.0606404763363255,
    1.065277629311037,
    1.0657029116539207,
    1.061619655016362,
    1.0538722877592495,
    1.0440295866130036,
    1.0335236659220641,
    1.023204010198213,
    1.013523038530769,
    1.0048412536043931,
    0.9974732190732167,
    0.991592337409755,
    0.9872074303074863,
    0.9842221648448631,
    0.9825016879172256,
    0.9819111921920161
  ],