{
  "bias_mev": [
    -20.0,
    -19.666666666666668,
    -19.333333333333332,
    -19.0,
    -18.666666666666668,
    -18.333333333333332,
    -18.0,
    -17.666666666666668,
    -17.333333333333332,
    -17.0,
    -16.666666666666668,
    -16.333333333333332,
    -16.0,
    -15.666666666666668,
    -15.333333333333334,
    -15.0,
    -14.666666666666668,
    -14.333333333333334,
    -14.0,
    -13.666666666666668,
    -13.333333333333334,
    -13.0,
    -12.666666666666668,
    -12.333333333333334,
    -12.0,
    -11.666666666666668,
    -11.333333333333334,
    -11.0,
    -10.666666666666668,
    -10.333333333333334,
    -10.0,
    -9.666666666666668,
    -9.333333333333334,
    -9.0,
    -8.666666666666668,
    -8.333333333333334,
    -8.0,
    -7.666666666666668,
    -7.333333333333334,
    -7.0,
    -6.666666666666668,
    -6.333333333333334,
    -6.0,
    -5.666666666666668,
    -5.333333333333334,
    -5.0,
    -4.666666666666668,
    -4.333333333333334,
    -4.0,
    -3.666666666666668,
    -3.3333333333333357,
    -3.0,
    -2.666666666666668,
    -2.3333333333333357,
    -2.0,
    -1.6666666666666679,
    -1.3333333333333357,
    -1.0,
    -0.6666666666666679,
    -0.3333333333333357,
    0.0,
    0.33333333333333215,
    0.6666666666666643,
    1.0,
    1.3333333333333321,
    1.6666666666666643,
    2.0,
    2.333333333333332,
    2.6666666666666643,
    3.0,
    3.333333333333332,
    3.6666666666666643,
    4.0,
    4.333333333333332,
    4.666666666666664,
    5.0,
    5.333333333333332,
    5.666666666666664,
    6.0,
    6.333333333333332,
    6.666666666666664,
    7.0,
    7.333333333333332,
    7.666666666666664,
    8.0,
    8.333333333333332,
    8.666666666666664,
    9.0,
    9.333333333333332,
    9.666666666666664,
    10.0,
    10.333333333333332,
    10.666666666666664,
    11.0,
    11.333333333333332,
    11.666666666666664,
    12.0,
    12.333333333333329,
    12.666666666666664,
    13.0,
    13.333333333333329,
    13.666666666666664,
    14.0,
    14.333333333333329,
    14.666666666666664,
    15.0,
    15.333333333333329,
    15.666666666666664,
    16.0,
    16.33333333333333,
    16.666666666666664,
    17.0,
    17.33333333333333,
    17.666666666666664,
    18.0,
    18.33333333333333,
    18.666666666666664,
    19.0,
    19.33333333333333,
    19.666666666666664,
    20.0
  ],
  "conductance": [
    0.9711107835734588,
    0.9756828421675715,
    0.9807722792787154,
    0.986475522941258,
    0.9929025444577091,
    1.0001702032707216,
    1.0083824320346577,
    1.0175999018111406,
    1.0278311294412334,
    1.0390723610235322,
    1.0513089520340753,
    1.0643603917590285,
    1.0776855508650907,
    1.090467477642866,
    1.1020341300241054,
    1.1121595022621162,
    1.120994023259647,
    1.1288196584223895,
    1.1358589145247129,
    1.1422614217479399,
    1.148197033927136,
    1.1538698565611976,
    1.1594187432382466,
    1.164814128841479,
    1.1698376357249702,
    1.1741505825679677,
    1.1774545339421612,
    1.1796692160674624,
    1.1809401538589297,
    1.1815096266843037,
    1.1816118451389725,
    1.1814331463226517,
    1.1810992369775586,
    1.1806587011899388,
    1.1800711360182758,
    1.1792451419968764,
    1.178124320528021,
    1.176729620044565,
    1.1751294872057536,
    1.1733986378594545,
    1.1715990767249107,
    1.1697774459923969,
    1.167967859345322,
    1.166195282070841,
    1.1644781867528342,
    1.162830429393859,
    1.1612625405377144,
    1.1597826161091622,
    1.1583969403834034,
    1.157110429077241,
    1.1559269499792795,
    1.1548495587161782,
    1.1538806745779329,
    1.1530222131822745,
    1.1522756874585838,
    1.1516422849242662,
    1.1511229268613912,
    1.1507183133735408,
    1.1504289571569903,
    1.1502552079925963,
    1.1501972693471523,
    1.1502552079925976,
    1.1504289571569888,
    1.1507183133735408,
    1.1511229268613925,
    1.151642284924265,
    1.152275687458584,
    1.1530222131822758,
    1.1538806745779313,
    1.154849558716178,
    1.155926949979281,
    1.1571104290772398,
    1.158396940383403,
    1.1597826161091638,
    1.161262540537714,
    1.1628304293938583,
    1.1644781867528358,
    1.1661952820708401,
    1.1679678593453215,
    1.1697774459923986,
    1.1715990767249098,
    1.1733986378594536,
    1.1751294872057552,
    1.1767296200445645,
    1.17812432052802,
    1.1792451419968775,
    1.1800711360182752,
    1.180658701189938,
    1.1810992369775601,
    1.1814331463226508,
    1.1816118451389719,
    1.1815096266843053,
    1.1809401538589288,
    1.1796692160674618,
    1.177454533942163,
    1.1741505825679663,
    1.1698376357249702,
    1.1648141288414808,
    1.1594187432382446,
    1.1538698565611984,
    1.1481970339271375,
    1.1422614217479379,
    1.1358589145247133,
    1.1288196584223908,
    1.120994023259645,
    1.1121595022621167,
    1.102034130024107,
    1.0904674776428642,
    1.0776855508650909,
    1.06436039175903,
    1.0513089520340742,
    1.0390723610235322,
    1.0278311294412346,
    1.0175999018111395,
    1.0083824320346577,
    1.0001702032707234,
    0.9929025444577078,
    0.986475522941258,
    0.9807722792787168,
    0.975682842167571,
    0.9711107835734587
  ],