{
  "bias_mev": [
    -20.0,
    -19.666666666666668,
    -19.333333333333332,
    -19.0,
    -18.666666666666668,
    -18.333333333333332,
    -18.0,
    -17.666666666666668,
    -17.333333333333332,
    -17.0,
    -16.666666666666668,
    -16.333333333333332,
    -16.0,
    -15.666666666666668,
    -15.333333333333334,
    -15.0,
    -14.666666666666668,
    -14.333333333333334,
    -14.0,
    -13.666666666666668,
    -13.333333333333334,
    -13.0,
    -12.666666666666668,
    -12.333333333333334,
    -12.0,
    -11.666666666666668,
    -11.333333333333334,
    -11.0,
    -10.666666666666668,
    -10.333333333333334,
    -10.0,
    -9.666666666666668,
    -9.333333333333334,
    -9.0,
    -8.666666666666668,
    -8.333333333333334,
    -8.0,
    -7.666666666666668,
    -7.333333333333334,
    -7.0,
    -6.666666666666668,
    -6.333333333333334,
    -6.0,
    -5.666666666666668,
    -5.333333333333334,
    -5.0,
    -4.666666666666668,
    -4.333333333333334,
    -4.0,
    -3.666666666666668,
    -3.3333333333333357,
    -3.0,
    -2.666666666666668,
    -2.3333333333333357,
    -2.0,
    -1.6666666666666679,
    -1.3333333333333357,
    -1.0,
    -0.6666666666666679,
    -0.3333333333333357,
    0.0,
    0.33333333333333215,
    0.6666666666666643,
    1.0,
    1.3333333333333321,
    1.6666666666666643,
    2.0,
    2.333333333333332,
    2.6666666666666643,
    3.0,
    3.333333333333332,
    3.6666666666666643,
    4.0,
    4.333333333333332,
    4.666666666666664,
    5.0,
    5.333333333333332,
    5.666666666666664,
    6.0,
    6.333333333333332,
    6.666666666666664,
    7.0,
    7.333333333333332,
    7.666666666666664,
    8.0,
    8.333333333333332,
    8.666666666666664,
    9.0,
    9.333333333333332,
    9.666666666666664,
    10.0,
    10.333333333333332,
    10.666666666666664,
    11.0,
    11.333333333333332,
    11.666666666666664,
    12.0,
    12.333333333333329,
    12.666666666666664,
    13.0,
    13.333333333333329,
    13.666666666666664,
    14.0,
    14.333333333333329,
    14.666666666666664,
    15.0,
    15.333333333333329,
    15.666666666666664,
    16.0,
    16.33333333333333,
    16.666666666666664,
    17.0,
    17.33333333333333,
    17.666666666666664,
    18.0,
    18.33333333333333,
    18.666666666666664,
    19.0,
    19.33333333333333,
    19.666666666666664,
    20.0
  ],
  "conductance": [
    0.986410833316067,
    0.9874944325156219,
    0.9892787347363852,
    0.9918178742373897,
    0.9951437355908502,
    0.9992527841195548,
    1.004092212655685,
    1.0095489800407251,
    1.0154425280069665,
    1.0215178847807564,
    1.0274393678461469,
    1.0327993729770086,
    1.0371646056551076,
    1.0401616677098937,
    1.0415658851346494,
    1.041343505461079,
    1.039627431870668,
    1.0366502023564075,
    1.0326745001795332,
    1.0279441853207836,
    1.0226527954158147,
    1.016918466000249,
    1.0107663813544905,
    1.0041325444620715,
    0.9968997567688613,
    0.9889597377617467,
    0.9802767140323285,
    0.9709218630318817,
    0.9610628501422329,
    0.9509186932540903,
    0.9407055456415107,
    0.9305950003455863,
    0.9206940735892941,
    0.9110471249609978,
    0.9016555495663391,
    0.8925066258810842,
    0.8835988494026257,
    0.8749532286586571,
    0.8666093100494813,
    0.8586132608320866,
    0.8510065595244239,
    0.8438196034683353,
    0.8370702159368238,
    0.8307651605181625,
    0.8249028162029717,
    0.8194758775095681,
    0.814473587790203,
    0.8098833984758171,
    0.8056921195041906,
    0.8018866770211683,
    0.798454590383982,
    0.7953842581945699,
    0.7926651190240193,
    0.7902877324725428,
    0.788243811308999,
    0.7865262249798994,
    0.7851289876937577,
    0.7840472395867847,
    0.7832772263972266,
    0.7828162810715219,
    0.782662809419403,
    0.7828162810715221,
    0.7832772263972269,
    0.7840472395867847,
    0.7851289876937577,
    0.7865262249798994,
    0.7882438113089991,
    0.7902877324725426,
    0.7926651190240193,
    0.7953842581945697,
    0.798454590383982,
    0.8018866770211683,
    0.8056921195041908,
    0.8098833984758171,
    0.814473587790203,
    0.8194758775095681,
    0.8249028162029717,
    0.8307651605181625,
    0.8370702159368237,
    0.8438196034683353,
    0.8510065595244239,
    0.8586132608320864,
    0.8666093100494809,
    0.8749532286586571,
    0.8835988494026257,
    0.8925066258810839,
    0.9016555495663388,
    0.9110471249609979,
    0.9206940735892941,
    0.9305950003455862,
    0.9407055456415107,
    0.9509186932540903,
    0.9610628501422328,
    0.9709218630318814,
    0.9802767140323285,
    0.9889597377617465,
    0.9968997567688616,
    1.0041325444620712,
    1.0107663813544905,
    1.0169184660002493,
    1.0226527954158147,
    1.0279441853207836,
    1.0326745001795332,
    1.0366502023564073,
    1.0396274318706678,
    1.0413435054610787,
    1.0415658851346494,
    1.0401616677098935,
    1.0371646056551074,
    1.0327993729770086,
    1.0274393678461469,
    1.0215178847807564,
    1.0154425280069665,
    1.0095489800407251,
    1.0040922126556853,
    0.9992527841195548,
    0.9951437355908502,
    0.9918178742373897,
    0.9892787347363852,
    0.9874944325156216,
    0.9864108333160669
  ],