{
  "bias_mev": [
    -20.0,
    -19.666666666666668,
    -19.333333333333332,
    -19.0,
    -18.666666666666668,
    -18.333333333333332,
    -18.0,
    -17.666666666666668,
    -17.333333333333332,
    -17.0,
    -16.666666666666668,
    -16.333333333333332,
    -16.0,
    -15.666666666666668,
    -15.333333333333334,
    -15.0,
    -14.666666666666668,
    -14.333333333333334,
    -14.0,
    -13.666666666666668,
    -13.333333333333334,
    -13.0,
    -12.666666666666668,
    -12.333333333333334,
    -12.0,
    -11.666666666666668,
    -11.333333333333334,
    -11.0,
    -10.666666666666668,
    -10.333333333333334,
    -10.0,
    -9.666666666666668,
    -9.333333333333334,
    -9.0,
    -8.666666666666668,
    -8.333333333333334,
    -8.0,
    -7.666666666666668,
    -7.333333333333334,
    -7.0,
    -6.666666666666668,
    -6.333333333333334,
    -6.0,
    -5.666666666666668,
    -5.333333333333334,
    -5.0,
    -4.666666666666668,
    -4.333333333333334,
    -4.0,
    -3.666666666666668,
    -3.3333333333333357,
    -3.0,
    -2.666666666666668,
    -2.3333333333333357,
    -2.0,
    -1.6666666666666679,
    -1.3333333333333357,
    -1.0,
    -0.6666666666666679,
    -0.3333333333333357,
    0.0,
    0.33333333333333215,
    0.6666666666666643,
    1.0,
    1.3333333333333321,
    1.6666666666666643,
    2.0,
    2.333333333333332,
    2.6666666666666643,
    3.0,
    3.333333333333332,
    3.6666666666666643,
    4.0,
    4.333333333333332,
    4.666666666666664,
    5.0,
    5.333333333333332,
    5.666666666666664,
    6.0,
    6.333333333333332,
    6.666666666666664,
    7.0,
    7.333333333333332,
    7.666666666666664,
    8.0,
    8.333333333333332,
    8.666666666666664,
    9.0,
    9.333333333333332,
    9.666666666666664,
    10.0,
    10.333333333333332,
    10.666666666666664,
    11.0,
    11.333333333333332,
    11.666666666666664,
    12.0,
    12.333333333333329,
    12.666666666666664,
    13.0,
    13.333333333333329,
    13.666666666666664,
    14.0,
    14.333333333333329,
    14.666666666666664,
    15.0,
    15.333333333333329,
    15.666666666666664,
    16.0,
    16.33333333333333,
    16.666666666666664,
    17.0,
    17.33333333333333,
    17.666666666666664,
    18.0,
    18.33333333333333,
    18.666666666666664,
    19.0,
    19.33333333333333,
    19.666666666666664,
    20.0
  ],
  "conductance": [
    0.9794363944621957,
    0.982971549574821,
    0.9865728930909358,
    0.990344387005842,
    0.9945470382940798,
    0.9994770448743664,
    1.0053590479616215,
    1.012280527169444,
    1.0201749467120276,
    1.0288361708546676,
    1.0378751771832078,
    1.0465939172674437,
    1.0540013253373448,
    1.0591720544214585,
    1.0616817019359863,
    1.0616956531579675,
    1.0597282670000474,
    1.056348614648035,
    1.0519985591783527,
    1.0469315245293627,
    1.0412423139391511,
    1.0349557448964772,
    1.0280449070779414,
    1.020332066676158,
    1.0114752008830914,
    1.0011787867641333,
    0.989453547491915,
    0.9766780069774957,
    0.9634357506970186,
    0.9502986136385125,
    0.9376960403463516,
    0.9258725356539194,
    0.9148726742611908,
    0.9045277216781141,
    0.8944923963393431,
    0.8843996681325748,
    0.8740692743548835,
    0.8635813862899844,
    0.8531688059145216,
    0.8430711377319074,
    0.8334598851271106,
    0.824430746252796,
    0.8160230820793438,
    0.808241462375411,
    0.8010714253827124,
    0.7944893137096926,
    0.7884679373799595,
    0.7829796706161254,
    0.7779980659433053,
    0.7734986389611043,
    0.7694591991707257,
    0.7658599381829722,
    0.7626833933479309,
    0.7599143525126758,
    0.7575397363189473,
    0.7555484780232802,
    0.7539314115937976,
    0.7526811736691121,
    0.751792122103686,
    0.7512602722844104,
    0.7510832516231434,
    0.7512602722844107,
    0.7517921221036856,
    0.7526811736691121,
    0.753931411593798,
    0.7555484780232797,
    0.7575397363189473,
    0.7599143525126762,
    0.7626833933479306,
    0.765859938182972,
    0.7694591991707259,
    0.7734986389611042,
    0.7779980659433051,
    0.7829796706161257,
    0.7884679373799592,
    0.7944893137096926,
    0.8010714253827127,
    0.8082414623754105,
    0.8160230820793436,
    0.8244307462527963,
    0.8334598851271106,
    0.8430711377319073,
    0.8531688059145219,
    0.863581386289984,
    0.8740692743548835,
    0.8843996681325746,
    0.8944923963393427,
    0.9045277216781139,
    0.9148726742611911,
    0.9258725356539191,
    0.9376960403463512,
    0.9502986136385129,
    0.9634357506970183,
    0.9766780069774955,
    0.9894535474919153,
    1.001178786764133,
    1.0114752008830916,
    1.0203320666761582,
    1.0280449070779407,
    1.0349557448964772,
    1.0412423139391516,
    1.0469315245293622,
    1.051998559178353,
    1.0563486146480354,
    1.0597282670000467,
    1.0616956531579678,
    1.0616817019359868,
    1.0591720544214582,
    1.054001325337345,
    1.0465939172674443,
    1.0378751771832075,
    1.0288361708546676,
    1.020174946712028,
    1.0122805271694435,
    1.0053590479616215,
    0.9994770448743665,
    0.9945470382940794,
    0.9903443870058423,
    0.9865728930909363,
    0.9829715495748209,
    0.9794363944621951
  ],