{
  "bias_mev": [
    -20.0,
    -19.666666666666668,
    -19.333333333333332,
    -19.0,
    -18.666666666666668,
    -18.333333333333332,
    -18.0,
    -17.666666666666668,
    -17.333333333333332,
    -17.0,
    -16.666666666666668,
    -16.333333333333332,
    -16.0,
    -15.666666666666668,
    -15.333333333333334,
    -15.0,
    -14.666666666666668,
    -14.333333333333334,
    -14.0,
    -13.666666666666668,
    -13.333333333333334,
    -13.0,
    -12.666666666666668,
    -12.333333333333334,
    -12.0,
    -11.666666666666668,
    -11.333333333333334,
    -11.0,
    -10.666666666666668,
    -10.333333333333334,
    -10.0,
    -9.666666666666668,
    -9.333333333333334,
    -9.0,
    -8.666666666666668,
    -8.333333333333334,
    -8.0,
    -7.666666666666668,
    -7.333333333333334,
    -7.0,
    -6.666666666666668,
    -6.333333333333334,
    -6.0,
    -5.666666666666668,
    -5.333333333333334,
    -5.0,
    -4.666666666666668,
    -4.333333333333334,
    -4.0,
    -3.666666666666668,
    -3.3333333333333357,
    -3.0,
    -2.666666666666668,
    -2.3333333333333357,
    -2.0,
    -1.6666666666666679,
    -1.3333333333333357,
    -1.0,
    -0.6666666666666679,
    -0.3333333333333357,
    0.0,
    0.33333333333333215,
    0.6666666666666643,
    1.0,
    1.3333333333333321,
    1.6666666666666643,
    2.0,
    2.333333333333332,
    2.6666666666666643,
    3.0,
    3.333333333333332,
    3.6666666666666643,
    4.0,
    4.333333333333332,
    4.666666666666664,
    5.0,
    5.333333333333332,
    5.666666666666664,
    6.0,
    6.333333333333332,
    6.666666666666664,
    7.0,
    7.333333333333332,
    7.666666666666664,
    8.0,
    8.333333333333332,
    8.666666666666664,
    9.0,
    9.333333333333332,
    9.666666666666664,
    10.0,
    10.333333333333332,
    10.666666666666664,
    11.0,
    11.333333333333332,
    11.666666666666664,
    12.0,
    12.333333333333329,
    12.666666666666664,
    13.0,
    13.333333333333329,
    13.666666666666664,
    14.0,
    14.333333333333329,
    14.666666666666664,
    15.0,
    15.333333333333329,
    15.666666666666664,
    16.0,
    16.33333333333333,
    16.666666666666664,
    17.0,
    17.33333333333333,
    17.666666666666664,
    18.0,
    18.33333333333333,
    18.666666666666664,
    19.0,
    19.33333333333333,
    19.666666666666664,
    20.0
  ],
  "conductance": [
    0.9816976992573134,
    0.9847688074028048,
    0.987996754085689,
    0.9914623102713589,
    0.9953400456438657,
    0.9998218611450225,
    1.0050451256063462,
    1.0110503229451895,
    1.0177726857033875,
    1.0250443879390212,
    1.0325610026416272,
    1.0398158287372112,
    1.0461102646498912,
    1.0507376219024942,
    1.0532493166410726,
    1.0535901218872272,
    1.0520229838414368,
    1.0489464553435572,
    1.044731638641636,
    1.0396324917731723,
    1.0337675459984756,
    1.027149152771951,
    1.0197146837123137,
    1.0113380515282064,
    1.0018676021619364,
    0.9912213844140674,
    0.9794862810442087,
    0.9669453101588484,
    0.9540112545946856,
    0.9411113940190972,
    0.928587169597018,
    0.9166359481002656,
    0.9052873701302129,
    0.8944122874451309,
    0.8837840800313937,
    0.8731948983277591,
    0.8625652688203145,
    0.8519674375800428,
    0.8415621253251067,
    0.8315175907245942,
    0.8219621562213325,
    0.8129735299616809,
    0.8045873851504823,
    0.7968106344163216,
    0.7896328355462386,
    0.7830342145623598,
    0.7769907639039202,
    0.7714772843424424,
    0.7664691120260786,
    0.7619430467112063,
    0.7578778100651121,
    0.7542542347093935,
    0.7510553037361484,
    0.7482661112831314,
    0.745873785457274,
    0.7438673975749086,
    0.7422378714857468,
    0.7409779007603472,
    0.7400818780293085,
    0.7395458387525959,
    0.7393674205675217,
    0.739545838752596,
    0.7400818780293084,
    0.7409779007603474,
    0.7422378714857469,
    0.7438673975749086,
    0.7458737854572741,
    0.7482661112831314,
    0.751055303736148,
    0.7542542347093935,
    0.7578778100651125,
    0.7619430467112063,
    0.7664691120260785,
    0.7714772843424426,
    0.7769907639039203,
    0.7830342145623598,
    0.7896328355462386,
    0.7968106344163213,
    0.8045873851504827,
    0.812973529961681,
    0.8219621562213325,
    0.8315175907245939,
    0.8415621253251069,
    0.8519674375800425,
    0.8625652688203145,
    0.8731948983277593,
    0.8837840800313936,
    0.8944122874451307,
    0.905287370130213,
    0.9166359481002653,
    0.928587169597018,
    0.9411113940190972,
    0.954011254594685,
    0.9669453101588483,
    0.9794862810442087,
    0.991221384414067,
    1.0018676021619366,
    1.0113380515282064,
    1.0197146837123132,
    1.0271491527719512,
    1.0337675459984756,
    1.0396324917731719,
    1.0447316386416363,
    1.0489464553435572,
    1.0520229838414363,
    1.0535901218872274,
    1.0532493166410728,
    1.0507376219024938,
    1.0461102646498912,
    1.0398158287372117,
    1.032561002641627,
    1.0250443879390212,
    1.017772685703388,
    1.0110503229451895,
    1.0050451256063464,
    0.999821861145023,
    0.9953400456438657,
    0.991462310271359,
    0.9879967540856897,
    0.9847688074028048,
    0.9816976992573131
  ],