{
  "bias_mev": [
    -20.0,
    -19.666666666666668,
    -19.333333333333332,
    -19.0,
    -18.666666666666668,
    -18.333333333333332,
    -18.0,
    -17.666666666666668,
    -17.333333333333332,
    -17.0,
    -16.666666666666668,
    -16.333333333333332,
    -16.0,
    -15.666666666666668,
    -15.333333333333334,
    -15.0,
    -14.666666666666668,
    -14.333333333333334,
    -14.0,
    -13.666666666666668,
    -13.333333333333334,
    -13.0,
    -12.666666666666668,
    -12.333333333333334,
    -12.0,
    -11.666666666666668,
    -11.333333333333334,
    -11.0,
    -10.666666666666668,
    -10.333333333333334,
    -10.0,
    -9.666666666666668,
    -9.333333333333334,
    -9.0,
    -8.666666666666668,
    -8.333333333333334,
    -8.0,
    -7.666666666666668,
    -7.333333333333334,
    -7.0,
    -6.666666666666668,
    -6.333333333333334,
    -6.0,
    -5.666666666666668,
    -5.333333333333334,
    -5.0,
    -4.666666666666668,
    -4.333333333333334,
    -4.0,
    -3.666666666666668,
    -3.3333333333333357,
    -3.0,
    -2.666666666666668,
    -2.3333333333333357,
    -2.0,
    -1.6666666666666679,
    -1.3333333333333357,
    -1.0,
    -0.6666666666666679,
    -0.3333333333333357,
    0.0,
    0.33333333333333215,
    0.6666666666666643,
    1.0,
    1.3333333333333321,
    1.6666666666666643,
    2.0,
    2.333333333333332,
    2.6666666666666643,
    3.0,
    3.333333333333332,
    3.6666666666666643,
    4.0,
    4.333333333333332,
    4.666666666666664,
    5.0,
    5.333333333333332,
    5.666666666666664,
    6.0,
    6.333333333333332,
    6.666666666666664,
    7.0,
    7.333333333333332,
    7.666666666666664,
    8.0,
    8.333333333333332,
    8.666666666666664,
    9.0,
    9.333333333333332,
    9.666666666666664,
    10.0,
    10.333333333333332,
    10.666666666666664,
    11.0,
    11.333333333333332,
    11.666666666666664,
    12.0,
    12.333333333333329,
    12.666666666666664,
    13.0,
    13.333333333333329,
    13.666666666666664,
    14.0,
    14.333333333333329,
    14.666666666666664,
    15.0,
    15.333333333333329,
    15.666666666666664,
    16.0,
    16.33333333333333,
    16.666666666666664,
    17.0,
    17.33333333333333,
    17.666666666666664,
    18.0,
    18.33333333333333,
    18.666666666666664,
    19.0,
    19.33333333333333,
    19.666666666666664,
    20.0
  ],
  "conductance": [
    0.9793497888857126,
    0.9825953288947593,
    0.985896636577424,
    0.9894141340355497,
    0.9935155087067853,
    0.9986117256952501,
    1.0049975562025493,
    1.0127457880396742,
    1.0216552688506244,
    1.0312182641116707,
    1.0405479487383276,
    1.0483173018142702,
    1.052960180113427,
    1.0532448955412745,
    1.0488236158570525,
    1.040274126169954,
    1.0286869134919203,
    1.0151863280947377,
    1.0006367126593332,
    0.9855562751712379,
    0.9701708739604924,
    0.9545326515090669,
    0.938588706898,
    0.9221530538471487,
    0.90492618167598,
    0.8866815994759485,
    0.8674954522724546,
    0.8478086228662524,
    0.8282727449747739,
    0.8095150830396485,
    0.791973755269238,
    0.775840563122636,
    0.7610654204585005,
    0.7473888533048236,
    0.7344232053986043,
    0.7218077049795738,
    0.7093727320681581,
    0.6971845852355827,
    0.6854454522598944,
    0.6743586684719516,
    0.6640546381127869,
    0.6545830375277262,
    0.6459355762692622,
    0.6380717970920681,
    0.6309377218579864,
    0.6244767736995511,
    0.6186352605741613,
    0.6133646669296753,
    0.6086222772117732,
    0.6043710154047045,
    0.6005789683204175,
    0.597218822671084,
    0.5942673202995076,
    0.5917047731209125,
    0.5895146495990036,
    0.587683231531242,
    0.586199334971648,
    0.585054087943908,
    0.5842407580724376,
    0.5837546243796936,
    0.5835928888120362,
    0.5837546243796936,
    0.5842407580724375,
    0.5850540879439081,
    0.586199334971648,
    0.5876832315312419,
    0.5895146495990035,
    0.5917047731209127,
    0.5942673202995075,
    0.597218822671084,
    0.6005789683204176,
    0.6043710154047044,
    0.6086222772117732,
    0.6133646669296754,
    0.6186352605741613,
    0.6244767736995511,
    0.6309377218579866,
    0.6380717970920681,
    0.6459355762692621,
    0.6545830375277263,
    0.6640546381127869,
    0.6743586684719517,
    0.6854454522598945,
    0.6971845852355826,
    0.709372732068158,
    0.7218077049795738,
    0.7344232053986041,
    0.7473888533048235,
    0.7610654204585003,
    0.775840563122636,
    0.791973755269238,
    0.8095150830396486,
    0.8282727449747735,
    0.8478086228662524,
    0.8674954522724544,
    0.8866815994759482,
    0.9049261816759802,
    0.9221530538471485,
    0.9385887068979996,
    0.9545326515090669,
    0.9701708739604927,
    0.9855562751712373,
    1.0006367126593332,
    1.015186328094738,
    1.02868691349192,
    1.040274126169954,
    1.0488236158570525,
    1.053244895541274,
    1.0529601801134267,
    1.0483173018142702,
    1.0405479487383273,
    1.0312182641116707,
    1.0216552688506246,
    1.0127457880396744,
    1.0049975562025493,
    0.9986117256952504,
    0.9935155087067853,
    0.9894141340355497,
    0.9858966365774242,
    0.9825953288947593,
    0.9793497888857126
  ],